t_sec,rss_gib
0.006285429000854492,0.004795074462890625
0.017312288284301758,0.007965087890625
0.028070449829101562,0.009735107421875
0.038820743560791016,0.0102386474609375
0.049558401107788086,0.0107421875
0.06029844284057617,0.011051177978515625
0.07103705406188965,0.011051177978515625
0.08176231384277344,0.011913299560546875
0.09248852729797363,0.01587677001953125
0.1032106876373291,0.01866912841796875
0.1139369010925293,0.0189208984375
0.12466096878051758,0.0194244384765625
0.13537979125976562,0.019474029541015625
0.146101713180542,0.019474029541015625
0.15682077407836914,0.019474029541015625
0.1675434112548828,0.019474029541015625
0.17827916145324707,0.019474029541015625
0.18900680541992188,0.019474029541015625
0.19974303245544434,0.019474029541015625
0.21045422554016113,0.019474029541015625
0.22118878364562988,0.019474029541015625
0.23191118240356445,0.019474029541015625
0.24262309074401855,0.019474029541015625
0.2533409595489502,0.019474029541015625
0.2640719413757324,0.019474029541015625
0.2747964859008789,0.019557952880859375
0.2855091094970703,0.019557952880859375
0.29624056816101074,0.019557952880859375
0.3069632053375244,0.019557952880859375
0.31768345832824707,0.019557952880859375
0.32840609550476074,0.020397186279296875
0.3391437530517578,0.021419525146484375
0.34987568855285645,0.02179718017578125
0.3605988025665283,0.0220489501953125
0.3713350296020508,0.0220489501953125
0.38206982612609863,0.0220489501953125
0.3928086757659912,0.0220489501953125
0.40352392196655273,0.0220489501953125
0.4142637252807617,0.0220489501953125
0.42499446868896484,0.0220489501953125
0.4357175827026367,0.0220489501953125
0.44643163681030273,0.0220489501953125
0.4571645259857178,0.0220489501953125
0.46788477897644043,0.0220489501953125
0.47860240936279297,0.0220489501953125
0.48932838439941406,0.0220489501953125
0.5000622272491455,0.0220489501953125
0.5107893943786621,0.0220489501953125
0.5215070247650146,0.0220489501953125
0.5322272777557373,0.0220489501953125
0.5429604053497314,0.0220489501953125
0.553687334060669,0.0220489501953125
0.5644028186798096,0.0220489501953125
0.5751259326934814,0.0220489501953125
0.5858654975891113,0.0220489501953125
0.5966362953186035,0.0220489501953125
0.607374906539917,0.0220489501953125
0.6181046962738037,0.0220489501953125
0.628826379776001,0.0220489501953125
0.6395423412322998,0.0220489501953125
0.6502649784088135,0.0220489501953125
0.6610050201416016,0.0220489501953125
0.6717298030853271,0.0220489501953125
0.6824476718902588,0.02230072021484375
0.6931736469268799,0.022975921630859375
0.7039041519165039,0.023281097412109375
0.7146165370941162,0.023281097412109375
0.7253749370574951,0.023281097412109375
0.7361080646514893,0.023281097412109375
0.7468438148498535,0.023281097412109375
0.7575654983520508,0.023281097412109375
0.7682838439941406,0.023281097412109375
0.779015064239502,0.023281097412109375
0.7897489070892334,0.023281097412109375
0.8004610538482666,0.023281097412109375
0.8111934661865234,0.023281097412109375
0.8219337463378906,0.023281097412109375
0.832648754119873,0.023784637451171875
0.8433749675750732,0.023784637451171875
0.8541080951690674,0.023784637451171875
0.8648378849029541,0.023784637451171875
0.8755595684051514,0.023784637451171875
0.8863015174865723,0.0239715576171875
0.8970303535461426,0.0242919921875
0.9077825546264648,0.024852752685546875
0.9184935092926025,0.025356292724609375
0.9292230606079102,0.026248931884765625
0.9399604797363281,0.02684783935546875
0.9506769180297852,0.02684783935546875
0.9614031314849854,0.02684783935546875
0.9721317291259766,0.02684783935546875
0.9828526973724365,0.02684783935546875
0.9935710430145264,0.02684783935546875
1.0043163299560547,0.02684783935546875
1.015040636062622,0.02684783935546875
1.0257747173309326,0.02684783935546875
1.036489486694336,0.02684783935546875
1.047215223312378,0.02684783935546875
1.057936191558838,0.02684783935546875
1.068688154220581,0.02684783935546875
1.0794284343719482,0.02684783935546875
1.0901713371276855,0.02684783935546875
1.100907564163208,0.02684783935546875
1.1116347312927246,0.02719879150390625
1.122349739074707,0.02719879150390625
1.133085012435913,0.02719879150390625
1.1438171863555908,0.02719879150390625
1.1545331478118896,0.02719879150390625
1.1652677059173584,0.02719879150390625
1.1760225296020508,0.02719879150390625
1.1867620944976807,0.027393341064453125
1.1974818706512451,0.028270721435546875
1.2082180976867676,0.028533935546875
1.2189552783966064,0.029510498046875
1.229675531387329,0.030689239501953125
1.2403745651245117,0.030941009521484375
1.2511067390441895,0.030941009521484375
1.2618370056152344,0.030941009521484375
1.27256178855896,0.030941009521484375
1.2833211421966553,0.030941009521484375
1.2940595149993896,0.030941009521484375
1.304807424545288,0.030941009521484375
1.3155381679534912,0.030941009521484375
1.3262887001037598,0.030941009521484375
1.3370215892791748,0.030941009521484375
1.3477656841278076,0.030941009521484375
1.3584859371185303,0.030941009521484375
1.3692219257354736,0.030941009521484375
1.3799588680267334,0.030941009521484375
1.3906793594360352,0.030941009521484375
1.40138578414917,0.031192779541015625
1.4121167659759521,0.031986236572265625
1.422858715057373,0.0363006591796875
1.433586835861206,0.03736114501953125
1.444338321685791,0.038509368896484375
1.4550666809082031,0.039127349853515625
1.4657883644104004,0.039127349853515625
1.4765055179595947,0.039127349853515625
1.48722505569458,0.039127349853515625
1.4979634284973145,0.039127349853515625
1.508683204650879,0.039127349853515625
1.519394874572754,0.039127349853515625
1.5301342010498047,0.039127349853515625
1.5408596992492676,0.039127349853515625
1.5515739917755127,0.039127349853515625
1.562304973602295,0.039127349853515625
1.5730292797088623,0.039127349853515625
1.5837626457214355,0.039127349853515625
1.5944886207580566,0.039127349853515625
1.605210542678833,0.039127349853515625
1.6159443855285645,0.039127349853515625
1.626659870147705,0.039127349853515625
1.6373820304870605,0.039127349853515625
1.648118257522583,0.039127349853515625
1.6588475704193115,0.039127349853515625
1.6695635318756104,0.039127349853515625
1.6802997589111328,0.039127349853515625
1.6910414695739746,0.039127349853515625
1.7017664909362793,0.039127349853515625
1.712491512298584,0.039127349853515625
1.7232272624969482,0.039127349853515625
1.7339515686035156,0.039127349853515625
1.7446799278259277,0.039127349853515625
1.755418062210083,0.039127349853515625
1.7661442756652832,0.039127349853515625
1.7768642902374268,0.039127349853515625
1.7875688076019287,0.039127349853515625
1.7983040809631348,0.039127349853515625
1.8090252876281738,0.039127349853515625
1.819749116897583,0.039127349853515625
1.8304698467254639,0.039127349853515625
1.8412001132965088,0.039127349853515625
1.851933240890503,0.039127349853515625
1.862644910812378,0.039127349853515625
1.873351812362671,0.039127349853515625
1.8840878009796143,0.039127349853515625
1.8948111534118652,0.039127349853515625
1.9055266380310059,0.039127349853515625
1.9162583351135254,0.03937530517578125
1.927001714706421,0.03937530517578125
1.9377257823944092,0.03937530517578125
1.948429822921753,0.03937530517578125
1.9591617584228516,0.03937530517578125
1.9698913097381592,0.03937530517578125
1.9805948734283447,0.03937530517578125
1.9913837909698486,0.03937530517578125
2.0021018981933594,0.03937530517578125
2.0128180980682373,0.03937530517578125
2.023531198501587,0.039760589599609375
2.034254550933838,0.039760589599609375
2.0449841022491455,0.039760589599609375
2.0556929111480713,0.039760589599609375
2.066411018371582,0.039760589599609375
2.0771284103393555,0.039760589599609375
2.0878610610961914,0.039760589599609375
2.098576068878174,0.039760589599609375
2.109339475631714,0.039760589599609375
2.1200602054595947,0.040008544921875
2.130796194076538,0.040714263916015625
2.1415178775787354,0.040714263916015625
2.1522433757781982,0.040714263916015625
2.1629669666290283,0.040714263916015625
2.173694133758545,0.040714263916015625
2.1844022274017334,0.040714263916015625
2.1951546669006348,0.040714263916015625
2.2058815956115723,0.040714263916015625
2.216587781906128,0.040714263916015625
2.22731351852417,0.040714263916015625
2.2380316257476807,0.040714263916015625
2.248762607574463,0.040714263916015625
2.259467124938965,0.040714263916015625
2.2701895236968994,0.040714263916015625
2.280910015106201,0.040714263916015625
2.2916131019592285,0.040714263916015625
2.3023321628570557,0.040740966796875
2.3130533695220947,0.040740966796875
2.323781967163086,0.040740966796875
2.3344979286193848,0.040740966796875
2.345224380493164,0.040740966796875
2.3559467792510986,0.040740966796875
2.3666534423828125,0.040740966796875
2.377377986907959,0.040740966796875
2.3880977630615234,0.040740966796875
2.398820400238037,0.040740966796875
2.409529685974121,0.040740966796875
2.420264482498169,0.04097747802734375
2.430988073348999,0.04097747802734375
2.4416937828063965,0.04097747802734375
2.4523699283599854,0.04097747802734375
2.4630987644195557,0.04097747802734375
2.4738245010375977,0.04097747802734375
2.48454213142395,0.04097747802734375
2.4952731132507324,0.04097747802734375
2.5060274600982666,0.04097747802734375
2.5167627334594727,0.04097747802734375
2.527482271194458,0.04097747802734375
2.538201093673706,0.04097747802734375
2.548938035964966,0.04097747802734375
2.559652090072632,0.04097747802734375
2.570369005203247,0.04097747802734375
2.581092357635498,0.04097747802734375
2.5918262004852295,0.04097747802734375
2.602553606033325,0.04097747802734375
2.613288640975952,0.04097747802734375
2.6240200996398926,0.04097747802734375
2.634747266769409,0.04097747802734375
2.6454954147338867,0.04097747802734375
2.656221628189087,0.04097747802734375
2.6669514179229736,0.04097747802734375
2.677659511566162,0.04097747802734375
2.6883628368377686,0.04097747802734375
2.6990888118743896,0.04097747802734375
2.709826707839966,0.04097747802734375
2.72054386138916,0.04097747802734375
2.7312657833099365,0.04097747802734375
2.742009162902832,0.04097747802734375
2.752737283706665,0.04097747802734375
2.7634592056274414,0.04097747802734375
2.774190902709961,0.04097747802734375
2.784919261932373,0.04097747802734375
2.7956416606903076,0.04097747802734375
2.806364059448242,0.04097747802734375
2.817094564437866,0.04097747802734375
2.8278250694274902,0.04097747802734375
2.8385348320007324,0.04097747802734375
2.849254846572876,0.04097747802734375
2.8599839210510254,0.04097747802734375
2.870711326599121,0.04097747802734375
2.881439208984375,0.04097747802734375
2.892181396484375,0.04097747802734375
2.9029128551483154,0.04097747802734375
2.913630962371826,0.04097747802734375
2.924367904663086,0.04097747802734375
2.9350969791412354,0.04097747802734375
2.9458258152008057,0.041015625
2.956542730331421,0.041015625
2.9672701358795166,0.041015625
2.9779961109161377,0.041015625
2.9887287616729736,0.041015625
2.9994423389434814,0.041015625
3.0101726055145264,0.041015625
3.0208959579467773,0.041015625
3.031602382659912,0.041015625
3.042330741882324,0.041015625
3.0530574321746826,0.041015625
3.063790798187256,0.041015625
3.0745127201080322,0.041015625
3.085230827331543,0.041015625
3.0959620475769043,0.041015625
3.1066877841949463,0.041015625
3.1173977851867676,0.041015625
3.128124952316284,0.041015625
3.138859748840332,0.041015625
3.149573564529419,0.041107177734375
3.160306453704834,0.041107177734375
3.171034336090088,0.041107177734375
3.1817662715911865,0.041107177734375
3.192484140396118,0.041107177734375
3.203213691711426,0.041107177734375
3.213958263397217,0.041107177734375
3.224677801132202,0.041107177734375
3.2353975772857666,0.041107177734375
3.2461204528808594,0.041107177734375
3.2568540573120117,0.041107177734375
3.2675681114196777,0.041107177734375
3.2782986164093018,0.041107177734375
3.2890233993530273,0.041107177734375
3.2997498512268066,0.041107177734375
3.31046724319458,0.041107177734375
3.3212168216705322,0.041107177734375
3.331943988800049,0.041107177734375
3.342658042907715,0.041107177734375
3.353362560272217,0.041107177734375
3.3640990257263184,0.041107177734375
3.374814510345459,0.041107177734375
3.3855159282684326,0.041107177734375
3.3962349891662598,0.041107177734375
3.4069647789001465,0.041107177734375
3.417670965194702,0.041107177734375
3.42838191986084,0.041107177734375
3.4391298294067383,0.041107177734375
3.449859142303467,0.041107177734375
3.460573196411133,0.041107177734375
3.4713034629821777,0.041107177734375
3.4820303916931152,0.041107177734375
3.4927637577056885,0.041107177734375
3.5034756660461426,0.041107177734375
3.5141966342926025,0.041107177734375
3.524923324584961,0.041107177734375
3.535635232925415,0.041107177734375
3.546356201171875,0.041107177734375
3.5570738315582275,0.041107177734375
3.5677871704101562,0.041107177734375
3.5785086154937744,0.041107177734375
3.5892231464385986,0.041107177734375
3.599947929382324,0.041107177734375
3.6106598377227783,0.041107177734375
3.6213791370391846,0.041107177734375
3.632110595703125,0.041107177734375
3.6428403854370117,0.041107177734375
3.6535451412200928,0.041107177734375
3.664278268814087,0.041107177734375
3.675002336502075,0.041107177734375
3.6857361793518066,0.041107177734375
3.6964540481567383,0.041107177734375
3.707184076309204,0.041107177734375
3.717906951904297,0.041107177734375
3.72861647605896,0.041107177734375
3.739328622817993,0.041107177734375
3.7500619888305664,0.041107177734375
3.7607946395874023,0.041107177734375
3.771498441696167,0.041107177734375
3.782243251800537,0.041107177734375
3.792976140975952,0.041107177734375
3.8036880493164062,0.041107177734375
3.814417600631714,0.04157257080078125
3.82515025138855,0.04170989990234375
3.8358852863311768,0.041717529296875
3.846618175506592,0.041717529296875
3.8573505878448486,0.041717529296875
3.8680880069732666,0.041717529296875
3.8788297176361084,0.041717529296875
3.8895633220672607,0.041717529296875
3.900301933288574,0.041717529296875
3.9110329151153564,0.041717529296875
3.921781063079834,0.041717529296875
3.9324910640716553,0.041717529296875
3.943234443664551,0.041717529296875
3.953975200653076,0.041717529296875
3.964700698852539,0.041717529296875
3.9754321575164795,0.041717529296875
3.986168146133423,0.041717529296875
3.996919631958008,0.041717529296875
4.007650136947632,0.041717529296875
4.018384695053101,0.041717529296875
4.029123306274414,0.041717529296875
4.039877414703369,0.041965484619140625
4.050599575042725,0.042266845703125
4.061341762542725,0.042266845703125
4.072077035903931,0.0428314208984375
4.082809209823608,0.043087005615234375
4.093527317047119,0.04351043701171875
4.104253768920898,0.043781280517578125
4.114997148513794,0.044246673583984375
4.1257171630859375,0.0445709228515625
4.136438608169556,0.0446624755859375
4.147162437438965,0.0446624755859375
4.157912015914917,0.0446624755859375
4.168636322021484,0.0446624755859375
4.179357528686523,0.0446624755859375
4.190088987350464,0.0446624755859375
4.200809717178345,0.0446624755859375
4.211520433425903,0.0446624755859375
4.222239255905151,0.0446624755859375
4.232964038848877,0.0446624755859375
4.243669509887695,0.0446624755859375
4.254372835159302,0.0446624755859375
4.26512336730957,0.0446624755859375
4.275848150253296,0.0446624755859375
4.286560297012329,0.0446624755859375
4.297292470932007,0.0446624755859375
4.308019161224365,0.0446624755859375
4.318745374679565,0.044734954833984375
4.329467058181763,0.044734954833984375
4.340194463729858,0.044734954833984375
4.350926399230957,0.044734954833984375
4.3616814613342285,0.044734954833984375
4.372405767440796,0.044734954833984375
4.383140563964844,0.044734954833984375
4.393868923187256,0.044734954833984375
4.404576539993286,0.044734954833984375
4.4153125286102295,0.044734954833984375
4.426032304763794,0.044734954833984375
4.436789274215698,0.044734954833984375
4.447507858276367,0.044734954833984375
4.458236932754517,0.044734954833984375
4.46895956993103,0.044734954833984375
4.479667663574219,0.044734954833984375
4.490376710891724,0.044734954833984375
4.501113414764404,0.044734954833984375
4.511854648590088,0.04476165771484375
4.522590637207031,0.04476165771484375
4.533316612243652,0.04476165771484375
4.544053077697754,0.04476165771484375
4.554781913757324,0.04476165771484375
4.565500497817993,0.04476165771484375
4.576237201690674,0.04476165771484375
4.5869879722595215,0.04476165771484375
4.5977232456207275,0.04476165771484375
4.608428001403809,0.04476165771484375
4.619153738021851,0.04476165771484375
4.629879474639893,0.04476165771484375
4.640599012374878,0.04476165771484375
4.651321172714233,0.04476165771484375
4.6620378494262695,0.04476165771484375
4.67277455329895,0.04476165771484375
4.683492422103882,0.04476165771484375
4.694219589233398,0.04476165771484375
4.704954624176025,0.04476165771484375
4.715677976608276,0.04476165771484375
4.726399183273315,0.04476165771484375
4.737124681472778,0.04476165771484375
4.747856616973877,0.04476165771484375
4.758583307266235,0.04476165771484375
4.769311904907227,0.04476165771484375
4.780034780502319,0.04476165771484375
4.79077410697937,0.04476165771484375
4.801486015319824,0.04476165771484375
4.812214136123657,0.04476165771484375
4.82294225692749,0.04476165771484375
4.833659410476685,0.04476165771484375
4.844385147094727,0.04476165771484375
4.8551106452941895,0.04476165771484375
4.865840673446655,0.04476165771484375
4.876573085784912,0.04476165771484375
4.887306451797485,0.04476165771484375
4.898035764694214,0.04476165771484375
4.908768177032471,0.04476165771484375
4.919484853744507,0.04476165771484375
4.930211067199707,0.04476165771484375
4.940935134887695,0.04476165771484375
4.951653957366943,0.04476165771484375
4.962446451187134,0.04476165771484375
4.9732139110565186,0.04476165771484375
4.98394513130188,0.04476165771484375
4.994656324386597,0.04476165771484375
5.005366086959839,0.04476165771484375
5.0160911083221436,0.04476165771484375
5.026812553405762,0.04476165771484375
5.037534475326538,0.04476165771484375
5.048285484313965,0.04476165771484375
5.059019088745117,0.04476165771484375
5.0697550773620605,0.04476165771484375
5.080474615097046,0.04476165771484375
5.091197967529297,0.04476165771484375
5.101917266845703,0.04476165771484375
5.112626075744629,0.04476165771484375
5.1233508586883545,0.04476165771484375
5.13408088684082,0.04476165771484375
5.144818305969238,0.04476165771484375
5.1555376052856445,0.04476165771484375
5.16625714302063,0.04476165771484375
5.177002906799316,0.04476165771484375
5.187724351882935,0.04476165771484375
5.198428153991699,0.04476165771484375
5.2091615200042725,0.04476165771484375
5.219892263412476,0.04476165771484375
5.230594873428345,0.04476165771484375
5.241312265396118,0.04476165771484375
5.252036809921265,0.04476165771484375
5.26276707649231,0.04476165771484375
5.273473501205444,0.04476165771484375
5.284203290939331,0.044925689697265625
5.294926166534424,0.044925689697265625
5.305638551712036,0.044925689697265625
5.316363573074341,0.044925689697265625
5.327088832855225,0.044925689697265625
5.337812185287476,0.04517364501953125
5.348524808883667,0.04517364501953125
5.359248161315918,0.04517364501953125
5.3699727058410645,0.04517364501953125
5.380687475204468,0.04517364501953125
5.39139199256897,0.04517364501953125
5.4021241664886475,0.04517364501953125
5.412866115570068,0.04517364501953125
5.423572540283203,0.04517364501953125
5.4342920780181885,0.04517364501953125
5.445020437240601,0.04517364501953125
5.455740690231323,0.04517364501953125
5.4664466381073,0.04517364501953125
5.477165460586548,0.04517364501953125
5.487894058227539,0.04517364501953125
5.4986066818237305,0.04517364501953125
5.509326219558716,0.04517364501953125
5.52004861831665,0.04517364501953125
5.530775785446167,0.04517364501953125
5.541491508483887,0.04517364501953125
5.552213191986084,0.04517364501953125
5.562933683395386,0.04517364501953125
5.573645114898682,0.04517364501953125
5.584365606307983,0.04517364501953125
5.595108985900879,0.04517364501953125
5.605842113494873,0.04517364501953125
5.616557598114014,0.04517364501953125
5.6272807121276855,0.04517364501953125
5.638000011444092,0.04517364501953125
5.6487250328063965,0.04517364501953125
5.659446716308594,0.04517364501953125
5.670173645019531,0.04517364501953125
5.680901765823364,0.04517364501953125
5.691615343093872,0.04517364501953125
5.702343940734863,0.04517364501953125
5.713077545166016,0.04517364501953125
5.72379469871521,0.04517364501953125
5.7345051765441895,0.04517364501953125
5.74523663520813,0.04517364501953125
5.755968809127808,0.04517364501953125
5.766723871231079,0.04517364501953125
5.777449369430542,0.04517364501953125
5.788178443908691,0.04517364501953125
5.798918962478638,0.04517364501953125
5.809635639190674,0.04517364501953125
5.820354223251343,0.04517364501953125
5.831078767776489,0.04517364501953125
5.841805696487427,0.04517364501953125
5.8525238037109375,0.04517364501953125
5.863249778747559,0.04517364501953125
5.873978137969971,0.04517364501953125
5.884682893753052,0.0454254150390625
5.8953893184661865,0.0454254150390625
5.90611720085144,0.0454254150390625
5.9168477058410645,0.0454254150390625
5.927558422088623,0.0454254150390625
5.9382946491241455,0.0454254150390625
5.949026107788086,0.0454254150390625
5.959763526916504,0.0454254150390625
5.970482587814331,0.0454254150390625
5.9812095165252686,0.0454254150390625
5.991934061050415,0.0454254150390625
6.002652406692505,0.0454254150390625
6.013375520706177,0.0454254150390625
6.0241217613220215,0.0454254150390625
6.034852504730225,0.0454254150390625
6.045579671859741,0.0454254150390625
6.056303262710571,0.0454254150390625
6.067028284072876,0.0454254150390625
6.077760934829712,0.0454254150390625
6.088469982147217,0.0454254150390625
6.099199295043945,0.0454254150390625
6.109935522079468,0.0454254150390625
6.120655536651611,0.0454254150390625
6.131375312805176,0.0454254150390625
6.142100811004639,0.0454254150390625
6.15283727645874,0.0454254150390625
6.163550853729248,0.0454254150390625
6.174278974533081,0.0454254150390625
6.185006856918335,0.0454254150390625
6.195735454559326,0.0454254150390625
6.206448078155518,0.0454254150390625
6.217209100723267,0.0454254150390625
6.227940559387207,0.0454254150390625
6.238654136657715,0.0454254150390625
6.2493813037872314,0.0454254150390625
6.260112285614014,0.0454254150390625
6.270851135253906,0.0454254150390625
6.281574487686157,0.0454254150390625
6.292322158813477,0.0454254150390625
6.303053379058838,0.0454254150390625
6.313795566558838,0.0454254150390625
6.324522018432617,0.0454254150390625
6.335270881652832,0.0454254150390625
6.346012115478516,0.04567718505859375
6.356761932373047,0.045928955078125
6.3674843311309814,0.045928955078125
6.378217935562134,0.045928955078125
6.388960123062134,0.045928955078125
6.399670600891113,0.045928955078125
6.410399436950684,0.045928955078125
6.421126842498779,0.045928955078125
6.431852102279663,0.045928955078125
6.442582607269287,0.045928955078125
6.453333377838135,0.045928955078125
6.464066743850708,0.045928955078125
6.474805116653442,0.045928955078125
6.485539674758911,0.045928955078125
6.496262073516846,0.045928955078125
6.506996154785156,0.045928955078125
6.517737150192261,0.045928955078125
6.52845311164856,0.045928955078125
6.53918981552124,0.045928955078125
6.549919366836548,0.045928955078125
6.560631036758423,0.045928955078125
6.571361780166626,0.045928955078125
6.582092523574829,0.045928955078125
6.592830419540405,0.045928955078125
6.603550910949707,0.045928955078125
6.614298105239868,0.045928955078125
6.625025749206543,0.045928955078125
6.635749101638794,0.045928955078125
6.6464684009552,0.045928955078125
6.657193660736084,0.04645538330078125
6.667917013168335,0.0473785400390625
6.678640365600586,0.0473785400390625
6.689367055892944,0.047771453857421875
6.700094938278198,0.051212310791015625
6.710818767547607,0.051464080810546875
6.721532106399536,0.051464080810546875
6.732265472412109,0.051464080810546875
6.74300217628479,0.051464080810546875
6.753731727600098,0.051464080810546875
6.764453172683716,0.051464080810546875
6.775187015533447,0.051464080810546875
6.785948753356934,0.051464080810546875
6.796673774719238,0.051464080810546875
6.807422876358032,0.051464080810546875
6.818153142929077,0.051464080810546875
6.828882932662964,0.051464080810546875
6.839604139328003,0.051464080810546875
6.8503258228302,0.051464080810546875
6.861083030700684,0.051464080810546875
6.871825933456421,0.051464080810546875
6.882543563842773,0.05158233642578125
6.893267869949341,0.05185699462890625
6.904013633728027,0.05185699462890625
6.914737701416016,0.05185699462890625
6.92545747756958,0.05185699462890625
6.936182498931885,0.05185699462890625
6.946920156478882,0.05185699462890625
6.9576475620269775,0.052829742431640625
6.968380689620972,0.0531158447265625
6.979135274887085,0.054096221923828125
6.989867448806763,0.054096221923828125
7.000592470169067,0.0546112060546875
7.011331796646118,0.0553436279296875
7.022057771682739,0.056598663330078125
7.032856225967407,0.0582275390625
7.043589353561401,0.05921173095703125
7.054328918457031,0.059917449951171875
7.065057039260864,0.059917449951171875
7.075798988342285,0.059917449951171875
7.086526870727539,0.059917449951171875
7.097260475158691,0.059917449951171875
7.107993841171265,0.059917449951171875
7.118727922439575,0.059917449951171875
7.129439115524292,0.059917449951171875
7.140164613723755,0.059917449951171875
7.150923252105713,0.059917449951171875
7.161640644073486,0.059917449951171875
7.172361612319946,0.059917449951171875
7.183088064193726,0.059917449951171875
7.193816661834717,0.059917449951171875
7.204543828964233,0.059917449951171875
7.2152910232543945,0.059917449951171875
7.226027488708496,0.059917449951171875
7.236767768859863,0.059917449951171875
7.24750280380249,0.059917449951171875
7.258238792419434,0.06143951416015625
7.268971681594849,0.06143951416015625
7.279687404632568,0.06143951416015625
7.2903971672058105,0.06143951416015625
7.301141977310181,0.06143951416015625
7.311886787414551,0.06143951416015625
7.322592258453369,0.06143951416015625
7.333319187164307,0.06143951416015625
7.3440515995025635,0.06143951416015625
7.354777097702026,0.06143951416015625
7.365487813949585,0.06143951416015625
7.3762195110321045,0.06143951416015625
7.386963129043579,0.06143951416015625
7.397692441940308,0.06143951416015625
7.408425331115723,0.06143951416015625
7.419157028198242,0.06143951416015625
7.4298765659332275,0.06143951416015625
7.440594673156738,0.06143951416015625
7.451340913772583,0.06143951416015625
7.462078332901001,0.06143951416015625
7.47281551361084,0.06143951416015625
7.483524560928345,0.06143951416015625
7.494248151779175,0.06143951416015625
7.504984617233276,0.06143951416015625
7.5156919956207275,0.06143951416015625
7.526416301727295,0.06143951416015625
7.537148714065552,0.06143951416015625
7.547888517379761,0.06143951416015625
7.558594703674316,0.06143951416015625
7.569316148757935,0.06143951416015625
7.580036878585815,0.06143951416015625
7.590768337249756,0.06143951416015625
7.601479768753052,0.06143951416015625
7.612198114395142,0.06143951416015625
7.6229307651519775,0.06143951416015625
7.63364052772522,0.06143951416015625
7.644367933273315,0.06143951416015625
7.655107498168945,0.06143951416015625
7.665845155715942,0.06143951416015625
7.676575660705566,0.06143951416015625
7.6873345375061035,0.06143951416015625
7.698060989379883,0.06143951416015625
7.708786487579346,0.06143951416015625
7.719503879547119,0.06143951416015625
7.730241298675537,0.06143951416015625
7.740968704223633,0.06143951416015625
7.751686334609985,0.06143951416015625
7.762378215789795,0.06143951416015625
7.77311897277832,0.06143951416015625
7.783846855163574,0.06143951416015625
7.794569253921509,0.061840057373046875
7.805307626724243,0.061840057373046875
7.816032648086548,0.061840057373046875
7.8267662525177,0.061840057373046875
7.837474822998047,0.061840057373046875
7.848196029663086,0.061840057373046875
7.85893440246582,0.061885833740234375
7.869652032852173,0.061885833740234375
7.880370140075684,0.061885833740234375
7.891127586364746,0.061885833740234375
7.901856422424316,0.061885833740234375
7.912569999694824,0.061885833740234375
7.923309326171875,0.061885833740234375
7.934034585952759,0.061885833740234375
7.944770336151123,0.061885833740234375
7.9554829597473145,0.061885833740234375
7.966203212738037,0.061885833740234375
7.976921796798706,0.061885833740234375
7.987628221511841,0.061885833740234375
7.998340845108032,0.061885833740234375
8.00907301902771,0.061885833740234375
8.019804954528809,0.061885833740234375
8.030525207519531,0.062000274658203125
8.041246891021729,0.062000274658203125
8.052001476287842,0.062000274658203125
8.062730312347412,0.06424331665039062
8.07344913482666,0.06483078002929688
8.084182262420654,0.0651702880859375
8.094903707504272,0.06569671630859375
8.10561990737915,0.06678009033203125
8.116359949111938,0.06747055053710938
8.127090215682983,0.06787872314453125
8.137812852859497,0.068328857421875
8.148527383804321,0.068328857421875
8.159268140792847,0.068328857421875
8.169992446899414,0.068328857421875
8.180724859237671,0.068328857421875
8.19144606590271,0.068328857421875
8.20216965675354,0.068328857421875
8.212902784347534,0.068328857421875
8.22362232208252,0.068328857421875
8.234346628189087,0.068328857421875
8.245080947875977,0.068328857421875
8.255831480026245,0.068328857421875
8.266552448272705,0.068328857421875
8.277287244796753,0.068328857421875
8.288016319274902,0.068328857421875
8.298754930496216,0.06888198852539062
8.30947732925415,0.06922531127929688
8.320207357406616,0.06984329223632812
8.330942153930664,0.07001495361328125
8.341661930084229,0.07259750366210938
8.35238003730774,0.07305526733398438
8.363127708435059,0.07336044311523438
8.373866319656372,0.07447052001953125
8.384580850601196,0.0752716064453125
8.39530873298645,0.0752716064453125
8.406039953231812,0.0752716064453125
8.416759014129639,0.0752716064453125
8.427475690841675,0.0752716064453125
8.438195705413818,0.0752716064453125
8.448927402496338,0.0752716064453125
8.459649324417114,0.0752716064453125
8.47036361694336,0.0752716064453125
8.481119632720947,0.0752716064453125
8.491850137710571,0.0752716064453125
8.502561092376709,0.0752716064453125
8.513290405273438,0.0752716064453125
8.524020433425903,0.0752716064453125
8.534749984741211,0.0752716064453125
8.545457363128662,0.0752716064453125
8.556189775466919,0.0752716064453125
8.566924810409546,0.0752716064453125
8.577673196792603,0.0752716064453125
8.58835244178772,0.0752716064453125
8.599153280258179,0.0752716064453125
8.609923839569092,0.0752716064453125
8.620654821395874,0.0752716064453125
8.631370306015015,0.0752716064453125
8.642103433609009,0.0752716064453125
8.652835607528687,0.0752716064453125
8.663542985916138,0.0752716064453125
8.674262523651123,0.0752716064453125
8.684988975524902,0.0752716064453125
8.69571828842163,0.0752716064453125
8.70644211769104,0.0752716064453125
8.717174768447876,0.0752716064453125
8.727903127670288,0.0752716064453125
8.738613843917847,0.0752716064453125
8.749333620071411,0.0752716064453125
8.760061740875244,0.0752716064453125
8.770794153213501,0.0752716064453125
8.78151559829712,0.0752716064453125
8.792241096496582,0.0752716064453125
8.802974700927734,0.0752716064453125
8.813687324523926,0.0752716064453125
8.824410200119019,0.0752716064453125
8.835139751434326,0.0752716064453125
8.845860242843628,0.0752716064453125
8.85658311843872,0.0752716064453125
8.867319107055664,0.0752716064453125
8.878035068511963,0.0752716064453125
8.88878607749939,0.0752716064453125
8.89949631690979,0.0752716064453125
8.910219669342041,0.0752716064453125
8.920937776565552,0.0752716064453125
8.931655168533325,0.0752716064453125
8.942363023757935,0.0752716064453125
8.95309329032898,0.0752716064453125
8.963833332061768,0.0752716064453125
8.974554061889648,0.0752716064453125
8.985290765762329,0.0752716064453125
8.996018648147583,0.0752716064453125
9.006752014160156,0.0752716064453125
9.017470836639404,0.0752716064453125
9.028200149536133,0.0752716064453125
9.038958549499512,0.0752716064453125
9.04967713356018,0.0752716064453125
9.060410022735596,0.0752716064453125
9.071146965026855,0.0752716064453125
9.081890106201172,0.0752716064453125
9.092625379562378,0.0752716064453125
9.10335898399353,0.0752716064453125
9.11409306526184,0.0752716064453125
9.124826669692993,0.0752716064453125
9.1355562210083,0.0752716064453125
9.146286725997925,0.0752716064453125
9.15703272819519,0.0752716064453125
9.167769432067871,0.0752716064453125
9.178481578826904,0.0752716064453125
9.189209938049316,0.0752716064453125
9.199944972991943,0.0752716064453125
9.210657596588135,0.0752716064453125
9.221362829208374,0.0752716064453125
9.232092380523682,0.0752716064453125
9.242815017700195,0.0752716064453125
9.253529787063599,0.0752716064453125
9.264256954193115,0.0752716064453125
9.274981498718262,0.0752716064453125
9.285686731338501,0.0752716064453125
9.296394109725952,0.0752716064453125
9.307117938995361,0.0752716064453125
9.317851066589355,0.0752716064453125
9.32856011390686,0.0752716064453125
9.339295864105225,0.0752716064453125
9.350013732910156,0.0752716064453125
9.360731363296509,0.0752716064453125
9.371442079544067,0.0752716064453125
9.382168292999268,0.0752716064453125
9.392899990081787,0.0752716064453125
9.403613805770874,0.0752716064453125
9.414330005645752,0.0752716064453125
9.425058841705322,0.0752716064453125
9.435798645019531,0.0752716064453125
9.44651484489441,0.07553863525390625
9.457242012023926,0.07665634155273438
9.467973232269287,0.07748794555664062
9.478715658187866,0.07824325561523438
9.489432334899902,0.08000564575195312
9.500164985656738,0.08078384399414062
9.510880947113037,0.08194351196289062
9.521601438522339,0.0821685791015625
9.532320499420166,0.0821685791015625
9.5431067943573,0.0821685791015625
9.553838968276978,0.0821685791015625
9.564557552337646,0.0821685791015625
9.575297594070435,0.0821685791015625
9.586042642593384,0.0821685791015625
9.596779823303223,0.0821685791015625
9.607505083084106,0.0821685791015625
9.61823558807373,0.0821685791015625
9.628968238830566,0.0821685791015625
9.63967776298523,0.0821685791015625
9.650403499603271,0.0821685791015625
9.661137580871582,0.0821685791015625
9.671865940093994,0.0821685791015625
9.682574033737183,0.0821685791015625
9.693297863006592,0.0821685791015625
9.704028367996216,0.0821685791015625
9.71476435661316,0.0821685791015625
9.725486755371094,0.0841217041015625
9.73621916770935,0.084625244140625
9.746945858001709,0.08528900146484375
9.757671356201172,0.085540771484375
9.76836633682251,0.085540771484375
9.779093027114868,0.08579254150390625
9.789827585220337,0.0860443115234375
9.800546169281006,0.0860443115234375
9.811281442642212,0.0860443115234375
9.822009563446045,0.08629608154296875
9.832726240158081,0.08629608154296875
9.843435764312744,0.08629608154296875
9.854163646697998,0.08629608154296875
9.864890575408936,0.08629608154296875
9.875598669052124,0.08629608154296875
9.886324167251587,0.08629608154296875
9.89704418182373,0.08629608154296875
9.90776801109314,0.08629608154296875
9.91850733757019,0.08629608154296875
9.929235219955444,0.08629608154296875
9.939963817596436,0.08629608154296875
9.950672626495361,0.0865478515625
9.961403846740723,0.0865478515625
9.972132921218872,0.0865478515625
9.982869386672974,0.0865478515625
9.993580102920532,0.0865478515625
10.004310846328735,0.0865478515625
10.015059471130371,0.0865478515625
10.025789737701416,0.08712387084960938
10.036511421203613,0.08733749389648438
10.047232389450073,0.08733749389648438
10.057951211929321,0.08733749389648438
10.068671464920044,0.08733749389648438
10.079388856887817,0.08733749389648438
10.090121746063232,0.08733749389648438
10.100852489471436,0.08733749389648438
10.1115562915802,0.08733749389648438
10.122292041778564,0.08733749389648438
10.133021593093872,0.08733749389648438
10.143758058547974,0.08733749389648438
10.154472589492798,0.08733749389648438
10.165195941925049,0.08733749389648438
10.17592477798462,0.087615966796875
10.186641216278076,0.0881195068359375
10.197360754013062,0.0881195068359375
10.208096981048584,0.0881195068359375
10.218834161758423,0.0881195068359375
10.2295560836792,0.0881195068359375
10.240293025970459,0.0881195068359375
10.251025199890137,0.0881195068359375
10.261752367019653,0.0881195068359375
10.2724769115448,0.0881195068359375
10.283212184906006,0.0881195068359375
10.293941497802734,0.0881195068359375
10.304662942886353,0.0881195068359375
10.315379858016968,0.0881195068359375
10.326108694076538,0.0881195068359375
10.33683967590332,0.0881195068359375
10.347557783126831,0.0881195068359375
10.358290672302246,0.088623046875
10.369020223617554,0.088623046875
10.37975525856018,0.08903884887695312
10.390473127365112,0.08903884887695312
10.401207447052002,0.08964157104492188
10.411943197250366,0.08964157104492188
10.422657012939453,0.08964157104492188
10.433369636535645,0.08964157104492188
10.444089889526367,0.08964157104492188
10.454828262329102,0.08964157104492188
10.465538263320923,0.08964157104492188
10.476289749145508,0.08964157104492188
10.487010955810547,0.08964157104492188
10.497735023498535,0.08964157104492188
10.50846529006958,0.08964157104492188
10.519195318222046,0.08964157104492188
10.52991771697998,0.08964157104492188
10.540635824203491,0.08964157104492188
10.55134916305542,0.08964157104492188
10.562085390090942,0.08964157104492188
10.572822570800781,0.08964157104492188
10.583536148071289,0.09003829956054688
10.594268798828125,0.09003829956054688
10.604999303817749,0.09003829956054688
10.615735292434692,0.09003829956054688
10.626458168029785,0.09003829956054688
10.637183427810669,0.09003829956054688
10.647910833358765,0.09003829956054688
10.658622026443481,0.09003829956054688
10.669352054595947,0.09003829956054688
10.680083513259888,0.09003829956054688
10.69082260131836,0.09003829956054688
10.701541423797607,0.09003829956054688
10.712266206741333,0.09003829956054688
10.722997665405273,0.09003829956054688
10.733740091323853,0.09003829956054688
10.744467735290527,0.09003829956054688
10.755212306976318,0.09003829956054688
10.76596188545227,0.09003829956054688
10.776688814163208,0.09003829956054688
10.787378072738647,0.09037017822265625
10.798111915588379,0.09037017822265625
10.808845043182373,0.09037017822265625
10.819556951522827,0.09037017822265625
10.83030915260315,0.09037017822265625
10.841043472290039,0.09037017822265625
10.85178256034851,0.09037017822265625
10.862496852874756,0.09037017822265625
10.873226881027222,0.09037017822265625
10.88394808769226,0.09037017822265625
10.894673109054565,0.09037017822265625
10.905396699905396,0.09037017822265625
10.916128158569336,0.09037017822265625
10.926861763000488,0.09050369262695312
10.93758773803711,0.09118270874023438
10.948322296142578,0.09182357788085938
10.959048509597778,0.09207534790039062
10.969767808914185,0.09207534790039062
10.980480909347534,0.0928955078125
10.991209506988525,0.09365081787109375
11.00192928314209,0.09365081787109375
11.012642621994019,0.09365081787109375
11.023355722427368,0.0944061279296875
11.034093856811523,0.09512710571289062
11.044825553894043,0.09563064575195312
11.055545091629028,0.09588241577148438
11.066279888153076,0.09613418579101562
11.077015161514282,0.09638595581054688
11.087748050689697,0.09638595581054688
11.098458290100098,0.09638595581054688
11.109200716018677,0.09638595581054688
11.119930505752563,0.09638595581054688
11.130640506744385,0.09638595581054688
11.141353607177734,0.09638595581054688
11.152093648910522,0.09638595581054688
11.162821769714355,0.09638595581054688
11.17353868484497,0.09638595581054688
11.184281587600708,0.09638595581054688
11.195010423660278,0.09638595581054688
11.205752849578857,0.09638595581054688
11.216459035873413,0.09638595581054688
11.22718596458435,0.09638595581054688
11.237921237945557,0.09638595581054688
11.248626232147217,0.09638595581054688
11.259363889694214,0.09638595581054688
11.27008318901062,0.09638595581054688
11.280811071395874,0.09638595581054688
11.291539430618286,0.09663772583007812
11.30227780342102,0.09663772583007812
11.313006401062012,0.09663772583007812
11.323744297027588,0.09663772583007812
11.33446455001831,0.09663772583007812
11.345189332962036,0.09663772583007812
11.355927467346191,0.09663772583007812
11.366655826568604,0.09663772583007812
11.377399206161499,0.09663772583007812
11.388134717941284,0.09663772583007812
11.398875951766968,0.09663772583007812
11.409590482711792,0.09663772583007812
11.420339584350586,0.09663772583007812
11.431068181991577,0.09663772583007812
11.441796064376831,0.09663772583007812
11.452520370483398,0.09663772583007812
11.463261365890503,0.09663772583007812
11.473994970321655,0.09663772583007812
11.484735250473022,0.09663772583007812
11.495468616485596,0.09663772583007812
11.506200551986694,0.09714126586914062
11.516929626464844,0.09739303588867188
11.527671813964844,0.09789657592773438
11.538392782211304,0.09814834594726562
11.549124479293823,0.09814834594726562
11.559853553771973,0.09814834594726562
11.570561170578003,0.09814834594726562
11.581299543380737,0.09814834594726562
11.592015504837036,0.09814834594726562
11.602739095687866,0.09814834594726562
11.613445043563843,0.09814834594726562
11.624172687530518,0.09814834594726562
11.634906530380249,0.09814834594726562
11.645626068115234,0.09814834594726562
11.65635633468628,0.09814834594726562
11.667083263397217,0.09814834594726562
11.677811861038208,0.09814834594726562
11.688539028167725,0.09814834594726562
11.699270009994507,0.09814834594726562
11.709993362426758,0.09814834594726562
11.720725774765015,0.09814834594726562
11.731435775756836,0.09814834594726562
11.742166519165039,0.09814834594726562
11.752893209457397,0.09814834594726562
11.763610124588013,0.09814834594726562
11.774328470230103,0.09814834594726562
11.78506350517273,0.09814834594726562
11.795794486999512,0.09814834594726562
11.806500911712646,0.09814834594726562
11.817228317260742,0.09814834594726562
11.827963829040527,0.09814834594726562
11.838671684265137,0.09814834594726562
11.849377155303955,0.09814834594726562
11.860109090805054,0.09814834594726562
11.870838403701782,0.09814834594726562
11.881556749343872,0.09814834594726562
11.892291784286499,0.09814834594726562
11.903011322021484,0.09814834594726562
11.913743734359741,0.09814834594726562
11.924453496932983,0.09814834594726562
11.935181140899658,0.09814834594726562
11.945908546447754,0.09814834594726562
11.95662522315979,0.09814834594726562
11.967346668243408,0.09814834594726562
11.978079557418823,0.09814834594726562
11.98880410194397,0.09814834594726562
11.999508619308472,0.09814834594726562
12.010237455368042,0.09814834594726562
12.020965337753296,0.09814834594726562
12.03167176246643,0.09814834594726562
12.042380332946777,0.09814834594726562
12.053112745285034,0.09814834594726562
12.063832521438599,0.09814834594726562
12.07453989982605,0.09814834594726562
12.085273265838623,0.09814834594726562
12.095995664596558,0.09840011596679688
12.106722354888916,0.09840011596679688
12.117433547973633,0.09840011596679688
12.12816071510315,0.09840011596679688
12.138879537582397,0.09840011596679688
12.149617195129395,0.09840011596679688
12.160350799560547,0.09840011596679688
12.171079397201538,0.09865188598632812
12.181817054748535,0.09890365600585938
12.19254207611084,0.09890365600585938
12.203269004821777,0.09890365600585938
12.214000701904297,0.09890365600585938
12.224722862243652,0.09890365600585938
12.235440015792847,0.09890365600585938
12.24618411064148,0.09890365600585938
12.2569100856781,0.09890365600585938
12.267615556716919,0.09890365600585938
12.278339147567749,0.09890365600585938
12.289076805114746,0.09890365600585938
12.299807786941528,0.09890365600585938
12.310530185699463,0.09890365600585938
12.321266412734985,0.09890365600585938
12.332006692886353,0.09890365600585938
12.342738628387451,0.09965896606445312
12.353474378585815,0.09995651245117188
12.364197969436646,0.09995651245117188
12.374919414520264,0.09995651245117188
12.38563847541809,0.10031509399414062
12.396359205245972,0.10056686401367188
12.407084703445435,0.10056686401367188
12.417858362197876,0.10081863403320312
12.42857551574707,0.10081863403320312
12.4393150806427,0.10107040405273438
12.450028419494629,0.10132217407226562
12.460762023925781,0.10132217407226562
12.471473455429077,0.10157394409179688
12.482195138931274,0.10157394409179688
12.492915868759155,0.10157394409179688
12.503642082214355,0.10157394409179688
12.51435899734497,0.10157394409179688
12.525097131729126,0.10157394409179688
12.535829782485962,0.10157394409179688
12.546550750732422,0.10157394409179688
12.557285785675049,0.10157394409179688
12.568002223968506,0.10157394409179688
12.578734874725342,0.10157394409179688
12.58947229385376,0.10157394409179688
12.600190162658691,0.10157394409179688
12.610913038253784,0.10157394409179688
12.621634483337402,0.10157394409179688
12.632376432418823,0.10157394409179688
12.643103122711182,0.10157394409179688
12.653831481933594,0.10157394409179688
12.66454267501831,0.10157394409179688
12.675271987915039,0.10157394409179688
12.685994863510132,0.10157394409179688
12.696698904037476,0.10157394409179688
12.70742416381836,0.10157394409179688
12.718156576156616,0.10157394409179688
12.728908061981201,0.10157394409179688
12.739614009857178,0.10157394409179688
12.75034475326538,0.10157394409179688
12.761078596115112,0.10157394409179688
12.771807432174683,0.10157394409179688
12.78252100944519,0.10157394409179688
12.793245077133179,0.10157394409179688
12.803972482681274,0.10157394409179688
12.81469178199768,0.10157394409179688
12.825408458709717,0.10157394409179688
12.83613109588623,0.10157394409179688
12.846863508224487,0.10157394409179688
12.857578754425049,0.10157394409179688
12.868303298950195,0.10157394409179688
12.879032135009766,0.10157394409179688
12.889764308929443,0.10157394409179688
12.900532960891724,0.10157394409179688
12.911253213882446,0.10157394409179688
12.921979188919067,0.10157394409179688
12.932693719863892,0.10157394409179688
12.943403720855713,0.10157394409179688
12.954134464263916,0.10157394409179688
12.964879512786865,0.10157394409179688
12.975593328475952,0.10157394409179688
12.986321210861206,0.10157394409179688
12.99704885482788,0.10157394409179688
13.00777792930603,0.10182571411132812
13.018513917922974,0.10182571411132812
13.029246807098389,0.10232925415039062
13.039981126785278,0.10283279418945312
13.050709962844849,0.10308456420898438
13.06142783164978,0.10308456420898438
13.072164058685303,0.10333633422851562
13.082898616790771,0.10358810424804688
13.093615531921387,0.10383987426757812
13.104340314865112,0.10430145263671875
13.1150803565979,0.10455322265625
13.12581729888916,0.10480499267578125
13.1365487575531,0.10480499267578125
13.147270917892456,0.1050567626953125
13.158004522323608,0.10530853271484375
13.168760776519775,0.10530853271484375
13.179487943649292,0.10530853271484375
13.190216064453125,0.10530853271484375
13.200941801071167,0.10530853271484375
13.211659669876099,0.10530853271484375
13.222372055053711,0.10530853271484375
13.23309874534607,0.10530853271484375
13.24383020401001,0.10530853271484375
13.254542350769043,0.10530853271484375
13.265262842178345,0.10530853271484375
13.27599310874939,0.10530853271484375
13.28671932220459,0.10530853271484375
13.297446966171265,0.10530853271484375
13.308178186416626,0.10530853271484375
13.318916082382202,0.10530853271484375
13.329631090164185,0.10530853271484375
13.340359687805176,0.10530853271484375
13.351085424423218,0.10530853271484375
13.36181354522705,0.10530853271484375
13.372530221939087,0.10530853271484375
13.383257150650024,0.10530853271484375
13.393983602523804,0.10530853271484375
13.40469741821289,0.10530853271484375
13.415444135665894,0.10530853271484375
13.4261794090271,0.10530853271484375
13.436913013458252,0.10530853271484375
13.447620391845703,0.10530853271484375
13.458346605300903,0.10530853271484375
13.469080448150635,0.10530853271484375
13.479808568954468,0.10530853271484375
13.490519285202026,0.10530853271484375
13.501240491867065,0.10530853271484375
13.51197075843811,0.10530853271484375
13.522684097290039,0.10530853271484375
13.533424615859985,0.10530853271484375
13.544147968292236,0.10530853271484375
13.554875612258911,0.10530853271484375
13.565605878829956,0.10530853271484375
13.576342105865479,0.10530853271484375
13.58706545829773,0.10530853271484375
13.597783327102661,0.10530853271484375
13.608499526977539,0.10530853271484375
13.619219541549683,0.10530853271484375
13.629940032958984,0.10530853271484375
13.640652656555176,0.10530853271484375
13.651371002197266,0.10530853271484375
13.66209363937378,0.10530853271484375
13.672820091247559,0.10530853271484375
13.683534860610962,0.10530853271484375
13.694254875183105,0.10530853271484375
13.704975605010986,0.10530853271484375
13.715692043304443,0.10530853271484375
13.726410865783691,0.10530853271484375
13.737134456634521,0.10530853271484375
13.7478609085083,0.10530853271484375
13.758568048477173,0.10530853271484375
13.76930284500122,0.10530853271484375
13.780024290084839,0.10530853271484375
13.790752649307251,0.10530853271484375
13.801470041275024,0.10530853271484375
13.812194347381592,0.10530853271484375
13.822922229766846,0.10530853271484375
13.833647012710571,0.10530853271484375
13.844372987747192,0.10530853271484375
13.855108261108398,0.105560302734375
13.865832567214966,0.105560302734375
13.876538038253784,0.105560302734375
13.887269020080566,0.105560302734375
13.89799189567566,0.105560302734375
13.90872311592102,0.105560302734375
13.919438600540161,0.105560302734375
13.93018102645874,0.105560302734375
13.940901041030884,0.105560302734375
13.951613664627075,0.105560302734375
13.962333917617798,0.105560302734375
13.973073720932007,0.105560302734375
13.983790397644043,0.105560302734375
13.994508504867554,0.105560302734375
14.005244731903076,0.105560302734375
14.015985012054443,0.105560302734375
14.026722192764282,0.105560302734375
14.037456274032593,0.105560302734375
14.048178434371948,0.105560302734375
14.058913230895996,0.105560302734375
14.069628238677979,0.105560302734375
14.080380201339722,0.105560302734375
14.091111660003662,0.105560302734375
14.10185432434082,0.105560302734375
14.112575054168701,0.105560302734375
14.123318672180176,0.105560302734375
14.134053945541382,0.105560302734375
14.14477825164795,0.105560302734375
14.155494689941406,0.105560302734375
14.16622519493103,0.105560302734375
14.176948547363281,0.105560302734375
14.187662363052368,0.105560302734375
14.198383569717407,0.105560302734375
14.209117412567139,0.105560302734375
14.219849348068237,0.105560302734375
14.230553388595581,0.105560302734375
14.241288900375366,0.105560302734375
14.2520170211792,0.105560302734375
14.262744188308716,0.105560302734375
14.273462295532227,0.105560302734375
14.284192323684692,0.105560302734375
14.294912576675415,0.105560302734375
14.305631875991821,0.105560302734375
14.316349506378174,0.105560302734375
14.327084064483643,0.105560302734375
14.33780312538147,0.105560302734375
14.348520994186401,0.10581207275390625
14.359245777130127,0.10581207275390625
14.369965314865112,0.10581207275390625
14.380688428878784,0.10581207275390625
14.391408681869507,0.1060638427734375
14.402132034301758,0.10631561279296875
14.412872314453125,0.10631561279296875
14.423588514328003,0.1065673828125
14.434338092803955,0.10681915283203125
14.445075750350952,0.10732269287109375
14.45580244064331,0.10953521728515625
14.466527223587036,0.10953521728515625
14.477248430252075,0.10953521728515625
14.487969398498535,0.10953521728515625
14.498688220977783,0.10953521728515625
14.509397268295288,0.10953521728515625
14.520121335983276,0.10953521728515625
14.530858278274536,0.10953521728515625
14.54157042503357,0.10953521728515625
14.552300214767456,0.10953521728515625
14.563025712966919,0.10953521728515625
14.573758363723755,0.10953521728515625
14.584472179412842,0.10953521728515625
14.59519338607788,0.10953521728515625
14.605915784835815,0.10953521728515625
14.616629838943481,0.10953521728515625
14.627356052398682,0.10953521728515625
14.638091802597046,0.10953521728515625
14.648835182189941,0.10953521728515625
14.659558057785034,0.10953521728515625
14.670291900634766,0.1097869873046875
14.681026935577393,0.11003875732421875
14.691761016845703,0.11016845703125
14.702473640441895,0.11081314086914062
14.713197708129883,0.1112518310546875
14.72392749786377,0.11252975463867188
14.734649419784546,0.11354827880859375
14.745365142822266,0.11475372314453125
14.756093263626099,0.115509033203125
14.766822814941406,0.11676788330078125
14.777541160583496,0.1170196533203125
14.788265228271484,0.1170196533203125
14.79899263381958,0.1170196533203125
14.80972957611084,0.1170196533203125
14.820449829101562,0.1170196533203125
14.831181287765503,0.1170196533203125
14.841914176940918,0.1170196533203125
14.852636814117432,0.1170196533203125
14.863405227661133,0.1170196533203125
14.874142169952393,0.1170196533203125
14.884872436523438,0.1170196533203125
14.895585298538208,0.1170196533203125
14.906316995620728,0.1170196533203125
14.917050123214722,0.1170196533203125
14.92776894569397,0.1170196533203125
14.938488721847534,0.1170196533203125
14.949214696884155,0.1170196533203125
14.95996356010437,0.1170196533203125
14.970679521560669,0.1170196533203125
14.981394290924072,0.1170196533203125
14.99211597442627,0.1170196533203125
15.002845048904419,0.11724090576171875
15.013567209243774,0.11724090576171875
15.024299383163452,0.11724090576171875
15.035014867782593,0.11724090576171875
15.045732975006104,0.11724090576171875
15.056478500366211,0.11724090576171875
15.067199468612671,0.11724090576171875
15.077930927276611,0.11906051635742188
15.088646173477173,0.11946487426757812
15.099354267120361,0.11946487426757812
15.110088109970093,0.11946487426757812
15.120822429656982,0.11946487426757812
15.13154125213623,0.11946487426757812
15.142276525497437,0.11946487426757812
15.153002977371216,0.11946487426757812
15.163723230361938,0.11946487426757812
15.174428224563599,0.11946487426757812
15.185151815414429,0.11946487426757812
15.195887565612793,0.11946487426757812
15.206604480743408,0.11946487426757812
15.217325210571289,0.11946487426757812
15.228061199188232,0.11946487426757812
15.238786935806274,0.11946487426757812
15.249495506286621,0.11946487426757812
15.26024603843689,0.11946487426757812
15.270978212356567,0.11946487426757812
15.281694412231445,0.12047195434570312
15.292428016662598,0.12120819091796875
15.303163766860962,0.1214599609375
15.313891410827637,0.1214599609375
15.32461667060852,0.1219635009765625
15.335347175598145,0.12292098999023438
15.34608244895935,0.12342453002929688
15.356823205947876,0.12392807006835938
15.367553949356079,0.12417984008789062
15.378291845321655,0.12443161010742188
15.389021635055542,0.12518692016601562
15.399755477905273,0.12518692016601562
15.410478353500366,0.12518692016601562
15.42120361328125,0.12518692016601562
15.431928396224976,0.12518692016601562
15.442653894424438,0.12518692016601562
15.45336651802063,0.12518692016601562
15.46412968635559,0.12518692016601562
15.474857330322266,0.12518692016601562
15.485572099685669,0.12518692016601562
15.496309041976929,0.12518692016601562
15.507041454315186,0.12518692016601562
15.517773866653442,0.12518692016601562
15.528483629226685,0.12518692016601562
15.539216041564941,0.12518692016601562
15.54994249343872,0.12518692016601562
15.560656547546387,0.12518692016601562
15.57137393951416,0.12518692016601562
15.582090139389038,0.12518692016601562
15.59281325340271,0.12518692016601562
15.603536367416382,0.12518692016601562
15.614279747009277,0.12518692016601562
15.625014543533325,0.12518692016601562
15.635742425918579,0.12518692016601562
15.646461963653564,0.12518692016601562
15.657194137573242,0.12518692016601562
15.667927265167236,0.12518692016601562
15.678643703460693,0.12518692016601562
15.689382791519165,0.12518692016601562
15.700107336044312,0.12602615356445312
15.710839748382568,0.12627792358398438
15.721561670303345,0.12652969360351562
15.732294082641602,0.12678146362304688
15.743032455444336,0.12678146362304688
15.75375747680664,0.12703323364257812
15.764493942260742,0.12728500366210938
15.775219440460205,0.12753677368164062
15.785947799682617,0.12753677368164062
15.796710968017578,0.12753677368164062
15.807443141937256,0.12753677368164062
15.818169832229614,0.12753677368164062
15.828888893127441,0.12753677368164062
15.839605569839478,0.12753677368164062
15.850329399108887,0.12753677368164062
15.861055612564087,0.12753677368164062
15.871804475784302,0.12753677368164062
15.882519006729126,0.12753677368164062
15.893239498138428,0.12753677368164062
15.903970956802368,0.12753677368164062
15.914677143096924,0.12753677368164062
15.92539381980896,0.12753677368164062
15.936124324798584,0.12753677368164062
15.946855068206787,0.12753677368164062
15.957577466964722,0.12778854370117188
15.968318462371826,0.12778854370117188
15.979047060012817,0.12778854370117188
15.989784955978394,0.12778854370117188
16.000499725341797,0.12778854370117188
16.011236429214478,0.12778854370117188
16.02197790145874,0.12778854370117188
16.032683849334717,0.12778854370117188
16.043410062789917,0.12778854370117188
16.05413269996643,0.12778854370117188
16.06487011909485,0.12778854370117188
16.075578927993774,0.12778854370117188
16.086318016052246,0.12778854370117188
16.097036123275757,0.12778854370117188
16.109174489974976,0.12778854370117188
16.122234106063843,0.12778854370117188
16.13346290588379,0.12778854370117188
16.1442973613739,0.12778854370117188
16.15505337715149,0.12778854370117188
16.16580295562744,0.12829208374023438
16.176533699035645,0.12854385375976562
16.187286138534546,0.12854385375976562
16.19802188873291,0.12854385375976562
16.208760261535645,0.12854385375976562
16.219497203826904,0.12854385375976562
16.23021960258484,0.12879562377929688
16.240946054458618,0.12904739379882812
16.25165820121765,0.12955093383789062
16.26236128807068,0.12980270385742188
16.273097038269043,0.13005447387695312
16.283812284469604,0.13005447387695312
16.294524669647217,0.13055801391601562
16.30526900291443,0.13080978393554688
16.316009759902954,0.13080978393554688
16.32672953605652,0.13080978393554688
16.337440490722656,0.13080978393554688
16.3481707572937,0.13080978393554688
16.35889458656311,0.13080978393554688
16.36961078643799,0.13080978393554688
16.380330801010132,0.13080978393554688
16.39106845855713,0.13080978393554688
16.401799201965332,0.13080978393554688
16.412510633468628,0.13080978393554688
16.423259258270264,0.13080978393554688
16.433984994888306,0.13080978393554688
16.444725275039673,0.13080978393554688
16.455448389053345,0.13080978393554688
16.466190338134766,0.13080978393554688
16.476924180984497,0.13106155395507812
16.48764729499817,0.13106155395507812
16.498378038406372,0.13106155395507812
16.509113550186157,0.13106155395507812
16.519834756851196,0.13106155395507812
16.530559301376343,0.13106155395507812
16.541305541992188,0.13106155395507812
16.55202627182007,0.13106155395507812
16.562759160995483,0.13106155395507812
16.573486804962158,0.13106155395507812
16.584200382232666,0.13106155395507812
16.594913959503174,0.13106155395507812
16.605623245239258,0.13106155395507812
16.616329193115234,0.13106155395507812
16.6270489692688,0.13106155395507812
16.63777756690979,0.13106155395507812
16.648500680923462,0.13131332397460938
16.659212589263916,0.13131332397460938
16.66992688179016,0.13131332397460938
16.680641651153564,0.13131332397460938
16.691346883773804,0.13131332397460938
16.70206642150879,0.13131332397460938
16.712787628173828,0.13131332397460938
16.723487377166748,0.13131332397460938
16.734212398529053,0.13131332397460938
16.74493932723999,0.13131332397460938
16.755642890930176,0.13131332397460938
16.766347408294678,0.13131332397460938
16.777074337005615,0.13131332397460938
16.787793397903442,0.13131332397460938
16.798508882522583,0.13131332397460938
16.809234857559204,0.13131332397460938
16.8199565410614,0.13131332397460938
16.830666303634644,0.13131332397460938
16.84138298034668,0.13131332397460938
16.852115631103516,0.13131332397460938
16.862836599349976,0.13131332397460938
16.873562812805176,0.13131332397460938
16.8842990398407,0.13131332397460938
16.89503502845764,0.13156509399414062
16.905778169631958,0.13156509399414062
16.91649580001831,0.13156509399414062
16.92721676826477,0.13156509399414062
16.937941551208496,0.13156509399414062
16.94865322113037,0.13156509399414062
16.959365844726562,0.13156509399414062
16.970082759857178,0.13156509399414062
16.980809211730957,0.13156509399414062
16.991511821746826,0.13156509399414062
17.002236366271973,0.13156509399414062
17.01296091079712,0.13181686401367188
17.023675680160522,0.13181686401367188
17.034392833709717,0.13206863403320312
17.04512071609497,0.13206863403320312
17.055850744247437,0.13282394409179688
17.066567420959473,0.13282394409179688
17.077296495437622,0.13282394409179688
17.088024854660034,0.13282394409179688
17.09876012802124,0.13282394409179688
17.109472036361694,0.13282394409179688
17.120200395584106,0.13282394409179688
17.130929470062256,0.13282394409179688
17.141647815704346,0.13282394409179688
17.152363061904907,0.13282394409179688
17.16308879852295,0.13282394409179688
17.173824310302734,0.13282394409179688
17.18453621864319,0.13282394409179688
17.195260763168335,0.13482284545898438
17.20601177215576,0.13482284545898438
17.216739654541016,0.13482284545898438
17.227457761764526,0.13482284545898438
17.23817729949951,0.13482284545898438
17.248902082443237,0.13482284545898438
17.259616136550903,0.1349639892578125
17.270337343215942,0.13515090942382812
17.281067848205566,0.13549423217773438
17.29179310798645,0.13549423217773438
17.3025119304657,0.13574600219726562
17.313223123550415,0.13574600219726562
17.323944330215454,0.13574600219726562
17.33465266227722,0.13574600219726562
17.345364570617676,0.13574600219726562
17.356085538864136,0.13574600219726562
17.36681580543518,0.13574600219726562
17.377528190612793,0.13574600219726562
17.388242959976196,0.13574600219726562
17.398967027664185,0.13574600219726562
17.409690380096436,0.13574600219726562
17.42039728164673,0.13574600219726562
17.431116342544556,0.13574600219726562
17.44184422492981,0.13574600219726562
17.452566385269165,0.13574600219726562
17.46329164505005,0.13574600219726562
17.47400999069214,0.13574600219726562
17.484743356704712,0.13574600219726562
17.495446920394897,0.13574600219726562
17.50617790222168,0.13574600219726562
17.5169095993042,0.13574600219726562
17.527611255645752,0.13574600219726562
17.53833532333374,0.13574600219726562
17.549059629440308,0.13574600219726562
17.55978560447693,0.13574600219726562
17.570494890213013,0.13574600219726562
17.581212282180786,0.13574600219726562
17.591933965682983,0.13574600219726562
17.6026394367218,0.13599777221679688
17.613354444503784,0.13599777221679688
17.624071836471558,0.13599777221679688
17.634814262390137,0.13599777221679688
17.64552664756775,0.13599777221679688
17.656238794326782,0.13599777221679688
17.666959047317505,0.13599777221679688
17.67767834663391,0.13599777221679688
17.688397884368896,0.13599777221679688
17.69911527633667,0.13599777221679688
17.70983624458313,0.13599777221679688
17.720552444458008,0.13599777221679688
17.731282711029053,0.13624954223632812
17.74200963973999,0.13624954223632812
17.75272488594055,0.13624954223632812
17.76343846321106,0.13624954223632812
17.77420735359192,0.13624954223632812
17.784931898117065,0.13624954223632812
17.795639753341675,0.13624954223632812
17.80634880065918,0.13624954223632812
17.817070245742798,0.13624954223632812
17.827792167663574,0.13624954223632812
17.838495016098022,0.13624954223632812
17.84922432899475,0.13624954223632812
17.859957218170166,0.13624954223632812
17.870659112930298,0.13624954223632812
17.881374835968018,0.13624954223632812
17.892103910446167,0.13624954223632812
17.902839422225952,0.13624954223632812
17.913565158843994,0.13624954223632812
17.92428994178772,0.13650131225585938
17.93500304222107,0.13650131225585938
17.945731163024902,0.13675308227539062
17.956446647644043,0.13700485229492188
17.967174768447876,0.13700485229492188
17.977914810180664,0.13716888427734375
17.98862338066101,0.13885879516601562
17.99933886528015,0.14022064208984375
18.010085821151733,0.14104080200195312
18.02080512046814,0.14104080200195312
18.031556606292725,0.14104080200195312
18.042299270629883,0.14104080200195312
18.053030729293823,0.14104080200195312
18.063753604888916,0.14104080200195312
18.074464559555054,0.14104080200195312
18.085184574127197,0.14104080200195312
18.095903635025024,0.14104080200195312
18.106614351272583,0.14104080200195312
18.11732792854309,0.14104080200195312
18.12805986404419,0.14104080200195312
18.138809204101562,0.14104080200195312
18.149510383605957,0.14104080200195312
18.160234451293945,0.14104080200195312
18.170965433120728,0.14104080200195312
18.18167209625244,0.14104080200195312
18.192373514175415,0.14104080200195312
18.203089237213135,0.14104080200195312
18.21381425857544,0.14104080200195312
18.224525213241577,0.14104080200195312
18.235247373580933,0.14104080200195312
18.245967864990234,0.14104080200195312
18.25667953491211,0.14104080200195312
18.26739001274109,0.14104080200195312
18.27811336517334,0.14104080200195312
18.28884983062744,0.14104080200195312
18.29956364631653,0.14104080200195312
18.310298919677734,0.14104080200195312
18.32102346420288,0.14104080200195312
18.331748247146606,0.14104080200195312
18.34246301651001,0.14104080200195312
18.3531813621521,0.14104080200195312
18.36391019821167,0.14104080200195312
18.3746280670166,0.14104080200195312
18.38533878326416,0.14104080200195312
18.396058559417725,0.14104080200195312
18.406803369522095,0.14104080200195312
18.41751003265381,0.14104080200195312
18.428224325180054,0.14104080200195312
18.4389431476593,0.14104080200195312
18.449642658233643,0.14104080200195312
18.460365056991577,0.14104080200195312
18.47112774848938,0.14104080200195312
18.481845140457153,0.14104080200195312
18.49263620376587,0.14104080200195312
18.503345012664795,0.14104080200195312
18.51407289505005,0.14104080200195312
18.52479910850525,0.14104080200195312
18.535510301589966,0.14104080200195312
18.546223878860474,0.14104080200195312
18.55695414543152,0.14104080200195312
18.567665576934814,0.14104080200195312
18.578381538391113,0.14104080200195312
18.589143753051758,0.14104080200195312
18.599863529205322,0.14104080200195312
18.610578060150146,0.14104080200195312
18.621317148208618,0.1414794921875
18.632046937942505,0.142181396484375
18.642775774002075,0.14348983764648438
18.65349292755127,0.14365768432617188
18.664221048355103,0.14365768432617188
18.674960613250732,0.14365768432617188
18.68568515777588,0.14365768432617188
18.69635510444641,0.14365768432617188
18.70708155632019,0.14365768432617188
18.71780776977539,0.14365768432617188
18.72852373123169,0.14365768432617188
18.739267587661743,0.14365768432617188
18.74999475479126,0.14365768432617188
18.760733604431152,0.14417266845703125
18.771456718444824,0.14417266845703125
18.78220224380493,0.14417266845703125
18.79292869567871,0.14417266845703125
18.80364966392517,0.14417266845703125
18.814360857009888,0.14417266845703125
18.825088500976562,0.14417266845703125
18.835827827453613,0.14417266845703125
18.846540212631226,0.14417266845703125
18.8572781085968,0.14417266845703125
18.86799430847168,0.14417266845703125
18.878719806671143,0.14417266845703125
18.88946008682251,0.14417266845703125
18.900205850601196,0.14417266845703125
18.910927772521973,0.14417266845703125
18.92164444923401,0.14417266845703125
18.93235945701599,0.14417266845703125
18.943076133728027,0.14417266845703125
18.953797340393066,0.14417266845703125
18.96450662612915,0.14417266845703125
18.975240468978882,0.14417266845703125
18.98596477508545,0.14417266845703125
18.996682167053223,0.14417266845703125
19.00739884376526,0.14417266845703125
19.018127918243408,0.14417266845703125
19.0288565158844,0.14417266845703125
19.039568185806274,0.14417266845703125
19.050297737121582,0.14417266845703125
19.06102204322815,0.14417266845703125
19.071758270263672,0.14417266845703125
19.082475662231445,0.14417266845703125
19.093210697174072,0.14417266845703125
19.103939056396484,0.14417266845703125
19.11465287208557,0.14417266845703125
19.125367879867554,0.14417266845703125
19.136125564575195,0.14417266845703125
19.146864891052246,0.14417266845703125
19.157594680786133,0.14496612548828125
19.168336629867554,0.14496612548828125
19.17905855178833,0.14496612548828125
19.1897931098938,0.14496612548828125
19.200507164001465,0.14496612548828125
19.211238622665405,0.14496612548828125
19.22197127342224,0.14496612548828125
19.23267436027527,0.14496612548828125
19.243387460708618,0.14496612548828125
19.254121780395508,0.14496612548828125
19.264840602874756,0.14496612548828125
19.27554488182068,0.14496612548828125
19.286287546157837,0.14496612548828125
19.297005653381348,0.14496612548828125
19.307727813720703,0.14496612548828125
19.318439245224,0.14496612548828125
19.32915711402893,0.14496612548828125
19.339885711669922,0.14496612548828125
19.350597620010376,0.14496612548828125
19.361324310302734,0.14496612548828125
19.37203884124756,0.14496612548828125
19.382760524749756,0.14496612548828125
19.39346170425415,0.14496612548828125
19.40417718887329,0.14496612548828125
19.414891958236694,0.14496612548828125
19.425594329833984,0.14496612548828125
19.43631863594055,0.14496612548828125
19.447044610977173,0.14496612548828125
19.457764387130737,0.1454925537109375
19.468468189239502,0.1454925537109375
19.47918152809143,0.1454925537109375
19.489901781082153,0.1454925537109375
19.500614404678345,0.1454925537109375
19.51133918762207,0.1454925537109375
19.52206540107727,0.1454925537109375
19.532785177230835,0.1454925537109375
19.5434992313385,0.1454925537109375
19.554227352142334,0.1454925537109375
19.56495952606201,0.1454925537109375
19.57567071914673,0.1454925537109375
19.586414098739624,0.1454925537109375
19.597142457962036,0.1454925537109375
19.60788321495056,0.1454925537109375
19.618593454360962,0.1454925537109375
19.62932014465332,0.1454925537109375
19.64005208015442,0.1454925537109375
19.650776386260986,0.1454925537109375
19.66148352622986,0.1454925537109375
19.67221450805664,0.1454925537109375
19.682950973510742,0.1454925537109375
19.69368577003479,0.1454925537109375
19.70439338684082,0.1454925537109375
19.715134382247925,0.1454925537109375
19.72587251663208,0.1454925537109375
19.736594200134277,0.14574432373046875
19.747324466705322,0.14574432373046875
19.758055210113525,0.14574432373046875
19.76878070831299,0.14574432373046875
19.779497861862183,0.14574432373046875
19.79022717475891,0.14574432373046875
19.80095410346985,0.14574432373046875
19.811667442321777,0.14574432373046875
19.82238006591797,0.14574432373046875
19.83309555053711,0.14574432373046875
19.84382462501526,0.14574432373046875
19.854533672332764,0.14574432373046875
19.865262985229492,0.14574432373046875
19.87598943710327,0.14574432373046875
19.886691093444824,0.14574432373046875
19.89741563796997,0.14574432373046875
19.90815758705139,0.14574432373046875
19.918884754180908,0.14574432373046875
19.929588079452515,0.14574432373046875
19.940326929092407,0.14574432373046875
19.951040744781494,0.14574432373046875
19.961754322052002,0.14574432373046875
19.972466945648193,0.14574432373046875
19.983181476593018,0.14574432373046875
19.993902921676636,0.14574432373046875
20.00460696220398,0.14574432373046875
20.015320539474487,0.14574432373046875
20.026053428649902,0.14574432373046875
20.0367693901062,0.14574432373046875
20.04746961593628,0.14574432373046875
20.058188915252686,0.14574432373046875
20.068909645080566,0.14574432373046875
20.07961368560791,0.14574432373046875
20.09032154083252,0.14574432373046875
20.101040363311768,0.14574432373046875
20.111754655838013,0.14574432373046875
20.122466802597046,0.14574432373046875
20.13319706916809,0.14574432373046875
20.143911838531494,0.14574432373046875
20.15461802482605,0.14574432373046875
20.16533899307251,0.14574432373046875
20.17606210708618,0.14624786376953125
20.18678855895996,0.14642333984375
20.197509765625,0.14731216430664062
20.208224534988403,0.14778518676757812
20.218942642211914,0.1483612060546875
20.22966170310974,0.14911651611328125
20.240365743637085,0.1496429443359375
20.25108790397644,0.14989471435546875
20.261804342269897,0.14989471435546875
20.27252984046936,0.14989471435546875
20.283246517181396,0.14989471435546875
20.29396343231201,0.14989471435546875
20.304680347442627,0.14989471435546875
20.315409660339355,0.14989471435546875
20.326131343841553,0.14989471435546875
20.336862802505493,0.14989471435546875
20.347579956054688,0.14989471435546875
20.35830807685852,0.14989471435546875
20.369035005569458,0.14989471435546875
20.379756450653076,0.14989471435546875
20.390472412109375,0.14989471435546875
20.401198148727417,0.14989471435546875
20.411915063858032,0.14989471435546875
20.422632932662964,0.14989471435546875
20.43335461616516,0.14989471435546875
20.444076538085938,0.150146484375
20.454797506332397,0.150146484375
20.46549654006958,0.150146484375
20.476222038269043,0.150146484375
20.486940145492554,0.150146484375
20.497652769088745,0.150146484375
20.508365631103516,0.150146484375
20.51908564567566,0.150146484375
20.529810428619385,0.150146484375
20.5405216217041,0.150146484375
20.55124855041504,0.150146484375
20.561991691589355,0.150146484375
20.57271909713745,0.150146484375
20.583439111709595,0.150146484375
20.594184160232544,0.150146484375
20.604910612106323,0.150146484375
20.61561417579651,0.150146484375
20.626343488693237,0.150146484375
20.637062549591064,0.150146484375
20.647788763046265,0.150146484375
20.658493518829346,0.150146484375
20.669217586517334,0.150146484375
20.679927587509155,0.150146484375
20.69063973426819,0.150146484375
20.70134663581848,0.150146484375
20.71206831932068,0.150146484375
20.72279644012451,0.150146484375
20.733494997024536,0.150146484375
20.744240522384644,0.150146484375
20.754964590072632,0.150146484375
20.765662908554077,0.150146484375
20.77636957168579,0.15087509155273438
20.78708815574646,0.15128326416015625
20.79781723022461,0.15317153930664062
20.80852723121643,0.15444183349609375
20.819255352020264,0.15493392944335938
20.829969882965088,0.15528106689453125
20.8407461643219,0.15578079223632812
20.85148024559021,0.15603256225585938
20.862194776535034,0.15603256225585938
20.872917652130127,0.15603256225585938
20.883624792099,0.15603256225585938
20.894346714019775,0.15603256225585938
20.9050714969635,0.15603256225585938
20.915834426879883,0.15603256225585938
20.926534175872803,0.15603256225585938
20.937249422073364,0.15603256225585938
20.947964668273926,0.15603256225585938
20.95866870880127,0.15603256225585938
20.96939730644226,0.15603256225585938
20.980142831802368,0.15603256225585938
20.99085545539856,0.15603256225585938
21.001569271087646,0.15603256225585938
21.012306690216064,0.15603256225585938
21.023026943206787,0.15603256225585938
21.033751964569092,0.15603256225585938
21.04445505142212,0.15603256225585938
21.05518078804016,0.15603256225585938
21.065894842147827,0.15603256225585938
21.076596975326538,0.15628433227539062
21.08733057975769,0.15628433227539062
21.098053693771362,0.15707778930664062
21.108776569366455,0.15707778930664062
21.119487047195435,0.15752792358398438
21.130207777023315,0.15816879272460938
21.14094376564026,0.15867233276367188
21.151669025421143,0.15911483764648438
21.162347078323364,0.15911483764648438
21.17307209968567,0.15911483764648438
21.183851718902588,0.15911483764648438
21.194567680358887,0.15911483764648438
21.2052960395813,0.15911483764648438
21.21601390838623,0.15911483764648438
21.226730585098267,0.15911483764648438
21.23743486404419,0.15911483764648438
21.24815607070923,0.15911483764648438
21.25887703895569,0.15911483764648438
21.269580841064453,0.15911483764648438
21.280319690704346,0.15936660766601562
21.29103970527649,0.16025543212890625
21.30176329612732,0.16075897216796875
21.31246328353882,0.16075897216796875
21.32318639755249,0.16075897216796875
21.33390212059021,0.16075897216796875
21.3446044921875,0.16075897216796875
21.35536789894104,0.16075897216796875
21.366093397140503,0.16075897216796875
21.376821041107178,0.16075897216796875
21.387532711029053,0.16075897216796875
21.398258209228516,0.16075897216796875
21.40898370742798,0.16075897216796875
21.41969585418701,0.16075897216796875
21.4304096698761,0.16075897216796875
21.441140174865723,0.16075897216796875
21.45187735557556,0.16075897216796875
21.46258306503296,0.16075897216796875
21.47331666946411,0.16075897216796875
21.484044551849365,0.16075897216796875
21.494774103164673,0.16075897216796875
21.505486488342285,0.16075897216796875
21.516220092773438,0.16075897216796875
21.52694797515869,0.16075897216796875
21.537650108337402,0.16075897216796875
21.54835295677185,0.16075897216796875
21.559073209762573,0.16075897216796875
21.56978940963745,0.16075897216796875
21.580498933792114,0.16075897216796875
21.59121537208557,0.16075897216796875
21.60194420814514,0.16075897216796875
21.61265754699707,0.16075897216796875
21.62337350845337,0.16075897216796875
21.634089708328247,0.16075897216796875
21.644808769226074,0.16075897216796875
21.655522346496582,0.16075897216796875
21.666239500045776,0.16075897216796875
21.676955223083496,0.16075897216796875
21.687658309936523,0.1610107421875
21.698364734649658,0.1610107421875
21.7090802192688,0.1610107421875
21.71980094909668,0.1610107421875
21.730517148971558,0.1610107421875
21.741249561309814,0.1610107421875
21.7519793510437,0.1610107421875
21.762696981430054,0.1610107421875
21.773420810699463,0.1610107421875
21.784146547317505,0.1610107421875
21.794922828674316,0.1610107421875
21.805638074874878,0.1610107421875
21.816360473632812,0.1610107421875
21.827080726623535,0.1610107421875
21.837809562683105,0.1610107421875
21.848523378372192,0.1610107421875
21.859248876571655,0.1610107421875
21.869965314865112,0.1610107421875
21.880683660507202,0.1610107421875
21.891404628753662,0.1610107421875
21.90213370323181,0.1610107421875
21.91287398338318,0.1610107421875
21.923595428466797,0.1610107421875
21.934322357177734,0.1610107421875
21.94504404067993,0.16126251220703125
21.95577335357666,0.16126251220703125
21.966485023498535,0.16126251220703125
21.97721242904663,0.16126251220703125
21.987930059432983,0.16126251220703125
21.998626470565796,0.16126251220703125
22.009345769882202,0.16126251220703125
22.02006483078003,0.16126251220703125
22.030792713165283,0.16126251220703125
22.0415096282959,0.16126251220703125
22.05222773551941,0.16126251220703125
22.06295657157898,0.16126251220703125
22.073681831359863,0.16126251220703125
22.08438277244568,0.16126251220703125
22.09510827064514,0.16126251220703125
22.10583209991455,0.16126251220703125
22.116536140441895,0.16126251220703125
22.127251386642456,0.16126251220703125
22.137999534606934,0.16126251220703125
22.14869976043701,0.16126251220703125
22.15942668914795,0.16126251220703125
22.170143604278564,0.16126251220703125
22.18087601661682,0.16126251220703125
22.19157600402832,0.16126251220703125
22.202303409576416,0.16126251220703125
22.213027238845825,0.16126251220703125
22.223759651184082,0.16126251220703125
22.23445749282837,0.16126251220703125
22.245209455490112,0.16126251220703125
22.255941152572632,0.16126251220703125
22.266650438308716,0.16126251220703125
22.2773756980896,0.16126251220703125
22.28808903694153,0.16126251220703125
22.2988064289093,0.16126251220703125
22.309520959854126,0.16126251220703125
22.32024121284485,0.16126251220703125
22.330966234207153,0.16126251220703125
22.34169054031372,0.16126251220703125
22.352417707443237,0.16126251220703125
22.363139152526855,0.1615142822265625
22.373865842819214,0.1619415283203125
22.38458561897278,0.1619415283203125
22.395324230194092,0.1619415283203125
22.406060695648193,0.1619415283203125
22.416799545288086,0.1619415283203125
22.427517890930176,0.1619415283203125
22.43824577331543,0.1619415283203125
22.44895887374878,0.1619415283203125
22.459670305252075,0.1619415283203125
22.470383167266846,0.1619415283203125
22.481103658676147,0.1619415283203125
22.491830348968506,0.1619415283203125
22.50254225730896,0.1619415283203125
22.51328134536743,0.1619415283203125
22.524003982543945,0.1619415283203125
22.53472900390625,0.1619415283203125
22.545434713363647,0.1619415283203125
22.556149005889893,0.1619415283203125
22.566876888275146,0.1619415283203125
22.57761859893799,0.1619415283203125
22.588386058807373,0.1619415283203125
22.599109649658203,0.1619415283203125
22.60986065864563,0.1619415283203125
22.62057852745056,0.1619415283203125
22.631315231323242,0.1619415283203125
22.642032861709595,0.1619415283203125
22.652759075164795,0.1619415283203125
22.663469076156616,0.1619415283203125
22.67417812347412,0.1619415283203125
22.68490195274353,0.1619415283203125
22.69562840461731,0.1619415283203125
22.70634174346924,0.1619415283203125
22.717088222503662,0.1619415283203125
22.727829456329346,0.1619415283203125
22.73855972290039,0.1619415283203125
22.749300956726074,0.1619415283203125
22.760030031204224,0.1619415283203125
22.77075505256653,0.1619415283203125
22.781479597091675,0.1619415283203125
22.79220485687256,0.16220474243164062
22.8029465675354,0.16220474243164062
22.813679218292236,0.16220474243164062
22.824382543563843,0.16220474243164062
22.835115671157837,0.16220474243164062
22.84585428237915,0.16220474243164062
22.856569528579712,0.16220474243164062
22.86730408668518,0.16277694702148438
22.87803602218628,0.16277694702148438
22.888770580291748,0.16277694702148438
22.899477243423462,0.16277694702148438
22.910207748413086,0.16277694702148438
22.920928478240967,0.16277694702148438
22.931646585464478,0.16277694702148438
22.942366361618042,0.16277694702148438
22.953095197677612,0.16277694702148438
22.96383762359619,0.16277694702148438
22.974549293518066,0.16277694702148438
22.985270023345947,0.16277694702148438
22.99598741531372,0.16277694702148438
23.006690740585327,0.16277694702148438
23.017423152923584,0.16277694702148438
23.02814483642578,0.16277694702148438
23.038870334625244,0.16277694702148438
23.049577951431274,0.16277694702148438
23.060322284698486,0.16328048706054688
23.071052074432373,0.16370010375976562
23.08177924156189,0.16370010375976562
23.092496633529663,0.16398239135742188
23.103244066238403,0.16423416137695312
23.11398673057556,0.16498947143554688
23.12471580505371,0.16549301147460938
23.135432481765747,0.1690216064453125
23.146147966384888,0.169189453125
23.156878232955933,0.1701202392578125
23.16759943962097,0.17073822021484375
23.178314685821533,0.1717376708984375
23.18904161453247,0.1720123291015625
23.199778079986572,0.17552947998046875
23.210485219955444,0.17552947998046875
23.221227645874023,0.17552947998046875
23.231955528259277,0.17552947998046875
23.242655992507935,0.17552947998046875
23.25335955619812,0.17552947998046875
23.264102458953857,0.17552947998046875
23.274839639663696,0.17552947998046875
23.285551071166992,0.17552947998046875
23.296283721923828,0.17552947998046875
23.30701231956482,0.17552947998046875
23.31773614883423,0.17552947998046875
23.328449010849,0.17552947998046875
23.339184045791626,0.17552947998046875
23.349907636642456,0.17552947998046875
23.360633373260498,0.17552947998046875
23.371355533599854,0.17552947998046875
23.382081508636475,0.17552947998046875
23.392796993255615,0.17552947998046875
23.40352988243103,0.17552947998046875
23.414260625839233,0.17552947998046875
23.42498469352722,0.17552947998046875
23.435696840286255,0.17552947998046875
23.446422338485718,0.17552947998046875
23.457178831100464,0.17552947998046875
23.467900276184082,0.17552947998046875
23.47862458229065,0.17552947998046875
23.48934292793274,0.17552947998046875
23.500070571899414,0.17552947998046875
23.51088261604309,0.17552947998046875
23.521584272384644,0.17552947998046875
23.532315969467163,0.17552947998046875
23.54304003715515,0.17552947998046875
23.553766012191772,0.17552947998046875
23.56448769569397,0.17552947998046875
23.575215339660645,0.17552947998046875
23.585943937301636,0.17552947998046875
23.596644639968872,0.17552947998046875
23.607358932495117,0.17552947998046875
23.61807918548584,0.17552947998046875
23.62883949279785,0.17552947998046875
23.639554023742676,0.17552947998046875
23.650273323059082,0.17552947998046875
23.661003828048706,0.17552947998046875
23.67172908782959,0.17552947998046875
23.68244481086731,0.17552947998046875
23.693188667297363,0.17552947998046875
23.703909397125244,0.17552947998046875
23.71462607383728,0.17552947998046875
23.725345849990845,0.17552947998046875
23.73607349395752,0.17552947998046875
23.74680781364441,0.17552947998046875
23.75751042366028,0.17552947998046875
23.768229246139526,0.17552947998046875
23.778955459594727,0.17552947998046875
23.78965449333191,0.17552947998046875
23.80036473274231,0.17552947998046875
23.811087608337402,0.17552947998046875
23.821820497512817,0.17552947998046875
23.83251976966858,0.17552947998046875
23.843239307403564,0.17552947998046875
23.853987216949463,0.17552947998046875
23.86469602584839,0.17552947998046875
23.875420570373535,0.17552947998046875
23.88614296913147,0.17552947998046875
23.896865367889404,0.17552947998046875
23.907575130462646,0.17552947998046875
23.91830062866211,0.17552947998046875
23.92902636528015,0.17552947998046875
23.93974804878235,0.17552947998046875
23.950464725494385,0.17552947998046875
23.96119213104248,0.17552947998046875
23.971916675567627,0.17552947998046875
23.9826500415802,0.17578125
23.99337363243103,0.1763763427734375
24.004095554351807,0.17662811279296875
24.014814376831055,0.17662811279296875
24.025550603866577,0.17662811279296875
24.03627848625183,0.17662811279296875
24.046992540359497,0.17662811279296875
24.057716369628906,0.17662811279296875
24.068434238433838,0.17662811279296875
24.07915186882019,0.17662811279296875
24.089877128601074,0.17662811279296875
24.100590229034424,0.17662811279296875
24.111318588256836,0.17662811279296875
24.122047901153564,0.17662811279296875
24.132784128189087,0.17662811279296875
24.143488883972168,0.17662811279296875
24.154223442077637,0.17662811279296875
24.164973735809326,0.17662811279296875
24.17569327354431,0.17662811279296875
24.186394929885864,0.17662811279296875
24.19713044166565,0.1768798828125
24.20785641670227,0.1768798828125
24.218566417694092,0.1768798828125
24.22929310798645,0.1768798828125
24.240021467208862,0.1768798828125
24.250738620758057,0.1768798828125
24.26145052909851,0.1768798828125
24.27216339111328,0.1768798828125
24.282891035079956,0.1768798828125
24.29360294342041,0.1768798828125
24.304314613342285,0.1768798828125
24.31502866744995,0.1768798828125
24.32575559616089,0.1768798828125
24.3364679813385,0.1768798828125
24.347185611724854,0.1768798828125
24.357909202575684,0.1768798828125
24.368627071380615,0.1768798828125
24.37934899330139,0.1768798828125
24.39008378982544,0.1768798828125
24.400810480117798,0.1768798828125
24.411527395248413,0.1768798828125
24.422257661819458,0.17713165283203125
24.432992935180664,0.17763519287109375
24.443867921829224,0.2951774597167969
24.455002307891846,0.6534805297851562
24.466314554214478,1.0130157470703125
24.477845430374146,1.3715705871582031
24.489583015441895,1.7299766540527344
24.50162124633789,2.207019805908203
24.513864278793335,2.5663108825683594
24.526313304901123,2.924755096435547
24.539029359817505,3.402698516845703
24.552048921585083,3.8806610107421875
24.56525754928589,4.239131927490234
24.578754425048828,4.717105865478516
24.592535495758057,5.1951141357421875
24.606571674346924,5.553672790527344
24.620866060256958,6.031654357910156
24.63543939590454,6.509452819824219
24.650310516357422,6.987155914306641
24.66556215286255,7.584228515625
24.681225538253784,8.061912536621094
24.69698214530945,8.539608001708984
24.713762283325195,9.017314910888672
24.730225563049316,9.61452865600586
24.746939420700073,10.092342376708984
24.763997554779053,10.689655303955078
24.781458854675293,11.287017822265625
24.79919695854187,11.764881134033203
24.81729531288147,12.362262725830078
24.835801124572754,12.959354400634766
24.854759454727173,13.556625366210938
24.874412298202515,14.153861999511719
24.894145011901855,14.75113296508789
24.914226293563843,15.369365692138672
24.93380355834961,15.570270538330078
24.95335030555725,15.647590637207031
24.985174417495728,15.712230682373047
25.04284954071045,15.835521697998047
25.066190004348755,15.899356842041016
25.089468479156494,15.941368103027344
25.117748737335205,15.990829467773438
25.141010522842407,16.034061431884766
25.164129972457886,16.452648162841797
25.18720507621765,17.122417449951172
25.215582370758057,18.159839630126953
25.244576454162598,19.434391021728516
25.27396583557129,20.282825469970703
25.30367350578308,21.214614868164062
25.334076404571533,21.184555053710938
25.38454532623291,21.190448760986328
25.414161205291748,22.327091217041016
25.44352698326111,23.772220611572266
25.47272229194641,24.561626434326172
25.502320766448975,25.255699157714844
25.541086196899414,25.43008041381836
25.577460289001465,26.221294403076172
25.612957000732422,27.32398223876953
25.66754674911499,28.536502838134766
25.737887144088745,27.99811553955078
25.804340600967407,29.34170150756836
25.84089684486389,29.482463836669922
25.886592149734497,30.18680191040039
25.942359924316406,30.038894653320312
25.99009370803833,30.58373260498047
26.058494329452515,31.75965118408203
26.122502326965332,32.53843307495117
26.17965865135193,33.36918258666992
26.239159107208252,34.54648971557617
26.28492259979248,36.19206619262695
26.333350896835327,36.4378776550293
26.368513345718384,36.90886306762695
26.404224395751953,37.435577392578125
26.43802261352539,38.54758834838867
26.474416971206665,39.60013961791992
26.54222846031189,40.327293395996094
26.591614961624146,40.757259368896484
26.656250953674316,41.58951187133789
26.70177698135376,42.45900344848633
26.747607946395874,42.12047576904297
26.795326471328735,42.88841247558594
26.834518671035767,43.82191848754883
26.87389326095581,44.34139633178711
26.91069984436035,44.51724624633789
26.944451808929443,44.681941986083984
26.98039722442627,45.53678894042969
27.01246976852417,45.94734573364258
27.046260118484497,46.46512222290039
27.07713532447815,46.75918960571289
27.10889959335327,47.20498275756836
27.14048719406128,47.01372146606445
27.170374155044556,47.37400817871094
27.2006995677948,47.615806579589844
27.23554253578186,48.318668365478516
27.27542734146118,48.17548370361328
27.316622018814087,48.599002838134766
27.367799043655396,49.06048583984375
27.40992283821106,48.559776306152344
27.440108060836792,48.48305130004883
27.480148315429688,48.62564468383789
27.51667308807373,48.77216720581055
27.546117782592773,48.50362014770508
27.574831008911133,48.60260772705078
27.60320782661438,48.66270065307617
27.632436990737915,48.62148666381836
27.659278392791748,48.61969757080078
27.688416957855225,49.388160705566406
27.715941667556763,49.15591812133789
27.74493432044983,49.363277435302734
27.775527715682983,49.56053924560547
27.806034803390503,49.5527458190918
27.833608865737915,49.538543701171875
27.86216926574707,49.66141128540039
27.896902799606323,50.239112854003906
27.938355684280396,50.348419189453125
27.966167211532593,49.65674591064453
27.993881464004517,49.95249938964844
28.02914309501648,49.56252670288086
28.05895757675171,50.30057907104492
28.089579343795776,50.77583694458008
28.119728088378906,51.32484436035156
28.14797830581665,51.31137466430664
28.17479181289673,51.31764602661133
28.20379614830017,51.46482849121094
28.229308366775513,51.12221908569336
28.25533890724182,51.67316436767578
28.28541922569275,51.680694580078125
28.31151032447815,51.98722457885742
28.33787250518799,51.44500732421875
28.368802070617676,50.68317413330078
28.396878719329834,51.54985809326172
28.425557613372803,51.33812713623047
28.452779531478882,51.799617767333984
28.47915506362915,51.70077896118164
28.508443593978882,52.01628494262695
28.53473925590515,52.06283950805664
28.562214851379395,51.16836929321289
28.589349269866943,51.599082946777344
28.61602234840393,52.0796012878418
28.643198013305664,52.33609390258789
28.670490503311157,52.81948471069336
28.697522163391113,52.21063995361328
28.72372341156006,52.29929733276367
28.750789403915405,51.91556930541992
28.775917291641235,51.80499267578125
28.80999231338501,51.82510757446289
28.839182138442993,51.865264892578125
28.86584782600403,52.41501235961914
28.89293146133423,52.59842300415039
28.922502279281616,53.01329040527344
28.95255422592163,53.127925872802734
28.984199047088623,53.4898796081543
29.012892961502075,53.69490051269531
29.041115760803223,53.45942306518555
29.077207326889038,53.486019134521484
29.106260538101196,53.15846252441406
29.13578963279724,53.220428466796875
29.16055655479431,53.48701095581055
29.18738317489624,53.70407485961914
29.21248745918274,53.24901580810547
29.239771604537964,53.40359878540039
29.26625156402588,53.63279724121094
29.290534019470215,54.301490783691406
29.317734479904175,54.80457305908203
29.346486806869507,54.35917663574219
29.37384009361267,54.7728385925293
29.40140676498413,54.93339920043945
29.428757190704346,54.86194610595703
29.45446801185608,54.66017532348633
29.480310440063477,54.40119552612305
29.50655221939087,55.031532287597656
29.53354024887085,55.17760467529297
29.56155276298523,54.9015998840332
29.58958411216736,54.61414337158203
29.61918067932129,54.41336441040039
29.649190664291382,53.99685287475586
29.6754047870636,54.47200393676758
29.70316243171692,54.68186950683594
29.729971647262573,55.051456451416016
29.75667381286621,55.22638702392578
29.785532236099243,55.11128234863281
29.81554937362671,54.723445892333984
29.841349363327026,55.03757095336914
29.881644010543823,54.6307258605957
29.921223163604736,54.99169158935547
29.96086072921753,54.51606369018555
29.987301349639893,54.414493560791016
30.012996912002563,54.58841323852539
30.040035724639893,54.91366958618164
30.065865993499756,54.8536376953125
30.09352993965149,54.98211669921875
30.121525526046753,54.70155334472656
30.148317575454712,55.28716278076172
30.175296306610107,54.84843826293945
30.201265335083008,54.67557144165039
30.22908663749695,55.070430755615234
30.2681086063385,55.67438507080078
30.294368743896484,55.65254211425781
30.32178497314453,55.244300842285156
30.349382638931274,54.940185546875
30.37651538848877,54.719703674316406
30.40300416946411,54.909332275390625
30.4309823513031,55.00263977050781
30.457136869430542,54.77241897583008
30.48338007926941,54.95521926879883
30.510226011276245,55.23701858520508
30.538010358810425,55.81343460083008
30.563495635986328,55.97939682006836
30.591098308563232,55.57912826538086
30.619068384170532,55.600425720214844
30.64674139022827,55.758079528808594
30.67308497428894,55.72749328613281
30.69931387901306,55.6651725769043
30.729588270187378,54.83535385131836
30.756072282791138,54.56089401245117
30.78345775604248,54.923614501953125
30.809754133224487,55.06004333496094
30.83613395690918,54.60737609863281
30.86296796798706,54.664703369140625
30.890426874160767,54.74233627319336
30.915655612945557,55.365013122558594
30.943193197250366,55.606082916259766
30.97168517112732,55.27029800415039
30.99892830848694,55.6250114440918
31.026185035705566,55.874515533447266
31.05952477455139,55.66951370239258
31.087443351745605,55.54193878173828
31.113833904266357,55.418643951416016
31.140560150146484,55.71501159667969
31.167802095413208,56.059688568115234
31.19831109046936,55.978397369384766
31.22641634941101,55.47268295288086
31.258920192718506,55.51123046875
31.28453516960144,55.09461212158203
31.31072759628296,55.67510986328125
31.336183786392212,56.24217224121094
31.37391448020935,56.78783416748047
31.414280652999878,56.58534622192383
31.44806170463562,56.88380813598633
31.475866317749023,56.58620834350586
31.502824306488037,56.72887420654297
31.52976107597351,57.1149787902832
31.560800075531006,56.94942855834961
31.587838888168335,56.890716552734375
31.612956285476685,56.6746711730957
31.638991117477417,56.581783294677734
31.66728949546814,57.194496154785156
31.698368072509766,57.53213882446289
31.72468662261963,57.487510681152344
31.75126838684082,57.00883483886719
31.78001594543457,57.15931701660156
31.81985092163086,56.53141403198242
31.84600806236267,56.56312942504883
31.87234330177307,56.87604904174805
31.900640726089478,57.079593658447266
31.928163528442383,57.20018005371094
31.95609736442566,56.680137634277344
31.982527494430542,56.06508255004883
32.01195168495178,56.07050704956055
32.03928828239441,56.1467170715332
32.06677961349487,56.35387420654297
32.094194173812866,56.45941162109375
32.12106251716614,56.34401321411133
32.15893292427063,56.90597152709961
32.18730425834656,56.699100494384766
32.21461582183838,56.594722747802734
32.24348568916321,56.67850112915039
32.2731819152832,56.967323303222656
32.30030846595764,56.904502868652344
32.32703900337219,57.10655212402344
32.353843688964844,56.73646926879883
32.381463050842285,56.666259765625
32.41028022766113,56.49061584472656
32.439295053482056,56.666969299316406
32.466591119766235,56.523948669433594
32.49197602272034,56.353721618652344
32.51957845687866,56.909175872802734
32.54667520523071,57.07710266113281
32.57185220718384,57.43349838256836
32.60389471054077,57.04300308227539
32.63109087944031,57.21634292602539
32.65842270851135,57.48631286621094
32.685797452926636,57.24028396606445
32.717411279678345,57.145599365234375
32.74302124977112,56.770423889160156
32.76977252960205,57.104732513427734
32.79979181289673,57.16456604003906
32.82776403427124,57.39071273803711
32.859585762023926,56.42523956298828
32.88693571090698,56.52009201049805
32.91485667228699,56.289527893066406
32.942251205444336,56.62985610961914
32.97039008140564,57.12417221069336
32.99857687950134,57.29361343383789
33.02642512321472,57.401920318603516
33.05483078956604,57.181304931640625
33.08350157737732,57.513694763183594
33.11221385002136,56.6030158996582
33.13935852050781,56.988765716552734
33.16842293739319,57.01941680908203
33.194639921188354,57.37646484375
33.22367525100708,57.42251205444336
33.25572609901428,56.70448684692383
33.28242111206055,57.09632873535156
33.3102822303772,57.374244689941406
33.33694076538086,57.5297966003418
33.365121364593506,57.71163558959961
33.392327070236206,57.52623748779297
33.419177770614624,58.00798416137695
33.44544196128845,57.56369400024414
33.47193217277527,57.2646484375
33.50155854225159,57.3228645324707
33.52866458892822,57.494815826416016
33.556825160980225,57.8454475402832
33.592095613479614,57.10847854614258
33.61904740333557,56.937679290771484
33.6470365524292,56.73970413208008
33.675724029541016,56.876495361328125
33.703046560287476,57.2487678527832
33.73003077507019,56.836761474609375
33.75568866729736,57.17067337036133
33.78302478790283,57.41873550415039
33.810497999191284,57.941165924072266
33.83731555938721,57.56698226928711
33.86366820335388,57.46519470214844
33.89132642745972,57.692893981933594
33.91727042198181,57.92974853515625
33.94294285774231,58.07341766357422
33.97105884552002,57.665428161621094
33.99791502952576,57.184696197509766
34.025447368621826,57.24800491333008
34.05310916900635,57.08984375
34.07948446273804,57.42940139770508
34.10697317123413,57.09279251098633
34.13375782966614,56.9758186340332
34.16255474090576,57.21813201904297
34.18882489204407,57.40361785888672
34.21533203125,57.793609619140625
34.243661642074585,57.320186614990234
34.2702739238739,57.33061599731445
34.300832986831665,57.27375793457031
34.328134536743164,57.10194396972656
34.354191303253174,57.02333068847656
34.38148498535156,56.88211441040039
34.40963673591614,57.08558654785156
34.43623161315918,57.28242492675781
34.46449041366577,57.156681060791016
34.492106437683105,56.528045654296875
34.51892423629761,56.674503326416016
34.548184633255005,56.553810119628906
34.57504391670227,56.84977722167969
34.60533905029297,57.42253494262695
34.63232946395874,57.65242385864258
34.6589720249176,57.78990173339844
34.686729431152344,57.56959915161133
34.71293544769287,57.526851654052734
34.740034341812134,57.16019058227539
34.76738905906677,57.41946792602539
34.79667139053345,57.292545318603516
34.82482719421387,57.571807861328125
34.850666522979736,57.630767822265625
34.87756633758545,56.74430465698242
34.90450096130371,57.24312210083008
34.93189287185669,57.51850509643555
34.958789348602295,57.98423767089844
34.98594546318054,57.967933654785156
35.012744188308716,57.4686164855957
35.039490938186646,57.61875534057617
35.06659412384033,57.58588409423828
35.09409689903259,57.14057922363281
35.12904214859009,57.45149612426758
35.15707731246948,57.51072311401367
35.18498253822327,57.75389862060547
35.212034702301025,57.58938980102539
35.238449573516846,56.82688522338867
35.26602292060852,57.11750793457031
35.29196238517761,56.91549301147461
35.31716585159302,56.86613845825195
35.34315347671509,56.85969924926758
35.37055468559265,56.839599609375
35.39610528945923,57.249732971191406
35.423383474349976,57.44877624511719
35.44965434074402,57.86773681640625
35.480119705200195,57.496707916259766
35.50892949104309,57.02190017700195
35.54235601425171,57.6190071105957
35.572784185409546,57.090450286865234
35.5999653339386,57.159461975097656
35.62887358665466,56.789554595947266
35.655526876449585,57.078582763671875
35.68187403678894,56.90974044799805
35.70962476730347,57.035011291503906
35.7363805770874,57.14628601074219
35.76516556739807,57.02106475830078
35.79149508476257,57.41714859008789
35.81928014755249,57.573631286621094
35.84665489196777,57.79700469970703
35.87534952163696,57.63326644897461
35.900965452194214,57.63520431518555
35.928337812423706,57.801597595214844
35.95638966560364,57.524818420410156
35.98391079902649,57.43846130371094
36.0123176574707,57.39606475830078
36.037437438964844,57.39018249511719
36.066508769989014,57.77117156982422
36.09694814682007,57.736324310302734
36.128817319869995,57.191951751708984
36.15763187408447,57.2354850769043
36.186105489730835,57.48988342285156
36.21291184425354,57.89118194580078
36.24043917655945,58.33848571777344
36.268450021743774,58.31876754760742
36.30120635032654,58.09616470336914
36.32796764373779,57.92100143432617
36.35587954521179,57.97819137573242
36.38351607322693,57.93761444091797
36.41120362281799,57.621315002441406
36.43868327140808,57.563819885253906
36.46409249305725,57.796836853027344
36.49135947227478,57.5101432800293
36.518372535705566,57.03012466430664
36.545238733291626,57.62519454956055
36.57245874404907,57.78318786621094
36.59986925125122,58.05385208129883
36.627381801605225,58.12861251831055
36.65610337257385,57.37977981567383
36.68372821807861,57.889404296875
36.71068239212036,57.502159118652344
36.73622417449951,57.16313934326172
36.76530408859253,57.21781921386719
36.79454326629639,57.31631851196289
36.819950342178345,57.645423889160156
36.84821271896362,57.177059173583984
36.8740029335022,57.00382614135742
36.89911222457886,56.941856384277344
36.9247145652771,56.71415710449219
36.9483380317688,57.16476821899414
36.972859382629395,57.019229888916016
36.99951648712158,56.94023513793945
37.02395796775818,57.13662338256836
37.051297426223755,57.361507415771484
37.07948040962219,57.884971618652344
37.105063676834106,57.90972137451172
37.130659341812134,57.43349075317383
37.15535879135132,57.66748046875
37.18061876296997,57.65996170043945
37.20806312561035,57.720741271972656
37.23336863517761,57.31995391845703
37.25788450241089,57.420005798339844
37.284255504608154,57.18699645996094
37.309165954589844,56.978057861328125
37.3370897769928,57.171146392822266
37.363654136657715,57.21558380126953
37.38818693161011,57.20880889892578
37.41197633743286,57.24011993408203
37.43815279006958,57.591552734375
37.464669704437256,57.757999420166016
37.493000745773315,57.67580032348633
37.51927351951599,57.74779510498047
37.54452180862427,57.769203186035156
37.567317485809326,57.881858825683594
37.59167766571045,57.84208297729492
37.616958141326904,57.7619743347168
37.64255475997925,57.04019546508789
37.66755485534668,57.19413375854492
37.69285750389099,57.513954162597656
37.71905541419983,57.41067123413086
37.74287700653076,57.369720458984375
37.768977642059326,57.27062225341797
37.793373107910156,57.076011657714844
37.8200888633728,57.228919982910156
37.84492039680481,57.55078887939453
37.87065291404724,57.566532135009766
37.8971962928772,57.91868591308594
37.92329788208008,57.499820709228516
37.95690441131592,57.27490234375
37.98466610908508,57.54090118408203
38.01439046859741,57.46567153930664
38.04555535316467,57.218963623046875
38.07189059257507,57.05133819580078
38.09654259681702,57.47613525390625
38.124919414520264,57.51155090332031
38.15008902549744,56.918663024902344
38.17578625679016,57.15372085571289
38.20118260383606,57.67917251586914
38.22848200798035,57.82916259765625
38.25509452819824,57.721954345703125
38.27930665016174,57.4705924987793
38.304418325424194,57.55874252319336
38.33051133155823,57.86577224731445
38.356523752212524,57.59810256958008
38.38212823867798,57.439510345458984
38.40851068496704,57.46202087402344
38.438148021698,57.74950408935547
38.466176986694336,57.756629943847656
38.49380326271057,57.80018615722656
38.516517639160156,57.41641616821289
38.54376196861267,57.05360794067383
38.569037437438965,57.390869140625
38.594608783721924,58.06080627441406
38.6370313167572,57.55840301513672
38.66449594497681,57.76453399658203
38.691478967666626,57.90324401855469
38.71743106842041,58.14320755004883
38.74287271499634,58.173065185546875
38.76866936683655,57.92292022705078
38.79573369026184,57.54462814331055
38.82103180885315,57.38555145263672
38.845115184783936,57.4835205078125
38.869232177734375,57.14874267578125
38.89416027069092,57.2495231628418
38.923768043518066,56.794456481933594
38.95074462890625,56.90948486328125
38.974937915802,57.354454040527344
39.00005030632019,57.64370346069336
39.03113770484924,57.23824691772461
39.0569908618927,57.3014030456543
39.08262014389038,57.430049896240234
39.10682797431946,57.46580505371094
39.130897521972656,57.30259704589844
39.157630443573,57.26326370239258
39.18547964096069,57.51299285888672
39.21052122116089,57.419761657714844
39.23612833023071,57.312191009521484
39.2610981464386,56.96721649169922
39.28717923164368,56.9208984375
39.311962604522705,57.278038024902344
39.33824682235718,57.2002067565918
39.36240553855896,57.14738464355469
39.38748741149902,57.255043029785156
39.412946701049805,56.99016189575195
39.440205812454224,57.11893081665039
39.46511387825012,57.01007843017578
39.49015188217163,57.319637298583984
39.52265524864197,57.986328125
39.54896426200867,57.80839538574219
39.57335543632507,57.609588623046875
39.59953022003174,57.47972106933594
39.62626266479492,57.378204345703125
39.65435290336609,57.595787048339844
39.67953562736511,57.47064208984375
39.70547270774841,57.596675872802734
39.73060655593872,57.8217658996582
39.7564218044281,57.869632720947266
39.78224277496338,57.41225051879883
39.80827975273132,57.37445068359375
39.833125591278076,57.85344314575195
39.85815167427063,57.95659255981445
39.88528847694397,57.983497619628906
39.91144108772278,57.68281936645508
39.936418533325195,57.54668426513672
39.96260046958923,57.326053619384766
39.98957419395447,57.50865936279297
40.01477527618408,56.83119583129883
40.040785789489746,57.148677825927734
40.06630730628967,57.30805969238281
40.0911283493042,57.4359245300293
40.115254402160645,57.49759292602539
40.14091873168945,57.432395935058594
40.166895151138306,57.09032440185547
40.195491790771484,57.22474670410156
40.222256660461426,57.253761291503906
40.24888896942139,57.3740348815918
40.274463176727295,57.19537353515625
40.300812005996704,57.35759735107422
40.33258247375488,57.63554763793945
40.36060619354248,57.37103271484375
40.3857843875885,57.87776565551758
40.41343450546265,57.396636962890625
40.43933606147766,57.32447052001953
40.46644067764282,57.532920837402344
40.492780447006226,56.982669830322266
40.52059864997864,57.110782623291016
40.54661560058594,56.935699462890625
40.57245922088623,56.38034439086914
40.5993971824646,56.69008255004883
40.62733554840088,57.20061111450195
40.65644907951355,56.923553466796875
40.68263649940491,57.06758499145508
40.70954370498657,57.06806564331055
40.7380256652832,57.23545837402344
40.76659393310547,57.629241943359375
40.79555583000183,57.31515884399414
40.822348833084106,57.26606369018555
40.84789228439331,57.1805419921875
40.87429165840149,56.65266418457031
40.901960372924805,56.886539459228516
40.92884969711304,57.02491760253906
40.956143617630005,57.19126892089844
40.982656478881836,57.53219985961914
41.011234283447266,57.669734954833984
41.040043592453,57.3781852722168
41.06777238845825,57.267539978027344
41.095142126083374,57.308101654052734
41.12640166282654,57.6192741394043
41.15133619308472,57.976924896240234
41.177342653274536,57.7380256652832
41.203964710235596,57.737403869628906
41.23022103309631,57.638389587402344
41.25665760040283,57.374542236328125
41.28500151634216,57.739906311035156
41.30874156951904,57.57604217529297
41.33552932739258,57.825843811035156
41.36536240577698,57.99412536621094
41.3930447101593,57.5329475402832
41.416653871536255,57.56790542602539
41.44181251525879,57.45511245727539
41.46658158302307,57.910552978515625
41.49601864814758,57.957427978515625
41.52118468284607,57.90207290649414
41.5494647026062,57.728424072265625
41.576354026794434,57.72373962402344
41.60235333442688,57.846229553222656
41.628090143203735,57.80340576171875
41.65278768539429,57.453277587890625
41.67822861671448,57.547462463378906
41.705039739608765,57.3535270690918
41.731398820877075,56.96637725830078
41.75544619560242,57.52653884887695
41.78044891357422,57.08466720581055
41.80695986747742,56.776100158691406
41.8328173160553,57.003639221191406
41.85851836204529,57.09027862548828
41.885108947753906,57.34379577636719
41.91174912452698,57.02081298828125
41.93756890296936,57.2327995300293
41.96716547012329,57.33550262451172
41.9895715713501,57.10886764526367
42.013999938964844,57.45646286010742
42.04110932350159,57.11990737915039
42.068602085113525,57.055789947509766
42.096271276474,57.43132400512695
42.12043261528015,57.083736419677734
42.146806716918945,57.41864776611328
42.17516851425171,57.301673889160156
42.20047354698181,57.13588333129883
42.227017641067505,57.39186096191406
42.2525851726532,57.643985748291016
42.2776095867157,57.65568542480469
42.30086970329285,57.43459701538086
42.33013367652893,57.649383544921875
42.35465383529663,57.61455154418945
42.38049793243408,57.609100341796875
42.40726923942566,57.64350509643555
42.43779802322388,57.821136474609375
42.463019132614136,57.56908416748047
42.48822021484375,57.32273483276367
42.512880086898804,57.17393112182617
42.53927135467529,57.08453369140625
42.5656213760376,57.47013473510742
42.59069585800171,57.361328125
42.61520457267761,57.66807174682617
42.644349575042725,57.53529739379883
42.66949009895325,57.27097702026367
42.696935415267944,57.28892517089844
42.72519898414612,57.36411666870117
42.75191783905029,57.52519989013672
42.77745723724365,57.93893814086914
42.80811619758606,57.92778015136719
42.83656883239746,58.027366638183594
42.86164426803589,57.6003303527832
42.88833928108215,57.60531997680664
42.91274571418762,57.70977783203125
42.93612504005432,57.6208381652832
42.96324348449707,57.44096374511719
42.99402952194214,57.87307357788086
43.01963567733765,57.4819450378418
43.045313596725464,57.68247604370117
43.069228410720825,57.468162536621094
43.094722509384155,58.13576889038086
43.122228145599365,57.80282211303711
43.14920997619629,57.90703201293945
43.17839455604553,58.06925582885742
43.20405554771423,57.762306213378906
43.22925114631653,57.67426300048828
43.257972955703735,57.44225311279297
43.28295564651489,57.314537048339844
43.309375286102295,57.50177001953125
43.335161209106445,57.679222106933594
43.361098527908325,57.21268081665039
43.3858757019043,57.72909164428711
43.40924429893494,57.64097595214844
43.43405532836914,57.415836334228516
43.463024854660034,57.43111038208008
43.49284553527832,57.307857513427734
43.51787042617798,57.42755126953125
43.54240965843201,57.30274963378906
43.56742477416992,57.54542922973633
43.59403896331787,57.70966720581055
43.62097787857056,57.766632080078125
43.646220684051514,57.86663818359375
43.66972327232361,57.79546356201172
43.69651460647583,57.33454895019531
43.72415471076965,57.58856964111328
43.74913191795349,56.92746353149414
43.77391290664673,57.140377044677734
43.79745054244995,57.21684265136719
43.82548666000366,56.930294036865234
43.85110926628113,57.06617736816406
43.87608361244202,57.12465286254883
43.90785026550293,57.0481071472168
43.934956312179565,57.098628997802734
43.95760703086853,56.97713088989258
43.98690485954285,56.78828048706055
44.012938499450684,57.124053955078125
44.0389986038208,57.50623321533203
44.06340146064758,57.504600524902344
44.08872675895691,56.96510314941406
44.116493940353394,57.11151123046875
44.14158654212952,56.751129150390625
44.168508529663086,56.845191955566406
44.197951793670654,57.372467041015625
44.2217698097229,57.1601676940918
44.249165773391724,57.42146682739258
44.28034019470215,57.631500244140625
44.30674386024475,57.413352966308594
44.33126926422119,57.6505126953125
44.355438470840454,57.801326751708984
44.381171226501465,57.8205680847168
44.4118595123291,57.85275650024414
44.4380407333374,57.44769287109375
44.465824127197266,57.79126739501953
44.49167561531067,57.296443939208984
44.52052903175354,57.33741760253906
44.549123764038086,57.53413391113281
44.57686471939087,57.092952728271484
44.60300612449646,57.78309631347656
44.62705707550049,58.103126525878906
44.65278339385986,57.4299430847168
44.67650294303894,57.48679733276367
44.70142602920532,57.85607147216797
44.72775745391846,57.796165466308594
44.75334644317627,57.67998123168945
44.780250549316406,57.8998908996582
44.80732178688049,57.878814697265625
44.838316917419434,57.73428726196289
44.86543297767639,57.571929931640625
44.89126181602478,56.970184326171875
44.91565132141113,56.735374450683594
44.94018030166626,57.21681594848633
44.963839292526245,57.37795639038086
44.98806643486023,56.980838775634766
45.0129234790802,57.16676330566406
45.040486335754395,57.09642028808594
45.07404589653015,57.115699768066406
45.09948134422302,57.58512496948242
45.1261191368103,57.08782196044922
45.15462923049927,57.4202995300293
45.182538986206055,57.413780212402344
45.21072864532471,57.44873046875
45.23729753494263,57.13766860961914
45.26645016670227,57.05341339111328
45.29293179512024,57.2094841003418
45.319777727127075,56.88896560668945
45.34731388092041,57.35177993774414
45.37473964691162,56.88093566894531
45.40312910079956,57.25227737426758
45.433817863464355,57.46621322631836
45.46144962310791,57.02022171020508
45.489200830459595,57.40437316894531
45.51740217208862,57.14100646972656
45.546114683151245,57.49565505981445
45.573320150375366,57.35049057006836
45.598426818847656,57.05372619628906
45.626779556274414,57.068763732910156
45.652764320373535,57.410274505615234
45.68165874481201,57.48831558227539
45.70765781402588,57.34943389892578
45.737505197525024,57.49708938598633
45.76540493965149,57.03242492675781
45.797951459884644,57.3516960144043
45.82582139968872,57.71121597290039
45.852416038513184,57.257362365722656
45.87850904464722,57.44844055175781
45.90395975112915,57.6083984375
45.928871870040894,57.57310104370117
45.95576024055481,57.49515914916992
45.98184108734131,57.78373336791992
46.007725954055786,57.8609504699707
46.03309869766235,58.13313293457031
46.0579776763916,58.12693786621094
46.0833785533905,58.22320556640625
46.107481241226196,57.67699432373047
46.13275337219238,57.66617965698242
46.15634608268738,57.7726936340332
46.18205213546753,58.378822326660156
46.20671510696411,58.35209655761719
46.23261785507202,58.17837905883789
46.25731134414673,58.1595573425293
46.282466888427734,57.62144088745117
46.31045317649841,57.657718658447266
46.33600735664368,57.710975646972656
46.36266088485718,57.94877624511719
46.388611793518066,57.745479583740234
46.41264867782593,58.085330963134766
46.44056224822998,57.904701232910156
46.46964955329895,57.440067291259766
46.49520492553711,57.035728454589844
46.52129936218262,57.170654296875
46.5452938079834,57.02350616455078
46.57296967506409,57.253292083740234
46.59740328788757,57.07862091064453
46.62143659591675,56.516544342041016
46.64779758453369,56.92572021484375
46.67442226409912,56.61991500854492
46.69893717765808,56.812686920166016
46.72542190551758,57.15815734863281
46.75008845329285,56.885902404785156
46.77479600906372,57.1518440246582
46.80058026313782,57.28972625732422
46.82737708091736,57.280799865722656
46.853774070739746,57.341278076171875
46.87910509109497,57.06434631347656
46.903549671173096,57.309486389160156
46.92992281913757,57.28360366821289
46.95849347114563,57.366668701171875
46.98365807533264,57.10483932495117
47.01007962226868,56.67876434326172
47.03553605079651,56.917423248291016
47.06196570396423,57.16136169433594
47.087323904037476,57.14487075805664
47.1126344203949,57.28916931152344
47.13681387901306,57.426673889160156
47.1616005897522,57.379554748535156
47.19021272659302,57.56603240966797
47.21978139877319,57.51280975341797
47.245288372039795,57.39091491699219
47.270368576049805,57.40666198730469
47.29679870605469,57.18241882324219
47.321290731430054,57.10469055175781
47.348026275634766,57.1614990234375
47.37192487716675,57.28378677368164
47.39964842796326,56.746360778808594
47.426878452301025,57.04842758178711
47.449936866760254,57.301509857177734
47.476240396499634,57.10636520385742
47.50122618675232,57.069026947021484
47.52775692939758,57.26546096801758
47.554933309555054,57.22552490234375
47.58054232597351,57.39321517944336
47.60824537277222,57.24897003173828
47.63412690162659,57.441349029541016
47.6599805355072,57.386993408203125
47.68707990646362,57.64051818847656
47.71230673789978,57.605098724365234
47.737688064575195,57.24106979370117
47.76882576942444,57.398311614990234
47.79529547691345,57.342369079589844
47.82137107849121,57.60028839111328
47.84878706932068,57.92901611328125
47.876832485198975,57.81564712524414
47.90504217147827,57.61620330810547
47.93221306800842,57.343475341796875
47.95996618270874,57.5476188659668
47.98755145072937,57.36330032348633
48.01479387283325,57.66286849975586
48.04246497154236,58.11634826660156
48.07157611846924,57.84328842163086
48.09916019439697,57.75010681152344
48.132028102874756,56.98270034790039
48.15990924835205,57.30733871459961
48.187166690826416,57.44187545776367
48.21533489227295,57.505340576171875
48.244123220443726,57.31000518798828
48.27199912071228,57.38373565673828
48.29996919631958,57.64420700073242
48.32559633255005,57.87895202636719
48.35395860671997,57.81269073486328
48.38163781166077,57.48877716064453
48.409350633621216,57.747684478759766
48.434627294540405,57.92204284667969
48.46174597740173,57.649356842041016
48.487406969070435,57.57877731323242
48.513550758361816,57.251583099365234
48.540770530700684,57.6378059387207
48.56691908836365,57.80765151977539
48.59526252746582,57.3633918762207
48.62454342842102,57.37757873535156
48.65178298950195,57.17881393432617
48.679951190948486,57.86460876464844
48.70790886878967,58.10801315307617
48.735958099365234,57.405948638916016
48.76455283164978,57.58070373535156
48.791526556015015,57.50609588623047
48.81958627700806,57.604698181152344
48.84745812416077,57.447330474853516
48.8760187625885,57.48161697387695
48.90274930000305,57.32302474975586
48.92988872528076,57.61476135253906
48.95814037322998,57.63970184326172
48.985310077667236,57.298858642578125
49.01216459274292,57.16621780395508
49.04011368751526,56.6619758605957
49.06764626502991,56.97654724121094
49.09504008293152,57.23726272583008
49.12280249595642,57.044620513916016
49.15098285675049,56.867225646972656
49.177130699157715,57.18022918701172
49.20341491699219,57.08858871459961
49.230464220047,57.09478759765625
49.25862216949463,57.39476776123047
49.28665065765381,57.2053337097168
49.31616449356079,57.559959411621094
49.343437910079956,56.980079650878906
49.377753496170044,56.94207000732422
49.403284788131714,57.11695861816406
49.43001389503479,57.23160171508789
49.45912456512451,57.63847351074219
49.48487591743469,57.8210334777832
49.512595653533936,57.88655471801758
49.53966212272644,57.744728088378906
49.566020250320435,57.838722229003906
49.5960967540741,58.136138916015625
49.622464179992676,57.741058349609375
49.64962387084961,57.98369598388672
49.67629408836365,58.12021255493164
49.70026397705078,58.15739440917969
49.72563052177429,57.94684982299805
49.75255870819092,57.15410232543945
49.77933478355408,57.31402587890625
49.80581521987915,57.360939025878906
49.83154606819153,57.53573226928711
49.85681700706482,57.72615432739258
49.88120794296265,57.1050910949707
49.90559911727905,57.270755767822266
49.93094491958618,57.66055679321289
49.9566285610199,57.639007568359375
49.979530811309814,57.84865188598633
50.00597357749939,57.46348190307617
50.03144121170044,57.34387969970703
50.057201862335205,57.88737869262695
50.082820415496826,57.703880310058594
50.108147859573364,57.413692474365234
50.13537335395813,57.46402359008789
50.15942406654358,57.204750061035156
50.187416791915894,57.46208190917969
50.213050365448,57.56676483154297
50.23989129066467,57.376136779785156
50.26522922515869,57.381935119628906
50.28943920135498,57.48141098022461
50.316197633743286,57.728912353515625
50.34613275527954,57.59269332885742
50.37123203277588,57.27265548706055
50.39674758911133,57.03782653808594
50.42197132110596,57.15673065185547
50.44637942314148,57.1131591796875
50.47123169898987,57.247398376464844
50.49514293670654,57.21311950683594
50.52005195617676,57.1815299987793
50.54457879066467,57.02833557128906
50.57086110115051,57.02572250366211
50.59856963157654,56.95151901245117
50.62459945678711,56.648616790771484
50.65642523765564,56.617916107177734
50.68524432182312,56.93995666503906
50.71000027656555,57.22773742675781
50.73664426803589,57.45698547363281
50.76246666908264,56.95697021484375
50.78844738006592,57.42369079589844
50.81320524215698,57.73640441894531
50.83833980560303,57.64337158203125
50.863121032714844,57.53065872192383
50.88796043395996,57.57148742675781
50.91425609588623,57.45795440673828
50.9398558139801,57.70928192138672
50.96523141860962,57.78929901123047
50.99317407608032,57.46475601196289
51.017624855041504,57.715171813964844
51.04624629020691,57.63254928588867
51.071361780166626,57.73546600341797
51.0961012840271,57.72700119018555
51.12127089500427,58.026817321777344
51.14927339553833,57.99256896972656
51.17519664764404,57.609928131103516
51.203293561935425,57.7689094543457
51.22822022438049,57.914669036865234
51.25412344932556,57.41780090332031
51.27980017662048,57.49696350097656
51.305450439453125,57.218929290771484
51.33154845237732,57.6861457824707
51.36144804954529,57.330223083496094
51.385754346847534,57.14510726928711
51.41278958320618,57.15913009643555
51.44399452209473,57.11176300048828
51.470579385757446,57.32582473754883
51.49969267845154,57.4069709777832
51.52461385726929,56.88117218017578
51.54976725578308,57.015037536621094
51.57589268684387,57.227657318115234
51.601420164108276,57.25235366821289
51.62819242477417,57.447853088378906
51.65377449989319,57.01951217651367
51.68229556083679,57.542381286621094
51.707565784454346,57.632591247558594
51.73197340965271,57.38017272949219
51.75751543045044,57.3251953125
51.78533220291138,57.010257720947266
51.812382221221924,57.276100158691406
51.83916521072388,57.036624908447266
51.86704158782959,57.01052474975586
51.893805742263794,57.17652893066406
51.92199516296387,57.02701950073242
51.94996190071106,57.202606201171875
51.975186824798584,57.662330627441406
52.001813888549805,57.25896072387695
52.02905893325806,57.188350677490234
52.0562949180603,57.524742126464844
52.08392333984375,57.60898208618164
52.117817640304565,57.714324951171875
52.14492726325989,57.52885818481445
52.17306900024414,57.05381393432617
52.204662561416626,57.352630615234375
52.23261785507202,56.91851806640625
52.2634654045105,56.97184753417969
52.29087519645691,57.16043472290039
52.31896376609802,57.14034652709961
52.35205888748169,57.62739562988281
52.380236864089966,57.93225860595703
52.40755033493042,57.6362419128418
52.43549823760986,57.65409469604492
52.46230602264404,58.136085510253906
52.49032998085022,58.29939651489258
52.517178535461426,58.8300895690918
52.54318070411682,58.745426177978516
52.569743394851685,59.09722137451172
52.59810161590576,59.512264251708984
52.62630915641785,59.26057052612305
52.65760254859924,59.39143753051758
52.68347191810608,59.16641616821289
52.71057629585266,59.33980178833008
52.73699069023132,59.6418342590332
52.764822244644165,59.656002044677734
52.79331564903259,59.39964294433594
52.82195687294006,59.53232192993164
52.84920930862427,59.58222579956055
52.88006091117859,59.417274475097656
52.90639853477478,59.367801666259766
52.93519854545593,59.30293655395508
52.96209383010864,59.072086334228516
52.990461587905884,59.219879150390625
53.017189025878906,59.119319915771484
53.04529094696045,59.035213470458984
53.070627212524414,58.87480926513672
53.10074996948242,58.830081939697266
53.129035234451294,58.92235565185547
53.15834355354309,59.0007209777832
53.18683195114136,58.57588195800781
53.21339154243469,58.58667755126953
53.23948884010315,58.740299224853516
53.26860022544861,58.735713958740234
53.295536279678345,58.81789016723633
53.32438087463379,58.9044189453125
53.35194396972656,59.28657150268555
53.378761529922485,59.419105529785156
53.4058403968811,59.478607177734375
53.43293070793152,59.4685173034668
53.460259199142456,59.717403411865234
53.4880747795105,59.90664291381836
53.51577115058899,60.079036712646484
53.54231905937195,60.28678894042969
53.57011532783508,60.52626037597656
53.59778356552124,60.4656867980957
53.62443518638611,60.20441436767578
53.653557777404785,60.3773307800293
53.67939066886902,60.51121520996094
53.70939326286316,60.38140106201172
53.73812985420227,60.670352935791016
53.766414642333984,60.716678619384766
53.79387879371643,61.14265060424805
53.821906089782715,61.18452072143555
53.85009026527405,61.11619567871094
53.88917541503906,60.891117095947266
53.91656017303467,60.92546463012695
53.94525623321533,61.0581169128418
53.97502636909485,60.45149612426758
54.000569581985474,60.64748001098633
54.026522397994995,61.05875778198242
54.057645082473755,60.814796447753906
54.08516597747803,60.46379470825195
54.112086057662964,60.60689926147461
54.141587018966675,60.8722038269043
54.17114305496216,60.630611419677734
54.19825887680054,60.94627380371094
54.2293016910553,60.99257278442383
54.256819009780884,61.56306076049805
54.28478240966797,61.528411865234375
54.316351890563965,61.5525016784668
54.342944622039795,61.97971725463867
54.36981248855591,62.19799041748047
54.39774560928345,62.32334899902344
54.423649072647095,62.07792282104492
54.45203399658203,61.90208053588867
54.480549812316895,62.33828353881836
54.50778388977051,62.30851364135742
54.5348596572876,61.92475128173828
54.56273794174194,61.95970153808594
54.588218688964844,62.087188720703125
54.614588022232056,62.31794738769531
54.64151644706726,62.23869705200195
54.66948056221008,61.87456130981445
54.69689083099365,62.3202018737793
54.725194692611694,62.62921142578125
54.751429080963135,62.64326477050781
54.77824664115906,62.339046478271484
54.80928897857666,62.088626861572266
54.83671832084656,61.816368103027344
54.86241579055786,62.26622772216797
54.88947820663452,61.89690017700195
54.918243646621704,61.73911666870117
54.94634294509888,61.5367431640625
54.97443246841431,61.78811264038086
55.00221395492554,61.78550720214844
55.03218960762024,61.81650924682617
55.06326651573181,61.22374725341797
55.091657400131226,61.9283447265625
55.11788249015808,62.11840057373047
55.14621114730835,61.75571823120117
55.171687602996826,61.890281677246094
55.19836187362671,62.034183502197266
55.22578454017639,62.52478790283203
55.2515823841095,61.93545913696289
55.27877926826477,61.96851348876953
55.30501317977905,61.60371017456055
55.332133769989014,62.024356842041016
55.35823106765747,62.14358139038086
55.38559174537659,62.28102493286133
55.41081190109253,62.37215805053711
55.444061517715454,62.20694351196289
55.47104477882385,62.59272766113281
55.496607542037964,62.67044448852539
55.522791147232056,62.85755157470703
55.552334785461426,62.607147216796875
55.582327365875244,62.565650939941406
55.61046099662781,62.955039978027344
55.63833975791931,62.778934478759766
55.66578984260559,62.28663635253906
55.69492530822754,62.71954345703125
55.72232270240784,62.6667594909668
55.74838733673096,62.44154739379883
55.77478885650635,62.388153076171875
55.80410075187683,62.270015716552734
55.83289408683777,62.208866119384766
55.859539270401,61.43006134033203
55.886022090911865,61.84141540527344
55.91614580154419,61.9958610534668
55.943358182907104,62.210655212402344
55.97068405151367,62.017189025878906
55.99936103820801,62.19906234741211
56.0283260345459,62.4853630065918
56.059731006622314,62.722721099853516
56.091028690338135,62.52901077270508
56.11885118484497,62.10913848876953
56.14648103713989,62.31609344482422
56.1730797290802,62.18791961669922
56.200159549713135,62.009700775146484
56.225653648376465,61.76017761230469
56.25683259963989,62.12526321411133
56.287611961364746,62.35673141479492
56.31694221496582,62.32206344604492
56.34378409385681,61.939334869384766
56.37450456619263,62.10335159301758
56.40212059020996,62.488853454589844
56.428295850753784,62.70450210571289
56.45484232902527,62.33997344970703
56.4828884601593,62.28109359741211
56.50950741767883,62.23591995239258
56.53692293167114,62.5847282409668
56.56632208824158,62.34722900390625
56.59310984611511,62.126949310302734
56.61919546127319,61.76293182373047
56.64826512336731,62.08092498779297
56.67925143241882,61.88043975830078
56.7080192565918,62.01662063598633
56.73551273345947,61.66800308227539
56.76395535469055,61.948020935058594
56.799139976501465,62.18434143066406
56.83018922805786,61.8851432800293
56.858726978302,61.99184036254883
56.885992765426636,62.25368881225586
56.91708064079285,62.36224365234375
56.94498348236084,62.17817687988281
56.97298836708069,61.88003158569336
57.00240421295166,61.66386413574219
57.033313274383545,61.99724578857422
57.06023073196411,62.09994125366211
57.08576679229736,62.041202545166016
57.11607384681702,61.99822998046875
57.14332580566406,62.060733795166016
57.174187898635864,62.43840408325195
57.202006578445435,62.532249450683594
57.22858166694641,62.40619659423828
57.26324915885925,62.647857666015625
57.28908157348633,62.90059280395508
57.31964659690857,62.56990051269531
57.34850597381592,61.99750900268555
57.37640309333801,62.572872161865234
57.40198111534119,62.72013473510742
57.42925214767456,62.63079833984375
57.456804513931274,62.405426025390625
57.48287296295166,62.224998474121094
57.511813163757324,62.31291198730469
57.53897285461426,61.6092529296875
57.56503891944885,61.925086975097656
57.59235119819641,62.105777740478516
57.61909222602844,62.335243225097656
57.64826560020447,62.544734954833984
57.67606711387634,62.21681213378906
57.70309829711914,62.238136291503906
57.72956085205078,62.5172119140625
57.75698256492615,62.24016571044922
57.78359055519104,62.01438903808594
57.809812784194946,62.24446487426758
57.83795356750488,62.40311050415039
57.864532709121704,62.392818450927734
57.89344596862793,61.76496887207031
57.92003059387207,61.7567138671875
57.94567251205444,62.0124626159668
57.97517728805542,61.94651412963867
58.00355577468872,61.94789505004883
58.02985644340515,61.72304916381836
58.070014238357544,61.82343292236328
58.09608054161072,62.226016998291016
58.12554335594177,61.45460891723633
58.15593433380127,61.440887451171875
58.182639598846436,61.32265853881836
58.210670709609985,61.69454574584961
58.237812757492065,61.724056243896484
58.26854729652405,61.29977798461914
58.29835772514343,61.2501335144043
58.32538080215454,61.367977142333984
58.35456609725952,61.75904083251953
58.38477277755737,61.729583740234375
58.41017699241638,61.6306037902832
58.4401113986969,62.06233596801758
58.46724009513855,62.458709716796875
58.49696588516235,62.46470642089844
58.526007890701294,61.99549102783203
58.55303454399109,62.15467071533203
58.580734729766846,62.35798645019531
58.60856103897095,62.55308151245117
58.63601112365723,62.190162658691406
58.66426658630371,61.900333404541016
58.691359519958496,62.10800552368164
58.718039989471436,61.99017333984375
58.744624853134155,62.241355895996094
58.772568464279175,62.306453704833984
58.79952311515808,62.545249938964844
58.82579016685486,62.50773620605469
58.85376501083374,62.86314010620117
58.88029384613037,62.906707763671875
58.90583419799805,62.95924377441406
58.933470249176025,63.04997253417969
58.9610378742218,62.815650939941406
58.98858833312988,63.01018524169922
59.01695251464844,62.544677734375
59.05286121368408,62.911338806152344
59.08039617538452,62.56192398071289
59.10551571846008,62.577571868896484
59.132500410079956,62.55572509765625
59.164066791534424,62.09067916870117
59.18781590461731,62.41720199584961
59.213531732559204,61.97148513793945
59.23952007293701,61.572898864746094
59.26555848121643,62.071693420410156
59.291359663009644,62.423465728759766
59.319992542266846,62.1324348449707
59.34767031669617,62.29251480102539
59.37795066833496,62.24456787109375
59.405417919158936,62.790950775146484
59.43093681335449,62.30227279663086
59.45623850822449,62.1942024230957
59.48263192176819,62.194190979003906
59.50905776023865,62.18527603149414
59.53456664085388,62.428749084472656
59.55811309814453,61.923160552978516
59.58399152755737,62.19020080566406
59.61092400550842,62.063514709472656
59.637439250946045,62.674659729003906
59.66246485710144,62.378055572509766
59.68661165237427,62.171607971191406
59.712257862091064,62.200504302978516
59.73858428001404,62.32722854614258
59.76489734649658,62.54451370239258
59.79237961769104,62.55086135864258
59.818103551864624,61.78556442260742
59.84411573410034,62.00419235229492
59.8763325214386,61.90335464477539
59.90049862861633,62.00991439819336
59.927382707595825,62.225257873535156
59.954222679138184,61.58468246459961
59.98105597496033,61.748435974121094
60.006529331207275,61.73576736450195
60.02945804595947,61.692813873291016
60.05937600135803,62.04484558105469
60.089749574661255,61.374515533447266
60.11434364318848,61.55760192871094
60.1398069858551,61.912986755371094
60.164583921432495,62.02462387084961
60.18948149681091,61.937686920166016
60.215444803237915,61.967369079589844
60.241111040115356,62.0781364440918
60.26804733276367,62.231346130371094
60.29462170600891,62.0711784362793
60.32250165939331,62.02692413330078
60.34787845611572,61.93340301513672
60.37300395965576,62.326602935791016
60.3986656665802,62.07646179199219
60.4251503944397,62.112308502197266
60.450366735458374,62.3575325012207
60.47505235671997,62.28935241699219
60.49842429161072,62.50548553466797
60.52364778518677,62.54697799682617
60.551915407180786,62.55522918701172
60.58188080787659,62.545310974121094
60.60715627670288,62.769683837890625
60.63161826133728,62.808414459228516
60.6584677696228,62.50901412963867
60.683337926864624,62.84988021850586
60.7096631526947,62.31147384643555
60.73425006866455,62.155433654785156
60.75964164733887,62.45708465576172
60.78527235984802,62.27206039428711
60.81067490577698,62.433143615722656
60.839866399765015,62.10734558105469
60.866875886917114,62.0482177734375
60.89238500595093,62.15232467651367
60.91835355758667,61.88334655761719
60.94399642944336,61.7486572265625
60.968849658966064,61.94485855102539
60.99389123916626,62.15364074707031
61.01974606513977,62.24283218383789
61.04647374153137,62.11656188964844
61.07050704956055,62.54880905151367
61.09549307823181,62.67858123779297
61.121423959732056,61.89225387573242
61.14884305000305,62.12375259399414
61.1745285987854,62.17448425292969
61.19880795478821,61.98006057739258
61.223827600479126,62.489498138427734
61.2523889541626,61.67915344238281
61.28065466880798,61.58549880981445
61.306419372558594,62.185848236083984
61.33138632774353,62.12104415893555
61.35755372047424,62.34773635864258
61.38198113441467,62.38143539428711
61.40681552886963,62.24058151245117
61.4330096244812,62.39472198486328
61.46039652824402,62.72499084472656
61.48715853691101,62.58180236816406
61.51369023323059,61.935760498046875
61.54627728462219,62.28532409667969
61.57134652137756,62.254940032958984
61.598318099975586,62.618289947509766
61.62294554710388,62.30315017700195
61.64930844306946,62.234580993652344
61.68025732040405,62.13433837890625
61.70748281478882,62.104183197021484
61.73208427429199,62.060264587402344
61.76636457443237,62.01382064819336
61.79355335235596,61.84797668457031
61.81864142417908,62.006778717041016
61.84341597557068,62.10203170776367
61.8686146736145,62.09829330444336
61.89413118362427,62.16618347167969
61.92383694648743,61.89350128173828
61.94982385635376,62.07219314575195
61.98147249221802,62.26906967163086
62.00704002380371,62.491310119628906
62.0356981754303,61.96619415283203
62.06238532066345,62.21275329589844
62.09009838104248,61.70528030395508
62.11755704879761,62.27434158325195
62.14455723762512,62.218482971191406
62.17120432853699,62.23801040649414
62.19854974746704,62.3966178894043
62.22515654563904,62.438961029052734
62.25239443778992,62.665042877197266
62.279035568237305,62.442344665527344
62.30972361564636,62.65219497680664
62.33735418319702,62.50044250488281
62.36427974700928,62.9503288269043
62.39088773727417,62.32570266723633
62.41962718963623,62.00987243652344
62.44750618934631,62.25740432739258
62.474109172821045,62.336177825927734
62.50156331062317,62.26137924194336
62.52908658981323,62.21701431274414
62.55690312385559,61.910770416259766
62.58429956436157,61.9077262878418
62.61249256134033,61.869346618652344
62.641112327575684,61.70052719116211
62.66964411735535,61.53974151611328
62.69710993766785,61.706058502197266
62.72342133522034,62.05177688598633
62.75267243385315,62.188175201416016
62.78344440460205,62.38605880737305
62.80994772911072,62.273929595947266
62.837823152542114,62.01872634887695
62.86557340621948,62.09743881225586
62.89306974411011,61.82908248901367
62.92375302314758,61.43617248535156
62.95738935470581,61.23016357421875
62.98542332649231,61.72819519042969
63.014347076416016,61.633602142333984
63.041430711746216,61.93259811401367
63.07273054122925,61.84550476074219
63.10068917274475,61.875221252441406
63.127312421798706,62.38229751586914
63.15544319152832,62.50440979003906
63.18314266204834,62.60575485229492
63.211307764053345,62.0555305480957
63.2380485534668,62.38405227661133
63.26614212989807,62.34843063354492
63.29360508918762,62.54621887207031
63.321645736694336,62.322296142578125
63.34805226325989,61.8539924621582
63.375072717666626,62.25645446777344
63.40451145172119,62.21067428588867
63.433592557907104,62.07849884033203
63.46004366874695,62.019004821777344
63.486145973205566,62.28367233276367
63.51207709312439,62.63574981689453
63.538963079452515,62.43681335449219
63.568822383880615,62.635597229003906
63.5962188243866,62.395538330078125
63.62292551994324,62.44084167480469
63.651506185531616,62.93301010131836
63.679980516433716,62.937015533447266
63.70714235305786,62.79248046875
63.73506188392639,62.8350944519043
63.763132095336914,62.55696487426758
63.79238533973694,62.686729431152344
63.82061004638672,62.657962799072266
63.85112524032593,62.42786407470703
63.88287329673767,62.455936431884766
63.913116216659546,62.142574310302734
63.94216251373291,62.4524040222168
63.96856093406677,62.14617156982422
63.99826121330261,62.443016052246094
64.02619576454163,62.509681701660156
64.0520646572113,62.78754806518555
64.08101177215576,62.12744903564453
64.10874438285828,62.12870788574219
64.13752317428589,61.85032653808594
64.17001032829285,61.92719650268555
64.19832634925842,61.994510650634766
64.22516083717346,61.776920318603516
64.25337553024292,61.8560791015625
64.28217220306396,61.9619140625
64.31189131736755,61.82743835449219
64.33979892730713,62.13050842285156
64.36725759506226,61.98146438598633
64.39446306228638,62.44453048706055
64.42576885223389,62.58047866821289
64.45209693908691,62.62849044799805
64.4844868183136,62.77240753173828
64.51287174224854,61.99766159057617
64.54252982139587,62.22492218017578
64.56990694999695,62.20482635498047
64.59860968589783,61.71413803100586
64.62518644332886,61.690555572509766
64.65258264541626,61.933231353759766
64.67919445037842,61.852108001708984
64.705007314682,62.127132415771484
64.73417806625366,61.95346450805664
64.76320123672485,61.864078521728516
64.79341793060303,62.0759162902832
64.81893849372864,62.6129150390625
64.84694933891296,62.719947814941406
64.87474989891052,62.443702697753906
64.90120840072632,62.1373405456543
64.92662215232849,62.39406967163086
64.95523023605347,62.64017105102539
64.9820864200592,62.79847717285156
65.01031851768494,62.549930572509766
65.0365378856659,62.05148696899414
65.06394910812378,61.98048400878906
65.09051036834717,62.02083206176758
65.11810898780823,62.1845817565918
65.14556455612183,62.16827392578125
65.17166471481323,62.44520950317383
65.20027899742126,62.46836853027344
65.23063611984253,62.416175842285156
65.25898146629333,62.48945999145508
65.28895115852356,61.909400939941406
65.32047820091248,62.58271026611328
65.35144019126892,62.67302703857422
65.38345003128052,62.80502700805664
65.41314935684204,62.40072250366211
65.44236135482788,62.34602355957031
65.47212839126587,62.318206787109375
65.49956512451172,62.31134033203125
65.52776288986206,62.604957580566406
65.55751466751099,62.80693435668945
65.58653497695923,62.67530822753906
65.61710500717163,62.60992431640625
65.6463143825531,62.43928909301758
65.67574524879456,62.34188461303711
65.70506739616394,62.12058639526367
65.73494482040405,62.080501556396484
65.7650716304779,61.82148742675781
65.7945168018341,61.84257888793945
65.82448101043701,61.72900390625
65.85233807563782,61.98321533203125
65.88112235069275,62.10923385620117
65.90705490112305,62.03618621826172
65.93483090400696,62.15998077392578
65.9635238647461,61.959388732910156
65.99637746810913,62.31684494018555
66.02431082725525,61.998416900634766
66.05717921257019,62.1546516418457
66.08587384223938,62.431434631347656
66.11451745033264,62.552337646484375
66.14528918266296,62.504798889160156
66.17271900177002,62.23801803588867
66.20936059951782,61.90700149536133
66.23704266548157,62.28868865966797
66.26527428627014,61.90481948852539
66.29454612731934,61.830543518066406
66.32289838790894,61.75990676879883
66.3497474193573,62.14079284667969
66.37633609771729,62.354557037353516
66.4041211605072,62.29829406738281
66.43169355392456,62.22397994995117
66.45818448066711,62.061058044433594
66.48842811584473,62.65889358520508
66.51732897758484,62.52643966674805
66.54562568664551,62.207942962646484
66.5722508430481,62.32290267944336
66.59786868095398,62.342037200927734
66.62526154518127,62.91164016723633
66.65112686157227,62.739013671875
66.67910242080688,62.692169189453125
66.70386862754822,62.40184783935547
66.73109483718872,61.88111877441406
66.75808501243591,61.92179489135742
66.7826919555664,62.018333435058594
66.81307125091553,62.10074234008789
66.83969616889954,62.073814392089844
66.86574721336365,62.21900177001953
66.89250707626343,62.1492919921875
66.9171953201294,62.35293960571289
66.94330477714539,62.2063102722168
66.96878600120544,62.169315338134766
66.99484133720398,62.62739562988281
67.0206151008606,63.01755142211914
67.04814958572388,62.66841506958008
67.07823443412781,62.680625915527344
67.10759544372559,61.83354187011719
67.1340856552124,61.81420135498047
67.15891313552856,61.60964584350586
67.18404269218445,61.827938079833984
67.21025061607361,61.85736846923828
67.23617458343506,62.38642883300781
67.26650595664978,62.330230712890625
67.29408383369446,62.07220458984375
67.31859731674194,62.40215301513672
67.34553408622742,62.43731689453125
67.37522721290588,62.44988250732422
67.40080380439758,62.352325439453125
67.42699480056763,62.03409194946289
67.45495438575745,62.07706832885742
67.48035883903503,62.17958068847656
67.5066511631012,61.66773223876953
67.53397703170776,62.1459846496582
67.56072950363159,62.09732437133789
67.58626055717468,62.064483642578125
67.61275005340576,61.965858459472656
67.63758563995361,61.87255096435547
67.66374087333679,62.35508346557617
67.68887543678284,61.986881256103516
67.71421360969543,61.87971878051758
67.73827743530273,61.73616409301758
67.76421189308167,62.287715911865234
67.79161977767944,62.24030685424805
67.81842064857483,62.19451141357422
67.84815740585327,62.013824462890625
67.87436413764954,61.88813400268555
67.89887475967407,61.98092269897461
67.9246335029602,62.7093505859375
67.94954466819763,62.59986877441406
67.9741427898407,62.293949127197266
68.00210165977478,62.11580276489258
68.0262405872345,62.240196228027344
68.05259084701538,62.49229431152344
68.07898497581482,62.36560821533203
68.1068651676178,62.16608810424805
68.13100838661194,62.008209228515625
68.15617251396179,62.32912826538086
68.1821072101593,62.648136138916016
68.21080303192139,62.33232116699219
68.23667025566101,62.020572662353516
68.26638984680176,61.852439880371094
68.29069185256958,62.181541442871094
68.31578230857849,62.82918167114258
68.34150815010071,62.59458923339844
68.36629605293274,62.671329498291016
68.39079403877258,62.414459228515625
68.41647720336914,61.998939514160156
68.44440078735352,62.10274124145508
68.47073197364807,62.1550178527832
68.4966504573822,62.28348159790039
68.52469992637634,62.12811279296875
68.55367422103882,61.645362854003906
68.58186912536621,61.918827056884766
68.60869240760803,61.70176696777344
68.63752388954163,61.83866882324219
68.6658091545105,61.65152359008789
68.6923577785492,61.952735900878906
68.71808075904846,61.91986846923828
68.74728894233704,62.14014434814453
68.77811813354492,62.142051696777344
68.80597972869873,61.497962951660156
68.83790349960327,61.326786041259766
68.86861085891724,61.46137237548828
68.89562463760376,61.62620544433594
68.92524814605713,62.455684661865234
68.9509596824646,62.26290512084961
68.98080658912659,62.12286376953125
69.01303124427795,62.52458572387695
69.03923511505127,62.66083908081055
69.06701564788818,62.41575622558594
69.0993185043335,61.88614273071289
69.13146114349365,62.06172561645508
69.15946817398071,61.99340057373047
69.18611574172974,61.548343658447266
69.21306204795837,61.88336181640625
69.24117112159729,62.265533447265625
69.26823282241821,62.21736526489258
69.29298615455627,62.40745544433594
69.32047247886658,62.348697662353516
69.35236859321594,62.96533966064453
69.37993812561035,62.41451644897461
69.40851211547852,61.901485443115234
69.4351315498352,61.95033645629883
69.461923122406,62.79954147338867
69.49151539802551,62.87397766113281
69.51914954185486,62.66377258300781
69.54606580734253,62.24900817871094
69.57357120513916,62.288177490234375
69.59961795806885,62.93585205078125
69.62949323654175,62.47951126098633
69.65710520744324,62.28403854370117
69.6869547367096,62.34670639038086
69.71726155281067,61.90353012084961
69.74451351165771,62.22443771362305
69.77035284042358,62.445045471191406
69.79760098457336,61.92784118652344
69.82644557952881,62.086124420166016
69.85387134552002,62.34649658203125
69.88085985183716,62.16891098022461
69.90894937515259,61.736122131347656
69.93591070175171,61.758426666259766
69.96176600456238,62.00343322753906
69.99005627632141,62.55001449584961
70.01754379272461,62.43466567993164
70.04585146903992,61.84318542480469
70.07465267181396,61.9394416809082
70.1018373966217,61.62432098388672
70.12758827209473,61.60127639770508
70.15557742118835,61.683170318603516
70.18193221092224,61.64063262939453
70.20861792564392,62.01210021972656
70.23556733131409,61.86091232299805
70.26261281967163,61.82463073730469
70.29031729698181,61.96906661987305
70.3177707195282,62.19754409790039
70.34547352790833,62.324832916259766
70.3721296787262,62.52229309082031
70.39757084846497,62.451629638671875
70.4234619140625,62.51680374145508
70.44920229911804,62.72761917114258
70.48123097419739,62.53495788574219
70.50886988639832,62.46915817260742
70.53432059288025,61.81349182128906
70.5621087551117,62.29978561401367
70.59528660774231,63.08356857299805
70.62173104286194,62.75311279296875
70.64774441719055,62.7684440612793
70.67349553108215,62.48805236816406
70.70195746421814,63.263267517089844
70.72687864303589,63.32773971557617
70.76024198532104,62.783058166503906
70.78685426712036,62.790374755859375
70.8125855922699,62.544464111328125
70.83701086044312,62.368072509765625
70.86252546310425,61.9801139831543
70.90007257461548,62.25519561767578
70.92459678649902,62.351409912109375
70.94860076904297,62.09454345703125
70.97492527961731,62.49726486206055
71.0029284954071,61.87712478637695
71.03640389442444,62.370357513427734
71.06222867965698,61.65346908569336
71.08690786361694,61.33425521850586
71.11241674423218,61.69227600097656
71.13725900650024,62.196746826171875
71.16356921195984,62.0536003112793
71.19061422348022,62.041404724121094
71.22019410133362,61.764034271240234
71.24691987037659,62.0376091003418
71.27317571640015,62.454124450683594
71.29813075065613,62.439449310302734
71.32353639602661,62.01039123535156
71.34962272644043,61.62451934814453
71.37563014030457,61.719337463378906
71.39968800544739,61.82174301147461
71.4255850315094,61.87567138671875
71.45005106925964,61.41548156738281
71.47830057144165,61.477298736572266
71.50289011001587,61.88167190551758
71.52812767028809,62.02817153930664
71.55514526367188,61.85946273803711
71.58423948287964,61.9135627746582
71.61208581924438,61.64665985107422
71.64080953598022,62.140541076660156
71.66725754737854,62.541683197021484
71.6952908039093,62.09340286254883
71.71963548660278,62.03488540649414
71.7514111995697,62.123748779296875
71.7786853313446,62.15526580810547
71.80524635314941,62.04298400878906
71.83090019226074,61.988792419433594
71.85782647132874,62.040550231933594
71.882000207901,61.89240646362305
71.91211366653442,61.92110824584961
71.93998980522156,61.826263427734375
71.96504020690918,61.91606140136719
71.99059271812439,62.181846618652344
72.01723718643188,62.67775344848633
72.04390931129456,62.4645881652832
72.07013869285583,62.6749382019043
72.0953528881073,62.542694091796875
72.12090349197388,63.126468658447266
72.14515376091003,62.9411506652832
72.17051982879639,62.693878173828125
72.19579792022705,62.072391510009766
72.22118711471558,61.834171295166016
72.2481336593628,62.26191329956055
72.2752046585083,62.745304107666016
72.29921388626099,62.44435119628906
72.32550621032715,62.7180061340332
72.35162162780762,62.48934555053711
72.37913656234741,63.12299346923828
72.40657424926758,63.40607833862305
72.43843841552734,62.76677322387695
72.46618795394897,63.07658004760742
72.49304628372192,62.69061279296875
72.52008199691772,62.7191162109375
72.54780149459839,62.57183837890625
72.57632350921631,62.30760955810547
72.60250210762024,62.3401985168457
72.63123655319214,62.09485626220703
72.65937638282776,62.62957763671875
72.68580555915833,62.44309616088867
72.71235299110413,62.3785514831543
72.7389144897461,62.00653076171875
72.7680344581604,61.24382019042969
72.79762554168701,61.73153305053711
72.82454371452332,62.05898666381836
72.85439968109131,62.04460144042969
72.88617181777954,61.50940704345703
72.91119527816772,62.00767135620117
72.94016003608704,62.21985626220703
72.97036504745483,61.95133972167969
72.99880838394165,61.863502502441406
73.03429579734802,61.59663009643555
73.06136345863342,61.53354263305664
73.08876037597656,61.66787338256836
73.11869764328003,61.92232894897461
73.14598226547241,61.614200592041016
73.17336559295654,61.67462921142578
73.2013669013977,61.97512435913086
73.23255157470703,62.03813934326172
73.25886487960815,61.90045166015625
73.2922134399414,61.85154724121094
73.3227813243866,62.501861572265625
73.3496253490448,62.2790412902832
73.37589168548584,62.32298278808594
73.40312457084656,62.19763946533203
73.43050265312195,62.38347244262695
73.4580512046814,62.628360748291016
73.48992133140564,62.320743560791016
73.5173408985138,62.439693450927734
73.54610514640808,62.45292282104492
73.57336378097534,62.25804138183594
73.6000189781189,62.35478973388672
73.62944269180298,62.52095031738281
73.65513849258423,62.67347717285156
73.68099784851074,62.8348388671875
73.71071672439575,62.657066345214844
73.73719310760498,62.508758544921875
73.7649884223938,62.30698776245117
73.79236817359924,62.56514358520508
73.81823134422302,62.76682662963867
73.84504628181458,62.57514190673828
73.87228846549988,62.27535629272461
73.90129685401917,61.504947662353516
73.9284315109253,61.99803161621094
73.95665836334229,62.2147216796875
73.98242402076721,62.17634201049805
74.00876903533936,62.07219314575195
74.03953576087952,62.43693923950195
74.06607389450073,62.66027069091797
74.0909194946289,62.972373962402344
74.11683654785156,62.394996643066406
74.1414864063263,62.315406799316406
74.16704225540161,62.51071548461914
74.19345092773438,62.56642150878906
74.21898174285889,62.08889389038086
74.24509072303772,61.47569274902344
74.2711455821991,61.916419982910156
74.2950599193573,61.82630920410156
74.32482194900513,62.12360382080078
74.35181283950806,62.256004333496094
74.3777928352356,61.869224548339844
74.40550351142883,61.737911224365234
74.43058609962463,61.834556579589844
74.45775198936462,61.501834869384766
74.48928952217102,61.735107421875
74.51637887954712,62.032432556152344
74.54162526130676,61.963783264160156
74.56763505935669,61.85055923461914
74.59516763687134,61.94554138183594
74.61942172050476,62.56620407104492
74.64747023582458,61.9978141784668
74.67260551452637,61.63010787963867
74.69749116897583,61.880401611328125
74.72346138954163,61.96882629394531
74.74891996383667,62.05466842651367
74.77499508857727,62.390438079833984
74.8010618686676,62.18600845336914
74.82575845718384,62.37331771850586
74.85192728042603,62.7553825378418
74.87864565849304,62.94589614868164
74.9027361869812,62.500335693359375
74.92906641960144,62.17393112182617
74.95535898208618,62.18818664550781
74.97959065437317,62.5615348815918
75.00645637512207,62.7740364074707
75.03761529922485,62.414852142333984
75.06403708457947,62.08946228027344
75.08931088447571,62.433067321777344
75.11497116088867,62.56890869140625
75.13985133171082,62.52690124511719
75.16707372665405,62.30697250366211
75.19338274002075,62.46953201293945
75.22027611732483,62.635433197021484
75.24607539176941,62.794952392578125
75.27380299568176,62.72953414916992
75.29860734939575,63.00813293457031
75.32465767860413,63.080257415771484
75.34957361221313,63.22541046142578
75.37593746185303,63.294986724853516
75.4009256362915,63.513553619384766
75.42918491363525,63.660865783691406
75.45517039299011,63.85923767089844
75.48141384124756,64.02751541137695
75.51150751113892,63.71011734008789
75.54281044006348,63.687828063964844
75.56786298751831,63.80146408081055
75.59463238716125,64.21256256103516
75.62197351455688,64.38741302490234
75.65039491653442,64.70940017700195
75.68368601799011,65.03425598144531
75.71261644363403,65.04563903808594
75.73840498924255,65.14302444458008
75.76513862609863,65.09872817993164
75.79203248023987,65.38653564453125
75.81830477714539,65.20930862426758
75.85211253166199,65.17430114746094
75.88000559806824,65.69395065307617
75.90824627876282,65.66070175170898
75.93749666213989,66.31068801879883
75.96911644935608,66.27029800415039
75.99824500083923,66.55853271484375
76.03003263473511,66.96821212768555
76.05711793899536,67.35382461547852
76.08360505104065,67.65173721313477
76.11559629440308,68.16768646240234
76.14597630500793,68.60111999511719
76.17543983459473,69.14690017700195
76.20385456085205,69.62350463867188
76.23103499412537,70.04176712036133
76.2580873966217,70.69626235961914
76.28578019142151,70.70180130004883
76.31727766990662,71.36050796508789
76.34677219390869,71.47500610351562
76.3745973110199,71.31723403930664
76.40161681175232,71.62467575073242
76.42862129211426,71.49573135375977
76.45306348800659,71.52268600463867
76.4799153804779,71.98127365112305
76.50412487983704,72.36996459960938
76.52901530265808,72.39542388916016
76.55187964439392,72.2099723815918
76.58000826835632,72.35869216918945
76.60592746734619,72.43559265136719
76.63333582878113,72.6243782043457
76.65881276130676,72.59095001220703
76.68506956100464,72.37641143798828
76.70963048934937,72.26668930053711
76.73463153839111,72.35858154296875
76.76120948791504,72.46903610229492
76.78845858573914,72.81675720214844
76.8163390159607,72.8380012512207
76.84151268005371,72.7464370727539
76.86710667610168,72.94369888305664
76.89332365989685,72.82075119018555
76.9192681312561,73.2135238647461
76.94437861442566,73.28295135498047
76.97066402435303,73.72835922241211
76.99566102027893,73.67354965209961
77.02177214622498,73.61462020874023
77.05007410049438,73.66190338134766
77.0772635936737,73.88238525390625
77.10127067565918,73.43863677978516
77.13165497779846,73.61169052124023
77.15933561325073,73.94536209106445
77.19286251068115,73.64507675170898
77.21915054321289,74.0659065246582
77.24679803848267,74.43017196655273
77.27208542823792,74.2952880859375
77.30034971237183,74.28620910644531
77.32859086990356,74.16221237182617
77.36045503616333,73.9478874206543
77.3899314403534,73.80651092529297
77.41617155075073,74.05845260620117
77.44209122657776,74.24911117553711
77.47097897529602,74.11886215209961
77.49951028823853,73.5531005859375
77.52574586868286,73.50647735595703
77.55172801017761,73.4517936706543
77.57623291015625,73.38067626953125
77.60146141052246,73.84084701538086
77.62873339653015,73.93720626831055
77.65317583084106,74.36371994018555
77.67873406410217,74.12172317504883
77.70335698127747,74.6309814453125
77.72765231132507,74.95159530639648
77.75349807739258,75.2110481262207
77.77954435348511,74.62260818481445
77.80861520767212,74.84387969970703
77.83242511749268,75.16719436645508
77.8579261302948,74.40336608886719
77.8844141960144,74.7718391418457
77.91097784042358,75.23039245605469
77.93635392189026,75.41888046264648
77.96551132202148,75.05916213989258
77.99274325370789,75.22528457641602
78.01760482788086,75.66326904296875
78.04357051849365,76.06121444702148
78.07112288475037,76.3166732788086
78.0954954624176,76.7556037902832
78.12012648582458,77.13191986083984
78.1451587677002,74.8291015625
78.17142987251282,75.13731002807617
78.19627332687378,75.5909309387207
78.2214903831482,75.3813705444336
78.24716353416443,74.3949966430664
78.2711992263794,72.9903335571289
78.29592657089233,72.6113510131836
78.32224988937378,71.1411361694336
78.34940457344055,71.44963455200195
78.37432789802551,72.09275817871094
78.40190553665161,72.27592468261719
78.42668032646179,72.60816955566406
78.45196104049683,72.5683822631836
78.48026299476624,72.48004913330078
78.50597476959229,72.5911979675293
78.53344082832336,73.0728988647461
78.5576982498169,73.28804779052734
78.58430480957031,73.6292724609375
78.60753726959229,74.130859375
78.63328528404236,74.00693130493164
78.66218829154968,73.86783599853516
78.68597626686096,73.21759033203125
78.71086072921753,71.4841537475586
78.73954939842224,69.98675537109375
78.76465606689453,68.64812850952148
78.79154658317566,64.2819938659668
78.8185498714447,62.55666732788086
78.84526109695435,61.584938049316406
78.86866641044617,61.93778610229492
78.89639544487,60.70895004272461
78.9280354976654,59.64363479614258
78.95651078224182,56.90294647216797
78.98260450363159,54.455352783203125
79.00947117805481,51.874298095703125
79.03563332557678,51.20743179321289
79.06062936782837,50.872005462646484
79.08779072761536,45.32929992675781
79.11590909957886,44.61981201171875
79.14350414276123,44.61842346191406
79.16869592666626,44.48149490356445
79.19552826881409,44.20293045043945
79.22099018096924,44.39288330078125
79.25041031837463,44.35721969604492
79.27647972106934,44.55622100830078
79.30151319503784,44.159706115722656
79.32692050933838,44.2631950378418
79.35484957695007,44.34126281738281
79.37935304641724,44.30400848388672
79.40639400482178,44.3082275390625
79.43478536605835,44.188472747802734
79.46232676506042,44.100738525390625
79.49012088775635,44.16197204589844
79.51975226402283,44.21391296386719
79.547767162323,44.182491302490234
79.57537484169006,44.12017059326172
79.60411071777344,44.272247314453125
79.63868856430054,44.18818664550781
79.66619729995728,44.20013427734375
79.69238018989563,44.30207061767578
79.71979475021362,44.476627349853516
79.74722599983215,44.50360870361328
79.77380895614624,44.408451080322266
79.80313444137573,44.47425079345703
79.8332154750824,44.27047348022461
79.86102080345154,44.29008865356445
79.88979506492615,44.27280807495117
79.91918587684631,44.44525146484375
79.9480652809143,44.38642501831055
79.97532296180725,44.15345001220703
80.00427842140198,44.27070617675781
80.03189516067505,44.351402282714844
80.05847454071045,44.51510238647461
80.08467626571655,44.50923538208008
80.11064505577087,44.61439895629883
80.13529634475708,44.58407211303711
80.16030859947205,44.62512969970703
80.18864941596985,44.65909194946289
80.21520614624023,44.83368682861328
80.24039912223816,44.82723617553711
80.26422786712646,44.939048767089844
80.2895736694336,44.978614807128906
80.31619930267334,44.918617248535156
80.34036827087402,44.81782531738281
80.36447095870972,44.77668762207031
80.39067482948303,44.84463119506836
80.41556119918823,44.774505615234375
80.4402437210083,44.764923095703125
80.46430492401123,44.75236892700195
80.4895031452179,44.57048034667969
80.51466512680054,44.49079895019531
80.5400447845459,44.485084533691406
80.5667655467987,44.4924430847168
80.59122157096863,44.62947082519531
80.61686110496521,44.67660903930664
80.64508104324341,44.69583511352539
80.67879557609558,44.850345611572266
80.70433378219604,44.921592712402344
80.72819566726685,44.757545471191406
80.75211954116821,44.70669174194336
80.77785325050354,44.63107681274414
80.80296492576599,44.54808044433594
80.83045101165771,44.388206481933594
80.85692811012268,44.33986282348633
80.88229012489319,44.46603775024414
80.90730714797974,44.46642303466797
80.93337988853455,44.49167251586914
80.96107077598572,44.441650390625
80.98674631118774,44.55792236328125
81.0190782546997,44.379329681396484
81.04645943641663,44.4009895324707
81.0704505443573,44.35087966918945
81.09872889518738,44.232696533203125
81.12349438667297,44.24758529663086
81.15000891685486,44.30501937866211
81.17854356765747,44.390098571777344
81.20335268974304,44.30204772949219
81.23046112060547,44.34749221801758
81.2610433101654,44.58263397216797
81.28494572639465,44.60541915893555
81.30975103378296,44.59982681274414
81.33546757698059,44.507118225097656
81.36193919181824,44.445377349853516
81.38640904426575,44.466468811035156
81.41377592086792,44.35392761230469
81.44017744064331,44.3762092590332
81.46642589569092,44.40969467163086
81.49309182167053,44.5227165222168
81.51753497123718,44.708824157714844
81.54179382324219,44.77377700805664
81.56696128845215,44.61946487426758
81.59321165084839,44.74506378173828
81.61961126327515,44.646846771240234
81.64497065544128,44.67554473876953
81.67304182052612,44.42198944091797
81.69876027107239,44.46965026855469
81.72510981559753,44.642093658447266
81.75228142738342,44.74763870239258
81.7778434753418,44.678646087646484
81.80649423599243,44.61332321166992
81.83674716949463,44.52928924560547
81.86537909507751,44.540611267089844
81.89340043067932,44.62204360961914
81.91909575462341,44.80450439453125
81.9456136226654,44.888763427734375
81.97230672836304,44.82719039916992
81.99963998794556,44.75469207763672
82.03089642524719,44.883419036865234
82.06033945083618,44.48328399658203
82.08756232261658,44.439395904541016
82.11502385139465,44.42052459716797
82.14756917953491,44.439483642578125
82.1737425327301,44.44435501098633
82.19962739944458,44.4803466796875
82.22668170928955,44.28426742553711
82.25601530075073,44.31040954589844
82.2866804599762,44.49980926513672
82.3174958229065,44.42867660522461
82.34649229049683,44.38853073120117
82.37653183937073,44.45317077636719
82.40635895729065,44.399295806884766
82.43344020843506,44.37269592285156
82.45958280563354,44.438026428222656
82.48785281181335,44.0297737121582
82.51333093643188,43.99604797363281
82.54072761535645,44.011314392089844
82.57048439979553,43.99292755126953
82.60100221633911,43.438201904296875
82.63242769241333,43.41848373413086
82.66097068786621,43.4764518737793
82.6895227432251,43.48176193237305
82.71652936935425,43.545169830322266
82.74358320236206,43.725502014160156
82.77200818061829,43.52847671508789
82.79835915565491,43.65378952026367
82.82711338996887,43.67657470703125
82.85776925086975,43.87156295776367
82.88467788696289,43.80912780761719
82.9094660282135,43.85220718383789
82.9359118938446,43.759429931640625
82.9614360332489,43.993412017822266
82.98959302902222,43.81383514404297
83.01577973365784,43.62728500366211
83.04701328277588,43.90823745727539
83.07801914215088,44.31926345825195
83.10558724403381,44.344268798828125
83.13552761077881,44.388301849365234
83.16591739654541,44.26546096801758
83.19468593597412,44.536590576171875
83.22227025032043,44.57103729248047
83.24929237365723,44.5958251953125
83.27624678611755,44.30193328857422
83.30606937408447,43.611568450927734
83.3340711593628,43.301021575927734
83.3590817451477,43.022377014160156
83.38677167892456,43.348060607910156
83.413898229599,43.32855224609375
83.44257497787476,43.366905212402344
83.46924018859863,43.49581527709961
83.50049448013306,43.80009460449219
83.52605414390564,43.85428237915039
83.5596616268158,43.93412399291992
83.58380675315857,44.00471496582031
83.61125493049622,44.140445709228516
83.63812780380249,44.35844421386719
83.66429805755615,44.622310638427734
83.6892204284668,44.70403289794922
83.71427822113037,44.664405822753906
83.73876118659973,44.77201461791992
83.76521134376526,45.16423034667969
83.79245972633362,45.514774322509766
83.81793880462646,45.706077575683594
83.84234666824341,45.85572052001953
83.87115049362183,46.06401824951172
83.89616107940674,45.90070343017578
83.92023015022278,45.907470703125
83.94859766960144,45.47612380981445
83.97610092163086,45.56816101074219
84.00306296348572,45.55556869506836
84.02937269210815,45.99786376953125
84.05755162239075,46.44353485107422
84.08619213104248,46.275733947753906
84.11157584190369,46.29866027832031
84.13731837272644,46.5246467590332
84.16448545455933,46.69917678833008
84.19744968414307,47.229766845703125
84.22379970550537,47.328277587890625
84.2525155544281,47.56467056274414
84.2774121761322,47.39675521850586
84.30377888679504,47.547462463378906
84.33169293403625,47.60892868041992
84.35678672790527,47.64189529418945
84.38396406173706,47.85957717895508
84.4093964099884,47.56590270996094
84.43390917778015,47.910484313964844
84.45911431312561,47.997676849365234
84.48606252670288,48.41908264160156
84.51011919975281,48.607025146484375
84.53436589241028,49.05564498901367
84.56851196289062,49.09095001220703
84.59322190284729,49.81179428100586
84.61755347251892,49.81241989135742
84.64222049713135,50.090538024902344
84.66801834106445,50.350399017333984
84.69568014144897,50.543312072753906
84.72136068344116,50.458839416503906
84.75039410591125,50.741363525390625
84.77460765838623,50.97258377075195
84.80457997322083,50.98941421508789
84.83143091201782,51.2264404296875
84.85588240623474,51.2191162109375
84.88172459602356,51.729713439941406
84.91084122657776,52.153934478759766
84.93631029129028,51.92831039428711
84.9611074924469,52.04085922241211
84.98676776885986,52.349586486816406
85.0125560760498,51.995052337646484
85.03682494163513,52.51026916503906
85.06323099136353,52.5495491027832
85.08944821357727,52.924560546875
85.11414313316345,53.02288055419922
85.14129686355591,53.171329498291016
85.16917562484741,53.18339538574219
85.19709658622742,53.284889221191406
85.22477102279663,53.636329650878906
85.25086212158203,53.887855529785156
85.28346991539001,53.94684982299805
85.31018948554993,54.1544189453125
85.33922863006592,54.170589447021484
85.36691880226135,54.40176010131836
85.39205312728882,54.46247863769531
85.41960525512695,54.66490173339844
85.44593834877014,54.60730743408203
85.47484350204468,54.90156936645508
85.5007996559143,55.12383270263672
85.52688384056091,55.49340057373047
85.55399823188782,55.6403694152832
85.58329129219055,55.4996223449707
85.61067748069763,55.71886444091797
85.63857817649841,55.956790924072266
85.66633939743042,56.16590881347656
85.69439387321472,56.12873077392578
85.72179985046387,56.018463134765625
85.74802231788635,56.05428695678711
85.77439641952515,56.410247802734375
85.80247354507446,56.06664276123047
85.8311333656311,56.48280334472656
85.85867595672607,56.62831497192383
85.88489103317261,56.78334426879883
85.91064286231995,56.61854934692383
85.93940877914429,56.278968811035156
85.96455454826355,56.24808883666992
85.98931288719177,56.65267562866211
86.01751518249512,57.040836334228516
86.0520544052124,56.990848541259766
86.08470034599304,57.166664123535156
86.11282205581665,56.888179779052734
86.13947534561157,57.070316314697266
86.16369199752808,57.270538330078125
86.19100403785706,57.183692932128906
86.2212426662445,57.3297233581543
86.24932599067688,57.25766372680664
86.27438306808472,57.27191925048828
86.30370020866394,57.324913024902344
86.33143877983093,57.44187545776367
86.35543823242188,57.33829879760742
86.37944722175598,57.22107696533203
86.40504813194275,57.40029525756836
86.4302589893341,57.37228012084961
86.45721316337585,57.66706848144531
86.48555588722229,57.75959396362305
86.5103087425232,57.87103271484375
86.53891015052795,57.70616149902344
86.56521034240723,57.3577766418457
86.59035205841064,57.57342529296875
86.62086009979248,57.731815338134766
86.64612579345703,57.9226188659668
86.67887687683105,57.98391342163086
86.70379638671875,57.82566833496094
86.73045420646667,57.68448257446289
86.75499200820923,57.87429428100586
86.78098750114441,58.0158576965332
86.80601096153259,57.704959869384766
86.83152937889099,57.70264434814453
86.8563904762268,57.67570877075195
86.88176155090332,57.52738952636719
86.90836930274963,57.77627944946289
86.93291687965393,57.94407272338867
86.95975804328918,57.33119201660156
86.98684000968933,57.49977111816406
87.0154492855072,57.92143249511719
87.0426197052002,57.74197769165039
87.06958818435669,58.222625732421875
87.09789514541626,57.4025993347168
87.13036012649536,57.61732482910156
87.1581449508667,57.779701232910156
87.18394708633423,57.940940856933594
87.20965766906738,57.86079406738281
87.23518514633179,58.05788040161133
87.2601068019867,58.135475158691406
87.2856547832489,58.464962005615234
87.31299638748169,58.102882385253906
87.3382306098938,57.9639778137207
87.36615252494812,57.8982048034668
87.39216613769531,58.20047378540039
87.42054224014282,57.9263916015625
87.44463896751404,57.409210205078125
87.4708251953125,57.381160736083984
87.49623990058899,57.53968811035156
87.52523922920227,57.81941223144531
87.55283689498901,58.13798904418945
87.57732772827148,57.803897857666016
87.6034095287323,57.9658203125
87.63186597824097,58.35928726196289
87.65737915039062,58.22182083129883
87.6848886013031,58.074459075927734
87.71117401123047,57.952457427978516
87.73721146583557,58.04951095581055
87.76347780227661,58.219512939453125
87.7889473438263,58.20225143432617
87.81483268737793,58.24943542480469
87.84228920936584,57.628414154052734
87.8676323890686,57.86785888671875
87.89459538459778,58.06864547729492
87.92168712615967,57.83145523071289
87.94823217391968,58.19295883178711
87.97415208816528,58.03914260864258
87.99815225601196,58.20356369018555
88.02530097961426,58.42790603637695
88.05267381668091,58.38303756713867
88.07941365242004,58.07181930541992
88.10615968704224,58.23946762084961
88.13330101966858,58.13536071777344
88.15986728668213,58.2949333190918
88.1872444152832,58.247589111328125
88.21347403526306,58.094757080078125
88.23934626579285,58.134788513183594
88.26813673973083,58.0689811706543
88.2954421043396,58.3275146484375
88.32124376296997,57.644798278808594
88.34827876091003,57.707984924316406
88.37527656555176,57.98638916015625
88.40142107009888,57.96443557739258
88.42657804489136,58.263580322265625
88.45143556594849,58.186466217041016
88.47730112075806,58.038272857666016
88.50544381141663,57.76701354980469
88.53211975097656,58.08362579345703
88.55725002288818,58.1436653137207
88.58332538604736,57.785118103027344
88.6091160774231,57.90882873535156
88.63413548469543,58.206241607666016
88.66200971603394,58.21632766723633
88.68732953071594,58.273033142089844
88.71465468406677,58.460269927978516
88.74024438858032,58.384132385253906
88.7661509513855,58.06208038330078
88.79400181770325,58.3560791015625
88.82101559638977,58.20942306518555
88.84812998771667,58.088294982910156
88.87544655799866,58.15019989013672
88.90139627456665,58.285667419433594
88.9287281036377,58.444053649902344
88.95459651947021,58.46806716918945
88.98029351234436,58.30438995361328
89.00554633140564,58.53339767456055
89.03222942352295,58.63825225830078
89.05702328681946,58.5400505065918
89.08512926101685,58.06918716430664
89.11194372177124,58.02847671508789
89.13830709457397,58.056697845458984
89.16304421424866,57.8003044128418
89.18866205215454,58.18452453613281
89.2135660648346,57.75448226928711
89.23861503601074,58.234920501708984
89.26683902740479,58.11403274536133
89.29554510116577,57.89448165893555
89.32095861434937,58.00337600708008
89.34631776809692,58.09769058227539
89.37450504302979,58.13273239135742
89.40104007720947,57.714561462402344
89.42623448371887,58.00274658203125
89.45262002944946,57.59709167480469
89.4786057472229,57.53580856323242
89.50431323051453,57.936004638671875
89.53224968910217,57.73119354248047
89.55774855613708,58.12836456298828
89.58703970909119,57.723724365234375
89.61224508285522,57.41557693481445
89.63914394378662,57.92892837524414
89.66856098175049,58.074771881103516
89.6933126449585,57.68600082397461
89.71994805335999,57.69108581542969
89.74739718437195,57.964622497558594
89.77078223228455,58.28289794921875
89.79667592048645,58.09441375732422
89.8226969242096,57.88091278076172
89.85053324699402,57.890960693359375
89.87918710708618,57.9537353515625
89.90579891204834,58.31740188598633
89.931565284729,58.09451675415039
89.9575674533844,58.097412109375
89.98214936256409,58.02467727661133
90.01048064231873,57.88612365722656
90.0420594215393,58.20207977294922
90.06629753112793,58.22118377685547
90.09214878082275,58.27311325073242
90.11690855026245,58.31881332397461
90.14990949630737,58.401668548583984
90.17396569252014,58.70468521118164
90.19868922233582,58.63068771362305
90.22518515586853,58.15048599243164
90.25211548805237,58.24079132080078
90.27728152275085,58.14764404296875
90.3032648563385,58.065834045410156
90.3291871547699,58.235740661621094
90.35728883743286,58.037113189697266
90.38234996795654,58.15628433227539
90.40623664855957,57.96571350097656
90.43053269386292,58.39207077026367
90.45741868019104,58.26792526245117
90.48208045959473,58.115657806396484
90.50944995880127,57.83211135864258
90.53488397598267,57.739173889160156
90.55758428573608,58.22243118286133
90.5834264755249,58.19492721557617
90.61110186576843,58.152252197265625
90.63551640510559,58.461326599121094
90.66161966323853,58.426422119140625
90.68762421607971,58.2484130859375
90.71355962753296,57.739253997802734
90.74047374725342,57.74387741088867
90.76435494422913,58.035255432128906
90.79428601264954,58.36238098144531
90.82001972198486,58.227901458740234
90.84998393058777,57.602500915527344
90.87561655044556,57.94244384765625
90.90176749229431,57.634986877441406
90.9299693107605,57.823265075683594
90.96112442016602,57.902854919433594
90.98875451087952,58.037269592285156
91.01461791992188,57.99923324584961
91.04113268852234,57.9169921875
91.06771636009216,57.733612060546875
91.09621953964233,57.833736419677734
91.12555193901062,57.9933967590332
91.15302443504333,57.97728729248047
91.18048286437988,58.18223571777344
91.20630145072937,58.00703048706055
91.23404622077942,57.93809509277344
91.26045656204224,57.928096771240234
91.28729772567749,58.126365661621094
91.31549739837646,57.948795318603516
91.34404611587524,58.05244827270508
91.37043237686157,57.908164978027344
91.39713931083679,58.16674041748047
91.42566680908203,58.287986755371094
91.45252418518066,58.20246887207031
91.48012518882751,58.17709732055664
91.50745820999146,57.86774444580078
91.53509497642517,58.325504302978516
91.56082081794739,58.1644172668457
91.58700799942017,58.29435729980469
91.61717200279236,58.194034576416016
91.64396667480469,58.1025390625
91.67249274253845,58.20433044433594
91.70094680786133,58.14414978027344
91.72847723960876,57.83964157104492
91.75578927993774,57.92131042480469
91.78143835067749,58.170677185058594
91.80947065353394,58.31599044799805
91.83549928665161,58.31983947753906
91.86337041854858,57.774436950683594
91.89206600189209,57.774105072021484
91.92165756225586,57.426456451416016
91.95012211799622,57.753013610839844
91.98235297203064,57.82489013671875
92.01020073890686,57.53032684326172
92.03700017929077,57.7220458984375
92.06510615348816,57.647239685058594
92.09153342247009,58.01356887817383
92.11891603469849,57.873687744140625
92.14643692970276,57.5754508972168
92.17378854751587,57.5834846496582
92.20481371879578,57.94331359863281
92.23142790794373,57.94697570800781
92.25837564468384,57.97453308105469
92.28461122512817,58.025108337402344
92.31357789039612,58.02350997924805
92.34156775474548,57.689117431640625
92.36984491348267,57.978675842285156
92.39788031578064,57.922157287597656
92.42613172531128,58.317020416259766
92.45394158363342,57.93815231323242
92.47851061820984,58.07130432128906
92.50290393829346,58.292930603027344
92.52915954589844,58.21931457519531
92.55486178398132,58.379276275634766
92.58020806312561,58.33811569213867
92.6118996143341,58.5710563659668
92.63726568222046,58.37750244140625
92.6652901172638,58.23085403442383
92.69618391990662,58.17525863647461
92.72243285179138,58.0659294128418
92.74751806259155,58.18259048461914
92.77540993690491,58.31214141845703
92.8023009300232,58.28373336791992
92.82699751853943,58.27983856201172
92.85301494598389,58.05175018310547
92.87761282920837,57.94275665283203
92.90282702445984,58.27540969848633
92.93602919578552,58.15937042236328
92.96016836166382,58.303306579589844
92.984947681427,58.12855911254883
93.01087141036987,58.063629150390625
93.03595328330994,58.371891021728516
93.06153535842896,58.37398147583008
93.08718585968018,58.132537841796875
93.1129207611084,58.3961296081543
93.13707423210144,58.10559844970703
93.16410398483276,58.40546798706055
93.19343757629395,58.373878479003906
93.21780443191528,58.132869720458984
93.24594163894653,57.888797760009766
93.27078032493591,57.99625015258789
93.2956771850586,57.991485595703125
93.32750034332275,58.12873840332031
93.35142111778259,57.867801666259766
93.37665581703186,58.22127151489258
93.40491271018982,58.17210006713867
93.43055963516235,58.033390045166016
93.4551260471344,58.201927185058594
93.48653388023376,57.50469970703125
93.51391530036926,57.84869384765625
93.54056668281555,57.62211227416992
93.56588315963745,57.980934143066406
93.59257054328918,57.96818161010742
93.61847496032715,57.81043243408203
93.64420628547668,57.70921325683594
93.66927194595337,57.77002716064453
93.69555139541626,58.14181900024414
93.72161483764648,58.19370651245117
93.74665856361389,57.97447204589844
93.77121353149414,57.89422607421875
93.79855918884277,58.074424743652344
93.82536029815674,57.97230911254883
93.8535737991333,57.94647979736328
93.88046884536743,58.18224334716797
93.90804171562195,57.77865982055664
93.93480324745178,57.91451644897461
93.96107387542725,57.5915641784668
93.98804450035095,57.859466552734375
94.02046418190002,57.49732208251953
94.04684615135193,57.971405029296875
94.0723967552185,58.04015350341797
94.1005425453186,57.91943359375
94.12694835662842,58.15508270263672
94.15138459205627,57.69772720336914
94.181631565094,57.985836029052734
94.20694971084595,58.0003776550293
94.23240947723389,58.11894607543945
94.25708508491516,58.4296875
94.28159236907959,58.1883544921875
94.3065733909607,57.93170166015625
94.33214664459229,58.18722152709961
94.35620832443237,57.604339599609375
94.3800859451294,57.75754165649414
94.40621304512024,57.984493255615234
94.43083357810974,58.248050689697266
94.45889115333557,58.4811897277832
94.4861102104187,58.18700408935547
94.51176571846008,57.87965393066406
94.53753519058228,58.131561279296875
94.5646436214447,58.44715881347656
94.59111714363098,58.033016204833984
94.61516690254211,57.722042083740234
94.63969850540161,57.9533576965332
94.66693997383118,58.00306701660156
94.69073843955994,58.222591400146484
94.71751189231873,58.25238037109375
94.74290633201599,58.054298400878906
94.76919651031494,58.20576858520508
94.79490089416504,58.194454193115234
94.82079434394836,58.218727111816406
94.84969830513,58.17952346801758
94.87935948371887,58.18660354614258
94.90818095207214,58.04990005493164
94.93457627296448,58.088218688964844
94.96031069755554,58.30458450317383
94.98724341392517,58.090972900390625
95.01207113265991,58.37752914428711
95.03774404525757,58.37367248535156
95.06312108039856,58.376888275146484
95.09080696105957,58.31724548339844
95.11775922775269,58.369964599609375
95.144038438797,58.02041244506836
95.17330479621887,58.3750114440918
95.19759821891785,58.360538482666016
95.22344255447388,58.446319580078125
95.25446796417236,58.16734313964844
95.27948236465454,57.984195709228516
95.30539774894714,57.9014778137207
95.33182430267334,58.07500457763672
95.35602736473083,58.19755935668945
95.38118195533752,57.80147171020508
95.41308116912842,57.888031005859375
95.44277930259705,57.89431381225586
95.47142457962036,58.204307556152344
95.5037932395935,58.27461624145508
95.53055739402771,57.950172424316406
95.56298351287842,58.19650650024414
95.58800840377808,57.69197463989258
95.61318945884705,57.689876556396484
95.64209580421448,57.65354919433594
95.66798305511475,57.69967269897461
95.69444346427917,57.84624481201172
95.72114992141724,57.7932243347168
95.74783825874329,57.77811050415039
95.77514886856079,57.46209716796875
95.8031358718872,57.561302185058594
95.83106088638306,57.9805793762207
95.85977005958557,57.9825325012207
95.88591623306274,58.17546463012695
95.9116759300232,57.9814338684082
95.9369170665741,57.938724517822266
95.96338605880737,58.27679443359375
95.99069738388062,58.00927734375
96.01654386520386,57.866878509521484
96.04302930831909,58.11269760131836
96.06798195838928,58.205039978027344
96.09686279296875,58.04639434814453
96.12166285514832,58.1898078918457
96.14664912223816,57.95503616333008
96.17030024528503,58.46385955810547
96.19666838645935,58.54789352416992
96.22202229499817,58.54745101928711
96.24948954582214,58.259033203125
96.27394580841064,58.31651306152344
96.29744696617126,58.480472564697266
96.32393741607666,58.447608947753906
96.35101580619812,58.71195602416992
96.37694954872131,58.03839874267578
96.40297269821167,58.18105697631836
96.42809748649597,57.9603271484375
96.45324563980103,57.847267150878906
96.47813010215759,58.0611572265625
96.5040991306305,58.3416862487793
96.53591775894165,58.216129302978516
96.56017017364502,58.4130744934082
96.58493638038635,58.39630889892578
96.60934853553772,58.316978454589844
96.63540291786194,58.26462173461914
96.66374039649963,58.702392578125
96.68888235092163,58.35527038574219
96.71663403511047,58.28341293334961
96.74401569366455,58.30509567260742
96.77576565742493,57.9442138671875
96.80476570129395,57.6971549987793
96.83270001411438,57.801307678222656
96.8620457649231,58.09291458129883
96.88915371894836,57.8880615234375
96.91492128372192,58.00824737548828
96.94143056869507,57.841854095458984
96.97163367271423,58.07317352294922
96.99696755409241,57.938232421875
97.02308130264282,57.39231872558594
97.05502676963806,57.60377883911133
97.08144330978394,57.63508605957031
97.1102135181427,57.719444274902344
97.13497018814087,57.81522750854492
97.16135334968567,57.92905044555664
97.18831872940063,57.88484191894531
97.21587324142456,57.7681770324707
97.24326419830322,57.606441497802734
97.27128481864929,57.591434478759766
97.30103302001953,58.13167190551758
97.3270263671875,58.01815414428711
97.35423278808594,58.59716796875
97.3814685344696,57.987186431884766
97.40714955329895,57.946929931640625
97.43358182907104,58.139339447021484
97.46033215522766,58.108829498291016
97.4865653514862,57.824642181396484
97.51429200172424,57.67924880981445
97.54055547714233,57.88543701171875
97.56603455543518,57.4913330078125
97.59652256965637,57.63733673095703
97.62621688842773,57.57682418823242
97.65398097038269,57.89155578613281
97.68064785003662,58.0352897644043
97.70819520950317,58.09214782714844
97.73597192764282,58.07246398925781
97.76257967948914,57.9764518737793
97.78961968421936,58.14381790161133
97.81620049476624,58.18589401245117
97.84530448913574,58.2347526550293
97.87784695625305,58.098331451416016
97.9052243232727,58.25384521484375
97.93217086791992,58.25017166137695
97.96631860733032,58.55516052246094
97.99518752098083,58.44473648071289
98.02238965034485,58.44532012939453
98.04918622970581,58.69991683959961
98.07817554473877,57.974769592285156
98.10491800308228,58.0272331237793
98.13187336921692,58.24147033691406
98.16315507888794,58.47536087036133
98.19018077850342,58.3911018371582
98.21861219406128,58.18869400024414
98.25239253044128,57.84284210205078
98.27946543693542,57.99873733520508
98.30549144744873,58.39320373535156
98.33591318130493,58.07562255859375
98.36246061325073,58.130619049072266
98.3925678730011,57.90800857543945
98.42053627967834,57.718833923339844
98.4526960849762,58.053470611572266
98.48066687583923,58.04792785644531
98.50833058357239,58.1242790222168
98.53665614128113,57.92560958862305
98.56339883804321,57.787357330322266
98.58905792236328,57.876136779785156
98.6193618774414,57.5726432800293
98.64468955993652,57.555267333984375
98.66998887062073,57.763404846191406
98.69873714447021,58.020729064941406
98.72528719902039,58.11158752441406
98.75587296485901,58.10490036010742
98.78199195861816,58.54985427856445
98.8097813129425,58.270469665527344
98.83630037307739,58.10383987426758
98.8616042137146,58.076507568359375
98.88772654533386,57.614505767822266
98.91431784629822,58.206993103027344
98.9405198097229,58.053035736083984
98.96806192398071,57.99565124511719
98.99256110191345,58.175743103027344
99.01810050010681,57.68904113769531
99.04738354682922,57.75891876220703
99.07299327850342,58.262516021728516
99.10036396980286,57.837947845458984
99.1265697479248,57.89400100708008
99.15256547927856,58.01414108276367
99.17857956886292,58.17786407470703
99.20338463783264,57.806034088134766
99.23725724220276,58.02756118774414
99.26221990585327,57.9947509765625
99.28786206245422,58.30428695678711
99.3137309551239,58.38456344604492
99.3387610912323,58.29798889160156
99.36913275718689,58.02316665649414
99.39497137069702,58.07618713378906
99.42154717445374,58.379127502441406
99.44719934463501,58.25798034667969
99.47257971763611,58.1033935546875
99.49755024909973,57.814823150634766
99.5243592262268,57.66993713378906
99.55302238464355,57.903770446777344
99.57883667945862,57.94868469238281
99.60653376579285,58.08689498901367
99.63192510604858,58.08710861206055
99.65821599960327,58.1514778137207
99.68914413452148,57.926536560058594
99.71411967277527,57.70143127441406
99.74015426635742,57.7161750793457
99.76957535743713,57.9584846496582
99.7984938621521,58.31098937988281
99.8271095752716,58.112876892089844
99.85277605056763,57.74626541137695
99.88018822669983,58.060794830322266
99.90607619285583,57.95392990112305
99.9318265914917,58.090248107910156
99.96210670471191,57.48404312133789
99.9877257347107,57.569644927978516
100.01413011550903,57.21434783935547
100.04351687431335,57.342430114746094
100.071542263031,57.705543518066406
100.10052442550659,57.94454574584961
100.12713384628296,57.846771240234375
100.15172004699707,58.177860260009766
100.17608284950256,58.18699645996094
100.20097088813782,58.034542083740234
100.22787475585938,57.9896125793457
100.25554919242859,57.822975158691406
100.28241634368896,58.03829574584961
100.30973601341248,58.28093338012695
100.33768081665039,57.82839584350586
100.36521887779236,58.220672607421875
100.39496779441833,58.3100471496582
100.42643809318542,58.00614547729492
100.45359897613525,57.95771789550781
100.48032546043396,57.964813232421875
100.50686931610107,57.895362854003906
100.53484606742859,57.98137664794922
100.56235599517822,58.17072296142578
100.58953642845154,58.372222900390625
100.61610960960388,58.2872314453125
100.64367771148682,58.070194244384766
100.67147254943848,58.2308349609375
100.69889783859253,58.503265380859375
100.72689819335938,58.22593688964844
100.75484609603882,57.99568176269531
100.78326058387756,58.30958557128906
100.81355810165405,58.16608428955078
100.84116888046265,58.103233337402344
100.87403559684753,58.26712417602539
100.9014151096344,58.39066696166992
100.93011021614075,58.6028938293457
100.95798063278198,58.56472396850586
100.98563718795776,58.56406784057617
101.01962184906006,58.51392364501953
101.0465829372406,58.62455368041992
101.07563424110413,58.44076156616211
101.10237216949463,58.11127471923828
101.12956261634827,57.932865142822266
101.15823173522949,57.62326431274414
101.18449974060059,57.98455047607422
101.21492409706116,58.17365264892578
101.24317669868469,57.991477966308594
101.2709128856659,58.27033233642578
101.29935646057129,58.085445404052734
101.32798552513123,58.281097412109375
101.35548520088196,58.054019927978516
101.38302159309387,58.55064010620117
101.41058707237244,58.63560104370117
101.44087147712708,58.740997314453125
101.4680860042572,58.284244537353516
101.49561262130737,58.00798416137695
101.52265954017639,58.14934539794922
101.54816889762878,58.4632453918457
101.57586431503296,58.30672073364258
101.6025185585022,58.33614730834961
101.63098573684692,58.251739501953125
101.66275382041931,58.30079650878906
101.68996620178223,57.87207794189453
101.7161054611206,57.970001220703125
101.74395394325256,58.205902099609375
101.76915454864502,58.44670486450195
101.79617023468018,58.64527893066406
101.82413244247437,58.327030181884766
101.85049962997437,58.23908233642578
101.87883305549622,57.83462905883789
101.90685796737671,57.978580474853516
101.93508863449097,57.83119201660156
101.9645721912384,57.55274200439453
101.99884867668152,57.63616180419922
102.025075674057,57.87952423095703
102.05013108253479,58.049903869628906
102.07906198501587,57.89625549316406
102.10493326187134,57.839683532714844
102.1303939819336,57.52288818359375
102.15620565414429,57.57786560058594
102.18283152580261,57.414546966552734
102.20846605300903,57.460662841796875
102.23158574104309,57.486167907714844
102.25694441795349,57.455570220947266
102.28607082366943,57.444461822509766
102.31333303451538,57.7596549987793
102.34193348884583,57.26178741455078
102.36753153800964,57.38191223144531
102.3937919139862,57.320369720458984
102.42648839950562,57.96751022338867
102.4530918598175,58.005958557128906
102.48012661933899,57.89139175415039
102.50873184204102,57.92561721801758
102.53392028808594,58.27529525756836
102.5580062866211,58.30967712402344
102.58868908882141,58.14771270751953
102.61391711235046,58.10966873168945
102.63967299461365,58.131019592285156
102.66501450538635,58.21656036376953
102.68912267684937,58.5257453918457
102.71309924125671,58.03492736816406
102.74217987060547,57.85713577270508
102.76757884025574,57.78763961791992
102.79606676101685,57.84986877441406
102.82502388954163,58.399444580078125
102.85188937187195,58.33743667602539
102.87965130805969,58.41534423828125
102.90484380722046,58.40280532836914
102.92918634414673,57.948490142822266
102.95301723480225,58.300811767578125
102.97810626029968,57.94389343261719
103.00276255607605,58.12677764892578
103.02846050262451,58.514827728271484
103.05518841743469,58.50345230102539
103.07922959327698,58.73800277709961
103.10751390457153,58.086021423339844
103.13672733306885,58.045074462890625
103.1656334400177,57.95561218261719
103.1923246383667,58.3605842590332
103.2205924987793,58.213279724121094
103.24685263633728,57.9826545715332
103.2744631767273,57.89027786254883
103.300940990448,58.14662551879883
103.32880592346191,58.153533935546875
103.3553876876831,58.021968841552734
103.38776183128357,58.52546310424805
103.41326975822449,58.5004768371582
103.43965172767639,58.367652893066406
103.46867442131042,58.04685592651367
103.50142645835876,57.84722137451172
103.52993178367615,57.67979049682617
103.55638551712036,57.73148727416992
103.58416366577148,57.66332244873047
103.61556005477905,57.809661865234375
103.64239454269409,57.68754196166992
103.67408585548401,58.200706481933594
103.70481204986572,58.06741714477539
103.73331451416016,58.01443862915039
103.76484799385071,57.853092193603516
103.79813885688782,57.828853607177734
103.82479763031006,57.85866165161133
103.84958076477051,57.83001708984375
103.88011741638184,57.85146713256836
103.90759301185608,57.80056381225586
103.93488383293152,58.398529052734375
103.96310925483704,57.76118469238281
103.99586534500122,57.57960510253906
104.02717924118042,57.68124771118164
104.05582022666931,58.09477615356445
104.08245348930359,58.032737731933594
104.10845470428467,58.022098541259766
104.13444018363953,57.90320587158203
104.16882228851318,58.46026611328125
104.19807982444763,57.9933967590332
104.2260971069336,57.8560676574707
104.25482225418091,58.1795539855957
104.28360557556152,58.33943557739258
104.310866355896,58.11610794067383
104.33984446525574,57.8692741394043
104.36587762832642,57.634239196777344
104.3929808139801,57.943145751953125
104.41920208930969,57.898101806640625
104.44562768936157,58.269805908203125
104.47180151939392,58.43057632446289
104.49879455566406,58.39494705200195
104.53260087966919,58.63948059082031
104.56118607521057,58.498043060302734
104.58799982070923,58.67909622192383
104.616854429245,58.22608184814453
104.64839673042297,58.39268112182617
104.67398309707642,58.34016036987305
104.70058751106262,58.60783004760742
104.72817587852478,58.224849700927734
104.7550094127655,58.247928619384766
104.7854733467102,58.48582458496094
104.81129384040833,58.6285285949707
104.83758282661438,58.36734390258789
104.86538553237915,58.220001220703125
104.88967609405518,58.239681243896484
104.91848158836365,58.41558074951172
104.94595050811768,58.329734802246094
104.97457146644592,57.96955108642578
105.00257754325867,58.19293212890625
105.0272946357727,58.37037658691406
105.05514478683472,58.60218811035156
105.07895517349243,58.612545013427734
105.10324716567993,58.019710540771484
105.13016748428345,58.04121780395508
105.15863728523254,57.72043228149414
105.18224906921387,57.88909149169922
105.20974040031433,57.862056732177734
105.237722158432,57.569766998291016
105.26463174819946,57.65308380126953
105.2912826538086,57.78114318847656
105.3163013458252,58.142730712890625
105.34219312667847,58.535545349121094
105.37172818183899,58.21657943725586
105.40158128738403,58.27812957763672
105.4271731376648,58.23668670654297
105.45146584510803,58.38284683227539
105.47649717330933,58.30589294433594
105.50451469421387,58.10205841064453
105.52814745903015,58.20035171508789
105.55417346954346,58.58293914794922
105.5800518989563,58.45573806762695
105.60487008094788,57.97710418701172
105.6302227973938,57.791141510009766
105.66706991195679,57.99257278442383
105.69828128814697,58.10140609741211
105.72381329536438,58.4442253112793
105.74789547920227,58.51409912109375
105.77510237693787,58.50798416137695
105.79912638664246,58.43183517456055
105.82591485977173,58.49835968017578
105.85084342956543,58.44585418701172
105.87696146965027,58.442874908447266
105.90304923057556,58.36088562011719
105.92916440963745,58.28886413574219
105.95448350906372,58.1451530456543
105.9812114238739,57.6299934387207
106.00543761253357,57.383148193359375
106.029865026474,57.28705596923828
106.05605101585388,57.49536895751953
106.08274173736572,58.212127685546875
106.10980987548828,58.07423400878906
106.13643288612366,58.12225341796875
106.16298151016235,58.047061920166016
106.18805527687073,58.16352462768555
106.21343207359314,58.317623138427734
106.2394027709961,58.28863525390625
106.26689672470093,58.34550476074219
106.29363012313843,58.00065231323242
106.31853365898132,58.416648864746094
106.3451759815216,58.42593765258789
106.37137818336487,57.86021423339844
106.39755892753601,57.93080139160156
106.42590236663818,57.81792449951172
106.45062470436096,57.92921829223633
106.47567415237427,57.97054672241211
106.50146460533142,58.040897369384766
106.52632474899292,58.16256332397461
106.55520749092102,57.91562271118164
106.581294298172,57.55905532836914
106.60774350166321,57.86652755737305
106.6338438987732,57.90871810913086
106.66284942626953,58.491851806640625
106.69263005256653,58.42764663696289
106.71850490570068,58.37399673461914
106.74404001235962,57.93098831176758
106.77033734321594,58.003578186035156
106.79733419418335,57.80122756958008
106.82329368591309,58.06135177612305
106.84955263137817,58.31524658203125
106.87501645088196,58.368404388427734
106.90113115310669,58.3443717956543
106.92532444000244,58.41877365112305
106.9543104171753,58.62746047973633
106.98393964767456,58.88876724243164
107.01142406463623,58.739051818847656
107.04112696647644,58.96414566040039
107.06816101074219,58.685874938964844
107.09565877914429,58.41853332519531
107.1237268447876,58.10000991821289
107.15161919593811,58.35929870605469
107.17845439910889,58.572689056396484
107.20673108100891,58.42449951171875
107.23846888542175,58.29084014892578
107.26814150810242,57.94723892211914
107.29692673683167,58.112979888916016
107.32504653930664,57.92500305175781
107.35438895225525,58.124305725097656
107.38434648513794,58.1236686706543
107.4135582447052,58.14289474487305
107.4425036907196,58.29807662963867
107.47119951248169,58.044105529785156
107.49705719947815,57.91031265258789
107.5269181728363,57.9552116394043
107.55811905860901,58.20335006713867
107.58799505233765,58.20042419433594
107.61701774597168,58.053157806396484
107.64579200744629,57.831077575683594
107.6733009815216,57.774391174316406
107.70120620727539,57.84304428100586
107.72945284843445,57.89849090576172
107.75598788261414,58.162288665771484
107.78335690498352,58.39942169189453
107.80883622169495,58.56222915649414
107.83526802062988,58.77769088745117
107.863760471344,58.660003662109375
107.89278364181519,58.926212310791016
107.92119526863098,58.72709655761719
107.94946455955505,59.04097366333008
107.9782931804657,59.04450607299805
108.0123565196991,58.714359283447266
108.03839659690857,58.80430603027344
108.06582474708557,58.39923095703125
108.09863710403442,58.63835906982422
108.1266655921936,58.48325729370117
108.15351557731628,58.70292282104492
108.18011856079102,58.62588882446289
108.20585703849792,58.68059539794922
108.23642873764038,58.3730583190918
108.26423072814941,58.56135559082031
108.29151654243469,58.840545654296875
108.31930017471313,58.9614143371582
108.34741497039795,58.89777374267578
108.37855935096741,58.72466278076172
108.40503358840942,58.637996673583984
108.43404245376587,58.43765640258789
108.46534776687622,58.38758087158203
108.49427723884583,58.25251388549805
108.52477622032166,58.265830993652344
108.55349779129028,58.08655548095703
108.58222770690918,58.46189880371094
108.60958623886108,58.8962287902832
108.63734531402588,58.87600326538086
108.66325449943542,59.099857330322266
108.69146990776062,58.89061737060547
108.71887922286987,58.92439270019531
108.74696898460388,58.56218719482422
108.77805161476135,58.36488342285156
108.80701470375061,58.25969314575195
108.8345513343811,58.14841079711914
108.8608009815216,58.284671783447266
108.88695693016052,58.275291442871094
108.91459035873413,58.229373931884766
108.94290542602539,58.08835983276367
108.97006583213806,58.252967834472656
108.9958016872406,58.123783111572266
109.02303123474121,58.448326110839844
109.05237150192261,58.0938720703125
109.0811915397644,58.06832504272461
109.10897994041443,58.28008270263672
109.13735628128052,58.32616424560547
109.16748142242432,58.246456146240234
109.1944215297699,58.16839599609375
109.2214879989624,57.949981689453125
109.24845719337463,58.4999885559082
109.27598071098328,58.49663162231445
109.30362153053284,58.01343536376953
109.33332300186157,58.37216567993164
109.36117029190063,58.3303337097168
109.38800716400146,58.40879821777344
109.41795325279236,58.82249450683594
109.44495272636414,58.92152404785156
109.47122359275818,58.924034118652344
109.49912190437317,58.971099853515625
109.5267927646637,59.038970947265625
109.55499649047852,59.34770584106445
109.58199453353882,59.65814971923828
109.60918545722961,59.70485305786133
109.63589525222778,59.52449035644531
109.66356086730957,59.930171966552734
109.69376349449158,58.93552780151367
109.72655653953552,59.17123031616211
109.75503540039062,59.25106430053711
109.7835910320282,59.16972351074219
109.81007814407349,58.9088134765625
109.83925533294678,58.86845016479492
109.87009525299072,59.07674026489258
109.89752078056335,59.16682815551758
109.92344760894775,59.26319122314453
109.94996380805969,59.07457733154297
109.97819209098816,59.38385772705078
110.00436544418335,59.26644515991211
110.03031897544861,58.93803787231445
110.05586576461792,58.8965950012207
110.08299446105957,59.061588287353516
110.11209511756897,59.06379318237305
110.1395857334137,58.952816009521484
110.16617608070374,58.963356018066406
110.19311809539795,58.789695739746094
110.21878910064697,58.580196380615234
110.24622750282288,59.14899826049805
110.27468061447144,59.17582702636719
110.3029727935791,59.30610275268555
110.33566808700562,59.11186981201172
110.36331677436829,58.81943130493164
110.39099740982056,58.679378509521484
110.42029213905334,58.62766647338867
110.44646739959717,58.88096618652344
110.4729118347168,58.96372985839844
110.4990930557251,59.40726089477539
110.52688145637512,59.214447021484375
110.56098318099976,59.29904556274414
110.58883380889893,59.57847595214844
110.61594033241272,59.906768798828125
110.6388897895813,59.72373580932617
110.66730332374573,59.689937591552734
110.69322395324707,59.66044616699219
110.72044610977173,59.712181091308594
110.74665641784668,59.818504333496094
110.77275681495667,60.138694763183594
110.80088877677917,59.548614501953125
110.82726407051086,59.66972351074219
110.854896068573,59.51116180419922
110.8805468082428,59.682857513427734
110.90656661987305,59.55853271484375
110.93434143066406,59.58180618286133
110.9626305103302,60.14274597167969
110.98757934570312,60.17566680908203
111.01507782936096,60.26896667480469
111.04180955886841,60.376548767089844
111.07485055923462,59.838314056396484
111.09995436668396,59.75843048095703
111.12601017951965,59.989540100097656
111.1518132686615,60.154632568359375
111.17615509033203,60.26791763305664
111.20164561271667,60.101078033447266
111.22759413719177,60.579261779785156
111.25462484359741,60.78876495361328
111.28484964370728,60.47035217285156
111.31089901924133,60.46784973144531
111.33572840690613,60.26552200317383
111.36117458343506,60.66142272949219
111.38838219642639,60.47972106933594
111.4143762588501,60.68855285644531
111.4414472579956,60.47924041748047
111.46938562393188,60.59513854980469
111.4962842464447,60.36054611206055
111.52292966842651,60.438968658447266
111.55295610427856,59.84306716918945
111.57903552055359,60.20182418823242
111.60488247871399,59.96063232421875
111.6309585571289,60.18404006958008
111.65706181526184,60.531410217285156
111.68477272987366,60.85960006713867
111.71161460876465,60.77137756347656
111.73685717582703,60.82740020751953
111.76310276985168,61.02113342285156
111.79146218299866,61.39605712890625
111.81642460823059,61.182579040527344
111.8442931175232,60.94425582885742
111.87058901786804,61.10942840576172
111.89737844467163,60.70157241821289
111.92211556434631,60.99055480957031
111.94832682609558,60.90125274658203
111.9757649898529,60.90586853027344
112.00032019615173,61.25783920288086
112.02593231201172,61.04737091064453
112.05230784416199,61.18991470336914
112.08229184150696,61.2275390625
112.10816049575806,61.40062713623047
112.13315391540527,61.40637969970703
112.16249895095825,61.25993728637695
112.18839359283447,61.60013198852539
112.21597599983215,61.03377151489258
112.24080109596252,61.554779052734375
112.26752614974976,61.556236267089844
112.29476881027222,61.4666748046875
112.32091856002808,61.774566650390625
112.34616446495056,61.707374572753906
112.37251710891724,61.39129638671875
112.39625191688538,61.60154724121094
112.42076373100281,61.827171325683594
112.44850325584412,61.65388488769531
112.47479963302612,61.8093147277832
112.50415778160095,61.87343978881836
112.52927923202515,61.51062774658203
112.55588984489441,61.864837646484375
112.58399772644043,61.551063537597656
112.61115956306458,61.739925384521484
112.64002847671509,61.71102523803711
112.66668462753296,61.734107971191406
112.69665694236755,62.13523864746094
112.72369265556335,61.554405212402344
112.74968123435974,61.4666862487793
112.77574753761292,61.66347885131836
112.8007583618164,61.65483856201172
112.82689237594604,61.99964904785156
112.85322666168213,61.62380599975586
112.87997317314148,61.9383430480957
112.91050267219543,61.955299377441406
112.93611240386963,62.128150939941406
112.9605040550232,62.29143524169922
112.98596668243408,62.11508560180664
113.01365375518799,62.139068603515625
113.04011869430542,62.28627014160156
113.07301712036133,62.19894790649414
113.10489344596863,62.11436080932617
113.13385438919067,62.03236770629883
113.16362190246582,62.05764389038086
113.1881148815155,62.038578033447266
113.22197103500366,61.995872497558594
113.2472755908966,61.68981170654297
113.27245211601257,61.74634552001953
113.29766321182251,61.96506118774414
113.32613348960876,61.85487365722656
113.34984731674194,62.45561599731445
113.37516975402832,62.48002243041992
113.406583070755,62.62317657470703
113.43475651741028,62.95668411254883
113.46543192863464,63.025367736816406
113.49133086204529,62.966209411621094
113.51745295524597,62.76227951049805
113.54445362091064,62.94063949584961
113.57022595405579,62.624324798583984
113.59547114372253,62.82416915893555
113.62300729751587,62.95943069458008
113.6489953994751,62.5765495300293
113.67489004135132,63.11383056640625
113.7055094242096,62.5219612121582
113.73071622848511,62.8258056640625
113.75528216362,62.80268478393555
113.7801661491394,62.814002990722656
113.81290006637573,62.51203155517578
113.8389220237732,62.5421028137207
113.8679735660553,62.778594970703125
113.89433908462524,62.5765380859375
113.91948342323303,63.0557975769043
113.9462342262268,63.149261474609375
113.9693546295166,63.18857192993164
113.9931435585022,63.32469940185547
114.01901507377625,63.23015213012695
114.04545497894287,63.00020980834961
114.07262825965881,63.07979202270508
114.10051083564758,63.50923156738281
114.12862610816956,63.394290924072266
114.15576124191284,63.333560943603516
114.18364763259888,63.10523223876953
114.21030950546265,62.934383392333984
114.23608827590942,63.11688232421875
114.26274514198303,63.300167083740234
114.29045581817627,63.39547348022461
114.31708693504333,63.7222785949707
114.34284710884094,63.67774200439453
114.37302160263062,63.80458450317383
114.40167188644409,63.08991622924805
114.42945218086243,62.6761474609375
114.45596313476562,62.77829360961914
114.48177480697632,62.74032974243164
114.51019954681396,62.77567672729492
114.5394389629364,62.363807678222656
114.56895995140076,62.09257507324219
114.59644341468811,62.40049362182617
114.62376499176025,62.655242919921875
114.65045142173767,62.998050689697266
114.67880320549011,63.11418914794922
114.70696640014648,63.145992279052734
114.73303985595703,63.373817443847656
114.76011180877686,63.27537536621094
114.78777289390564,63.00999069213867
114.81402349472046,63.07930374145508
114.84097361564636,63.227664947509766
114.8676187992096,63.07183074951172
114.89631509780884,62.722740173339844
114.92722582817078,62.843502044677734
114.95421075820923,62.566619873046875
114.98201656341553,62.92293930053711
115.01098299026489,62.7347526550293
115.03784418106079,63.101463317871094
115.06620717048645,63.168182373046875
115.09526634216309,63.14516830444336
115.12386751174927,63.126888275146484
115.15307831764221,62.90750503540039
115.18573379516602,62.914344787597656
115.21444129943848,62.91664123535156
115.24316453933716,62.65599822998047
115.26865243911743,62.78800582885742
115.29629158973694,62.78071594238281
115.32333660125732,62.442813873291016
115.35289311408997,62.54372024536133
115.38044881820679,62.472434997558594
115.40998959541321,62.397647857666016
115.43913984298706,62.70881652832031
115.47052574157715,63.141300201416016
115.49906992912292,63.09092712402344
115.53184533119202,63.179237365722656
115.56036448478699,63.546878814697266
115.59031748771667,63.74336624145508
115.61925983428955,63.77709197998047
115.64829897880554,63.442527770996094
115.67435669898987,63.649879455566406
115.69966459274292,63.3688850402832
115.72753524780273,63.09501266479492
115.75610280036926,63.249271392822266
115.7835214138031,62.96916580200195
115.81015086174011,63.46588897705078
115.83806133270264,63.539981842041016
115.86391806602478,63.119606018066406
115.88947319984436,63.21666717529297
115.91440153121948,63.12129592895508
115.93902492523193,63.62982177734375
115.96586418151855,63.92981719970703
115.99792623519897,63.94356918334961
116.02342200279236,64.15262222290039
116.04974842071533,64.09028244018555
116.07617592811584,63.5875244140625
116.10174918174744,63.28886413574219
116.12665438652039,63.106407165527344
116.15135073661804,63.02949142456055
116.17697644233704,63.17650604248047
116.20241189002991,62.981712341308594
116.22905349731445,62.640350341796875
116.2562370300293,62.80745315551758
116.28356218338013,63.226173400878906
116.30944228172302,63.30106735229492
116.3339216709137,63.628231048583984
116.36143708229065,63.94697952270508
116.38821816444397,63.86255645751953
116.41419076919556,64.057373046875
116.44993591308594,63.4488639831543
116.48001217842102,63.17369079589844
116.50483131408691,63.255638122558594
116.53118395805359,63.338741302490234
116.55700731277466,63.128360748291016
116.58290791511536,62.93692398071289
116.60908842086792,63.29689025878906
116.63866543769836,63.06002426147461
116.66673016548157,63.13069152832031
116.69398379325867,63.14472961425781
116.72164511680603,63.42849349975586
116.74629664421082,63.54823684692383
116.773446559906,63.49543762207031
116.80041980743408,63.53876495361328
116.8276891708374,63.37498092651367
116.85466504096985,63.38263702392578
116.88268947601318,63.09379959106445
116.9121584892273,62.98503112792969
116.93852949142456,62.715545654296875
116.96711492538452,62.7276496887207
116.99436163902283,62.5972900390625
117.02162504196167,62.721744537353516
117.04910373687744,62.94839096069336
117.0761137008667,62.529029846191406
117.10400891304016,62.90978240966797
117.12932395935059,63.331329345703125
117.15431213378906,63.20461654663086
117.17919564247131,63.24375915527344
117.20611929893494,63.20271301269531
117.24578046798706,63.74092483520508
117.27917265892029,63.584693908691406
117.30558443069458,63.94767379760742
117.33256673812866,63.54500198364258
117.36591911315918,63.41978073120117
117.39949107170105,63.21464157104492
117.42650413513184,63.2780647277832
117.45310831069946,63.126468658447266
117.47817873954773,63.576988220214844
117.50280117988586,63.76033401489258
117.5314269065857,63.34194564819336
117.55923366546631,63.4882698059082
117.58644008636475,63.44661331176758
117.61414217948914,63.328861236572266
117.64418601989746,63.79132843017578
117.67068147659302,63.608577728271484
117.69681906700134,63.66023635864258
117.72443318367004,63.525535583496094
117.75134515762329,63.6317138671875
117.77856516838074,63.3410530090332
117.80575942993164,63.491050720214844
117.83241176605225,63.708797454833984
117.85881662368774,63.35527801513672
117.88520741462708,63.57679748535156
117.91216254234314,63.33168029785156
117.93676495552063,63.5201416015625
117.96723890304565,63.762168884277344
117.99391674995422,63.81231689453125
118.02311754226685,64.1593132019043
118.0483911037445,64.44992065429688
118.07630133628845,64.3447380065918
118.1031973361969,64.50248718261719
118.12988424301147,64.46301651000977
118.15445184707642,64.35459518432617
118.18138194084167,64.22879028320312
118.21058249473572,64.46736907958984
118.23564124107361,64.22674942016602
118.26102375984192,64.08131790161133
118.29119038581848,64.3375473022461
118.31688165664673,63.82583236694336
118.34447956085205,64.10882186889648
118.3716127872467,64.16587829589844
118.39915442466736,64.35400390625
118.42696833610535,64.36206817626953
118.45294666290283,64.36072540283203
118.47784519195557,64.16051864624023
118.505539894104,63.883140563964844
118.53099393844604,63.824405670166016
118.55752992630005,63.5835075378418
118.58718204498291,63.588871002197266
118.61341905593872,63.53193283081055
118.64128279685974,63.6014404296875
118.6685893535614,63.43584442138672
118.69373202323914,63.19233703613281
118.71905589103699,63.433292388916016
118.74776792526245,63.40126419067383
118.7726502418518,63.123260498046875
118.79985094070435,63.39659881591797
118.82631373405457,63.072837829589844
118.85380434989929,63.18927764892578
118.8824508190155,63.383148193359375
118.90744948387146,63.50264358520508
118.93365669250488,63.9982795715332
118.96134567260742,63.68253707885742
118.98815846443176,63.49054718017578
119.01460933685303,63.33523178100586
119.04074668884277,63.46461486816406
119.06561732292175,63.2986946105957
119.09150290489197,63.34238815307617
119.1169605255127,63.585670471191406
119.14300012588501,63.29750061035156
119.17041993141174,63.67890930175781
119.19659471511841,63.79001998901367
119.22629976272583,63.470428466796875
119.25410962104797,63.66586685180664
119.28135633468628,63.650657653808594
119.30930233001709,63.9637565612793
119.33658218383789,64.14110565185547
119.36516261100769,64.25775909423828
119.3941798210144,64.01158142089844
119.4225423336029,64.30611801147461
119.4524097442627,63.777591705322266
119.48001265525818,63.79892349243164
119.50527930259705,64.07699584960938
119.53197145462036,63.66099548339844
119.56029033660889,63.777557373046875
119.58871936798096,63.5812873840332
119.61845326423645,63.517120361328125
119.64743137359619,63.812129974365234
119.6772301197052,63.97563552856445
119.71195864677429,64.28609085083008
119.7403450012207,64.87113189697266
119.76313185691833,64.80963134765625
119.78736639022827,64.75707626342773
119.81168746948242,64.95349884033203
119.8372585773468,64.37126541137695
119.86289119720459,64.30476760864258
119.89030194282532,64.40961074829102
119.91622138023376,63.93817901611328
119.94189047813416,64.09371185302734
119.96861481666565,64.02632904052734
119.99661588668823,63.3027229309082
120.0239531993866,63.83135986328125
120.05241990089417,63.96915817260742
120.08094072341919,64.09059524536133
120.10799384117126,63.9265251159668
120.13414669036865,64.28603744506836
120.15980052947998,63.96174240112305
120.18578815460205,64.22240447998047
120.21160912513733,64.246337890625
120.23829627037048,63.992923736572266
120.26352190971375,64.2210807800293
120.29092073440552,63.81964874267578
120.32008862495422,63.94246292114258
120.344162940979,63.935279846191406
120.36981892585754,63.3642692565918
120.3957269191742,63.77238082885742
120.42140078544617,63.68688201904297
120.44882249832153,63.67293167114258
120.47748351097107,64.0402946472168
120.50140261650085,63.90076446533203
120.52737736701965,64.04873275756836
120.5530743598938,63.950870513916016
120.57888841629028,64.21846008300781
120.60483598709106,64.50940322875977
120.63032793998718,64.61404800415039
120.65889096260071,64.45254516601562
120.68692779541016,64.37586975097656
120.71687173843384,64.20483779907227
120.74561619758606,63.995155334472656
120.77103281021118,63.94878005981445
120.79526257514954,64.13879776000977
120.82096099853516,64.32898712158203
120.84734439849854,64.39310836791992
120.8739070892334,64.53373718261719
120.89955139160156,63.88654708862305
120.92708373069763,64.10359191894531
120.95572185516357,64.16275024414062
120.98863554000854,64.2205924987793
121.0165343284607,64.38988494873047
121.04373836517334,64.80806732177734
121.07364869117737,64.37256240844727
121.10020875930786,64.44804000854492
121.1270203590393,64.10904693603516
121.15444731712341,64.10033416748047
121.18275499343872,64.46377563476562
121.21157097816467,64.23968887329102
121.23709774017334,64.60926055908203
121.26516842842102,64.32009506225586
121.2952229976654,64.2188949584961
121.32380080223083,64.27624893188477
121.35057830810547,64.73174285888672
121.37528777122498,64.42096328735352
121.39884328842163,64.84883880615234
121.42734622955322,64.74277877807617
121.45385122299194,64.80082321166992
121.48155355453491,64.58338165283203
121.50848698616028,64.48075103759766
121.53797268867493,63.95193099975586
121.56515145301819,64.2939567565918
121.58972501754761,63.765464782714844
121.617516040802,63.89066696166992
121.64279413223267,63.81740951538086
121.66916155815125,63.670982360839844
121.69689798355103,63.68800354003906
121.72442507743835,64.07160568237305
121.75319194793701,64.35426712036133
121.7790322303772,64.40951919555664
121.80372357368469,64.53927230834961
121.83148622512817,64.1090087890625
121.86089611053467,64.50222396850586
121.88668918609619,64.74158477783203
121.91130256652832,64.49755096435547
121.93661046028137,64.73754119873047
121.96257424354553,64.84309005737305
121.99080610275269,65.03989028930664
122.01703882217407,65.0226936340332
122.04458260536194,64.0918083190918
122.0731565952301,64.3095932006836
122.10395097732544,64.12860107421875
122.1320276260376,64.27143096923828
122.15856909751892,64.43339157104492
122.18547916412354,64.30887603759766
122.21162509918213,64.44304656982422
122.23846316337585,64.45688247680664
122.26695990562439,64.82519149780273
122.29126763343811,65.01143646240234
122.31749510765076,65.12012100219727
122.34575533866882,64.55175018310547
122.37165355682373,64.88204193115234
122.39968514442444,64.89708709716797
122.42705512046814,64.38230514526367
122.45391154289246,64.13198471069336
122.47891688346863,64.37095260620117
122.50307655334473,64.82224655151367
122.52915906906128,65.0333137512207
122.55774426460266,65.04728698730469
122.58506798744202,64.63947296142578
122.61261940002441,64.8102912902832
122.63803458213806,64.8500747680664
122.66320180892944,64.90208053588867
122.68953847885132,64.74850463867188
122.71526885032654,64.89916610717773
122.74022269248962,64.36358261108398
122.76774477958679,64.57206726074219
122.79110646247864,64.73906326293945
122.8164689540863,64.53241729736328
122.84191131591797,64.41605377197266
122.86911678314209,64.3300552368164
122.89432573318481,64.41546249389648
122.9212715625763,64.63591766357422
122.94857978820801,64.2712516784668
122.9732756614685,64.46041107177734
122.99864339828491,64.51337051391602
123.02546811103821,64.98103713989258
123.0540759563446,64.33228302001953
123.08378672599792,64.74971771240234
123.11362743377686,64.95068740844727
123.1421058177948,65.32104110717773
123.17090630531311,64.96434783935547
123.1983699798584,64.6719741821289
123.22629952430725,64.92282485961914
123.2536449432373,64.86723709106445
123.28230237960815,64.46759033203125
123.30981111526489,64.62271499633789
123.33843755722046,64.2813491821289
123.36714220046997,64.35861206054688
123.39426875114441,64.73280334472656
123.42255783081055,65.0766487121582
123.4513909816742,64.95140075683594
123.47921800613403,65.12980270385742
123.50645446777344,64.6122932434082
123.54007697105408,65.1861572265625
123.56962323188782,65.24578094482422
123.59712672233582,64.8681526184082
123.62291169166565,65.24091339111328
123.65417289733887,65.17871856689453
123.68130397796631,65.07464981079102
123.71141314506531,64.79359436035156
123.73847556114197,64.62552642822266
123.76663208007812,64.53549194335938
123.79307794570923,64.70458221435547
123.82078266143799,64.63255310058594
123.84919881820679,64.74348831176758
123.8775269985199,64.83236312866211
123.9060685634613,64.73845672607422
123.9355878829956,65.20410537719727
123.96168160438538,65.3723030090332
123.9896354675293,65.19253540039062
124.01510500907898,65.33676147460938
124.04126906394958,65.0250015258789
124.07430577278137,65.17644119262695
124.10443949699402,64.71921920776367
124.14319491386414,64.54775619506836
124.1770932674408,64.68640899658203
124.20147585868835,65.1208267211914
124.2250771522522,65.02466201782227
124.25222444534302,64.67906951904297
124.27969002723694,64.73942947387695
124.30738949775696,64.81591033935547
124.3348388671875,64.97014236450195
124.36116170883179,64.85905075073242
124.39650869369507,64.95959091186523
124.42215418815613,64.98405075073242
124.44771981239319,65.0283203125
124.47248816490173,64.82518005371094
124.5011351108551,64.69026947021484
124.52623343467712,64.6645736694336
124.55480861663818,64.55580520629883
124.57819414138794,64.66293334960938
124.60289978981018,64.85658264160156
124.62920784950256,64.28550720214844
124.65525841712952,64.31256484985352
124.68189644813538,64.63603210449219
124.70731616020203,64.83810043334961
124.73275685310364,64.82788467407227
124.75942134857178,65.1095085144043
124.7843382358551,65.35498046875
124.81076145172119,65.43010330200195
124.83778142929077,65.61584091186523
124.8624541759491,65.50843811035156
124.89006328582764,65.15377807617188
124.92305207252502,65.5733642578125
124.94773602485657,65.06697463989258
124.97435998916626,64.78412246704102
124.99887752532959,65.12346649169922
125.02401185035706,65.0965576171875
125.04954600334167,65.20866394042969
125.07614707946777,65.08995819091797
125.10020995140076,65.08592224121094
125.1240005493164,65.10406875610352
125.14783525466919,64.8488883972168
125.17209315299988,65.24723434448242
125.19815182685852,65.25512313842773
125.22541666030884,65.29312515258789
125.24915218353271,65.48154067993164
125.27634286880493,65.04732894897461
125.30137658119202,65.74820327758789
125.32683992385864,65.34850311279297
125.35906505584717,65.36621856689453
125.38700866699219,65.24817276000977
125.41323661804199,64.49735641479492
125.43914461135864,64.63311767578125
125.46457958221436,64.8990478515625
125.4903473854065,64.69927978515625
125.51699590682983,64.91228866577148
125.54235029220581,64.89349365234375
125.56869864463806,64.90428161621094
125.59692573547363,64.97736740112305
125.62266397476196,65.0804672241211
125.6469304561615,64.94810485839844
125.67385625839233,65.0261116027832
125.70347762107849,65.15190505981445
125.7279896736145,65.00653839111328
125.7528133392334,65.3694076538086
125.77788305282593,64.95277404785156
125.80399441719055,64.99051666259766
125.82970118522644,65.0886116027832
125.8537745475769,65.10827255249023
125.87888526916504,65.53141403198242
125.90720272064209,65.84391784667969
125.93189120292664,65.30257797241211
125.95685935020447,65.38021850585938
125.98187184333801,65.23602676391602
126.00847744941711,65.61164855957031
126.03373765945435,65.47337341308594
126.05801677703857,65.32865524291992
126.08339595794678,65.16766738891602
126.11257719993591,64.91112518310547
126.13933753967285,65.23023986816406
126.16500759124756,64.72128295898438
126.19121479988098,64.77281951904297
126.22110223770142,64.78967666625977
126.24581527709961,64.94625473022461
126.27307724952698,65.02009582519531
126.30079007148743,65.39199447631836
126.32612133026123,65.02780151367188
126.35382413864136,65.09260177612305
126.38048958778381,65.3198127746582
126.40909767150879,65.26883697509766
126.43547463417053,65.44137954711914
126.46148228645325,65.74837112426758
126.48577070236206,65.7751235961914
126.51208162307739,65.72665023803711
126.53825569152832,65.72700500488281
126.56631898880005,65.32522964477539
126.59152865409851,65.51768112182617
126.61848568916321,65.27658462524414
126.6444149017334,65.04679107666016
126.66973567008972,65.2964859008789
126.69621634483337,65.37239074707031
126.72207713127136,65.49658584594727
126.74688482284546,65.78890609741211
126.77670073509216,65.48394393920898
126.8017840385437,65.95965957641602
126.8305037021637,65.3746452331543
126.85640239715576,65.40644073486328
126.88234162330627,65.57593536376953
126.90760445594788,65.55597305297852
126.93382716178894,65.35419082641602
126.96484756469727,65.43859481811523
126.99302577972412,66.09676742553711
127.01741743087769,65.65873718261719
127.04302287101746,65.76451110839844
127.06968975067139,65.84095764160156
127.0949923992157,65.27864456176758
127.12062311172485,65.20125961303711
127.14750742912292,65.40425872802734
127.17517304420471,65.25859451293945
127.20155572891235,65.4770736694336
127.22753381729126,65.54850006103516
127.25340294837952,65.51376724243164
127.28012585639954,65.69381713867188
127.30661201477051,65.92552185058594
127.333247423172,65.83788299560547
127.36011242866516,65.78866195678711
127.3867998123169,65.8964614868164
127.41436791419983,65.67368698120117
127.43783068656921,65.69259262084961
127.46491694450378,65.33487701416016
127.49202227592468,65.1747055053711
127.51727390289307,65.3170051574707
127.5440149307251,65.47456741333008
127.56879115104675,65.85646057128906
127.5945258140564,65.83687591552734
127.62082362174988,65.62051010131836
127.64653515815735,65.31269836425781
127.67296695709229,65.60962677001953
127.69807362556458,65.61446762084961
127.7226550579071,65.33155059814453
127.75503253936768,65.29157638549805
127.78151226043701,65.53521347045898
127.80994462966919,65.08273315429688
127.83589839935303,65.40388870239258
127.86205744743347,65.00398254394531
127.8895652294159,65.17027282714844
127.91755270957947,65.25041580200195
127.94172596931458,65.44534301757812
127.96781420707703,65.20431137084961
127.99288558959961,65.06984329223633
128.01791501045227,65.24077606201172
128.0445396900177,65.43994140625
128.06987476348877,65.59285736083984
128.09524607658386,65.73764419555664
128.12860465049744,65.74688339233398
128.1553544998169,65.8714370727539
128.18081998825073,65.66877746582031
128.20676064491272,65.9792709350586
128.2309694290161,65.93864059448242
128.2567744255066,66.10956954956055
128.28142595291138,66.3241195678711
128.30804896354675,65.89813995361328
128.33524584770203,65.67405319213867
128.36113810539246,65.71040344238281
128.38586163520813,65.76522827148438
128.41051292419434,66.0632209777832
128.43807816505432,65.95042419433594
128.46496891975403,65.99769973754883
128.49054718017578,66.01229858398438
128.51720309257507,65.99908065795898
128.54327273368835,66.17932510375977
128.56956338882446,65.93782806396484
128.60316610336304,66.16978454589844
128.62848591804504,66.35152053833008
128.65481877326965,66.34214401245117
128.68241143226624,66.39064025878906
128.70904326438904,66.31972122192383
128.737402677536,66.21256637573242
128.76298308372498,65.97673034667969
128.78952383995056,65.95774841308594
128.8178424835205,65.74333953857422
128.8464298248291,65.5561637878418
128.8717679977417,65.67576217651367
128.8971757888794,66.00528335571289
128.9218146800995,66.18704223632812
128.94829964637756,66.04024505615234
128.97434830665588,66.18554306030273
129.0019335746765,65.95223999023438
129.02777576446533,66.03281784057617
129.05366206169128,66.43556213378906
129.08227634429932,66.44726181030273
129.11149215698242,66.32926177978516
129.13898491859436,66.2970962524414
129.16683626174927,66.31501770019531
129.19365429878235,65.96399307250977
129.22154569625854,66.18238830566406
129.25265502929688,66.4689826965332
129.28052878379822,66.23816680908203
129.3069305419922,66.28070449829102
129.33291578292847,66.20264053344727
129.35987782478333,66.0075454711914
129.38809776306152,66.06113815307617
129.41749143600464,65.75872802734375
129.44613456726074,65.75663757324219
129.47412705421448,65.73288345336914
129.50184178352356,65.79932403564453
129.53152441978455,65.94835662841797
129.5603461265564,65.81206893920898
129.5915288925171,65.91839981079102
129.6174795627594,65.83891296386719
129.6438331604004,65.72244262695312
129.67281889915466,66.06606674194336
129.6997377872467,65.96704483032227
129.72661304473877,66.14487838745117
129.75138115882874,65.9715461730957
129.77671790122986,66.03315734863281
129.8031940460205,66.06754684448242
129.8292784690857,66.1380615234375
129.85566425323486,66.40843200683594
129.87960982322693,66.45695495605469
129.90513467788696,66.54088592529297
129.93050742149353,66.35151672363281
129.95960640907288,66.43223571777344
129.98625349998474,66.25887680053711
130.01296091079712,66.1207046508789
130.04017782211304,65.98106384277344
130.06692171096802,66.24977493286133
130.0937671661377,66.59785079956055
130.1206567287445,66.57044219970703
130.14917182922363,66.20786666870117
130.17585158348083,66.07018661499023
130.20410013198853,66.22011947631836
130.23009419441223,66.07952117919922
130.25811767578125,66.31428146362305
130.28711414337158,66.4001693725586
130.3137857913971,66.88544464111328
130.33950400352478,66.61917877197266
130.36634278297424,66.60897827148438
130.39297223091125,66.4920539855957
130.41912078857422,65.93494033813477
130.44800686836243,66.17033386230469
130.47386240959167,66.26296997070312
130.49890637397766,66.29661178588867
130.52574634552002,66.30972290039062
130.55420112609863,66.51887512207031
130.57950472831726,66.44733428955078
130.6063096523285,66.82324600219727
130.63313102722168,67.01525497436523
130.6603388786316,67.12296295166016
130.68856191635132,67.07974624633789
130.71587252616882,67.35730743408203
130.74429202079773,67.26674270629883
130.77547192573547,67.32225036621094
130.80666542053223,66.69094848632812
130.83234286308289,66.9058609008789
130.8590235710144,66.97591018676758
130.88394570350647,67.00693893432617
130.9082179069519,66.99132919311523
130.9329125881195,66.71077346801758
130.96119451522827,66.38233184814453
130.98642802238464,66.44221878051758
131.01165127754211,66.33441543579102
131.03829956054688,66.30668640136719
131.06792783737183,66.25579452514648
131.09318804740906,65.85004806518555
131.12034583091736,65.34922409057617
131.14617490768433,65.6610336303711
131.1714165210724,65.36781692504883
131.1991629600525,65.30051040649414
131.2278654575348,65.49476623535156
131.2529034614563,65.5875244140625
131.27917647361755,65.80097579956055
131.30491089820862,65.57777404785156
131.3308584690094,65.51395416259766
131.35654497146606,65.75969696044922
131.38314986228943,65.81338882446289
131.40954422950745,65.74713897705078
131.4362392425537,65.67489624023438
131.46321058273315,66.09782028198242
131.4912269115448,65.93254470825195
131.51968574523926,66.23772430419922
131.54500484466553,66.14115905761719
131.57034373283386,66.23661422729492
131.59474158287048,66.36465835571289
131.62133598327637,66.2447624206543
131.65307116508484,65.78296661376953
131.67896485328674,65.76673126220703
131.70589232444763,65.77972030639648
131.73415422439575,65.61244201660156
131.76137566566467,65.74517822265625
131.78743743896484,66.01380920410156
131.81419706344604,65.89078140258789
131.84124207496643,65.8054084777832
131.86718344688416,66.1375846862793
131.89463448524475,66.48058319091797
131.9197928905487,67.06884765625
131.94748497009277,66.8448486328125
131.9755003452301,67.24562072753906
132.00417757034302,67.40219497680664
132.02965235710144,67.25228500366211
132.0577895641327,66.6917495727539
132.0831549167633,66.65068435668945
132.109778881073,66.62554168701172
132.13597464561462,66.91212463378906
132.16129350662231,66.72494888305664
132.1864743232727,66.93889999389648
132.21037340164185,67.19552993774414
132.23705387115479,67.65533828735352
132.26160264015198,67.88267135620117
132.28552651405334,67.90827178955078
132.31218338012695,68.18317794799805
132.3405466079712,67.90550994873047
132.3699550628662,67.97150421142578
132.4020550251007,67.65599822998047
132.42795133590698,67.62234497070312
132.45509600639343,68.10443115234375
132.48233270645142,67.72174072265625
132.50955200195312,68.13731384277344
132.53773617744446,67.69387435913086
132.56560564041138,68.07287979125977
132.59459590911865,67.54213333129883
132.62922048568726,67.60466384887695
132.65889406204224,67.76360321044922
132.68758916854858,67.05813598632812
132.71548986434937,67.17435073852539
132.74206638336182,67.43298721313477
132.77129220962524,67.11587524414062
132.8006980419159,67.17480850219727
132.82845330238342,67.03025817871094
132.85835981369019,66.54898071289062
132.89111256599426,67.01679992675781
132.91930294036865,67.00548553466797
132.9470238685608,66.85737991333008
132.97477912902832,66.99817657470703
133.00229620933533,67.0672378540039
133.03733134269714,67.79988479614258
133.06516075134277,67.57519149780273
133.09289932250977,67.61798477172852
133.12079453468323,67.70122909545898
133.14746642112732,67.70614624023438
133.17658925056458,67.4237060546875
133.2029585838318,67.93134689331055
133.23081421852112,68.06279754638672
133.26058435440063,67.94245529174805
133.28640818595886,68.1036148071289
133.31357336044312,67.93827819824219
133.34176111221313,68.14381408691406
133.3697919845581,68.47390365600586
133.39609241485596,68.76091003417969
133.4230284690857,68.8794174194336
133.44892930984497,68.07500839233398
133.4744291305542,68.25254821777344
133.50149083137512,68.2935791015625
133.52895736694336,68.14662551879883
133.5571665763855,68.03998947143555
133.5828559398651,67.89274597167969
133.6076328754425,68.25300216674805
133.63386130332947,68.35875701904297
133.6588761806488,68.29181671142578
133.68375539779663,68.23452758789062
133.71025133132935,68.275634765625
133.73514580726624,68.4693489074707
133.76544213294983,69.0250473022461
133.79207468032837,68.58009338378906
133.81819820404053,68.96989440917969
133.8480384349823,69.15372085571289
133.87464213371277,69.4228630065918
133.90227937698364,69.76621627807617
133.92773747444153,69.75336837768555
133.9553427696228,69.27581024169922
133.9829170703888,69.15485763549805
134.0092830657959,69.22200012207031
134.03595662117004,69.2567253112793
134.0628855228424,69.37348556518555
134.08937287330627,69.60895538330078
134.11498141288757,69.90399169921875
134.13969540596008,70.11645889282227
134.16644287109375,70.73255157470703
134.19206023216248,70.80643463134766
134.2182731628418,71.08197784423828
134.2497854232788,71.20468521118164
134.2770209312439,71.42789459228516
134.3036036491394,71.58242797851562
134.3311607837677,71.89982223510742
134.3580024242401,72.24524307250977
134.38461685180664,71.23480606079102
134.40903639793396,71.51625061035156
134.43678092956543,71.39201354980469
134.4654996395111,71.76877975463867
134.49365973472595,72.05395889282227
134.5193920135498,71.96513748168945
134.54674434661865,72.14410400390625
134.5716896057129,71.42396545410156
134.59802269935608,71.0404052734375
134.62588548660278,71.38239288330078
134.6532003879547,71.08548355102539
134.67958974838257,71.27185821533203
134.70577478408813,71.46140670776367
134.7330777645111,71.71021270751953
134.76064348220825,71.63605499267578
134.78695964813232,71.27151489257812
134.81591296195984,71.8519401550293
134.8410964012146,71.76314163208008
134.86850428581238,72.33889770507812
134.89477968215942,72.41552734375
134.92319345474243,71.86378479003906
134.94808745384216,71.66572952270508
134.9730932712555,71.72917938232422
134.99965000152588,71.7066650390625
135.0238287448883,71.6538200378418
135.0485577583313,72.11336135864258
135.07363605499268,71.50938034057617
135.10146069526672,71.4366455078125
135.12731266021729,71.8616714477539
135.15155053138733,72.08451461791992
135.17767214775085,71.54872131347656
135.20533180236816,71.75654983520508
135.23244071006775,71.70819473266602
135.2648069858551,71.91640090942383
135.29268383979797,70.50109100341797
135.3183991909027,70.78374099731445
135.34419751167297,70.59619903564453
135.37066888809204,69.36639022827148
135.3970274925232,69.7425765991211
135.4220633506775,69.96134567260742
135.44645524024963,70.21969223022461
135.47116470336914,70.54082870483398
135.4967975616455,70.91009521484375
135.52299809455872,70.91759490966797
135.54863810539246,70.634033203125
135.57429552078247,70.9023323059082
135.59969902038574,71.34517669677734
135.6255989074707,71.5150032043457
135.65048742294312,71.74675750732422
135.6783344745636,71.7897720336914
135.705402135849,71.7918815612793
135.7336106300354,71.42405319213867
135.7611768245697,71.67195892333984
135.7887408733368,70.82320022583008
135.81641387939453,70.41924285888672
135.8427929878235,70.21242141723633
135.866553068161,70.08788681030273
135.8937451839447,69.91955184936523
135.9200737476349,69.64269638061523
135.94451427459717,69.29653930664062
135.97240328788757,67.76865005493164
135.99849557876587,67.90007019042969
136.0229287147522,67.7712516784668
136.04809069633484,67.36701965332031
136.07642436027527,67.29193115234375
136.10209107398987,67.7706298828125
136.12839436531067,68.01624298095703
136.15330862998962,68.4808349609375
136.17919540405273,68.86750411987305
136.20386290550232,69.34698486328125
136.22998428344727,69.24103927612305
136.25480580329895,68.77656936645508
136.2828299999237,68.23221588134766
136.3126184940338,66.98048400878906
136.33831000328064,67.42450714111328
136.36293578147888,67.99610900878906
136.39015173912048,68.29515838623047
136.41607904434204,68.4388198852539
136.44304490089417,68.36295700073242
136.4694802761078,68.76512908935547
136.49525928497314,68.77809524536133
136.5223696231842,67.06451034545898
136.54801154136658,66.14002227783203
136.57440853118896,63.179100036621094
136.60000944137573,61.31495666503906
136.6289370059967,60.790992736816406
136.65553402900696,59.41093444824219
136.67990970611572,57.2451171875
136.70546293258667,56.798702239990234
136.7332193851471,56.83049011230469
136.7603886127472,55.787445068359375
136.78930187225342,55.91645050048828
136.81468152999878,56.320220947265625
136.8405692577362,56.43971633911133
136.8674304485321,56.622772216796875
136.89415216445923,55.97735595703125
136.91932845115662,55.76038360595703
136.94387674331665,53.979736328125
136.96895909309387,54.044715881347656
136.9957480430603,54.058021545410156
137.02505230903625,53.8438720703125
137.05142378807068,51.99985122680664
137.07673478126526,52.060546875
137.11113476753235,52.076847076416016
137.13649988174438,49.26387023925781
137.1642084121704,49.36695861816406
137.19001698493958,48.54636001586914
137.21701192855835,48.74894332885742
137.24153804779053,48.7242546081543
137.2682237625122,48.61534881591797
137.29279947280884,48.60099792480469
137.31927585601807,48.75783920288086
137.34389185905457,48.84760665893555
137.368079662323,48.876548767089844
137.39336681365967,48.9217643737793
137.41912174224854,48.67273712158203
137.44848489761353,48.440147399902344
137.47409296035767,48.57065963745117
137.502991437912,48.2805061340332
137.5291244983673,48.309993743896484
137.55448985099792,48.3806266784668
137.58066296577454,48.3302001953125
137.60737419128418,48.23762130737305
137.63491296768188,48.19101333618164
137.663152217865,48.27141189575195
137.6925172805786,48.30282974243164
137.7230508327484,48.41027069091797
137.74890542030334,48.277278900146484
137.77405405044556,48.03268814086914
137.7987504005432,48.08477020263672
137.82291650772095,48.05235290527344
137.84731531143188,48.13761901855469
137.87339210510254,48.06399917602539
137.90202975273132,48.05942916870117
137.93397855758667,48.14789962768555
137.96184659004211,48.1255989074707
137.9918510913849,48.12730407714844
138.02142453193665,48.36761474609375
138.05032110214233,48.46360778808594
138.07844734191895,48.3543815612793
138.1058325767517,48.566856384277344
138.13326358795166,48.71116256713867
138.1646022796631,48.68110275268555
138.19458866119385,48.7016487121582
138.2207670211792,48.54336166381836
138.24821710586548,48.67116165161133
138.27493619918823,48.80415725708008
138.30011129379272,48.67929458618164
138.3389608860016,48.633209228515625
138.36785364151,48.679046630859375
138.3935546875,48.680355072021484
138.42081260681152,48.65709686279297
138.45042181015015,48.90495300292969
138.47785830497742,49.113094329833984
138.50725293159485,49.0517578125
138.5336935520172,49.313133239746094
138.55862641334534,49.29341125488281
138.58458590507507,49.520145416259766
138.61114645004272,49.291770935058594
138.63773727416992,49.310184478759766
138.66779160499573,49.414939880371094
138.69908666610718,49.71805953979492
138.72911643981934,49.732643127441406
138.75852966308594,49.49645233154297
138.78691339492798,49.66783905029297
138.81443214416504,49.826412200927734
138.8419165611267,49.49612808227539
138.87370085716248,49.30965805053711
138.90297961235046,49.4380989074707
138.92995047569275,49.421756744384766
138.95709657669067,49.28636169433594
138.98615622520447,49.131980895996094
139.01260328292847,49.33304214477539
139.03806710243225,49.40864562988281
139.06487655639648,49.480533599853516
139.09304118156433,49.647396087646484
139.1217656135559,49.52725601196289
139.15249276161194,49.78689193725586
139.18122839927673,49.685482025146484
139.21251320838928,49.594810485839844
139.2414264678955,49.40736770629883
139.26748752593994,49.64547348022461
139.2970016002655,49.07435607910156
139.32366132736206,48.87710189819336
139.35129284858704,48.99286651611328
139.38087487220764,48.82239532470703
139.40936923027039,48.799468994140625
139.4384515285492,48.820648193359375
139.4675793647766,49.004695892333984
139.49369621276855,49.133663177490234
139.5203092098236,49.2886848449707
139.5491304397583,49.224525451660156
139.57855868339539,49.18017578125
139.60615396499634,49.0009880065918
139.6364016532898,49.074893951416016
139.6651644706726,49.076812744140625
139.69218230247498,48.9053955078125
139.7198305130005,49.07162857055664
139.74760961532593,49.05435562133789
139.7805142402649,49.01056671142578
139.8092222213745,49.085811614990234
139.84167861938477,49.327545166015625
139.87229084968567,49.489356994628906
139.90016102790833,49.485252380371094
139.9308681488037,49.60601043701172
139.95911955833435,49.75191116333008
139.98737335205078,49.83346176147461
140.01390767097473,49.69567108154297
140.04217410087585,49.51340866088867
140.07006454467773,49.7958984375
140.09652543067932,49.880096435546875
140.12149715423584,49.96355438232422
140.15150213241577,49.87603759765625
140.18000602722168,49.75698471069336
140.20762252807617,49.996421813964844
140.23527789115906,50.16807556152344
140.2634506225586,50.08127212524414
140.29295325279236,49.92316436767578
140.32025575637817,49.68852996826172
140.34950852394104,49.90548324584961
140.37917709350586,49.95391082763672
140.40768027305603,49.773353576660156
140.43923592567444,49.66115188598633
140.4685082435608,49.95097732543945
140.49800992012024,49.56304931640625
140.52724981307983,50.016510009765625
140.5546715259552,50.00324249267578
140.58335041999817,50.09278106689453
140.61090636253357,50.06904602050781
140.63751435279846,50.4258918762207
140.66522765159607,50.50546646118164
140.69389605522156,50.669918060302734
140.72377228736877,50.81100082397461
140.75500559806824,50.954376220703125
140.78296375274658,50.67485046386719
140.81347036361694,50.89312744140625
140.839604139328,51.20566940307617
140.867342710495,51.09297180175781
140.89718890190125,51.039817810058594
140.92381477355957,51.1898307800293
140.95195388793945,51.264652252197266
140.98045945167542,51.412166595458984
141.0088336467743,51.76204299926758
141.03705883026123,51.60151290893555
141.0653555393219,51.55641174316406
141.09608960151672,51.12700271606445
141.12642693519592,50.802345275878906
141.15746641159058,50.76076889038086
141.18799090385437,50.57346725463867
141.21959376335144,51.170013427734375
141.2494297027588,51.48871994018555
141.28008580207825,51.16777038574219
141.3112988471985,51.213138580322266
141.33910155296326,51.749473571777344
141.3651740550995,51.45901107788086
141.39189434051514,51.387786865234375
141.4208219051361,51.506980895996094
141.4496250152588,51.65056228637695
141.47765111923218,51.92655944824219
141.50566148757935,51.663272857666016
141.53363609313965,51.956695556640625
141.55999207496643,52.026798248291016
141.5872983932495,52.13127136230469
141.62102508544922,51.45326614379883
141.64924025535583,51.774810791015625
141.67719531059265,51.98619079589844
141.70450973510742,52.11262893676758
141.73050332069397,52.39618682861328
141.76176643371582,52.093780517578125
141.78966689109802,52.14926528930664
141.8186948299408,51.94797134399414
141.85190343856812,51.871185302734375
141.87889671325684,52.4083251953125
141.90584206581116,52.254154205322266
141.93780755996704,52.75819778442383
141.96586847305298,52.61357879638672
141.99525547027588,52.93929672241211
142.02478289604187,53.103363037109375
142.056254863739,53.229148864746094
142.08562660217285,53.606971740722656
142.11455655097961,53.72480392456055
142.14318990707397,54.06517791748047
142.17467856407166,53.94738006591797
142.20450091362,54.175655364990234
142.23189401626587,54.44868850708008
142.26077938079834,54.07634735107422
142.29410552978516,53.877418518066406
142.3209297657013,53.75599670410156
142.34947729110718,54.20310974121094
142.37664461135864,54.20980453491211
142.4046652317047,54.68172073364258
142.43241620063782,54.92002868652344
142.45992469787598,55.12493133544922
142.48755812644958,55.58578872680664
142.51623034477234,55.821990966796875
142.54407811164856,55.86735534667969
142.57275986671448,56.28892517089844
142.600106716156,56.385562896728516
142.62749242782593,56.65433120727539
142.6583275794983,56.69432067871094
142.68776869773865,56.94773864746094
142.7158341407776,57.37187194824219
142.74369406700134,57.353981018066406
142.76963448524475,57.8427619934082
142.79666304588318,57.53181838989258
142.82706785202026,58.20935821533203
142.8525950908661,58.43666458129883
142.8784053325653,58.68977355957031
142.90383005142212,58.51640701293945
142.9324402809143,58.32191848754883
142.95733547210693,58.71221923828125
142.98312664031982,58.788475036621094
143.01012015342712,59.08650588989258
143.03707695007324,59.23095703125
143.0664894580841,59.2213020324707
143.09355068206787,59.18527603149414
143.1195511817932,59.4684944152832
143.1468334197998,59.48724365234375
143.17524480819702,59.372772216796875
143.20385026931763,59.01386260986328
143.22952675819397,59.47209167480469
143.2570288181305,59.426265716552734
143.28679537773132,59.643035888671875
143.31360173225403,60.02955627441406
143.34059858322144,60.24629211425781
143.36711883544922,60.62520217895508
143.39819931983948,60.277748107910156
143.42517352104187,60.354408264160156
143.4499831199646,60.67510223388672
143.47463703155518,61.06991195678711
143.49939942359924,61.60432052612305
143.52850484848022,61.4482307434082
143.55787897109985,60.84366989135742
143.58519864082336,60.899200439453125
143.61049675941467,61.11225509643555
143.63429045677185,61.21979522705078
143.66249823570251,61.1297721862793
143.6906578540802,61.37897491455078
143.71921348571777,61.54323196411133
143.74648928642273,61.4329833984375
143.77639627456665,61.590614318847656
143.80009126663208,61.709503173828125
143.82520937919617,61.92518997192383
143.85087275505066,61.868431091308594
143.87860703468323,62.02837371826172
143.90614557266235,62.06532287597656
143.93301963806152,62.04871368408203
143.9598662853241,61.990562438964844
143.98680210113525,62.09438705444336
144.01499438285828,62.10917663574219
144.0448865890503,62.01926040649414
144.07038068771362,62.31063461303711
144.09446382522583,62.106197357177734
144.12035655975342,62.31912612915039
144.14517378807068,62.50400924682617
144.1701877117157,62.663612365722656
144.1947934627533,62.4788932800293
144.22191858291626,62.3968505859375
144.248925447464,62.405757904052734
144.27607560157776,62.137752532958984
144.30291271209717,62.56449508666992
144.32997965812683,62.68825912475586
144.3582239151001,62.48996353149414
144.3824906349182,62.77738952636719
144.40875840187073,62.436527252197266
144.43759560585022,62.21141815185547
144.46419215202332,62.635536193847656
144.49331045150757,61.79596710205078
144.52155447006226,62.21898651123047
144.54839849472046,62.317237854003906
144.57224440574646,62.476829528808594
144.59891963005066,62.59994888305664
144.62366938591003,62.450504302978516
144.6495943069458,62.58253860473633
144.67919898033142,62.917701721191406
144.70515036582947,62.68906021118164
144.72949838638306,62.70993423461914
144.75632238388062,62.41041946411133
144.78449177742004,62.42028045654297
144.81092834472656,62.65688705444336
144.83921813964844,62.40069580078125
144.86359238624573,62.320858001708984
144.88791131973267,62.27031707763672
144.91433382034302,62.2412109375
144.94144105911255,62.51862335205078
144.96715331077576,62.476905822753906
144.99365282058716,62.75489807128906
145.0205557346344,62.17039489746094
145.04944944381714,62.33133316040039
145.07439160346985,62.669010162353516
145.101957321167,62.588348388671875
145.12989926338196,62.82952880859375
145.15564584732056,62.95413589477539
145.1831088066101,62.81137466430664
145.21065258979797,62.99784469604492
145.23841190338135,62.68798828125
145.26396107673645,62.67044448852539
145.29087042808533,62.57848358154297
145.31484460830688,62.705650329589844
145.34114027023315,62.99549865722656
145.36830043792725,62.94474411010742
145.39589047431946,62.637046813964844
145.4216947555542,63.04905319213867
145.44751644134521,62.99332046508789
145.4768946170807,63.354248046875
145.50327491760254,63.35990524291992
145.5292477607727,63.18549728393555
145.55694890022278,63.32526397705078
145.5807168483734,62.574623107910156
145.60837936401367,62.709136962890625
145.63418626785278,62.824031829833984
145.66294741630554,62.42198944091797
145.6981818675995,62.464107513427734
145.72751259803772,62.184818267822266
145.75429248809814,62.30846405029297
145.7800817489624,62.18654251098633
145.80573892593384,62.00345993041992
145.83627080917358,62.34260940551758
145.86330676078796,62.197235107421875
145.89035558700562,62.29410171508789
145.91396975517273,62.70646667480469
145.9402997493744,62.93911361694336
145.9689586162567,63.131038665771484
145.99826335906982,62.73705291748047
146.02441096305847,62.668636322021484
146.05018758773804,62.44307327270508
146.07745242118835,62.19947052001953
146.10374426841736,62.069366455078125
146.12995147705078,61.76634216308594
146.15602803230286,61.708152770996094
146.18201780319214,62.10590744018555
146.20970058441162,62.09102249145508
146.2364263534546,62.3163948059082
146.2645924091339,62.21713638305664
146.29197144508362,62.4195442199707
146.31797742843628,62.90245056152344
146.34284138679504,62.81615447998047
146.36833953857422,62.95891571044922
146.39817714691162,63.01335525512695
146.4308671951294,62.87771987915039
146.45810532569885,62.862361907958984
146.4854781627655,62.748687744140625
146.5120506286621,62.408355712890625
146.54072642326355,62.55226516723633
146.56662583351135,62.59196472167969
146.59288477897644,62.79407501220703
146.6205189228058,62.978946685791016
146.64559841156006,63.08829116821289
146.6743140220642,63.03182601928711
146.70226168632507,63.08833312988281
146.72857284545898,62.99073791503906
146.75879573822021,63.03354263305664
146.79315304756165,63.39244079589844
146.82154035568237,63.297767639160156
146.84878516197205,63.629459381103516
146.87722086906433,62.961151123046875
146.90639758110046,62.697662353515625
146.93288040161133,62.71140670776367
146.9612283706665,62.6729850769043
146.99601793289185,62.826358795166016
147.0253245830536,62.65795135498047
147.05249738693237,62.80194091796875
147.07941102981567,63.03933334350586
147.1072187423706,63.265567779541016
147.13408637046814,63.20271301269531
147.16156196594238,63.12561798095703
147.18968558311462,63.22661590576172
147.21757316589355,62.603118896484375
147.24526405334473,62.9322624206543
147.27375745773315,62.642234802246094
147.30435395240784,62.587615966796875
147.33381485939026,62.834068298339844
147.3640444278717,62.43804931640625
147.39385414123535,62.711490631103516
147.42428278923035,62.48432159423828
147.45225167274475,62.636512756347656
147.4805862903595,62.21985626220703
147.51429724693298,62.29747009277344
147.54544734954834,62.31592559814453
147.57381081581116,62.6066780090332
147.6005048751831,62.909584045410156
147.62868213653564,62.61528015136719
147.65607070922852,62.64886474609375
147.6848475933075,62.56127166748047
147.71307516098022,62.5604248046875
147.7411551475525,62.3961067199707
147.76937460899353,61.921424865722656
147.8014144897461,62.223392486572266
147.83023047447205,62.29240417480469
147.85893535614014,62.42566680908203
147.88623476028442,62.18653106689453
147.91541194915771,62.45497131347656
147.94477891921997,62.571006774902344
147.97156500816345,62.84357833862305
148.0009527206421,62.98923873901367
148.03034377098083,62.820709228515625
148.05782437324524,62.85808181762695
148.0852599143982,62.85438919067383
148.110417842865,62.65780258178711
148.13838863372803,62.50181198120117
148.16679286956787,62.61366653442383
148.19417238235474,62.6687126159668
148.22080993652344,62.88802719116211
148.25131058692932,63.171295166015625
148.28143954277039,62.85542678833008
148.31098294258118,62.73046875
148.33831524848938,62.70576477050781
148.36689138412476,62.875553131103516
148.393536567688,63.06595993041992
148.42083430290222,62.938323974609375
148.4482867717743,63.114532470703125
148.47861170768738,62.943180084228516
148.5058298110962,62.79072570800781
148.5347454547882,62.55954360961914
148.56304907798767,62.37112045288086
148.59131693840027,62.568626403808594
148.61914730072021,62.63600540161133
148.64696598052979,62.74455261230469
148.67538166046143,63.0628776550293
148.7036211490631,62.98979949951172
148.72949051856995,63.08110046386719
148.75547623634338,63.28395080566406
148.78122186660767,63.17198944091797
148.80886673927307,63.461761474609375
148.83753895759583,63.35197448730469
148.8661630153656,62.940330505371094
148.8951654434204,62.939029693603516
148.92386770248413,62.48883819580078
148.95268964767456,62.58610153198242
148.98021864891052,62.828739166259766
149.00818610191345,62.33478546142578
149.03528141975403,62.88906478881836
149.0677468776703,62.43790817260742
149.09835362434387,62.38517761230469
149.1296148300171,62.37688446044922
149.1560082435608,62.61123275756836
149.18423414230347,62.47563171386719
149.2122986316681,62.83433151245117
149.23951888084412,63.28657913208008
149.26692867279053,63.28489303588867
149.29215288162231,63.44453048706055
149.32269835472107,63.13054275512695
149.3509202003479,62.657501220703125
149.37940526008606,62.52342987060547
149.40679478645325,62.204933166503906
149.43580746650696,62.50202941894531
149.46514511108398,62.56446838378906
149.49821543693542,62.68960952758789
149.52666306495667,62.64181900024414
149.5584011077881,62.71889877319336
149.58606791496277,62.603885650634766
149.61560440063477,62.797332763671875
149.64424228668213,63.019744873046875
149.6732759475708,62.93927764892578
149.7061333656311,62.4238395690918
149.73527193069458,62.44081497192383
149.76438856124878,62.37166976928711
149.79341459274292,62.193843841552734
149.82404398918152,62.64086151123047
149.85377287864685,62.44887161254883
149.88256001472473,62.51234436035156
149.9116837978363,62.419193267822266
149.94168162345886,62.32500076293945
149.9697606563568,62.65838623046875
149.99628591537476,62.67498016357422
150.02223587036133,62.7636604309082
150.0525290966034,62.772743225097656
150.08041834831238,62.967960357666016
150.10837531089783,62.87923812866211
150.1378104686737,62.95344924926758
150.16722559928894,62.637203216552734
150.19263005256653,62.95400619506836
150.22019743919373,63.011566162109375
150.24625968933105,63.046844482421875
150.27263641357422,62.9728889465332
150.29657196998596,63.111820220947266
150.32126641273499,62.962493896484375
150.34738636016846,63.23298263549805
150.37483882904053,63.37216567993164
150.40367817878723,63.32780456542969
150.4305248260498,63.25474166870117
150.45874881744385,63.26934051513672
150.48461079597473,62.92934036254883
150.51230549812317,63.00319290161133
150.53997564315796,63.1697998046875
150.56542778015137,62.962589263916016
150.59264278411865,62.95063018798828
150.61991477012634,63.22530746459961
150.64906001091003,62.658164978027344
150.67415022850037,62.894290924072266
150.6990306377411,62.73916244506836
150.72406888008118,62.718997955322266
150.75190329551697,62.7786865234375
150.7812693119049,62.690616607666016
150.80819749832153,62.567054748535156
150.835520029068,62.69416046142578
150.86441659927368,62.60548400878906
150.89325308799744,62.540313720703125
150.91655778884888,62.97587966918945
150.9419801235199,62.80069351196289
150.9673330783844,62.429378509521484
150.9944031238556,62.607418060302734
151.02308082580566,62.43436813354492
151.05034255981445,62.522010803222656
151.07824850082397,62.709556579589844
151.10402250289917,62.74332809448242
151.1298668384552,62.453208923339844
151.16064047813416,62.36578369140625
151.18699097633362,62.159393310546875
151.21353673934937,62.347206115722656
151.24233531951904,61.98124694824219
151.2749538421631,62.42795944213867
151.30435967445374,62.45161819458008
151.33327198028564,62.42578887939453
151.36431503295898,62.468318939208984
151.39000964164734,62.221893310546875
151.41915893554688,62.322959899902344
151.44549036026,62.288658142089844
151.47312092781067,62.36402893066406
151.49976134300232,62.45826721191406
151.52781748771667,62.51518249511719
151.55361199378967,62.507328033447266
151.58076190948486,62.77894973754883
151.60702681541443,62.69351577758789
151.63236093521118,62.67535400390625
151.65727996826172,62.74932098388672
151.683043718338,62.85585021972656
151.7103123664856,62.74568557739258
151.73820662498474,63.0344352722168
151.76223850250244,63.35529708862305
151.78668522834778,63.16938018798828
151.81127834320068,63.02640151977539
151.8360939025879,63.36270523071289
151.86428666114807,63.141326904296875
151.8908667564392,63.37897872924805
151.91807413101196,63.24714279174805
151.94450497627258,63.241371154785156
151.97061038017273,63.09492492675781
151.99750590324402,63.212440490722656
152.02645683288574,63.230186462402344
152.0559515953064,63.44044876098633
152.08542323112488,63.31688690185547
152.1120216846466,62.76531982421875
152.1407971382141,62.76933670043945
152.16496062278748,62.91523361206055
152.18989300727844,62.644474029541016
152.22037076950073,62.96986389160156
152.2456271648407,62.993534088134766
152.27303194999695,62.856754302978516
152.29774808883667,63.38751983642578
152.32453036308289,63.003929138183594
152.35257768630981,62.547882080078125
152.37801504135132,62.84127426147461
152.40431928634644,62.71733093261719
152.42888593673706,62.89168930053711
152.45410776138306,63.11302185058594
152.4824662208557,63.09968566894531
152.51139736175537,63.05831527709961
152.53838181495667,62.80925750732422
152.56737971305847,62.800472259521484
152.59426283836365,62.566017150878906
152.6219232082367,62.565242767333984
152.64762997627258,62.493431091308594
152.6779661178589,62.40754318237305
152.7046995162964,62.84434509277344
152.732661485672,62.664424896240234
152.76095008850098,62.58679962158203
152.78833103179932,62.57453918457031
152.81329584121704,62.833740234375
152.83841681480408,62.857826232910156
152.8639132976532,62.88408660888672
152.8942515850067,62.48611831665039
152.92043948173523,62.502559661865234
152.94629526138306,62.457340240478516
152.97151684761047,62.71537780761719
152.99799060821533,62.83095932006836
153.02498054504395,62.63117980957031
153.05344414710999,62.93781280517578
153.080463886261,62.51345443725586
153.1092505455017,62.688255310058594
153.13657474517822,63.08210754394531
153.1620011329651,62.97621536254883
153.18700075149536,62.951576232910156
153.21507167816162,62.825687408447266
153.24287700653076,62.936153411865234
153.2701244354248,63.025611877441406
153.29451870918274,62.80615234375
153.32032465934753,62.81593322753906
153.34679341316223,62.71470260620117
153.37468671798706,63.184024810791016
153.39995980262756,63.310970306396484
153.42483806610107,63.04535675048828
153.4535892009735,62.8798942565918
153.47953510284424,62.94171905517578
153.50575017929077,62.85026550292969
153.53560733795166,63.2741584777832
153.56837511062622,63.48509979248047
153.59465909004211,63.126102447509766
153.621417760849,63.31147384643555
153.64820671081543,63.1014404296875
153.6823890209198,63.040348052978516
153.71012139320374,63.26969528198242
153.7389109134674,62.578834533691406
153.76652908325195,62.79264450073242
153.79699420928955,62.27426528930664
153.82456707954407,62.22085952758789
153.85519361495972,62.373558044433594
153.8812735080719,62.59313201904297
153.90880823135376,62.82442855834961
153.93573212623596,62.74819564819336
153.96578359603882,62.337886810302734
153.9947190284729,62.197853088378906
154.02144527435303,62.433834075927734
154.0502371788025,62.32008743286133
154.07841324806213,62.76902389526367
154.10625886917114,62.80806350708008
154.13421201705933,62.98921203613281
154.16173005104065,63.190025329589844
154.19126296043396,63.08192443847656
154.21939039230347,63.0265007019043
154.2488145828247,62.84367752075195
154.27798414230347,62.5963249206543
154.3041877746582,62.91294860839844
154.33136081695557,62.966705322265625
154.36002898216248,62.929901123046875
154.38910341262817,62.807281494140625
154.41950106620789,62.81767654418945
154.44732928276062,62.70182418823242
154.47908449172974,62.748435974121094
154.50562691688538,62.828575134277344
154.53354334831238,62.989532470703125
154.56295490264893,62.89676284790039
154.5890190601349,63.272254943847656
154.62141251564026,63.40681838989258
154.6511971950531,63.062992095947266
154.67881083488464,62.925533294677734
154.7077600955963,62.84080123901367
154.7355523109436,62.82322311401367
154.76053547859192,62.83024597167969
154.78823232650757,62.607208251953125
154.81632447242737,62.72328186035156
154.84513211250305,62.5572624206543
154.87316393852234,62.80384826660156
154.90110087394714,63.0592155456543
154.932142496109,63.005897521972656
154.962553024292,62.79733657836914
154.99106907844543,63.21171951293945
155.01927208900452,63.34926223754883
155.04655361175537,63.084136962890625
155.0736870765686,63.10764694213867
155.10187125205994,63.12099838256836
155.13109970092773,63.10234832763672
155.1596269607544,63.126129150390625
155.18786239624023,62.804283142089844
155.21626448631287,62.482574462890625
155.24479222297668,62.597808837890625
155.27373695373535,62.54005432128906
155.30281162261963,62.96464157104492
155.3290355205536,63.20453643798828
155.3569939136505,62.70109558105469
155.3849310874939,62.59673309326172
155.41014075279236,62.79405212402344
155.43656492233276,62.66178512573242
155.46829175949097,62.775272369384766
155.4933955669403,62.63983917236328
155.51977443695068,62.856536865234375
155.545560836792,62.910526275634766
155.56941652297974,62.7066764831543
155.59715628623962,62.337257385253906
155.62301874160767,62.29804611206055
155.64942407608032,62.783775329589844
155.6760015487671,62.61077880859375
155.70209074020386,62.8209114074707
155.72817587852478,62.78146743774414
155.75357127189636,62.99628829956055
155.78281164169312,62.980201721191406
155.8094518184662,62.87242889404297
155.83654642105103,62.92674255371094
155.86360239982605,63.106536865234375
155.8886203765869,63.074974060058594
155.91498947143555,63.05302429199219
155.94142413139343,63.061824798583984
155.9674847126007,62.96535873413086
155.99250602722168,62.7381591796875
156.0170454978943,62.86485290527344
156.0442554950714,62.870540618896484
156.0683298110962,62.59242248535156
156.09387063980103,62.6285514831543
156.12329769134521,62.861480712890625
156.1477506160736,63.132389068603516
156.17273592948914,62.98761749267578
156.19807624816895,62.770816802978516
156.22515535354614,62.984439849853516
156.25233101844788,63.254432678222656
156.27825331687927,63.02530288696289
156.30505061149597,63.11013412475586
156.33193683624268,62.87049102783203
156.35892534255981,62.95464324951172
156.38639569282532,62.8984260559082
156.4117510318756,62.71262741088867
156.43602204322815,62.35762405395508
156.46458315849304,62.3731575012207
156.48948454856873,62.55384063720703
156.516859292984,62.447879791259766
156.54408621788025,62.46536636352539
156.56913018226624,62.23772430419922
156.59741520881653,62.36157989501953
156.62612891197205,62.609859466552734
156.655371427536,62.93058395385742
156.68067359924316,63.01707077026367
156.70777416229248,62.75848388671875
156.73717093467712,62.767364501953125
156.76754784584045,62.74946212768555
156.79434204101562,62.81190872192383
156.81977605819702,62.29151153564453
156.8452136516571,62.64669418334961
156.87018156051636,62.93355178833008
156.89830923080444,62.72990417480469
156.9267168045044,62.897743225097656
156.95442271232605,62.94289016723633
156.9818036556244,62.946292877197266
157.01026844978333,62.85026550292969
157.0402328968048,62.82432556152344
157.07060766220093,62.33235549926758
157.0961332321167,62.74949645996094
157.1243770122528,62.902767181396484
157.15112447738647,63.05904006958008
157.17841815948486,63.25029373168945
157.2037706375122,63.12565231323242
157.2301299571991,62.79758071899414
157.2571153640747,62.76478576660156
157.28860306739807,62.801177978515625
157.31601214408875,62.615169525146484
157.34172224998474,62.99300003051758
157.37137722969055,63.011962890625
157.39733362197876,63.12537384033203
157.42530822753906,63.15882873535156
157.45317816734314,63.232696533203125
157.47882056236267,63.31393051147461
157.5068483352661,63.15266799926758
157.53489065170288,63.08103942871094
157.5647909641266,63.127506256103516
157.5917501449585,62.86940383911133
157.62512302398682,62.87173843383789
157.6543483734131,62.668434143066406
157.68469190597534,62.76115036010742
157.71279072761536,62.59712600708008
157.74013924598694,62.42042922973633
157.7656798362732,62.79283142089844
157.79339623451233,62.66672134399414
157.82549595832825,62.87019348144531
157.85474300384521,63.02831268310547
157.88527178764343,63.18173599243164
157.9143431186676,63.06443405151367
157.94479155540466,62.85173797607422
157.97229671478271,62.97346115112305
158.00118923187256,62.56593322753906
158.02945756912231,62.550559997558594
158.05665969848633,62.25648498535156
158.08270049095154,62.55710983276367
158.11077666282654,62.68324279785156
158.13794469833374,62.84252166748047
158.16514992713928,62.936485290527344
158.19446420669556,62.35649108886719
158.22231602668762,62.66312789916992
158.24933218955994,62.94212341308594
158.27715826034546,63.15461730957031
158.30551719665527,63.11708450317383
158.3333113193512,63.27378845214844
158.36114525794983,63.36376953125
158.38789582252502,63.144962310791016
158.41452765464783,63.449806213378906
158.44522213935852,62.770751953125
158.47340559959412,63.039390563964844
158.50081396102905,62.91364669799805
158.5304365158081,62.96327590942383
158.5566656589508,63.275569915771484
158.58763074874878,63.11911392211914
158.61522483825684,63.45207214355469
158.6414840221405,63.266483306884766
158.66963529586792,63.366127014160156
158.6959366798401,63.1488037109375
158.72488045692444,63.13575744628906
158.75478839874268,63.0623893737793
158.78455710411072,63.109291076660156
158.81040716171265,63.200321197509766
158.83874034881592,63.074806213378906
158.86604738235474,63.077274322509766
158.89491295814514,62.894649505615234
158.92700052261353,62.6531867980957
158.9551224708557,62.753013610839844
158.98465991020203,62.83076858520508
159.01338076591492,62.86650466918945
159.04394221305847,62.9218864440918
159.07121896743774,63.03635025024414
159.1014382839203,63.05996322631836
159.13200759887695,63.14314270019531
159.16012954711914,63.37586975097656
159.18801164627075,63.15177917480469
159.2205069065094,63.0163688659668
159.2492949962616,62.86984634399414
159.2799849510193,62.82298278808594
159.30895256996155,62.857051849365234
159.33967638015747,62.973392486572266
159.36698818206787,62.74744415283203
159.39625930786133,63.293975830078125
159.42386841773987,63.148048400878906
159.45186281204224,62.93937683105469
159.48127460479736,62.62999725341797
159.5093638896942,63.087867736816406
159.53578972816467,63.02863311767578
159.5633580684662,63.10378646850586
159.59114050865173,63.276390075683594
159.61976528167725,63.02165603637695
159.6481158733368,63.221832275390625
159.6768298149109,62.91652297973633
159.70479321479797,62.99147415161133
159.73216319084167,62.725711822509766
159.76044535636902,62.919921875
159.78951907157898,62.90350341796875
159.81647300720215,62.556915283203125
159.84430480003357,62.62539291381836
159.87302494049072,62.4825325012207
159.89946937561035,62.71214294433594
159.92774558067322,62.611026763916016
159.95498132705688,62.806602478027344
159.98450994491577,62.91774368286133
160.01428699493408,62.710609436035156
160.04138207435608,62.81378173828125
160.0686547756195,62.50606155395508
160.09518885612488,62.82969284057617
160.12383151054382,62.58718490600586
160.15324640274048,62.612159729003906
160.17971920967102,62.71896743774414
160.20838356018066,62.846744537353516
160.23596501350403,62.952640533447266
160.26737523078918,62.86814498901367
160.29781293869019,62.66859817504883
160.3262164592743,62.454837799072266
160.35474586486816,62.7126350402832
160.3847532272339,62.76626968383789
160.41415691375732,62.59416961669922
160.44255352020264,62.48354721069336
160.47458004951477,62.4793815612793
160.50407910346985,62.442386627197266
160.5332374572754,62.29328536987305
160.5596251487732,62.30332565307617
160.5900046825409,62.53238296508789
160.6169092655182,62.84194564819336
160.64687252044678,62.83373260498047
160.67506909370422,62.99037170410156
160.70351004600525,63.28668212890625
160.72984313964844,63.71514129638672
160.759028673172,63.7008171081543
160.78736329078674,63.750587463378906
160.81797337532043,63.49727249145508
160.8483440876007,63.432281494140625
160.87553715705872,63.22549057006836
160.9045054912567,63.12947463989258
160.93374395370483,63.1414680480957
160.9617576599121,63.18132400512695
160.98978400230408,62.880496978759766
161.01740622520447,63.03969192504883
161.04591917991638,62.91530990600586
161.07644391059875,62.780235290527344
161.10360169410706,63.19283676147461
161.1312289237976,63.601478576660156
161.15863013267517,63.69149398803711
161.18751406669617,63.6156005859375
161.21499848365784,63.201908111572266
161.24418187141418,62.649532318115234
161.27433133125305,62.91901779174805
161.30377554893494,62.638710021972656
161.33109378814697,62.659446716308594
161.35917687416077,62.63908004760742
161.38751244544983,62.59230422973633
161.4168508052826,62.46588134765625
161.44635844230652,62.48753356933594
161.4724476337433,62.668827056884766
161.4980010986328,62.82485580444336
161.52564930915833,62.76663589477539
161.55557823181152,63.19816207885742
161.5840723514557,63.27565002441406
161.61002111434937,63.135623931884766
161.63599228858948,62.918880462646484
161.66436219215393,62.780826568603516
161.68836998939514,62.683555603027344
161.71330785751343,62.84770584106445
161.73790454864502,62.543766021728516
161.7639124393463,62.494754791259766
161.790461063385,62.39176559448242
161.8183310031891,62.686214447021484
161.8488893508911,62.749576568603516
161.87850689888,63.251197814941406
161.90708565711975,63.23076629638672
161.93254494667053,63.12485885620117
161.95706963539124,63.06181716918945
161.9849829673767,63.2778205871582
162.01053071022034,63.203086853027344
162.03674578666687,63.27611541748047
162.06263422966003,62.99599838256836
162.0900423526764,63.029441833496094
162.11592054367065,63.245487213134766
162.14092111587524,63.213443756103516
162.16829371452332,62.93214416503906
162.1945025920868,63.0794677734375
162.219801902771,63.25892639160156
162.24395728111267,63.475486755371094
162.2720386981964,63.05984115600586
162.30069184303284,63.20111846923828
162.32790637016296,63.12551498413086
162.35179448127747,63.580345153808594
162.37553477287292,63.52825927734375
162.4003963470459,63.33382034301758
162.42651796340942,63.5850830078125
162.451233625412,63.67784881591797
162.4777593612671,63.50979232788086
162.50368452072144,63.20218276977539
162.53001809120178,62.561527252197266
162.5571162700653,62.68960952758789
162.58474946022034,62.84237289428711
162.61139607429504,62.61410903930664
162.64271712303162,62.50259017944336
162.66747570037842,62.645023345947266
162.69315767288208,62.77981185913086
162.71949672698975,62.82921600341797
162.74661469459534,63.03924560546875
162.77337956428528,63.08343505859375
162.8033390045166,63.144004821777344
162.8272078037262,63.450477600097656
162.8509554862976,63.544921875
162.87878322601318,63.12071990966797
162.90640544891357,62.57073974609375
162.9370982646942,62.26346969604492
162.96792340278625,62.822872161865234
162.9935007095337,62.72739791870117
163.02054619789124,62.49291229248047
163.04838156700134,62.066070556640625
163.07299780845642,62.215301513671875
163.09845900535583,62.53433609008789
163.12418413162231,63.10609817504883
163.15229082107544,62.89280700683594
163.18046236038208,62.968692779541016
163.20749616622925,63.514801025390625
163.23715591430664,63.7801399230957
163.26382398605347,63.804508209228516
163.28887176513672,63.47026824951172
163.31249737739563,63.31651306152344
163.33711457252502,63.499542236328125
163.36387276649475,63.169822692871094
163.39266180992126,63.13241958618164
163.41758179664612,62.87360382080078
163.44759726524353,63.078857421875
163.47474145889282,63.4190559387207
163.5023376941681,63.255699157714844
163.52688717842102,63.328857421875
163.55197286605835,63.22954559326172
163.5775306224823,63.40934753417969
163.6020097732544,63.455413818359375
163.6302752494812,63.52399826049805
163.65674686431885,63.54172897338867
163.68408298492432,63.75056076049805
163.71384692192078,63.30194091796875
163.74094128608704,63.23643112182617
163.76653265953064,63.18231964111328
163.79417204856873,62.73958969116211
163.82008004188538,62.986141204833984
163.84652423858643,63.01526641845703
163.87450575828552,63.10713577270508
163.90094232559204,63.07256317138672
163.92864871025085,63.254730224609375
163.95587730407715,63.45880126953125
163.98283696174622,63.458316802978516
164.00964641571045,63.969276428222656
164.0358338356018,63.70615768432617
164.06233143806458,63.88125991821289
164.0892071723938,63.736915588378906
164.11577343940735,63.48708724975586
164.1427400112152,63.32972717285156
164.16766619682312,63.1341552734375
164.19290947914124,62.7015495300293
164.22025108337402,62.850860595703125
164.24705934524536,63.08664321899414
164.27555394172668,63.01980972290039
164.30167889595032,63.22216796875
164.32962322235107,63.36373519897461
164.359760761261,63.672691345214844
164.38837456703186,64.09670639038086
164.4141561985016,63.882843017578125
164.44088554382324,63.633846282958984
164.46798253059387,64.10696029663086
164.49602341651917,63.6990966796875
164.5224483013153,63.298702239990234
164.5501148700714,63.45766830444336
164.57595682144165,62.86835479736328
164.6050374507904,63.11375427246094
164.63237285614014,63.204776763916016
164.6569139957428,62.90505599975586
164.68331861495972,62.855262756347656
164.70942449569702,63.39106750488281
164.73413968086243,63.23719787597656
164.75911736488342,63.550785064697266
164.7838294506073,63.750694274902344
164.81279039382935,63.75471115112305
164.84397196769714,64.17879104614258
164.87244319915771,64.28500366210938
164.90032744407654,64.22028732299805
164.92582082748413,63.80393981933594
164.95357704162598,63.80752182006836
164.98056769371033,63.86894607543945
165.00501370429993,63.74720764160156
165.03166127204895,63.462615966796875
165.05785727500916,63.262939453125
165.0848093032837,63.56354522705078
165.11113595962524,63.51571273803711
165.13745188713074,63.77021026611328
165.16324543952942,63.68313217163086
165.19007349014282,64.1734619140625
165.2173125743866,64.03365325927734
165.2460172176361,64.17251205444336
165.27537083625793,63.89276885986328
165.30360436439514,64.0430679321289
165.32966017723083,63.72197341918945
165.3602488040924,63.58865737915039
165.38584351539612,63.49204635620117
165.41163396835327,62.93232727050781
165.43778228759766,62.771942138671875
165.46614146232605,63.124271392822266
165.49277639389038,63.303855895996094
165.51939487457275,63.26795959472656
165.54581236839294,63.30769348144531
165.5720431804657,63.57324981689453
165.60000562667847,63.88768005371094
165.62658095359802,64.13525390625
165.6518406867981,63.984039306640625
165.6779227256775,64.49002456665039
165.7022683620453,64.86902618408203
165.72755479812622,64.53806686401367
165.75385427474976,64.22576141357422
165.7809135913849,63.47236633300781
165.80710887908936,63.438411712646484
165.83547711372375,63.749549865722656
165.86169028282166,63.64804458618164
165.88795733451843,63.66876983642578
165.91539907455444,63.49163055419922
165.9436333179474,63.310325622558594
165.97222208976746,64.0258560180664
166.0011122226715,64.00159454345703
166.0268030166626,64.29795455932617
166.05185914039612,64.33504867553711
166.07795310020447,64.31858825683594
166.10255432128906,64.8088607788086
166.1301987171173,64.09074020385742
166.15640211105347,63.620689392089844
166.1808886528015,63.69557571411133
166.20645546913147,63.82695388793945
166.23369455337524,64.02928924560547
166.26199388504028,63.597007751464844
166.28930282592773,63.25870132446289
166.31824040412903,63.21336364746094
166.34336495399475,63.74058151245117
166.37515497207642,63.73392868041992
166.4023129940033,63.770652770996094
166.43164777755737,63.66726303100586
166.45694756507874,64.10916137695312
166.48496890068054,64.44432830810547
166.51338267326355,64.66038513183594
166.5383186340332,64.6995849609375
166.5651638507843,64.29417037963867
166.59386348724365,64.23054885864258
166.6191794872284,63.850215911865234
166.64564418792725,63.77582931518555
166.67138576507568,63.94702911376953
166.69705033302307,63.993675231933594
166.7291533946991,64.08036041259766
166.75568199157715,63.82970428466797
166.7870581150055,64.06971740722656
166.81805276870728,64.1098518371582
166.84374618530273,64.28334045410156
166.87222480773926,64.40653228759766
166.89874696731567,64.52501678466797
166.92574429512024,64.36150360107422
166.95331001281738,64.52211380004883
166.9778835773468,64.43516159057617
167.0024755001068,64.39148712158203
167.04008221626282,64.05404663085938
167.0675175189972,64.21849060058594
167.09147715568542,64.38658142089844
167.11939239501953,64.14556503295898
167.1455762386322,64.32172393798828
167.17314434051514,64.1819839477539
167.19903469085693,64.37663650512695
167.2243230342865,64.52871322631836
167.24952268600464,64.77652740478516
167.27769088745117,64.41763305664062
167.30244374275208,64.56921768188477
167.32841730117798,64.68340301513672
167.35240769386292,64.70348739624023
167.37813472747803,64.83709716796875
167.40694904327393,64.34576416015625
167.43341588974,64.38096618652344
167.45833730697632,63.974571228027344
167.4849967956543,63.871299743652344
167.5130958557129,63.693973541259766
167.54146075248718,63.41524124145508
167.5681757926941,63.32587814331055
167.5930802822113,63.78404235839844
167.61995124816895,63.786155700683594
167.64443945884705,64.18653106689453
167.67037796974182,64.0716323852539
167.69684052467346,64.39373779296875
167.7223093509674,64.56723022460938
167.74781155586243,64.27621078491211
167.7771155834198,64.07444763183594
167.8056275844574,63.79092025756836
167.8357994556427,63.931861877441406
167.8650848865509,63.645263671875
167.89134311676025,63.176048278808594
167.91903042793274,63.3718376159668
167.9470489025116,63.17960739135742
167.97472620010376,63.582008361816406
168.00413179397583,63.91395950317383
168.03101658821106,64.01081466674805
168.057790517807,63.848480224609375
168.0862419605255,63.847999572753906
168.11682963371277,64.2233657836914
168.1440908908844,64.4792251586914
168.17290616035461,64.41531753540039
168.2008957862854,64.38041687011719
168.22845840454102,64.29659652709961
168.25602173805237,64.21206283569336
168.28297066688538,64.14093399047852
168.31176805496216,64.14365768432617
168.3387806415558,64.26578903198242
168.366135597229,64.53876113891602
168.394104719162,64.19234085083008
168.4242012500763,63.77078628540039
168.45430731773376,64.00066757202148
168.48299026489258,64.19375610351562
168.5102734565735,64.52228546142578
168.53755807876587,64.4538803100586
168.56662368774414,64.51958084106445
168.59677815437317,64.55188751220703
168.62439393997192,64.37959289550781
168.65227437019348,64.66609191894531
168.68031859397888,64.85853958129883
168.7091715335846,65.28854370117188
168.73832941055298,65.12492370605469
168.7685866355896,65.14997863769531
168.7975196838379,64.89608764648438
168.82506823539734,64.98923110961914
168.85230588912964,64.97280502319336
168.87869095802307,64.7904167175293
168.9066197872162,65.33414077758789
168.93482375144958,65.38310241699219
168.96179270744324,64.82595443725586
168.9917426109314,64.78546905517578
169.02248072624207,64.54930114746094
169.05032587051392,64.51117324829102
169.07790303230286,64.34285354614258
169.10683012008667,64.49941635131836
169.134996175766,64.83106994628906
169.16332817077637,65.06111907958984
169.19166779518127,65.49930572509766
169.22302412986755,64.99948501586914
169.25157284736633,64.79266357421875
169.28219318389893,64.41840362548828
169.31384563446045,64.4448127746582
169.34409618377686,64.2945785522461
169.37586998939514,64.12175750732422
169.4029655456543,64.33691787719727
169.4299511909485,64.31220626831055
169.45577311515808,64.68647384643555
169.4820101261139,65.08089065551758
169.50938320159912,64.92264556884766
169.5400104522705,64.73780059814453
169.56773376464844,64.52925109863281
169.59862971305847,64.75349807739258
169.62919330596924,65.05690002441406
169.65781903266907,65.175537109375
169.68547415733337,65.27509307861328
169.71566128730774,65.41215515136719
169.74587059020996,65.07533645629883
169.77627849578857,64.97757720947266
169.80614638328552,64.92050552368164
169.83667612075806,65.07087326049805
169.86414766311646,65.36563110351562
169.892258644104,65.37202453613281
169.92103552818298,65.86129379272461
169.94930005073547,65.85309982299805
169.97793555259705,66.11133193969727
170.00750946998596,66.09511184692383
170.03879070281982,66.50732421875
170.06703209877014,66.21101379394531
170.09541988372803,66.09061050415039
170.12240028381348,66.2214126586914
170.14963459968567,65.95586395263672
170.17454266548157,66.17328262329102
170.2016453742981,66.35350799560547
170.23128604888916,65.72883605957031
170.25987839698792,65.94213104248047
170.28889894485474,65.53623962402344
170.31569862365723,65.90213012695312
170.3439953327179,66.07347869873047
170.3717610836029,66.26217651367188
170.40147495269775,66.01548385620117
170.43050527572632,66.39833068847656
170.46066975593567,66.606201171875
170.48966073989868,66.04437255859375
170.51812100410461,66.14876556396484
170.54672622680664,66.32567596435547
170.57474660873413,66.14949798583984
170.601909160614,66.20433807373047
170.6340205669403,66.01269149780273
170.66309070587158,66.12352752685547
170.69099617004395,66.3667221069336
170.72060775756836,65.95529174804688
170.75036597251892,66.27648544311523
170.77678513526917,66.48380661010742
170.80483627319336,66.37305450439453
170.8335726261139,66.59443664550781
170.86221265792847,66.6297607421875
170.89194750785828,67.29264831542969
170.91940808296204,67.02378845214844
170.94828534126282,66.75272369384766
170.97804594039917,66.6311264038086
171.00667572021484,66.70978927612305
171.03700971603394,66.8999252319336
171.0651409626007,66.7271728515625
171.09344840049744,66.4938735961914
171.1220259666443,66.43767929077148
171.14828538894653,67.0562744140625
171.174391746521,67.25552368164062
171.20164442062378,67.50543594360352
171.22782635688782,67.45697402954102
171.2567594051361,67.43982696533203
171.28072357177734,67.70957565307617
171.3081181049347,67.37058639526367
171.33562469482422,66.99338912963867
171.36186599731445,66.96953201293945
171.38973784446716,66.37310409545898
171.41730260849,66.50083923339844
171.44293928146362,66.24773025512695
171.46899032592773,66.13143157958984
171.49408984184265,66.2197151184082
171.5210464000702,66.23360824584961
171.5481140613556,66.68843460083008
171.57538628578186,66.82497024536133
171.5999674797058,67.23568725585938
171.62722301483154,67.22625732421875
171.65488123893738,66.7636947631836
171.68363237380981,67.18609237670898
171.71606755256653,67.03227996826172
171.74299573898315,67.19664764404297
171.76901507377625,67.01436614990234
171.79811096191406,66.89459991455078
171.82637357711792,66.57698440551758
171.85419034957886,66.96048736572266
171.88281679153442,66.96516799926758
171.90820407867432,66.8902587890625
171.93678307533264,67.20705032348633
171.96845293045044,67.02912521362305
171.99814987182617,67.3623161315918
172.0287947654724,67.22395706176758
172.05857062339783,67.44805145263672
172.08717226982117,67.55904769897461
172.1142394542694,67.83763885498047
172.1433069705963,67.32174682617188
172.16924333572388,67.33985900878906
172.19728302955627,67.04289627075195
172.22703981399536,67.09524536132812
172.25480580329895,66.97992324829102
172.28375935554504,66.80120086669922
172.31381058692932,67.19222259521484
172.33994364738464,66.91191101074219
172.36609530448914,67.04778671264648
172.392023563385,66.75282287597656
172.4203634262085,67.01114273071289
172.44962191581726,66.42572021484375
172.47490191459656,66.57737731933594
172.50204372406006,66.4304313659668
172.52975845336914,66.8427734375
172.5564694404602,67.27153015136719
172.5840826034546,67.28190994262695
172.6096477508545,67.00011825561523
172.63399147987366,66.89068603515625
172.66212153434753,66.80778121948242
172.68930888175964,67.02033996582031
172.71987390518188,66.95144271850586
172.74584794044495,67.03142166137695
172.77254962921143,66.76240921020508
172.79959392547607,67.01065826416016
172.82569885253906,67.3125114440918
172.8539321422577,66.83231735229492
172.88142085075378,67.20011901855469
172.90791845321655,67.37228393554688
172.9340443611145,67.47493362426758
172.9617567062378,67.28622055053711
172.9875202178955,66.81551361083984
173.01180982589722,66.76886367797852
173.03816485404968,66.72819137573242
173.06569695472717,66.98199081420898
173.09153127670288,67.07487487792969
173.1166753768921,67.01760482788086
173.14293241500854,66.72702407836914
173.17112255096436,67.01529312133789
173.19921946525574,66.3320541381836
173.22652316093445,66.56145095825195
173.25542378425598,66.82695007324219
173.28142929077148,66.74264526367188
173.30644488334656,66.79469299316406
173.33255553245544,66.68573760986328
173.36009120941162,66.98729705810547
173.38672590255737,67.28422927856445
173.4124095439911,67.5923957824707
173.43926334381104,67.25394821166992
173.4642083644867,67.19683456420898
173.49080872535706,66.5613784790039
173.51819968223572,66.83960342407227
173.54357171058655,66.69944381713867
173.5688395500183,66.7132797241211
173.59636116027832,67.05676651000977
173.6244411468506,67.0843391418457
173.6512508392334,67.03841781616211
173.67686533927917,67.18777465820312
173.7020320892334,67.19781875610352
173.72665143013,67.42431640625
173.7519497871399,67.70845031738281
173.77867817878723,67.43143844604492
173.80355501174927,67.79096984863281
173.82896900177002,67.72201538085938
173.85362696647644,67.55105209350586
173.87962794303894,67.0687026977539
173.90655660629272,67.07768630981445
173.9334454536438,67.09838485717773
173.96186995506287,66.78620147705078
173.99208998680115,66.94721603393555
174.01919174194336,66.56626510620117
174.0448179244995,66.65199279785156
174.0717487335205,66.71846008300781
174.10138177871704,66.69145202636719
174.12884426116943,66.17079162597656
174.15755343437195,66.52134323120117
174.1852147579193,66.86697006225586
174.20925521850586,67.35393142700195
174.23644280433655,67.75072860717773
174.26355385780334,67.7099609375
174.29120993614197,67.38899612426758
174.3169708251953,67.45237731933594
174.34524846076965,67.32586669921875
174.37265014648438,66.65452575683594
174.39875483512878,66.63798522949219
174.42320942878723,66.71903610229492
174.44745182991028,66.74275588989258
174.47308611869812,66.83889389038086
174.50154972076416,66.86866760253906
174.52778482437134,67.05593490600586
174.55343580245972,67.32455825805664
174.58086585998535,67.58040237426758
174.60835695266724,67.60758209228516
174.6325569152832,67.8909797668457
174.660138130188,67.51106643676758
174.687002658844,67.2924690246582
174.71484208106995,66.9406623840332
174.74504041671753,67.05015182495117
174.77122163772583,66.8023452758789
174.7971568107605,66.807861328125
174.82443475723267,66.35643768310547
174.8520736694336,66.58695220947266
174.87648630142212,66.86589431762695
174.9016637802124,66.85375595092773
174.92562699317932,66.83889770507812
174.95099139213562,67.13993072509766
174.97841835021973,67.12053680419922
175.00561118125916,67.12614440917969
175.03153610229492,67.29471588134766
175.06196212768555,67.61233139038086
175.08810544013977,67.95075988769531
175.11604499816895,67.51033401489258
175.14133477210999,67.22803497314453
175.1659553050995,67.3162841796875
175.199147939682,67.02672958374023
175.22468781471252,67.09754943847656
175.24876999855042,67.4688606262207
175.27454948425293,67.18442916870117
175.3012228012085,67.18288040161133
175.32711386680603,67.2812728881836
175.35306000709534,66.97262954711914
175.37931180000305,67.12074661254883
175.40580487251282,67.26401901245117
175.43289995193481,67.02119445800781
175.46431374549866,67.34928894042969
175.49043822288513,67.40653991699219
175.51510500907898,67.23018264770508
175.54036498069763,66.85160827636719
175.56853413581848,66.90917587280273
175.59554028511047,66.54998779296875
175.62215185165405,66.837646484375
175.64616107940674,66.53873062133789
175.67167568206787,66.54319763183594
175.69652581214905,66.6197395324707
175.72325658798218,66.51785278320312
175.75149488449097,66.8001823425293
175.77690410614014,67.00357055664062
175.80464887619019,66.91976928710938
175.8302891254425,67.14215469360352
175.8558588027954,67.07967376708984
175.88226699829102,67.34125137329102
175.9081506729126,67.8202018737793
175.9342396259308,67.84349822998047
175.95901250839233,67.41165161132812
175.98723101615906,67.05017471313477
176.0137927532196,66.8808479309082
176.0397891998291,66.85705184936523
176.06533646583557,67.07258987426758
176.09467434883118,66.30965042114258
176.120747089386,66.5059585571289
176.14430737495422,66.77300262451172
176.1692852973938,67.11510848999023
176.1959626674652,67.04056549072266
176.2221918106079,66.95555877685547
176.25034475326538,67.35367965698242
176.2745077610016,67.50905990600586
176.30101585388184,67.31874465942383
176.3294825553894,66.96923446655273
176.35653710365295,67.2925033569336
176.38235783576965,67.29818344116211
176.4081470966339,67.29841613769531
176.43465733528137,67.28977584838867
176.4626431465149,67.24417877197266
176.4888517856598,67.12588500976562
176.517831325531,67.59859848022461
176.54446458816528,67.05522918701172
176.57073974609375,67.10554885864258
176.5959746837616,66.9715347290039
176.62269043922424,67.12030792236328
176.6467843055725,67.04763793945312
176.67218112945557,67.3629264831543
176.69635248184204,67.6268539428711
176.72164630889893,67.77374267578125
176.74609422683716,67.9506721496582
176.7700560092926,68.2243423461914
176.79329991340637,68.3991470336914
176.81827449798584,67.8224868774414
176.8440432548523,67.63799667358398
176.87284445762634,67.58976364135742
176.89878296852112,67.60846328735352
176.92451739311218,67.28020095825195
176.95152020454407,67.44952774047852
176.97840476036072,67.46455001831055
177.00675678253174,67.11162948608398
177.03214526176453,67.13367462158203
177.05726194381714,67.02116775512695
177.0835371017456,67.2503433227539
177.1092185974121,66.46234512329102
177.13365817070007,66.5579719543457
177.15980339050293,66.91484451293945
177.18557167053223,67.15545654296875
177.21112036705017,66.91804122924805
177.23667669296265,66.98007583618164
177.26201367378235,67.05580139160156
177.28998351097107,67.4402847290039
177.317200422287,67.26789474487305
177.3424689769745,66.80177307128906
177.36769342422485,66.32728576660156
177.39368057250977,66.08463668823242
177.4187560081482,65.9951057434082
177.44464302062988,65.74130249023438
177.4704349040985,65.66570281982422
177.49835515022278,66.05517578125
177.52463507652283,66.10086441040039
177.55007886886597,66.17956924438477
177.5752079486847,66.85737609863281
177.60374116897583,66.89448547363281
177.63082456588745,67.25911712646484
177.65834784507751,66.90760803222656
177.68605947494507,66.50076675415039
177.71131348609924,66.49644470214844
177.73852610588074,65.89910888671875
177.76922869682312,65.62621307373047
177.79690766334534,65.71619415283203
177.8226923942566,65.61365127563477
177.84966897964478,66.12323760986328
177.8764660358429,65.96009063720703
177.90242981910706,66.23090744018555
177.92920780181885,66.3582649230957
177.9560730457306,66.46309280395508
177.98234605789185,66.43259048461914
178.01001572608948,66.64674377441406
178.0359935760498,66.50102615356445
178.06273245811462,66.45426559448242
178.09158658981323,66.60929870605469
178.11686968803406,66.38053512573242
178.14493441581726,66.69118881225586
178.1701898574829,66.5569839477539
178.19762325286865,66.28676986694336
178.22394847869873,66.25790405273438
178.2496485710144,66.76741409301758
178.2743468284607,66.7811164855957
178.29963779449463,66.71247863769531
178.3243703842163,66.84035110473633
178.35273361206055,66.8583984375
178.38041138648987,66.85911178588867
178.40965247154236,66.67284393310547
178.4374384880066,66.95097732543945
178.4637885093689,66.90589904785156
178.4893913269043,66.81118392944336
178.51673364639282,66.7332534790039
178.5438573360443,66.65901184082031
178.57235431671143,66.26211166381836
178.59745693206787,66.23286819458008
178.62178993225098,66.28290176391602
178.64892435073853,66.1215934753418
178.6730546951294,66.07292175292969
178.69887709617615,66.00827407836914
178.72633266448975,66.40933227539062
178.75306391716003,66.33903884887695
178.77815961837769,66.66422271728516
178.80632829666138,66.73318099975586
178.8345148563385,66.94754409790039
178.8578178882599,66.9914436340332
178.88440823554993,66.5715217590332
178.9142827987671,66.25823211669922
178.9469449520111,66.64393615722656
178.9739465713501,66.64152526855469
178.9994878768921,66.56766128540039
179.0274782180786,66.16447448730469
179.0554633140564,66.24731063842773
179.08247423171997,66.52880096435547
179.10765838623047,66.4137077331543
179.13519406318665,66.26495361328125
179.16455721855164,66.2531509399414
179.19106316566467,66.20046615600586
179.21838974952698,66.29996109008789
179.24501490592957,66.55593490600586
179.27217435836792,66.71707153320312
179.2986719608307,66.77875900268555
179.32437300682068,66.72732543945312
179.3494050502777,66.87557220458984
179.37694907188416,66.41667175292969
179.40242171287537,66.50657653808594
179.42779207229614,66.33349227905273
179.45398116111755,66.09013366699219
179.4811873435974,66.3696403503418
179.50821781158447,66.47372817993164
179.53357934951782,66.5264778137207
179.56037425994873,66.39780807495117
179.58866024017334,66.53485107421875
179.61753249168396,67.00100708007812
179.64419150352478,66.85710906982422
179.6683864593506,67.08649826049805
179.69413042068481,66.92884826660156
179.72351622581482,66.71517181396484
179.74951577186584,66.89520263671875
179.77636885643005,66.7448959350586
179.8018922805786,66.8112564086914
179.8265836238861,66.81792449951172
179.8534653186798,66.42611694335938
179.87901282310486,66.56324768066406
179.9088432788849,66.22337341308594
179.93346333503723,66.46927261352539
179.96059155464172,66.43301773071289
179.98898315429688,66.74118423461914
180.017924785614,66.6665153503418
180.04556465148926,66.70929718017578
180.0714774131775,67.25273132324219
180.09712505340576,67.51616287231445
180.12261128425598,67.51571655273438
180.1491780281067,67.51079559326172
180.1779124736786,67.45948791503906
180.20705842971802,67.04080581665039
180.23121523857117,67.0931625366211
180.26056909561157,66.55720138549805
180.28589367866516,66.88580322265625
180.3134617805481,66.49466323852539
180.3405213356018,66.25613784790039
180.37184309959412,65.8325424194336
180.40120315551758,66.20259475708008
180.42800736427307,66.03659057617188
180.45676517486572,66.55264663696289
180.48379397392273,66.77796173095703
180.5096755027771,67.20276641845703
180.53552865982056,67.62923049926758
180.56075477600098,67.59627151489258
180.5871822834015,67.25782012939453
180.6139051914215,67.24197006225586
180.64190244674683,66.99892807006836
180.66623854637146,67.04582977294922
180.6924057006836,65.86867904663086
180.71940064430237,66.05647659301758
180.74706959724426,65.73651885986328
180.77589559555054,66.35946273803711
180.80341911315918,65.84175109863281
180.83293318748474,66.35348892211914
180.86032557487488,66.4914321899414
180.8902816772461,66.94056701660156
180.91635990142822,66.87300872802734
180.94283151626587,66.97383117675781
180.96812319755554,67.40276336669922
180.99481964111328,67.45356750488281
181.02079606056213,66.89799499511719
181.04833054542542,66.63220596313477
181.07460284233093,65.70735931396484
181.10155415534973,66.21847915649414
181.12762808799744,66.01070022583008
181.15310978889465,66.37092208862305
181.18207144737244,66.17836380004883
181.208988904953,66.61626052856445
181.23590087890625,66.5416030883789
181.2622995376587,66.96792602539062
181.28783631324768,67.27204895019531
181.31404995918274,67.39854431152344
181.34015917778015,67.36407089233398
181.3662130832672,67.35264205932617
181.39731240272522,67.28258895874023
181.42210149765015,66.71355056762695
181.45051884651184,66.72010803222656
181.47792434692383,66.37856674194336
181.50316166877747,66.37075424194336
181.5294954776764,66.28265380859375
181.5563886165619,66.30618286132812
181.58091735839844,66.6310806274414
181.60865449905396,66.53421783447266
181.63652658462524,66.77679824829102
181.66625428199768,67.10523223876953
181.69463181495667,67.25494766235352
181.7202341556549,67.33083724975586
181.75029706954956,67.53905868530273
181.78014731407166,67.2747573852539
181.80664372444153,67.38642883300781
181.83576273918152,67.34526443481445
181.86399698257446,67.1107406616211
181.89387035369873,66.92873001098633
181.92018127441406,66.68143463134766
181.94681787490845,65.98172760009766
181.97549724578857,66.04678344726562
182.00553107261658,66.06951904296875
182.03135132789612,66.29220581054688
182.05799078941345,66.04974365234375
182.08556199073792,66.2043342590332
182.11214184761047,66.23091506958008
182.14350700378418,66.64520263671875
182.17279028892517,66.59934997558594
182.2012279033661,66.27117538452148
182.230366230011,66.13359069824219
182.25699877738953,66.26823043823242
182.2881441116333,66.47026824951172
182.31804394721985,65.92381286621094
182.34698867797852,65.86289978027344
182.3733983039856,66.09499740600586
182.40117979049683,65.94736862182617
182.43209719657898,66.21478652954102
182.4625072479248,66.09675216674805
182.4891574382782,66.15821075439453
182.51615476608276,65.97972869873047
182.54276371002197,66.54251861572266
182.5684208869934,66.39557266235352
182.59927201271057,66.43269348144531
182.6288080215454,66.16712951660156
182.65649604797363,66.37528991699219
182.6838071346283,66.28896713256836
182.71078729629517,66.28448867797852
182.74158787727356,66.18635559082031
182.76975560188293,65.90716552734375
182.79864287376404,65.94447708129883
182.8245348930359,65.89078521728516
182.85192465782166,65.87835311889648
182.8827223777771,66.05370330810547
182.91356754302979,65.99944305419922
182.94426035881042,66.02162170410156
182.97228980064392,66.54144287109375
183.00003361701965,66.69020462036133
183.02690410614014,66.9261245727539
183.05618333816528,66.671875
183.08472084999084,66.52874374389648
183.11359071731567,66.26717758178711
183.14290809631348,65.62160873413086
183.17293310165405,66.12557601928711
183.20112586021423,65.94970703125
183.22784090042114,66.18423080444336
183.25644850730896,66.24565124511719
183.28646993637085,66.50651931762695
183.31418681144714,66.64541244506836
183.34080266952515,66.63286209106445
183.36879658699036,65.95920944213867
183.3985641002655,66.14680099487305
183.426691532135,66.08063888549805
183.45443630218506,66.41405868530273
183.4819085597992,66.49575805664062
183.50985383987427,66.44147109985352
183.53878688812256,66.57246780395508
183.5681779384613,66.26026153564453
183.59425616264343,66.44792175292969
183.62158131599426,66.24007797241211
183.64995002746582,65.68593978881836
183.67659068107605,66.09009170532227
183.70378613471985,66.28482818603516
183.73074769973755,65.986328125
183.75911402702332,66.20879364013672
183.78792428970337,66.06304550170898
183.81706357002258,66.0384635925293
183.8458604812622,66.54935836791992
183.8742654323578,66.32320785522461
183.90331864356995,66.4725227355957
183.93039798736572,66.84408569335938
183.95644354820251,66.37948989868164
183.98252201080322,66.63626480102539
184.01168870925903,66.21765518188477
184.03916716575623,66.16696548461914
184.06830430030823,66.42200088500977
184.09567189216614,66.23039245605469
184.12353706359863,65.83668899536133
184.15123224258423,66.0521125793457
184.17821764945984,66.35625076293945
184.20838165283203,66.62754440307617
184.23768973350525,66.1284065246582
184.26700401306152,66.48301315307617
184.2958312034607,66.4640121459961
184.32633638381958,66.42546844482422
184.3542549610138,66.15888977050781
184.38255429267883,66.50394439697266
184.41321444511414,66.29808807373047
184.44076871871948,66.12019729614258
184.46749210357666,66.14834213256836
184.49278497695923,66.44820022583008
184.52107310295105,66.20441818237305
184.54932761192322,66.4142951965332
184.5824053287506,66.25696563720703
184.6108796596527,66.39906692504883
184.6430356502533,66.92181777954102
184.67237305641174,67.17378997802734
184.70308780670166,67.00349044799805
184.7303183078766,67.0372085571289
184.75801301002502,66.94139862060547
184.7853503227234,66.98315811157227
184.81382703781128,66.80228424072266
184.84251880645752,66.50997161865234
184.87298107147217,66.89705276489258
184.90137147903442,66.64886856079102
184.93124914169312,66.6919059753418
184.96223998069763,66.72809982299805
184.99094438552856,66.34680557250977
185.02037239074707,66.43330764770508
185.0459976196289,66.34012603759766
185.07419323921204,66.58861923217773
185.09917402267456,66.57184982299805
185.12586617469788,66.5438461303711
185.15120553970337,66.57433319091797
185.17649793624878,66.99660873413086
185.20194816589355,67.23067092895508
185.22956228256226,66.88276290893555
185.25487995147705,66.83969497680664
185.28146195411682,66.7248306274414
185.31003141403198,66.90567016601562
185.3392083644867,66.71882629394531
185.36434125900269,66.49139022827148
185.38816380500793,66.73834991455078
185.41650867462158,66.69725036621094
185.4429268836975,66.66757583618164
185.47042298316956,66.86044692993164
185.49714756011963,66.80802536010742
185.52277851104736,66.81668472290039
185.55111169815063,66.33276748657227
185.5841999053955,66.0024528503418
185.6103961467743,66.02299118041992
185.63680410385132,66.33612823486328
185.66332983970642,66.20798873901367
185.68934226036072,66.05590438842773
185.7164671421051,66.08401107788086
185.74318766593933,66.1188735961914
185.770925283432,66.22318267822266
185.79780220985413,66.40060424804688
185.83143854141235,66.46878051757812
185.8586287498474,66.68582153320312
185.8866674900055,66.58494567871094
185.91380834579468,67.11113739013672
185.93958139419556,67.31603622436523
185.96535754203796,67.50139999389648
185.99229049682617,67.41617584228516
186.01793217658997,67.44520950317383
186.04430747032166,67.40916061401367
186.06904006004333,67.56695938110352
186.10256004333496,66.80609130859375
186.13061952590942,66.71513366699219
186.15654397010803,66.60419845581055
186.18254733085632,66.68645858764648
186.20793771743774,66.98075103759766
186.23583316802979,66.98330307006836
186.2627716064453,67.27175903320312
186.2894287109375,67.55467987060547
186.3167314529419,67.70132446289062
186.34469962120056,67.6391716003418
186.37354636192322,67.3563346862793
186.4012439250946,67.14897918701172
186.4265160560608,66.9736328125
186.45046401023865,67.06396484375
186.47639989852905,67.29854965209961
186.50188422203064,67.50578308105469
186.5285120010376,67.29103469848633
186.55500888824463,67.3635139465332
186.58176064491272,67.54122543334961
186.60612654685974,67.26003646850586
186.63387608528137,67.6141242980957
186.6612684726715,68.15763473510742
186.69160437583923,67.89601135253906
186.72083473205566,67.91678237915039
186.7498848438263,67.87920379638672
186.77695059776306,67.86400985717773
186.80552220344543,67.84891510009766
186.83311772346497,67.74823760986328
186.85840821266174,67.81742858886719
186.88911509513855,67.63456726074219
186.91698694229126,68.21288681030273
186.94384574890137,68.35951614379883
186.97097992897034,68.04804611206055
187.00239968299866,67.92140197753906
187.032084941864,67.47988510131836
187.0606586933136,66.9857063293457
187.08906245231628,66.81026840209961
187.11488318443298,67.1131477355957
187.14076924324036,67.16120147705078
187.16886401176453,67.5117416381836
187.19615578651428,67.78592300415039
187.22484970092773,67.47671508789062
187.255939245224,66.3486328125
187.2846748828888,66.37176132202148
187.3132529258728,66.42342758178711
187.3461458683014,66.58712387084961
187.3737678527832,66.08972549438477
187.4008162021637,65.75820541381836
187.4283857345581,66.35740661621094
187.4573962688446,66.32247161865234
187.48635601997375,66.039794921875
187.51451086997986,65.84769058227539
187.54266047477722,66.16755676269531
187.5683777332306,66.54137802124023
187.59695649147034,66.7278823852539
187.62534427642822,67.33378982543945
187.654479265213,66.85549926757812
187.68376755714417,66.73974609375
187.71193933486938,66.52746200561523
187.742018699646,66.43335723876953
187.7704358100891,66.32672119140625
187.7972173690796,66.50027465820312
187.82568383216858,66.45758056640625
187.85402846336365,66.58432006835938
187.8812711238861,66.31845474243164
187.90790939331055,66.6468505859375
187.93657064437866,66.8812026977539
187.9649555683136,67.28994750976562
187.99250149726868,67.31691360473633
188.02074575424194,67.12611389160156
188.04803490638733,67.28496170043945
188.07403993606567,67.18927383422852
188.10082411766052,67.77785110473633
188.1292176246643,67.1533088684082
188.1591830253601,67.27500915527344
188.18834137916565,67.3653678894043
188.21774172782898,67.0519790649414
188.24501204490662,67.03843688964844
188.27448272705078,66.72830963134766
188.30235242843628,67.21399688720703
188.33095145225525,67.38978576660156
188.35768032073975,67.63469696044922
188.38832426071167,66.49973678588867
188.41569089889526,66.85396957397461
188.44287824630737,67.39164733886719
188.46938824653625,67.4947280883789
188.49928164482117,67.15190887451172
188.5275902748108,66.99320220947266
188.55635285377502,67.3763427734375
188.58606719970703,67.50839233398438
188.614413022995,67.08572006225586
188.64412188529968,66.98556900024414
188.6720712184906,66.76465225219727
188.7012403011322,66.66737747192383
188.72958278656006,67.28745651245117
188.7586407661438,67.04701232910156
188.78643131256104,66.81314468383789
188.81822180747986,67.1799545288086
188.84628748893738,67.00936889648438
188.87522530555725,66.78942108154297
188.90326142311096,66.21967315673828
188.93346095085144,66.24629974365234
188.95919346809387,66.3708610534668
188.98351311683655,66.27743911743164
189.01269793510437,65.9830093383789
189.0405900478363,65.95079040527344
189.06687545776367,66.106201171875
189.09294724464417,66.5247802734375
189.1212763786316,66.67518997192383
189.150235414505,66.64569091796875
189.17839813232422,66.86354064941406
189.20512199401855,66.99967956542969
189.23124599456787,67.00718688964844
189.2593867778778,67.31078338623047
189.28727221488953,67.68743896484375
189.3127543926239,67.38423538208008
189.33927965164185,66.94781875610352
189.36478352546692,66.9377326965332
189.39066648483276,66.993896484375
189.4170844554901,66.23248291015625
189.44433307647705,65.77884674072266
189.4703767299652,65.7877311706543
189.49905729293823,66.59322738647461
189.52624988555908,66.67500305175781
189.55184268951416,66.70195770263672
189.57954049110413,66.25193786621094
189.60579633712769,66.3662223815918
189.63480520248413,66.0771484375
189.66294956207275,66.0004653930664
189.6871223449707,65.99175643920898
189.71199750900269,65.8423843383789
189.7376675605774,66.3354606628418
189.76525902748108,66.16322708129883
189.79205870628357,65.92412185668945
189.81935214996338,66.15816116333008
189.84465861320496,66.85696792602539
189.87065815925598,67.17353820800781
189.89614033699036,66.86591720581055
189.92254543304443,67.48670959472656
189.94891166687012,67.42889022827148
189.97659373283386,67.11504745483398
190.00801753997803,67.25096893310547
190.03682708740234,67.57271194458008
190.0637710094452,66.42810821533203
190.0887463092804,66.48365783691406
190.11562609672546,66.64262390136719
190.14395713806152,66.96585464477539
190.17220783233643,67.04386901855469
190.20267343521118,67.1937141418457
190.23264718055725,67.06000137329102
190.25875782966614,67.22409439086914
190.28497505187988,67.45941925048828
190.312922000885,67.95817947387695
190.34030485153198,67.67196655273438
190.36568975448608,67.94572448730469
190.3924903869629,68.32131958007812
190.41683673858643,68.42614364624023
190.44139409065247,68.76145935058594
190.46886444091797,68.43126678466797
190.4939727783203,68.37632751464844
190.52011442184448,67.90087127685547
190.54815483093262,68.06773376464844
190.57522869110107,68.00532150268555
190.60148882865906,68.04015731811523
190.62869358062744,68.18402481079102
190.6544373035431,68.41421890258789
190.68233108520508,68.16548156738281
190.71020007133484,68.7190055847168
190.7417562007904,68.18354797363281
190.7666676044464,67.97077560424805
190.7937262058258,66.56420135498047
190.81890082359314,67.10559844970703
190.84473037719727,67.0283203125
190.8721694946289,66.94913101196289
190.89905667304993,67.0969009399414
190.92480492591858,66.77214431762695
190.95086908340454,66.77667236328125
190.9767711162567,66.8758316040039
191.00275087356567,66.70791244506836
191.03042840957642,66.28161239624023
191.05498909950256,66.73256301879883
191.0846185684204,66.73337936401367
191.11290621757507,66.96866989135742
191.14027953147888,67.25110626220703
191.1682093143463,67.0776138305664
191.20161485671997,65.18775177001953
191.2298994064331,64.4773063659668
191.25651669502258,64.5135726928711
191.28257536888123,64.5153579711914
191.3075020313263,63.642032623291016
191.33335423469543,64.13003921508789
191.36165761947632,64.51598358154297
191.38874578475952,64.94821548461914
191.4154806137085,65.29520034790039
191.44225358963013,65.33094024658203
191.46885108947754,65.73732376098633
191.4951503276825,65.54211807250977
191.52045845985413,65.65580749511719
191.54651498794556,65.98895263671875
191.57218050956726,65.99600219726562
191.59912157058716,66.1941146850586
191.62486624717712,65.9805908203125
191.65121173858643,66.36708450317383
191.67723178863525,65.76091003417969
191.7044541835785,65.78445434570312
191.72905278205872,65.3841438293457
191.75557589530945,65.68835830688477
191.78095030784607,65.84769439697266
191.80685186386108,66.12255477905273
191.83322715759277,66.22334289550781
191.8612675666809,65.64974594116211
191.8876473903656,65.99082946777344
191.9138867855072,66.1673583984375
191.94090819358826,65.87868881225586
191.96617555618286,66.34285354614258
191.991064786911,66.78036880493164
192.02000665664673,66.12983703613281
192.04619193077087,65.86903381347656
192.07231211662292,66.06903839111328
192.09843826293945,64.9304313659668
192.12444877624512,65.23193359375
192.15122389793396,65.27275848388672
192.17566776275635,65.34093475341797
192.20100331306458,65.14259719848633
192.22538471221924,64.7544059753418
192.25319504737854,65.02340316772461
192.2782769203186,62.97493362426758
192.30340671539307,61.80107498168945
192.33022475242615,62.14070510864258
192.3572359085083,60.23166275024414
192.38220143318176,60.56059265136719
192.40977001190186,60.81003952026367
192.4364776611328,60.9201545715332
192.46258068084717,60.9272575378418
192.48898577690125,60.1693229675293
192.51564478874207,60.375579833984375
192.5426380634308,60.05974578857422
192.56893157958984,60.19660186767578
192.59532856941223,60.14363479614258
192.62229681015015,59.735328674316406
192.65311670303345,59.20838928222656
192.68284678459167,58.873104095458984
192.70921683311462,58.88530349731445
192.73508548736572,56.0943603515625
192.7598099708557,55.29099655151367
192.78410840034485,55.047733306884766
192.80956411361694,55.07455062866211
192.8345606327057,55.289146423339844
192.860333442688,55.16583251953125
192.8876554965973,55.220584869384766
192.91249704360962,55.06073760986328
192.93775939941406,55.091426849365234
192.9623818397522,55.14554977416992
192.9884443283081,55.35835647583008
193.01335668563843,55.40082550048828
193.04064345359802,55.52142333984375
193.06764125823975,55.80852127075195
193.09517216682434,55.85495376586914
193.12103176116943,55.919227600097656
193.15188145637512,56.05284118652344
193.1773817539215,56.42570114135742
193.2040798664093,55.78982162475586
193.22925758361816,55.91923522949219
193.25911378860474,55.15855026245117
193.28522181510925,54.83808898925781
193.31115651130676,54.745418548583984
193.33739495277405,54.06117630004883
193.36697578430176,54.185585021972656
193.3935878276825,53.40248107910156
193.41777873039246,53.2279167175293
193.44515228271484,53.169761657714844
193.46950674057007,53.56671142578125
193.49476075172424,53.472389221191406
193.52111983299255,53.5538215637207
193.5477273464203,53.74247741699219
193.57437682151794,53.630165100097656
193.59894108772278,52.90458297729492
193.62617945671082,52.97177505493164
193.65004897117615,53.169490814208984
193.67541217803955,53.30348587036133
193.7011411190033,53.103248596191406
193.72647166252136,52.23447036743164
193.75188446044922,52.52314376831055
193.77753400802612,52.241127014160156
193.803569316864,52.2215576171875
193.8292031288147,52.319087982177734
193.85518741607666,52.6134033203125
193.8844497203827,52.687015533447266
193.9116988182068,52.6309928894043
193.9413342475891,49.795204162597656
193.96949863433838,49.75220489501953
193.99609637260437,49.6519889831543
194.02377653121948,49.58795166015625
194.04894471168518,49.63521957397461
194.073872089386,49.61507034301758
194.10163259506226,49.79536056518555
194.12916207313538,49.682029724121094
194.15638518333435,49.52531433105469
194.18304228782654,49.28151321411133
194.21143531799316,49.28638458251953
194.24063992500305,49.214603424072266
194.26845502853394,49.34348678588867
194.29673051834106,49.370243072509766
194.32338333129883,49.39755630493164
194.34959435462952,49.480369567871094
194.37636995315552,49.56470489501953
194.40441489219666,49.42771911621094
194.42949271202087,49.47853088378906
194.45597672462463,49.579952239990234
194.4851589202881,49.51836013793945
194.5108287334442,49.27573776245117
194.53885746002197,49.31595993041992
194.56405115127563,49.46831130981445
194.59160590171814,49.426414489746094
194.6184675693512,49.39467239379883
194.6448483467102,49.35280227661133
194.67241549491882,49.31869888305664
194.69816946983337,49.29351043701172
194.72674918174744,49.33935546875
194.75626516342163,49.23850631713867
194.78496026992798,49.06147384643555
194.81021642684937,49.190242767333984
194.8382806777954,49.381473541259766
194.865136384964,49.42534255981445
194.89084362983704,49.37287521362305
194.91636657714844,49.28281021118164
194.94378972053528,49.244422912597656
194.96969270706177,49.385372161865234
194.9961497783661,49.2349853515625
195.02129125595093,49.35826873779297
195.0482542514801,49.43260192871094
195.0745325088501,49.53520965576172
195.10210394859314,49.3508415222168
195.1287715435028,49.132137298583984
195.1573452949524,49.29117202758789
195.1814398765564,49.440425872802734
195.20694828033447,49.48870849609375
195.23503422737122,49.195640563964844
195.2634356021881,49.28253936767578
195.28794527053833,49.14984130859375
195.31305193901062,49.219818115234375
195.33844423294067,49.13741683959961
195.3666353225708,49.063926696777344
195.3915355205536,48.789817810058594
195.41832184791565,48.48027420043945
195.4458465576172,48.36714172363281
195.47344827651978,48.577552795410156
195.50076818466187,48.72179412841797
195.52830743789673,48.691280364990234
195.5553538799286,48.47732162475586
195.58197689056396,48.422245025634766
195.60810470581055,48.3619499206543
195.63811564445496,48.413639068603516
195.666033744812,48.242034912109375
195.6922106742859,48.19123077392578
195.7193009853363,48.16135787963867
195.74397349357605,48.220035552978516
195.7690625190735,48.166664123535156
195.79920268058777,48.18857192993164
195.8254497051239,48.332969665527344
195.84999251365662,48.405181884765625
195.87504196166992,48.178096771240234
195.90116691589355,47.975364685058594
195.92608213424683,47.98854446411133
195.95538854599,48.180259704589844
195.98007917404175,48.12078857421875
196.00681042671204,47.94649887084961
196.03276586532593,48.07633590698242
196.06056261062622,48.1642951965332
196.08615136146545,48.235618591308594
196.11266112327576,48.41225051879883
196.14197516441345,48.3623046875
196.17167806625366,48.1309928894043
196.197448015213,48.11570739746094
196.2214012145996,48.0860481262207
196.24866557121277,47.669944763183594
196.27457427978516,47.85525894165039
196.30157089233398,47.92087936401367
196.3287477493286,47.738136291503906
196.35762333869934,47.75798034667969
196.3835573196411,47.7692756652832
196.40814924240112,47.737979888916016
196.4343843460083,47.63607406616211
196.46118116378784,47.85746383666992
196.48807907104492,47.732704162597656
196.51490449905396,47.83363723754883
196.54277062416077,47.39804458618164
196.5696985721588,46.87394714355469
196.59676265716553,46.830322265625
196.6233036518097,46.985984802246094
196.6570429801941,46.817073822021484
196.6832206249237,46.830047607421875
196.70932579040527,46.92630386352539
196.734938621521,47.01543045043945
196.76161670684814,47.102840423583984
196.7878611087799,47.002681732177734
196.81833362579346,46.74844741821289
196.84376907348633,46.708045959472656
196.87104511260986,46.79288101196289
196.89953088760376,46.82753372192383
196.92757439613342,46.56964111328125
196.9568736553192,46.1373176574707
196.9851040840149,45.955055236816406
197.0123302936554,45.71199417114258
197.04600024223328,45.18797302246094
197.0711374282837,45.22544479370117
197.09706902503967,45.039676666259766
197.12456917762756,45.09755325317383
197.14721155166626,45.25238037109375
197.17943668365479,45.08490753173828
197.20662379264832,45.21030044555664
197.23511505126953,45.34672546386719
197.26189470291138,45.36946105957031
197.2876489162445,45.20654296875
197.32360363006592,45.07307434082031
197.3511118888855,45.31780242919922
197.37737011909485,45.34901809692383
197.40475344657898,45.411231994628906
197.430766582489,45.43811798095703
197.4568920135498,45.50425720214844
197.48418593406677,45.44224166870117
197.51383209228516,45.206783294677734
197.54090285301208,45.27800369262695
197.56951642036438,45.37948989868164
197.59835052490234,45.231300354003906
197.62603425979614,45.44874954223633
197.6544361114502,45.373146057128906
197.68186855316162,45.54265213012695
197.70996809005737,45.69495391845703
197.73834323883057,45.57387161254883
197.7654585838318,45.75764083862305
197.80853414535522,45.316383361816406
197.84267783164978,44.969608306884766
197.872234582901,45.0444221496582
197.9063160419464,44.945701599121094
197.93966603279114,44.85618591308594
197.9689018726349,44.86747741699219
197.9979977607727,44.75893783569336
198.026305437088,44.9160270690918
198.05324125289917,44.98075866699219
198.0826690196991,44.440032958984375
198.10974216461182,44.14875793457031
198.1376678943634,44.166812896728516
198.1719069480896,44.35462951660156
198.1986916065216,44.36713409423828
198.2287621498108,44.28761672973633
198.25736904144287,44.40517044067383
198.2844536304474,44.39065933227539
198.3107397556305,44.4499626159668
198.3383560180664,44.44058609008789
198.3688714504242,44.50305938720703
198.3973033428192,44.449092864990234
198.42392659187317,44.55466842651367
198.45318913459778,44.43616485595703
198.48509049415588,44.81255340576172
198.5165364742279,45.0577278137207
198.5493869781494,44.78647232055664
198.5789201259613,44.68250274658203
198.60696744918823,44.95108413696289
198.6371726989746,44.69176483154297
198.66715669631958,44.57679748535156
198.69755148887634,44.44672393798828
198.7259647846222,44.67350769042969
198.75597286224365,44.561241149902344
198.784353017807,44.7079963684082
198.81207466125488,44.809818267822266
198.8404507637024,44.96458435058594
198.86876344680786,44.98556900024414
198.89633345603943,45.03671646118164
198.9247329235077,44.90571975708008
198.9523425102234,45.12118148803711
198.98226714134216,45.22683334350586
199.00938415527344,45.06412887573242
199.04224729537964,44.966121673583984
199.0727460384369,44.83946228027344
199.1037290096283,45.033729553222656
199.13251090049744,45.121768951416016
199.1607792377472,45.11798858642578
199.18826031684875,45.10438537597656
199.2156858444214,44.806129455566406
199.24330639839172,44.960655212402344
199.26972603797913,45.08372116088867
199.30097270011902,45.362403869628906
199.3304238319397,45.51183319091797
199.35964441299438,45.532596588134766
199.38697719573975,45.560813903808594
199.4151644706726,45.424930572509766
199.44411778450012,45.345394134521484
199.47303128242493,45.303245544433594
199.50313115119934,45.28257369995117
199.53137063980103,45.2124137878418
199.559246301651,44.95077896118164
199.5879008769989,44.869686126708984
199.61476349830627,44.82369613647461
199.64377307891846,44.97843933105469
199.675861120224,44.96491622924805
199.7023811340332,44.99846267700195
199.7302508354187,44.93101119995117
199.75900673866272,45.2237434387207
199.78663396835327,45.397884368896484
199.81452775001526,45.37322998046875
199.84205555915833,45.2545051574707
199.87172937393188,44.43341827392578
199.90030527114868,44.39887237548828
199.9276843070984,44.19300842285156
199.95630621910095,44.31966018676758
199.98454594612122,44.42835235595703
200.01485776901245,44.366722106933594
200.04348421096802,44.425350189208984
200.07137513160706,44.52851867675781
200.09956979751587,44.53382873535156
200.1288959980011,44.83668899536133
200.15855598449707,44.888771057128906
200.18629574775696,45.14821243286133
200.21490931510925,44.89845275878906
200.24494528770447,44.736148834228516
200.27517175674438,44.71611404418945
200.3053801059723,44.0555305480957
200.33474469184875,43.4807014465332
200.36368227005005,43.779449462890625
200.39419674873352,44.17527770996094
200.4221773147583,43.88407516479492
200.44940638542175,43.7830696105957
200.47741222381592,44.12317657470703
200.50576424598694,44.25101089477539
200.5349235534668,44.29911422729492
200.5652997493744,44.659812927246094
200.59468960762024,44.84162902832031
200.6227581501007,44.915740966796875
200.6496980190277,45.17564010620117
200.67804145812988,44.603492736816406
200.71399641036987,44.40755844116211
200.74951553344727,44.413150787353516
200.77736592292786,44.68745040893555
200.80656671524048,44.845909118652344
200.83688712120056,44.21589660644531
200.8628168106079,42.892616271972656
200.88973784446716,42.97540283203125
200.9152660369873,42.99634552001953
200.94140434265137,43.32101821899414
200.9707727432251,43.24909591674805
201.00164699554443,42.88137435913086
201.0299413204193,42.25989532470703
201.05862259864807,42.34901809692383
201.08707118034363,42.46748352050781
201.1161594390869,42.580162048339844
201.14738249778748,42.546146392822266
201.17563271522522,42.74818420410156
201.2052927017212,42.44178009033203
201.23619318008423,42.450992584228516
201.26177287101746,41.107181549072266
201.28859162330627,41.41175079345703
201.31598258018494,40.946537017822266
201.33825778961182,40.67019271850586
201.3624370098114,40.46989440917969
201.38643741607666,40.220680236816406
201.40990471839905,39.8828010559082
201.4344081878662,40.01725387573242
201.45657324790955,39.662052154541016
201.47745394706726,39.849403381347656
201.49966478347778,39.73525619506836
201.52141165733337,39.791168212890625
201.54418921470642,39.32857894897461
201.56707048416138,39.54669952392578
201.59210228919983,39.64021301269531
201.62254548072815,39.9472541809082
201.6482059955597,39.86857604980469
201.67603969573975,39.47628402709961
201.70017862319946,39.113792419433594
201.72740697860718,38.966758728027344
201.75248908996582,39.16517639160156
201.78056812286377,39.52034378051758
201.81060099601746,39.67303466796875
201.83818554878235,39.876220703125
201.86983251571655,40.22559356689453
201.89673042297363,40.596500396728516
201.92885279655457,40.680519104003906
201.956223487854,39.85796356201172
201.98254251480103,39.93347930908203
202.0139467716217,40.061309814453125
202.0511438846588,39.51856231689453
202.08046770095825,39.202667236328125
202.11131834983826,39.449012756347656
202.14404559135437,39.63941192626953
202.17415046691895,39.58187484741211
202.20828580856323,39.11180114746094
202.24146342277527,38.22267532348633
202.27259016036987,38.08526611328125
202.29863381385803,38.288368225097656
202.328355550766,37.789085388183594
202.35822772979736,37.32508850097656
202.38824129104614,37.05141830444336
202.41842555999756,37.44954299926758
202.44880533218384,37.19735336303711
202.48193764686584,37.14152908325195
202.51067209243774,37.09437942504883
202.53993892669678,37.32245635986328
202.57131028175354,37.512413024902344
202.60345888137817,36.6934700012207
202.63386845588684,36.71513748168945
202.66075944900513,36.82866287231445
202.693585395813,37.15537643432617
202.7230668067932,37.06620788574219
202.75703048706055,37.18227767944336
202.78835248947144,36.741905212402344
202.82042694091797,36.62260437011719
202.85078024864197,36.792030334472656
202.88238143920898,37.14384841918945
202.91352319717407,37.34089279174805
202.9452259540558,37.54761505126953
202.9791648387909,37.533145904541016
203.00828289985657,37.72529983520508
203.03849601745605,37.892547607421875
203.06781768798828,37.36176300048828
203.0961754322052,36.12663650512695
203.12116885185242,36.34883117675781
203.14463758468628,35.81587600708008
203.168110370636,36.08772659301758
203.19067764282227,35.43742752075195
203.21433877944946,35.65835189819336
203.23867535591125,35.850990295410156
203.26216673851013,35.538002014160156
203.28559470176697,35.98746109008789
203.30939745903015,35.25358963012695
203.33214449882507,34.084312438964844
203.35449981689453,33.27587890625
203.37704157829285,32.90534210205078
203.3994643688202,33.31403732299805
203.42200422286987,33.43484878540039
203.44396567344666,32.33107376098633
203.46623730659485,31.734691619873047
203.4875156879425,30.078060150146484
203.50794553756714,29.647899627685547
203.52733278274536,29.104995727539062
203.5466549396515,29.52922821044922
203.56593942642212,29.514942169189453
203.5851607322693,29.491512298583984
203.60426115989685,29.22702407836914
203.6235113143921,28.913414001464844
203.64272332191467,29.182598114013672
203.66204500198364,29.19561767578125
203.68151569366455,28.545089721679688
203.7007920742035,27.692626953125
203.72008538246155,27.87264633178711
203.73933863639832,27.874862670898438
203.75856852531433,27.985095977783203
203.77783298492432,28.146289825439453
203.79703760147095,28.198997497558594
203.81644248962402,28.34893035888672
203.83578848838806,28.490966796875
203.8550066947937,28.693756103515625
203.8741855621338,28.742050170898438
203.89338374137878,28.138427734375
203.91262483596802,28.261791229248047
203.93221735954285,28.227401733398438
203.95138502120972,27.34978485107422
203.97059178352356,27.395824432373047
203.98974871635437,27.502113342285156
204.00899386405945,27.607627868652344
204.0281286239624,27.603660583496094
204.04763650894165,27.614437103271484
204.06680274009705,27.571552276611328
204.08605933189392,27.66802978515625
204.10524940490723,27.678146362304688
204.12484288215637,27.801956176757812
204.1440405845642,27.916400909423828
204.16322565078735,28.12952423095703
204.18245649337769,28.031906127929688
204.20192432403564,28.061294555664062
204.2213852405548,27.735614776611328
204.24088501930237,27.436710357666016
204.26025223731995,27.356075286865234
204.27959752082825,27.519424438476562
204.2992398738861,27.493289947509766
204.31843662261963,27.560962677001953
204.3377125263214,26.904937744140625
204.35689043998718,27.02988052368164
204.37624144554138,26.815963745117188
204.39542651176453,26.933921813964844
204.4146213531494,26.964046478271484
204.4338161945343,27.022796630859375
204.45296907424927,27.165908813476562
204.47255516052246,27.189437866210938
204.4917380809784,27.173664093017578
204.51097464561462,27.26067352294922
204.5301489830017,26.617008209228516
204.54932832717896,26.659378051757812
204.56850385665894,26.330982208251953
204.58765864372253,26.148334503173828
204.60681319236755,26.056934356689453
204.6259686946869,26.0552978515625
204.64521956443787,26.073261260986328
204.66440653800964,26.07940673828125
204.68358850479126,26.197086334228516
204.70322847366333,26.305431365966797
204.72245526313782,26.285160064697266
204.7416126728058,26.369094848632812
204.76082706451416,25.72405242919922
204.77998638153076,25.735355377197266
204.7992069721222,25.048664093017578
204.81877994537354,25.06353759765625
204.8379888534546,24.933650970458984
204.85721468925476,24.932228088378906
204.8763701915741,24.99706268310547
204.89559149742126,24.980609893798828
204.9146866798401,24.976306915283203
204.93383717536926,25.000381469726562
204.9530165195465,24.887142181396484
204.97218775749207,25.00567626953125
204.9917712211609,24.965564727783203
205.0109522342682,24.964523315429688
205.0301113128662,24.99231719970703
205.0492615699768,24.91814422607422
205.06841921806335,25.004039764404297
205.0875747203827,24.936931610107422
205.106787443161,24.861202239990234
205.12595796585083,24.90021514892578
205.14510369300842,24.839088439941406
205.16429257392883,24.856719970703125
205.1834876537323,24.846893310546875
205.20262265205383,24.657142639160156
205.22180318832397,24.770950317382812
205.2411961555481,24.743385314941406
205.26031827926636,24.647506713867188
205.27952027320862,24.50365447998047
205.29881381988525,24.372352600097656
205.31813955307007,24.41808319091797
205.33723092079163,24.402420043945312
205.35633325576782,24.39574432373047
205.37546682357788,24.402164459228516
205.3946075439453,24.418067932128906
205.41391348838806,24.337425231933594
205.43322610855103,24.293853759765625
205.45366191864014,24.24036407470703
205.47385048866272,24.17699432373047
205.49388360977173,24.22338104248047
205.51365876197815,24.168670654296875
205.53334522247314,23.982101440429688
205.55288767814636,23.95315933227539
205.5723204612732,23.96489715576172
205.5915982723236,23.86294174194336
205.61079597473145,23.874897003173828
205.62994050979614,23.884807586669922
205.6490399837494,23.820823669433594
205.66817951202393,23.724735260009766
205.68766117095947,23.77838134765625
205.70628356933594,23.719871520996094
205.72377061843872,23.757190704345703
205.7412223815918,23.759136199951172
205.75845217704773,23.740371704101562
205.77572655677795,23.77545166015625
205.79301071166992,23.743976593017578
205.8119559288025,23.776031494140625
205.8309292793274,23.773887634277344
205.84991765022278,23.7255859375
205.86882710456848,23.756004333496094
205.88777017593384,23.748149871826172
205.9070143699646,23.763935089111328
205.92602229118347,23.735794067382812
205.9449441432953,23.754165649414062
205.96383571624756,23.841861724853516
205.98279333114624,23.89441680908203
206.00174355506897,23.784931182861328
206.02064394950867,23.817920684814453
206.03955340385437,23.7955322265625
206.0585334300995,23.800071716308594
206.07743048667908,23.914260864257812
206.09630918502808,23.30474853515625
206.11530661582947,23.304840087890625
206.1342911720276,22.62978744506836
206.15327167510986,22.629962921142578
206.17222571372986,22.442108154296875
206.19110679626465,22.29497528076172
206.21005034446716,22.295013427734375
206.22902917861938,22.295047760009766
206.24795579910278,22.295093536376953
206.26690196990967,22.29511260986328
206.28582668304443,22.295166015625
206.30474543571472,22.29540252685547
206.32376217842102,22.304611206054688
206.34270930290222,22.305347442626953
206.36165857315063,22.305362701416016
206.3805754184723,22.198139190673828
206.39954161643982,22.19381332397461
206.41843700408936,22.193851470947266
206.43740797042847,22.19387435913086
206.45635986328125,22.0821533203125
206.47528266906738,22.08237075805664
206.49423122406006,22.082427978515625
206.5132031440735,21.970951080322266
206.53207421302795,21.970993041992188
206.55096673965454,21.971027374267578
206.569890499115,21.97104263305664
206.58883213996887,21.971256256103516
206.6077733039856,21.971336364746094
206.62673163414001,21.748088836669922
206.64563584327698,21.748104095458984
206.66461157798767,21.748130798339844
206.68353581428528,21.748252868652344
206.70249032974243,21.74826431274414
206.72147059440613,21.74868392944336
206.74036240577698,21.748714447021484
206.75928354263306,21.748882293701172
206.77819919586182,21.748897552490234
206.79728889465332,21.748943328857422
206.8164644241333,21.52587127685547
206.83536744117737,21.525657653808594
206.85432648658752,21.525684356689453
206.87325930595398,21.525917053222656
206.89213824272156,21.525943756103516
206.9110631942749,21.525970458984375
206.92997479438782,21.52599334716797
206.94892048835754,21.5260009765625
206.96781086921692,21.526020050048828
206.98675966262817,21.52606201171875
207.00561356544495,21.5262451171875
207.02484774589539,21.526268005371094
207.04371213912964,21.526287078857422
207.06260871887207,21.526371002197266
207.08160281181335,21.526504516601562
207.10049772262573,21.52661895751953
207.11934447288513,21.52664566040039
207.13839173316956,21.303707122802734
207.1572916507721,21.303470611572266
207.17618942260742,21.191726684570312
207.1950843334198,21.191951751708984
207.21395111083984,21.19196319580078
207.23284912109375,21.19198226928711
207.2503526210785,21.117759704589844
207.26792740821838,21.08065414428711
207.28513550758362,21.080673217773438
207.30247163772583,21.080692291259766
207.31973361968994,21.080718994140625
207.33721160888672,20.968990325927734
207.35453581809998,20.969097137451172
207.37196516990662,20.9691162109375
207.38921928405762,20.969127655029297
207.40654635429382,20.969131469726562
207.42380356788635,20.96914291381836
207.4410572052002,20.96916961669922
207.4584457874298,20.96918487548828
207.47562336921692,20.969188690185547
207.49284315109253,20.969192504882812
207.51178884506226,20.96921157836914
207.5295810699463,20.857940673828125
207.54721522331238,20.857952117919922
207.56480813026428,20.746273040771484
207.5824704170227,20.45653533935547
207.60027050971985,20.299457550048828
207.61799359321594,20.299461364746094
207.63579201698303,20.187835693359375
207.65406155586243,20.18783950805664
207.6721110343933,20.076122283935547
207.69024205207825,19.964458465576172
207.70873188972473,19.9644775390625
207.7272310256958,19.9644775390625
207.74587535858154,19.888347625732422
207.76459336280823,19.852764129638672
207.78352665901184,19.852783203125
207.80268621444702,19.852787017822266
207.82191467285156,19.741153717041016
207.84135007858276,19.74115753173828
207.86111330986023,19.629657745361328
207.88095331192017,19.629413604736328
207.90102553367615,19.62942123413086
207.92145705223083,19.629436492919922
207.9422092437744,19.629444122314453
207.96332168579102,19.62946319580078
207.98483180999756,19.59048080444336
208.0069682598114,19.517765045166016
208.02916145324707,19.406085968017578
208.05171990394592,19.331932067871094
208.07463097572327,19.29444122314453
208.0975625514984,19.182849884033203
208.12054824829102,19.182857513427734
208.14346408843994,19.182857513427734
208.16636872291565,19.182872772216797
208.1892318725586,19.182880401611328
208.21217942237854,19.182891845703125
208.23513650894165,19.071624755859375
208.25819873809814,19.07137680053711
208.28111100196838,18.96001434326172
208.3040783405304,18.84811782836914
208.32701325416565,18.848133087158203
208.3500521183014,18.84814453125
208.37307596206665,18.848155975341797
208.3960404396057,18.84817123413086
208.419016122818,18.75055694580078
208.44197797775269,18.736465454101562
208.46488738059998,18.736736297607422
208.48800253868103,18.625015258789062
208.51086330413818,18.625141143798828
208.53375935554504,18.513381958007812
208.5566041469574,18.513389587402344
208.57976245880127,18.40174102783203
208.60273575782776,18.401748657226562
208.625661611557,18.401752471923828
208.6486747264862,18.401756286621094
208.6716184616089,18.401763916015625
208.6945230960846,18.401771545410156
208.71749138832092,18.401779174804688
208.74045395851135,18.40178680419922
208.76348543167114,18.40178680419922
208.7864077091217,18.290325164794922
208.8094871044159,18.290069580078125
208.8325047492981,18.290084838867188
208.8555245399475,18.290088653564453
208.87849164009094,18.290283203125
208.9014286994934,18.290294647216797
208.92441391944885,18.290298461914062
208.94747233390808,18.29030990600586
208.9704179763794,18.29031753540039
208.9933795928955,18.290325164794922
209.01633524894714,18.290328979492188
209.03928208351135,18.290332794189453
209.06223130226135,18.29033660888672
209.08520317077637,18.178607940673828
209.10813999176025,18.17861557006836
209.1310751438141,18.178619384765625
209.15400576591492,18.178634643554688
209.1769142150879,18.178634643554688
209.199866771698,18.079051971435547
209.22278428077698,18.066905975341797
209.24574255943298,18.066913604736328
209.26868224143982,18.066913604736328
209.29155254364014,18.066917419433594
209.31448793411255,18.06692123413086
209.3374240398407,18.06692123413086
209.3603515625,18.06692123413086
209.38326501846313,18.06692886352539
209.40618252754211,18.06692886352539
209.4291696548462,18.066932678222656
209.45205402374268,18.066936492919922
209.47498393058777,18.067150115966797
209.4979202747345,18.067150115966797
209.52081990242004,18.067157745361328
209.54378080368042,18.067161560058594
209.56667137145996,18.067161560058594
209.58960819244385,18.067161560058594
209.61251950263977,18.06716537475586
209.63547492027283,18.067169189453125
209.6583857536316,17.98126220703125
209.68135333061218,17.955413818359375
209.70426774024963,17.955413818359375
209.72724604606628,17.955413818359375
209.75009727478027,17.955413818359375
209.77298426628113,17.955413818359375
209.79589557647705,17.955421447753906
209.81883239746094,17.955421447753906
209.84176659584045,17.955421447753906
209.8646640777588,17.955425262451172
209.88755774497986,17.955425262451172
209.91053748130798,17.955425262451172
209.93342900276184,17.955429077148438
209.9563844203949,17.955432891845703
209.97932863235474,17.955432891845703
210.00224018096924,17.881183624267578
210.02538418769836,17.843700408935547
210.0482497215271,17.843700408935547
210.0711853504181,17.843700408935547
210.09426021575928,17.843700408935547
210.1172387599945,17.843700408935547
210.14013719558716,17.843700408935547
210.16304349899292,17.843700408935547
210.18610095977783,17.73208236694336
210.2090084552765,17.73208236694336
210.23186945915222,17.73208236694336
210.25480341911316,17.73208236694336
210.27768564224243,17.73208236694336
210.30058884620667,17.73208236694336
210.32346200942993,17.73208236694336
210.346337556839,17.73208236694336
210.36927366256714,17.73208236694336
210.39219999313354,17.73208236694336
210.41520738601685,17.73208236694336
210.4381287097931,17.73208236694336
210.4610185623169,17.73208236694336
210.4839310646057,17.73208236694336
210.50686073303223,17.73208236694336
210.5298216342926,17.73208236694336
210.55269408226013,17.73208236694336
210.5756447315216,17.73208236694336
210.59851098060608,17.73208236694336
210.62139678001404,17.73208236694336
210.6442711353302,17.73208236694336
210.6671497821808,17.73208236694336
210.6900246143341,17.73208236694336
210.71297812461853,17.73208236694336
210.73591208457947,17.73208236694336
210.75882053375244,17.73208236694336
210.78167629241943,17.73208236694336
210.80453729629517,17.73208236694336
210.82740569114685,17.73208236694336
210.85028171539307,17.73208236694336
210.87321496009827,17.73208236694336
210.89614868164062,17.73208236694336
210.91912746429443,17.73208236694336
210.9419503211975,17.73208236694336
210.96488404273987,17.73208236694336
210.98783326148987,17.73208236694336
211.01068902015686,17.73208236694336
211.03345322608948,17.73208236694336
211.05634188652039,17.73208236694336
211.0792179107666,17.73208236694336
211.10214400291443,17.73208236694336
211.12503623962402,17.73208236694336
211.1479082107544,17.73208236694336
211.17079496383667,17.73208236694336
211.1937243938446,17.73208236694336
211.21653699874878,17.73208236694336
211.23940682411194,17.67171859741211
211.26243996620178,17.620479583740234
211.2853422164917,17.620479583740234
211.30825567245483,17.620479583740234
211.3312120437622,17.620479583740234
211.3550946712494,13.194034576416016
211.37818574905396,10.293190002441406
211.40149593353271,3.3997764587402344
211.42018508911133,0.1788330078125
211.43639278411865,0.1788330078125
211.4473054409027,0.17883682250976562
211.45810794830322,0.17883682250976562
211.46884202957153,0.17883682250976562
211.47959303855896,0.17883682250976562
211.49034810066223,0.17883682250976562
211.50107622146606,0.17883682250976562
211.51179838180542,0.17883682250976562
211.52251315116882,0.1788482666015625
211.53323769569397,0.1788482666015625
211.54397773742676,0.1788482666015625
211.55468583106995,0.1788482666015625
211.56536650657654,0.17885589599609375
211.5760896205902,0.17885589599609375
211.58681750297546,0.17885589599609375
211.59769129753113,0.17885589599609375
211.608416557312,0.17885589599609375
211.61913466453552,0.17885589599609375
211.62985730171204,0.17885589599609375
211.64057230949402,0.17885589599609375
211.65130424499512,0.17885589599609375
211.662038564682,0.178863525390625
211.67276072502136,0.17886734008789062
211.68348050117493,0.17886734008789062
211.69420671463013,0.17886734008789062
211.70493817329407,0.17705917358398438
211.71565675735474,0.17705917358398438
211.72636342048645,0.17705917358398438
211.73708391189575,0.17705917358398438
211.7478141784668,0.17705917358398438
211.75853157043457,0.17705917358398438
211.76926016807556,0.17705917358398438
211.77998566627502,0.17705917358398438
211.7907235622406,0.17705917358398438
211.80165100097656,0.17740249633789062
211.81236696243286,0.0
211.82308197021484,0.0
211.8337950706482,0.0
211.8444948196411,0.0
211.85520124435425,0.0
211.86592054367065,0.0
211.8766269683838,0.0
211.8873326778412,0.0
211.8980405330658,0.0
211.90876126289368,0.0
211.91947531700134,0.0
211.93018913269043,0.0
211.94090270996094,0.0
211.9516246318817,0.0
211.9623384475708,0.0
211.97304797172546,0.0
211.98375916481018,0.0
211.99445915222168,0.0
212.00516724586487,0.0
