t_sec,rss_gib
0.005463361740112305,0.004817962646484375
0.016547679901123047,0.007266998291015625
0.02727675437927246,0.007266998291015625
0.03802776336669922,0.007266998291015625
0.04877495765686035,0.00728607177734375
0.05954313278198242,0.008464813232421875
0.07027173042297363,0.00989532470703125
0.08100247383117676,0.010650634765625
0.09172964096069336,0.010650634765625
0.10245108604431152,0.01090240478515625
0.11317300796508789,0.013004302978515625
0.1239013671875,0.01581573486328125
0.1346275806427002,0.01874542236328125
0.1453390121459961,0.01874542236328125
0.15607047080993652,0.01874542236328125
0.16678833961486816,0.01874542236328125
0.17751812934875488,0.01874542236328125
0.18823671340942383,0.01874542236328125
0.19896745681762695,0.01874542236328125
0.20969390869140625,0.01874542236328125
0.22040510177612305,0.01874542236328125
0.2311382293701172,0.01874542236328125
0.24187493324279785,0.01874542236328125
0.25260281562805176,0.0189971923828125
0.26331114768981934,0.019298553466796875
0.274031400680542,0.019298553466796875
0.28475236892700195,0.019298553466796875
0.2954697608947754,0.019298553466796875
0.3061997890472412,0.019298553466796875
0.31691694259643555,0.019298553466796875
0.3276338577270508,0.019298553466796875
0.33834123611450195,0.019298553466796875
0.3490586280822754,0.019298553466796875
0.3597869873046875,0.019298553466796875
0.370499849319458,0.019298553466796875
0.3812110424041748,0.019298553466796875
0.3919384479522705,0.019298553466796875
0.4026937484741211,0.019298553466796875
0.4134054183959961,0.019298553466796875
0.42412757873535156,0.019298553466796875
0.43485260009765625,0.019298553466796875
0.4455540180206299,0.019298553466796875
0.456279993057251,0.019382476806640625
0.467012882232666,0.019969940185546875
0.4777359962463379,0.021350860595703125
0.48845577239990234,0.021938323974609375
0.49918508529663086,0.022556304931640625
0.5099179744720459,0.02362060546875
0.520646333694458,0.024143218994140625
0.5313551425933838,0.024143218994140625
0.5420823097229004,0.024143218994140625
0.5528123378753662,0.024143218994140625
0.5635199546813965,0.024143218994140625
0.5742630958557129,0.024143218994140625
0.5849909782409668,0.024143218994140625
0.5957193374633789,0.024143218994140625
0.6064348220825195,0.024143218994140625
0.6171660423278809,0.024143218994140625
0.6279003620147705,0.024143218994140625
0.6386258602142334,0.024143218994140625
0.6493411064147949,0.024143218994140625
0.660057544708252,0.024810791015625
0.6707966327667236,0.024810791015625
0.6815094947814941,0.024810791015625
0.6922276020050049,0.024810791015625
0.7029693126678467,0.024810791015625
0.7137179374694824,0.024810791015625
0.7244336605072021,0.024810791015625
0.7351717948913574,0.024810791015625
0.7459020614624023,0.0253143310546875
0.7566337585449219,0.0264892578125
0.7673470973968506,0.026676177978515625
0.7780652046203613,0.026676177978515625
0.7887985706329346,0.026676177978515625
0.7995123863220215,0.026676177978515625
0.8102374076843262,0.026676177978515625
0.820958137512207,0.026676177978515625
0.831688642501831,0.026676177978515625
0.8424012660980225,0.026676177978515625
0.8531193733215332,0.026676177978515625
0.8638458251953125,0.026676177978515625
0.8745615482330322,0.026676177978515625
0.8852794170379639,0.026676177978515625
0.8960070610046387,0.026676177978515625
0.9067337512969971,0.026676177978515625
0.9174480438232422,0.026676177978515625
0.9281809329986572,0.026676177978515625
0.9389069080352783,0.026676177978515625
0.9496266841888428,0.026676177978515625
0.9603335857391357,0.026676177978515625
0.9710769653320312,0.026676177978515625
0.9818027019500732,0.026676177978515625
0.9925258159637451,0.026676177978515625
1.0032458305358887,0.026676177978515625
1.0139737129211426,0.026676177978515625
1.02469801902771,0.026676177978515625
1.035428524017334,0.026676177978515625
1.0461549758911133,0.02703094482421875
1.0568790435791016,0.02703094482421875
1.0676026344299316,0.02703094482421875
1.078317403793335,0.02703094482421875
1.0890429019927979,0.02703094482421875
1.099766492843628,0.02703094482421875
1.1104788780212402,0.02736663818359375
1.1212027072906494,0.02809906005859375
1.1319282054901123,0.029338836669921875
1.1426825523376465,0.030712127685546875
1.1533987522125244,0.0309600830078125
1.1641240119934082,0.03159332275390625
1.1748497486114502,0.032329559326171875
1.1855621337890625,0.0325775146484375
1.1962740421295166,0.0325775146484375
1.2070026397705078,0.0325775146484375
1.2177319526672363,0.0325775146484375
1.228449821472168,0.0325775146484375
1.239180564880371,0.0325775146484375
1.2498972415924072,0.0325775146484375
1.2606263160705566,0.0325775146484375
1.2713489532470703,0.0325775146484375
1.282071828842163,0.0325775146484375
1.292799472808838,0.0325775146484375
1.3035225868225098,0.0325775146484375
1.3142518997192383,0.0325775146484375
1.3249826431274414,0.0325775146484375
1.33571457862854,0.0325775146484375
1.3464155197143555,0.0325775146484375
1.3571522235870361,0.0325775146484375
1.3678784370422363,0.0325775146484375
1.3785984516143799,0.0325775146484375
1.3893094062805176,0.0325775146484375
1.4000296592712402,0.0325775146484375
1.4107606410980225,0.0325775146484375
1.4214739799499512,0.0325775146484375
1.4322023391723633,0.0325775146484375
1.4429349899291992,0.0330810546875
1.4536616802215576,0.0330810546875
1.4643709659576416,0.0330810546875
1.4750986099243164,0.0330810546875
1.4858286380767822,0.0330810546875
1.4965345859527588,0.0330810546875
1.5072548389434814,0.0330810546875
1.5179862976074219,0.0330810546875
1.5287184715270996,0.0330810546875
1.5394341945648193,0.0330810546875
1.5501494407653809,0.0330810546875
1.5608701705932617,0.0330810546875
1.571601390838623,0.0330810546875
1.5823259353637695,0.0330810546875
1.5930602550506592,0.0330810546875
1.603797197341919,0.0330810546875
1.6145107746124268,0.0330810546875
1.6252355575561523,0.0330810546875
1.6359848976135254,0.0330810546875
1.6467087268829346,0.0330810546875
1.6574373245239258,0.0330810546875
1.668182373046875,0.033344268798828125
1.6789212226867676,0.033374786376953125
1.6896591186523438,0.033374786376953125
1.7003874778747559,0.033374786376953125
1.7111313343048096,0.033374786376953125
1.7218687534332275,0.033374786376953125
1.7326042652130127,0.033374786376953125
1.7433359622955322,0.033374786376953125
1.7540829181671143,0.033374786376953125
1.7648088932037354,0.033374786376953125
1.7755296230316162,0.033374786376953125
1.7862474918365479,0.033374786376953125
1.7969818115234375,0.033374786376953125
1.8077218532562256,0.033374786376953125
1.8184394836425781,0.033374786376953125
1.8291823863983154,0.033374786376953125
1.839914083480835,0.033374786376953125
1.8506481647491455,0.033374786376953125
1.8613691329956055,0.033374786376953125
1.8720881938934326,0.033374786376953125
1.8828816413879395,0.033374786376953125
1.893615484237671,0.033374786376953125
1.9043254852294922,0.033374786376953125
1.9150667190551758,0.033374786376953125
1.9257943630218506,0.033374786376953125
1.9365222454071045,0.033374786376953125
1.947244644165039,0.033374786376953125
1.9579839706420898,0.033374786376953125
1.968719244003296,0.033374786376953125
1.9794392585754395,0.033374786376953125
1.9901819229125977,0.033374786376953125
2.000917911529541,0.033374786376953125
2.011640787124634,0.033374786376953125
2.0223569869995117,0.033374786376953125
2.03307843208313,0.033374786376953125
2.043804407119751,0.033374786376953125
2.0545146465301514,0.033374786376953125
2.0652310848236084,0.033374786376953125
2.0759518146514893,0.033374786376953125
2.0866851806640625,0.033374786376953125
2.097399950027466,0.033374786376953125
2.1081173419952393,0.033374786376953125
2.1188607215881348,0.033374786376953125
2.129563808441162,0.033374786376953125
2.140272378921509,0.033374786376953125
2.1509921550750732,0.033374786376953125
2.161746025085449,0.033374786376953125
2.1724698543548584,0.033374786376953125
2.183192014694214,0.033374786376953125
2.193922281265259,0.033374786376953125
2.204638957977295,0.033374786376953125
2.215376615524292,0.033374786376953125
2.2261006832122803,0.033374786376953125
2.236832857131958,0.033374786376953125
2.247558116912842,0.033374786376953125
2.2582783699035645,0.033374786376953125
2.268996238708496,0.033374786376953125
2.279721975326538,0.033374786376953125
2.2904279232025146,0.033374786376953125
2.301146984100342,0.033374786376953125
2.3118736743927,0.033374786376953125
2.322599411010742,0.033374786376953125
2.333310604095459,0.033374786376953125
2.3440356254577637,0.033374786376953125
2.3547677993774414,0.033374786376953125
2.3654775619506836,0.033374786376953125
2.3762059211730957,0.033374786376953125
2.3869380950927734,0.033374786376953125
2.397667646408081,0.033374786376953125
2.408381462097168,0.033374786376953125
2.41910982131958,0.033374786376953125
2.429879665374756,0.033374786376953125
2.4406118392944336,0.033374786376953125
2.4513254165649414,0.033374786376953125
2.4620583057403564,0.033657073974609375
2.472770929336548,0.033657073974609375
2.483496904373169,0.0340576171875
2.4942140579223633,0.03479766845703125
2.504950761795044,0.03482818603515625
2.5156819820404053,0.035221099853515625
2.5263938903808594,0.035373687744140625
2.537118434906006,0.035552978515625
2.5478591918945312,0.036106109619140625
2.558568239212036,0.036663055419921875
2.569295883178711,0.040699005126953125
2.580028772354126,0.042385101318359375
2.590752363204956,0.04388427734375
2.601463556289673,0.044464111328125
2.612196207046509,0.044506072998046875
2.6229166984558105,0.044506072998046875
2.6336472034454346,0.044506072998046875
2.6443729400634766,0.044506072998046875
2.6551151275634766,0.044506072998046875
2.665856122970581,0.044506072998046875
2.676569700241089,0.044506072998046875
2.6872775554656982,0.044506072998046875
2.698002338409424,0.044506072998046875
2.7087275981903076,0.044506072998046875
2.7194361686706543,0.044506072998046875
2.730156898498535,0.044506072998046875
2.7409067153930664,0.044506072998046875
2.7516276836395264,0.044506072998046875
2.7623517513275146,0.044506072998046875
2.7730772495269775,0.044506072998046875
2.783801794052124,0.044506072998046875
2.79451847076416,0.044506072998046875
2.8052308559417725,0.044506072998046875
2.815964460372925,0.044506072998046875
2.826707363128662,0.0447540283203125
2.83742094039917,0.0447540283203125
2.8481547832489014,0.04500579833984375
2.8588929176330566,0.0457611083984375
2.869628667831421,0.045841217041015625
2.8803439140319824,0.045841217041015625
2.89107346534729,0.045841217041015625
2.9017958641052246,0.045841217041015625
2.9125144481658936,0.045841217041015625
2.923233985900879,0.045841217041015625
2.9339590072631836,0.045841217041015625
2.9446988105773926,0.045841217041015625
2.955406427383423,0.045841217041015625
2.9661219120025635,0.045841217041015625
2.9768521785736084,0.045841217041015625
2.9875710010528564,0.046459197998046875
2.9982969760894775,0.047283172607421875
3.0090270042419434,0.047855377197265625
3.0197553634643555,0.05239105224609375
3.0304861068725586,0.053127288818359375
3.041259765625,0.05390167236328125
3.0519943237304688,0.054561614990234375
3.0627143383026123,0.056240081787109375
3.0734238624572754,0.05797576904296875
3.0841426849365234,0.059719085693359375
3.094876766204834,0.060535430908203125
3.1055960655212402,0.061801910400390625
3.116328716278076,0.061801910400390625
3.1270596981048584,0.061801910400390625
3.137773275375366,0.061801910400390625
3.1484827995300293,0.061801910400390625
3.159207344055176,0.061801910400390625
3.1699278354644775,0.061801910400390625
3.180645227432251,0.061801910400390625
3.191347599029541,0.061801910400390625
3.2020702362060547,0.061801910400390625
3.212801933288574,0.061801910400390625
3.223522424697876,0.062015533447265625
3.23423433303833,0.062015533447265625
3.2449758052825928,0.062015533447265625
3.2557082176208496,0.062015533447265625
3.2664217948913574,0.062015533447265625
3.2771427631378174,0.062015533447265625
3.287862777709961,0.06203460693359375
3.2985665798187256,0.06203460693359375
3.3092758655548096,0.06203460693359375
3.3199961185455322,0.06203460693359375
3.330712080001831,0.06203460693359375
3.3414218425750732,0.06203460693359375
3.3521361351013184,0.06203460693359375
3.3628554344177246,0.06203460693359375
3.373570442199707,0.06203460693359375
3.3842713832855225,0.06203460693359375
3.395003080368042,0.06203460693359375
3.4057211875915527,0.06203460693359375
3.4164199829101562,0.06203460693359375
3.4271483421325684,0.06203460693359375
3.437873601913452,0.06203460693359375
3.4486353397369385,0.06203460693359375
3.459341049194336,0.06203460693359375
3.470069408416748,0.06426620483398438
3.480788469314575,0.06465530395507812
3.491504192352295,0.06465530395507812
3.50221586227417,0.06465530395507812
3.512934684753418,0.06465530395507812
3.523658275604248,0.06465530395507812
3.5343549251556396,0.06465530395507812
3.545074939727783,0.06465530395507812
3.555795192718506,0.06465530395507812
3.566513776779175,0.06465530395507812
3.5772299766540527,0.06465530395507812
3.5879480838775635,0.06465530395507812
3.598684072494507,0.06465530395507812
3.609391450881958,0.06465530395507812
3.6201071739196777,0.06465530395507812
3.6308209896087646,0.06465530395507812
3.641533613204956,0.06465530395507812
3.6522467136383057,0.06465530395507812
3.6629693508148193,0.0648651123046875
3.673692464828491,0.0648651123046875
3.6844048500061035,0.0648651123046875
3.695122241973877,0.0648651123046875
3.7058444023132324,0.0648651123046875
3.716550350189209,0.0648651123046875
3.727238178253174,0.0648651123046875
3.7379648685455322,0.0648651123046875
3.7486963272094727,0.0648651123046875
3.759401798248291,0.0648651123046875
3.7701239585876465,0.0648651123046875
3.7808735370635986,0.0648651123046875
3.791607618331909,0.0648651123046875
3.802314519882202,0.0648651123046875
3.8130381107330322,0.0648651123046875
3.8237688541412354,0.0648651123046875
3.834472179412842,0.0648651123046875
3.8451902866363525,0.0648651123046875
3.8559417724609375,0.0648651123046875
3.8666679859161377,0.0648651123046875
3.8773772716522217,0.0648651123046875
3.8880982398986816,0.0648651123046875
3.8988192081451416,0.0648651123046875
3.9095265865325928,0.0648651123046875
3.9202423095703125,0.0648651123046875
3.930969476699829,0.0648651123046875
3.9416966438293457,0.0648651123046875
3.9524123668670654,0.0648651123046875
3.9631450176239014,0.0648651123046875
3.973870038986206,0.0648651123046875
3.9846067428588867,0.0648651123046875
3.995326042175293,0.0648651123046875
4.006051540374756,0.0648651123046875
4.016794919967651,0.0648651123046875
4.027501106262207,0.0648651123046875
4.038215398788452,0.0648651123046875
4.048946142196655,0.0648651123046875
4.0596702098846436,0.0648651123046875
4.070387125015259,0.0648651123046875
4.081118106842041,0.06499481201171875
4.0918378829956055,0.06499481201171875
4.102542400360107,0.06499481201171875
4.113249778747559,0.06499481201171875
4.123979568481445,0.06499481201171875
4.134702682495117,0.06499481201171875
4.14540696144104,0.06499481201171875
4.156127452850342,0.06499481201171875
4.166850805282593,0.06499481201171875
4.177563428878784,0.06499481201171875
4.188266038894653,0.06499481201171875
4.198997259140015,0.06555938720703125
4.20972466468811,0.0669403076171875
4.220430374145508,0.06743240356445312
4.231152772903442,0.06784439086914062
4.241878032684326,0.06896209716796875
4.252603769302368,0.06940460205078125
4.263340473175049,0.06995010375976562
4.274057626724243,0.07166290283203125
4.2847795486450195,0.07166290283203125
4.2954864501953125,0.07166290283203125
4.306216478347778,0.07166290283203125
4.316945552825928,0.07166290283203125
4.327676057815552,0.07166290283203125
4.338387966156006,0.07166290283203125
4.349120140075684,0.07166290283203125
4.359851121902466,0.07166290283203125
4.370569944381714,0.07166290283203125
4.381299734115601,0.07166290283203125
4.392023801803589,0.07166290283203125
4.402758359909058,0.07166290283203125
4.413475036621094,0.07166290283203125
4.424246311187744,0.07166290283203125
4.434972286224365,0.07296371459960938
4.4457221031188965,0.07296371459960938
4.456450700759888,0.07296371459960938
4.467177867889404,0.07296371459960938
4.477910280227661,0.07296371459960938
4.488642454147339,0.07296371459960938
4.499368190765381,0.07296371459960938
4.510094404220581,0.07296371459960938
4.520833730697632,0.07296371459960938
4.5315587520599365,0.07296371459960938
4.5422749519348145,0.07296371459960938
4.55300498008728,0.07296371459960938
4.563741207122803,0.07321929931640625
4.574472427368164,0.07321929931640625
4.5851969718933105,0.07321929931640625
4.595925807952881,0.07321929931640625
4.6066553592681885,0.07321929931640625
4.617375373840332,0.07321929931640625
4.628115653991699,0.07321929931640625
4.638846158981323,0.07321929931640625
4.649552822113037,0.07321929931640625
4.660271883010864,0.07321929931640625
4.671007394790649,0.07321929931640625
4.681727170944214,0.07321929931640625
4.692430257797241,0.07321929931640625
4.7031495571136475,0.07413482666015625
4.713887453079224,0.07472991943359375
4.724609375,0.07519912719726562
4.735316753387451,0.07519912719726562
4.746047019958496,0.07519912719726562
4.756762504577637,0.07519912719726562
4.7674689292907715,0.07519912719726562
4.778185606002808,0.07519912719726562
4.7889015674591064,0.07519912719726562
4.799624919891357,0.07519912719726562
4.810338020324707,0.07519912719726562
4.821056365966797,0.07519912719726562
4.831789493560791,0.07519912719726562
4.842509031295776,0.07519912719726562
4.853240251541138,0.07519912719726562
4.863961219787598,0.07519912719726562
4.874705076217651,0.07519912719726562
4.885412216186523,0.07519912719726562
4.896129369735718,0.07519912719726562
4.90686297416687,0.07519912719726562
4.917598247528076,0.07519912719726562
4.928324460983276,0.07519912719726562
4.939060211181641,0.07519912719726562
4.94978928565979,0.07519912719726562
4.960490942001343,0.07519912719726562
4.971206426620483,0.07519912719726562
4.981925010681152,0.07519912719726562
4.9926438331604,0.07519912719726562
5.003358602523804,0.07519912719726562
5.014081716537476,0.07519912719726562
5.024799346923828,0.07519912719726562
5.035508632659912,0.07519912719726562
5.046243906021118,0.07519912719726562
5.056966066360474,0.07519912719726562
5.067711114883423,0.07519912719726562
5.078412771224976,0.07519912719726562
5.089129209518433,0.07519912719726562
5.099888324737549,0.07519912719726562
5.11060905456543,0.07519912719726562
5.121310710906982,0.07519912719726562
5.1320319175720215,0.07519912719726562
5.142749786376953,0.07519912719726562
5.1534583568573,0.07519912719726562
5.1641762256622314,0.07519912719726562
5.174901008605957,0.07519912719726562
5.185617685317993,0.07519912719726562
5.196320295333862,0.07519912719726562
5.207039833068848,0.07519912719726562
5.2177793979644775,0.07519912719726562
5.228493690490723,0.07519912719726562
5.239208459854126,0.07519912719726562
5.249924421310425,0.07519912719726562
5.2606470584869385,0.07519912719726562
5.27135968208313,0.07519912719726562
5.28209376335144,0.07519912719726562
5.292819261550903,0.07519912719726562
5.303539514541626,0.07519912719726562
5.3142547607421875,0.07519912719726562
5.324991464614868,0.07519912719726562
5.335716962814331,0.07519912719726562
5.346418380737305,0.07519912719726562
5.3571388721466064,0.07519912719726562
5.36786413192749,0.07519912719726562
5.378570079803467,0.07519912719726562
5.389275312423706,0.07519912719726562
5.399994134902954,0.07519912719726562
5.410709857940674,0.07519912719726562
5.421411752700806,0.07519912719726562
5.4321348667144775,0.07519912719726562
5.442875385284424,0.07616043090820312
5.453628778457642,0.07743453979492188
5.464345216751099,0.07818984985351562
5.475071668624878,0.08035659790039062
5.485806226730347,0.08196258544921875
5.4965221881866455,0.08249664306640625
5.507257699966431,0.08434677124023438
5.517990350723267,0.08525466918945312
5.528716802597046,0.08525466918945312
5.539457082748413,0.08550643920898438
5.550189733505249,0.08575820922851562
5.560908079147339,0.08575820922851562
5.571639776229858,0.08600997924804688
5.58234977722168,0.08600997924804688
5.593073844909668,0.08626174926757812
5.603792667388916,0.08626174926757812
5.614514589309692,0.08626174926757812
5.625228643417358,0.08626174926757812
5.635961055755615,0.08626174926757812
5.646688222885132,0.08658599853515625
5.6573991775512695,0.08707046508789062
5.668128967285156,0.08707046508789062
5.678863763809204,0.08707046508789062
5.689570426940918,0.08707046508789062
5.7002785205841064,0.08707046508789062
5.71100640296936,0.08707046508789062
5.7217230796813965,0.08707046508789062
5.7324323654174805,0.08707046508789062
5.743167877197266,0.08707046508789062
5.753922700881958,0.08707046508789062
5.764656066894531,0.08707046508789062
5.775364875793457,0.08707046508789062
5.786086559295654,0.08707046508789062
5.796802043914795,0.08707046508789062
5.807504415512085,0.08707046508789062
5.818221569061279,0.08707046508789062
5.828945159912109,0.08707046508789062
5.839666128158569,0.08729171752929688
5.850369453430176,0.08729171752929688
5.861102819442749,0.08729171752929688
5.871823072433472,0.08729171752929688
5.882525682449341,0.08729171752929688
5.893237113952637,0.08729171752929688
5.9039552211761475,0.08729171752929688
5.914675235748291,0.08729171752929688
5.925375938415527,0.08729171752929688
5.936097145080566,0.08729171752929688
5.946821928024292,0.08729171752929688
5.957547664642334,0.0875701904296875
5.968259572982788,0.0875701904296875
5.9789862632751465,0.0875701904296875
5.989707708358765,0.0875701904296875
6.0004191398620605,0.0875701904296875
6.011136770248413,0.0875701904296875
6.021860122680664,0.0875701904296875
6.032573223114014,0.0875701904296875
6.043277740478516,0.0875701904296875
6.053995132446289,0.0875701904296875
6.064711809158325,0.0875701904296875
6.075417518615723,0.0875701904296875
6.086136341094971,0.0875701904296875
6.096863031387329,0.0875701904296875
6.107569694519043,0.0875701904296875
6.118320941925049,0.0875701904296875
6.129039525985718,0.0875701904296875
6.139775514602661,0.0875701904296875
6.150489568710327,0.0875701904296875
6.161199331283569,0.0875701904296875
6.171931743621826,0.0875701904296875
6.1826491355896,0.0875701904296875
6.193356037139893,0.0875701904296875
6.204073667526245,0.0875701904296875
6.214800119400024,0.0875701904296875
6.225508213043213,0.0875701904296875
6.236217975616455,0.0875701904296875
6.246944189071655,0.0875701904296875
6.257674932479858,0.0875701904296875
6.26837682723999,0.0875701904296875
6.279094219207764,0.0875701904296875
6.2898242473602295,0.0875701904296875
6.300538063049316,0.0875701904296875
6.311248540878296,0.0875701904296875
6.321975946426392,0.0875701904296875
6.3326942920684814,0.0875701904296875
6.343405485153198,0.08782196044921875
6.3541295528411865,0.08782196044921875
6.364839553833008,0.08782196044921875
6.375543832778931,0.08782196044921875
6.386264085769653,0.08782196044921875
6.396991729736328,0.08807373046875
6.407704591751099,0.08832550048828125
6.418404817581177,0.0885772705078125
6.429122686386108,0.08893966674804688
6.439838171005249,0.08919143676757812
6.450554370880127,0.08919143676757812
6.461260795593262,0.08919143676757812
6.4719929695129395,0.08919143676757812
6.482728481292725,0.08919143676757812
6.493428945541382,0.08919143676757812
6.5041563510894775,0.08919143676757812
6.514876127243042,0.08919143676757812
6.525579214096069,0.08919143676757812
6.536321401596069,0.08919143676757812
6.5470499992370605,0.08919143676757812
6.557788372039795,0.08944320678710938
6.568491220474243,0.08944320678710938
6.579210519790649,0.08944320678710938
6.589937686920166,0.08944320678710938
6.600669622421265,0.08951950073242188
6.611389636993408,0.08991622924804688
6.622105121612549,0.09027099609375
6.632835865020752,0.09027099609375
6.6435627937316895,0.09027099609375
6.654276371002197,0.09027099609375
6.6650071144104,0.09027099609375
6.6757447719573975,0.09027099609375
6.6864707469940186,0.09027099609375
6.697197198867798,0.09027099609375
6.707923650741577,0.09027099609375
6.7186620235443115,0.09027099609375
6.729369401931763,0.09027099609375
6.7401123046875,0.09027099609375
6.75085711479187,0.09027099609375
6.761573314666748,0.09027099609375
6.772305250167847,0.09027099609375
6.783039093017578,0.09027099609375
6.793786525726318,0.09027099609375
6.8045125007629395,0.09027099609375
6.8152477741241455,0.09027099609375
6.825988292694092,0.09027099609375
6.836719274520874,0.09027099609375
6.847436428070068,0.09027099609375
6.858162879943848,0.09027099609375
6.868892669677734,0.09027099609375
6.879628419876099,0.09027099609375
6.890346050262451,0.09027099609375
6.901067495346069,0.09027099609375
6.911811113357544,0.090423583984375
6.922527551651001,0.090423583984375
6.933249473571777,0.090423583984375
6.943972826004028,0.090423583984375
6.954702854156494,0.090423583984375
6.965407133102417,0.090423583984375
6.976144313812256,0.090423583984375
6.986871004104614,0.090423583984375
6.997578382492065,0.090423583984375
7.008297920227051,0.090423583984375
7.019036769866943,0.090423583984375
7.029763221740723,0.090423583984375
7.040480375289917,0.090423583984375
7.051196336746216,0.090423583984375
7.061922550201416,0.090423583984375
7.072646617889404,0.090423583984375
7.083348035812378,0.090423583984375
7.094062089920044,0.090423583984375
7.104779243469238,0.090423583984375
7.11548376083374,0.090423583984375
7.126216173171997,0.090423583984375
7.1369452476501465,0.09096908569335938
7.147665500640869,0.09096908569335938
7.158386468887329,0.09096908569335938
7.16910982131958,0.09096908569335938
7.179829359054565,0.09096908569335938
7.190531969070435,0.09096908569335938
7.201251029968262,0.09096908569335938
7.211978912353516,0.09096908569335938
7.222700595855713,0.09096908569335938
7.233403205871582,0.09108734130859375
7.244121313095093,0.09108734130859375
7.254831075668335,0.09108734130859375
7.265531301498413,0.09108734130859375
7.2762510776519775,0.09108734130859375
7.2869713306427,0.09108734130859375
7.297686576843262,0.09108734130859375
7.308394193649292,0.09175491333007812
7.319111108779907,0.09200668334960938
7.329829692840576,0.0925750732421875
7.340540647506714,0.09292221069335938
7.351243257522583,0.0933990478515625
7.36197829246521,0.0933990478515625
7.372704029083252,0.09432220458984375
7.383415460586548,0.09511566162109375
7.394138336181641,0.09511566162109375
7.404858827590942,0.09511566162109375
7.4155659675598145,0.09511566162109375
7.426292657852173,0.09511566162109375
7.437026500701904,0.09511566162109375
7.4477503299713135,0.09511566162109375
7.458449602127075,0.09511566162109375
7.469172954559326,0.09511566162109375
7.4798901081085205,0.09511566162109375
7.490617990493774,0.09511566162109375
7.501330614089966,0.09511566162109375
7.512051105499268,0.09511566162109375
7.522774934768677,0.09511566162109375
7.533504486083984,0.09511566162109375
7.544223785400391,0.09511566162109375
7.554947376251221,0.095367431640625
7.565686941146851,0.095367431640625
7.576395034790039,0.095367431640625
7.587115526199341,0.095367431640625
7.5978310108184814,0.095367431640625
7.608547687530518,0.09561920166015625
7.6192827224731445,0.09612274169921875
7.630025625228882,0.09637451171875
7.640761137008667,0.09637451171875
7.651487588882446,0.09637451171875
7.662220001220703,0.09637451171875
7.672961235046387,0.09637451171875
7.683681488037109,0.09637451171875
7.694394588470459,0.09637451171875
7.705136775970459,0.09637451171875
7.715872049331665,0.09637451171875
7.726575613021851,0.09637451171875
7.737251043319702,0.09637451171875
7.747972011566162,0.09637451171875
7.758681774139404,0.09637451171875
7.769391298294067,0.09637451171875
7.7801194190979,0.09637451171875
7.790842294692993,0.09637451171875
7.801553249359131,0.09637451171875
7.812260150909424,0.09637451171875
7.823016405105591,0.09637451171875
7.833733558654785,0.09637451171875
7.844445466995239,0.09637451171875
7.85516881942749,0.09637451171875
7.865886211395264,0.09637451171875
7.8766045570373535,0.09637451171875
7.887329578399658,0.09637451171875
7.898055076599121,0.09637451171875
7.9087769985198975,0.09637451171875
7.919487476348877,0.09637451171875
7.930208206176758,0.09637451171875
7.940937519073486,0.09637451171875
7.951670169830322,0.09637451171875
7.962406396865845,0.09637451171875
7.973134517669678,0.09637451171875
7.98386287689209,0.09637451171875
7.9946448802948,0.09637451171875
8.005360841751099,0.09637451171875
8.016111850738525,0.09637451171875
8.026848316192627,0.09637451171875
8.037574052810669,0.09637451171875
8.048251152038574,0.09637451171875
8.058974266052246,0.09637451171875
8.069703102111816,0.09637451171875
8.08042025566101,0.09637451171875
8.091174125671387,0.09637451171875
8.101894855499268,0.09637451171875
8.112617015838623,0.09637451171875
8.123326301574707,0.09637451171875
8.134058475494385,0.09637451171875
8.144793510437012,0.09637451171875
8.155502557754517,0.09637451171875
8.166237831115723,0.09637451171875
8.176964282989502,0.09637451171875
8.187684774398804,0.09637451171875
8.198389291763306,0.09637451171875
8.209111452102661,0.09637451171875
8.219830751419067,0.09637451171875
8.230533599853516,0.09637451171875
8.241245031356812,0.09637451171875
8.251970767974854,0.09637451171875
8.262700319290161,0.09637451171875
8.2734055519104,0.09637451171875
8.28412652015686,0.09637451171875
8.29485034942627,0.09637451171875
8.30556058883667,0.09637451171875
8.316287755966187,0.09637451171875
8.327026128768921,0.09637451171875
8.337763547897339,0.09637451171875
8.348477363586426,0.09637451171875
8.359205722808838,0.09637451171875
8.369942426681519,0.09637451171875
8.380681276321411,0.09637451171875
8.391389846801758,0.09637451171875
8.402109384536743,0.09637451171875
8.41282844543457,0.09637451171875
8.423534870147705,0.09637451171875
8.434244871139526,0.09637451171875
8.44497036933899,0.09637451171875
8.45569372177124,0.09637451171875
8.466407537460327,0.09637451171875
8.47713828086853,0.09637451171875
8.487868785858154,0.09637451171875
8.498577117919922,0.09637451171875
8.509289741516113,0.09637451171875
8.520013809204102,0.09637451171875
8.53074026107788,0.09637451171875
8.541475772857666,0.09637451171875
8.552207708358765,0.09637451171875
8.562937498092651,0.09637451171875
8.573668956756592,0.09637451171875
8.584376811981201,0.09637451171875
8.595109939575195,0.09637451171875
8.605840682983398,0.09637451171875
8.61655592918396,0.09637451171875
8.627275466918945,0.09637451171875
8.638009309768677,0.09637451171875
8.64872694015503,0.09637451171875
8.659449815750122,0.09637451171875
8.670182943344116,0.09637451171875
8.680896282196045,0.09637451171875
8.691627502441406,0.09637451171875
8.702338457107544,0.09637451171875
8.713072776794434,0.09637451171875
8.723823308944702,0.09637451171875
8.734528303146362,0.09637451171875
8.745250701904297,0.09637451171875
8.755975484848022,0.09637451171875
8.766701698303223,0.09637451171875
8.777417182922363,0.09637451171875
8.788141012191772,0.09637451171875
8.798861503601074,0.09637451171875
8.80958080291748,0.09637451171875
8.820351600646973,0.09637451171875
8.831079483032227,0.09637451171875
8.841814041137695,0.09637451171875
8.85251784324646,0.09637451171875
8.863237857818604,0.09637451171875
8.87395977973938,0.09637451171875
8.8846755027771,0.09637451171875
8.895405054092407,0.09637451171875
8.906131744384766,0.09637451171875
8.916857481002808,0.09637451171875
8.927567720413208,0.09637451171875
8.938246488571167,0.09712982177734375
8.948972225189209,0.097381591796875
8.959703207015991,0.0978851318359375
8.970418930053711,0.09813690185546875
8.981156826019287,0.098388671875
8.991888523101807,0.09864044189453125
9.002614974975586,0.09914398193359375
9.013330936431885,0.0997314453125
9.024055242538452,0.0997314453125
9.034780740737915,0.0997314453125
9.045498371124268,0.0997314453125
9.056220054626465,0.0997314453125
9.066947937011719,0.0997314453125
9.07767128944397,0.0997314453125
9.088383197784424,0.0997314453125
9.099109888076782,0.0997314453125
9.109834909439087,0.0997314453125
9.12055253982544,0.0997314453125
9.13126015663147,0.0997314453125
9.141980171203613,0.0997314453125
9.15270185470581,0.0997314453125
9.16340684890747,0.0997314453125
9.174132585525513,0.0997314453125
9.184873580932617,0.0997314453125
9.195606231689453,0.0997314453125
9.20631718635559,0.0997314453125
9.217067241668701,0.0997314453125
9.227798223495483,0.0997314453125
9.238509893417358,0.0997314453125
9.249252080917358,0.0997314453125
9.259978771209717,0.0997314453125
9.270707130432129,0.0997314453125
9.28141450881958,0.0997314453125
9.292151927947998,0.0997314453125
9.302871465682983,0.0997314453125
9.313614130020142,0.0997314453125
9.324337244033813,0.0997314453125
9.335058212280273,0.0997314453125
9.345798015594482,0.0997314453125
9.356515884399414,0.0997314453125
9.367233514785767,0.0997314453125
9.37795901298523,0.0997314453125
9.388698101043701,0.0997314453125
9.399408340454102,0.0997314453125
9.410140037536621,0.0997314453125
9.420878887176514,0.0997314453125
9.43160080909729,0.0997314453125
9.442325353622437,0.0997314453125
9.45305871963501,0.0997314453125
9.463807106018066,0.0997314453125
9.474519491195679,0.0997314453125
9.485252857208252,0.0997314453125
9.495991945266724,0.0997314453125
9.506733894348145,0.0997314453125
9.517448425292969,0.0997314453125
9.528180122375488,0.0997314453125
9.538903713226318,0.0997314453125
9.549639701843262,0.0997314453125
9.560362815856934,0.0997314453125
9.57109522819519,0.0997314453125
9.581843376159668,0.0997314453125
9.592546701431274,0.0997314453125
9.603254556655884,0.0997314453125
9.613997220993042,0.0997314453125
9.624722719192505,0.0997314453125
9.635435819625854,0.0997314453125
9.646159410476685,0.0997314453125
9.65688180923462,0.0997314453125
9.6676025390625,0.0997314453125
9.678317785263062,0.0997314453125
9.689050912857056,0.0997314453125
9.699778079986572,0.0997314453125
9.710484027862549,0.0997314453125
9.72120213508606,0.0997314453125
9.73193907737732,0.0997314453125
9.742666721343994,0.0997314453125
9.753384113311768,0.0997314453125
9.764122724533081,0.0997314453125
9.774850368499756,0.0997314453125
9.78556203842163,0.0997314453125
9.79626750946045,0.0997314453125
9.80698561668396,0.0997314453125
9.81770372390747,0.0997314453125
9.828413486480713,0.0997314453125
9.839147806167603,0.0997314453125
9.849879741668701,0.0997314453125
9.86058235168457,0.0997314453125
9.871305465698242,0.0997314453125
9.88203763961792,0.0997314453125
9.892765045166016,0.0997314453125
9.903469324111938,0.0997314453125
9.91420030593872,0.0997314453125
9.92492938041687,0.10009002685546875
9.935656309127808,0.10009002685546875
9.946374416351318,0.10009002685546875
9.957098722457886,0.10009002685546875
9.967819929122925,0.10009002685546875
9.978522539138794,0.10009002685546875
9.989245176315308,0.10009002685546875
9.999959707260132,0.10009002685546875
10.01067566871643,0.10009002685546875
10.02139163017273,0.10009002685546875
10.03211760520935,0.10009002685546875
10.042843580245972,0.10009002685546875
10.053550243377686,0.10009002685546875
10.06426477432251,0.10009002685546875
10.074989557266235,0.10009002685546875
10.085718154907227,0.10009002685546875
10.096424102783203,0.10009002685546875
10.107149839401245,0.10009002685546875
10.11788010597229,0.10009002685546875
10.128596782684326,0.10009002685546875
10.139300346374512,0.10009002685546875
10.15003514289856,0.10009002685546875
10.160754203796387,0.10009002685546875
10.171456813812256,0.10009002685546875
10.18217945098877,0.10009002685546875
10.192898511886597,0.10009002685546875
10.203634977340698,0.10009002685546875
10.214345693588257,0.10009002685546875
10.22506594657898,0.10009002685546875
10.235800504684448,0.10009002685546875
10.246545553207397,0.10009002685546875
10.257258176803589,0.10009002685546875
10.267979383468628,0.10009002685546875
10.278710126876831,0.10009002685546875
10.289417028427124,0.10009002685546875
10.300142288208008,0.10009002685546875
10.310862302780151,0.10009002685546875
10.321575164794922,0.10009002685546875
10.332319974899292,0.10009002685546875
10.343034744262695,0.100341796875
10.353758573532104,0.100341796875
10.364476680755615,0.100341796875
10.375205039978027,0.100341796875
10.385938167572021,0.100341796875
10.396665334701538,0.100341796875
10.407379150390625,0.100341796875
10.418099641799927,0.100341796875
10.428830862045288,0.100341796875
10.439539909362793,0.100341796875
10.450262069702148,0.100341796875
10.46099328994751,0.100341796875
10.471721410751343,0.100341796875
10.482442617416382,0.100341796875
10.493205547332764,0.100341796875
10.503936529159546,0.100341796875
10.51466679573059,0.100341796875
10.52538275718689,0.100341796875
10.536102771759033,0.100341796875
10.54684567451477,0.10059356689453125
10.557548999786377,0.10059356689453125
10.568258047103882,0.10059356689453125
10.578973531723022,0.10059356689453125
10.589693069458008,0.10059356689453125
10.600409030914307,0.10059356689453125
10.611128807067871,0.10059356689453125
10.621850728988647,0.10059356689453125
10.63255262374878,0.10059356689453125
10.643261194229126,0.10059356689453125
10.654006481170654,0.10059356689453125
10.664736270904541,0.10059356689453125
10.67544960975647,0.10059356689453125
10.686172723770142,0.10059356689453125
10.696895122528076,0.10059356689453125
10.707614183425903,0.10059356689453125
10.71831464767456,0.10059356689453125
10.729044437408447,0.10059356689453125
10.739782571792603,0.10059356689453125
10.75051212310791,0.1008453369140625
10.761235475540161,0.101348876953125
10.771972894668579,0.101348876953125
10.782693862915039,0.1018524169921875
10.793438911437988,0.10235595703125
10.804157733917236,0.1028594970703125
10.814886808395386,0.1028594970703125
10.82572627067566,0.1028594970703125
10.83643651008606,0.1028594970703125
10.847171545028687,0.1028594970703125
10.85790228843689,0.1028594970703125
10.868619441986084,0.1028594970703125
10.879335403442383,0.1028594970703125
10.890069246292114,0.1028594970703125
10.900786399841309,0.1028594970703125
10.911486864089966,0.1028594970703125
10.922198295593262,0.1028594970703125
10.932926893234253,0.1028594970703125
10.943647146224976,0.1028594970703125
10.954350709915161,0.1028594970703125
10.96507477760315,0.1028594970703125
10.975797414779663,0.1028594970703125
10.986504316329956,0.1028594970703125
10.997243404388428,0.1028594970703125
11.007980823516846,0.1028594970703125
11.01872181892395,0.1028594970703125
11.02942705154419,0.1028594970703125
11.040167331695557,0.1028594970703125
11.050897598266602,0.1028594970703125
11.061614990234375,0.1028594970703125
11.07231855392456,0.1028594970703125
11.083051204681396,0.1028594970703125
11.093791961669922,0.1028594970703125
11.104496002197266,0.1028594970703125
11.115205764770508,0.1028594970703125
11.125922203063965,0.1028594970703125
11.13665771484375,0.1028594970703125
11.14736819267273,0.1028594970703125
11.15809440612793,0.1028594970703125
11.168825387954712,0.1028594970703125
11.179543495178223,0.1028594970703125
11.190268516540527,0.1028594970703125
11.20100450515747,0.1028594970703125
11.211723566055298,0.1028594970703125
11.22244119644165,0.1028594970703125
11.233176708221436,0.1028594970703125
11.243921756744385,0.1028594970703125
11.25468111038208,0.1028594970703125
11.26539134979248,0.1028594970703125
11.276111841201782,0.1028594970703125
11.286837100982666,0.1028594970703125
11.297541618347168,0.1028594970703125
11.308247327804565,0.1028594970703125
11.318968772888184,0.1028594970703125
11.329699993133545,0.1028594970703125
11.340412855148315,0.1028594970703125
11.351147651672363,0.10311126708984375
11.361870765686035,0.10311126708984375
11.3725745677948,0.10311126708984375
11.383289337158203,0.10311126708984375
11.394023180007935,0.10311126708984375
11.404755353927612,0.10311126708984375
11.415477752685547,0.10311126708984375
11.426232099533081,0.10311126708984375
11.436959981918335,0.10311126708984375
11.447683811187744,0.10311126708984375
11.458406925201416,0.10311126708984375
11.469128370285034,0.10311126708984375
11.47986102104187,0.10311126708984375
11.490654468536377,0.10311126708984375
11.501367568969727,0.10311126708984375
11.512099266052246,0.10311126708984375
11.52283000946045,0.10311126708984375
11.533553123474121,0.10311126708984375
11.544276237487793,0.10311126708984375
11.55500316619873,0.10311126708984375
11.56572675704956,0.10311126708984375
11.576432704925537,0.10311126708984375
11.587153196334839,0.10311126708984375
11.597874641418457,0.10311126708984375
11.608624935150146,0.10311126708984375
11.619329929351807,0.10311126708984375
11.630049228668213,0.10311126708984375
11.64077639579773,0.10311126708984375
11.65149736404419,0.10311126708984375
11.66221809387207,0.10311126708984375
11.6729416847229,0.10311126708984375
11.68368411064148,0.10311126708984375
11.694385290145874,0.10311126708984375
11.705113649368286,0.10311126708984375
11.715855836868286,0.10311126708984375
11.726584196090698,0.10311126708984375
11.737314939498901,0.10311126708984375
11.74805235862732,0.10311126708984375
11.758781671524048,0.10311126708984375
11.769500970840454,0.10311126708984375
11.780220985412598,0.10311126708984375
11.790963411331177,0.10311126708984375
11.801710605621338,0.10311126708984375
11.812437534332275,0.10311126708984375
11.823171138763428,0.10311126708984375
11.83391523361206,0.10311126708984375
11.844647407531738,0.10311126708984375
11.855368852615356,0.10311126708984375
11.866091966629028,0.10311126708984375
11.876821041107178,0.10311126708984375
11.887551069259644,0.10311126708984375
11.898279428482056,0.10311126708984375
11.909025192260742,0.10311126708984375
11.919757843017578,0.10311126708984375
11.930479049682617,0.10311126708984375
11.941221237182617,0.10311126708984375
11.951965093612671,0.10311126708984375
11.962685108184814,0.10311126708984375
11.973398685455322,0.10311126708984375
11.98413348197937,0.103363037109375
11.99485993385315,0.10407638549804688
12.005584478378296,0.10432815551757812
12.016324520111084,0.10457992553710938
12.0270516872406,0.10483169555664062
12.03777813911438,0.10533523559570312
12.048487663269043,0.10533523559570312
12.059208393096924,0.10533523559570312
12.069926500320435,0.10533523559570312
12.080646276473999,0.10533523559570312
12.091355085372925,0.10533523559570312
12.1020827293396,0.10533523559570312
12.112812995910645,0.10533523559570312
12.123514413833618,0.10533523559570312
12.13422441482544,0.10533523559570312
12.144946575164795,0.10533523559570312
12.155678272247314,0.10558700561523438
12.166389226913452,0.10609054565429688
12.177117586135864,0.10634231567382812
12.18784761428833,0.10709762573242188
12.198562145233154,0.10930252075195312
12.209280967712402,0.10930252075195312
12.220002174377441,0.10955429077148438
12.230728149414062,0.1099395751953125
12.241451740264893,0.11058425903320312
12.252201318740845,0.11083602905273438
12.262942552566528,0.11120223999023438
12.273696422576904,0.1123199462890625
12.28440809249878,0.1123199462890625
12.295135259628296,0.1123199462890625
12.3058602809906,0.1123199462890625
12.316568613052368,0.1123199462890625
12.327279567718506,0.1123199462890625
12.337999105453491,0.1123199462890625
12.34872579574585,0.1123199462890625
12.35943055152893,0.1123199462890625
12.37016487121582,0.1123199462890625
12.380892276763916,0.1123199462890625
12.39160680770874,0.1123199462890625
12.402332544326782,0.1123199462890625
12.413054943084717,0.1123199462890625
12.42377781867981,0.1123199462890625
12.434486627578735,0.1123199462890625
12.445201873779297,0.1123199462890625
12.455928564071655,0.1123199462890625
12.466665983200073,0.1123199462890625
12.477380990982056,0.1123199462890625
12.4881112575531,0.1123199462890625
12.49883484840393,0.1123199462890625
12.509546995162964,0.1123199462890625
12.52025318145752,0.1123199462890625
12.530970811843872,0.1123199462890625
12.541706800460815,0.1123199462890625
12.552416801452637,0.1123199462890625
12.563149690628052,0.1123199462890625
12.573892593383789,0.1123199462890625
12.584621667861938,0.1123199462890625
12.595339059829712,0.1123199462890625
12.606072425842285,0.1123199462890625
12.616792678833008,0.1123199462890625
12.627495527267456,0.1123199462890625
12.638219356536865,0.1123199462890625
12.648940086364746,0.1123199462890625
12.659663915634155,0.11257171630859375
12.670369625091553,0.11257171630859375
12.681094884872437,0.11257171630859375
12.691814184188843,0.11257171630859375
12.702524185180664,0.11257171630859375
12.713233709335327,0.11257171630859375
12.72395944595337,0.11257171630859375
12.734692335128784,0.11257171630859375
12.745400428771973,0.11257171630859375
12.756125450134277,0.11257171630859375
12.766844511032104,0.11257171630859375
12.777565956115723,0.11257171630859375
12.788280010223389,0.11257171630859375
12.798996686935425,0.11257171630859375
12.809722661972046,0.11257171630859375
12.820437669754028,0.11257171630859375
12.831158876419067,0.11257171630859375
12.84187912940979,0.11257171630859375
12.852608680725098,0.11257171630859375
12.863323450088501,0.11317825317382812
12.874049425125122,0.11434555053710938
12.884777307510376,0.11434555053710938
12.895488977432251,0.11434555053710938
12.90620470046997,0.11434555053710938
12.916930437088013,0.11434555053710938
12.927663803100586,0.11434555053710938
12.938369989395142,0.11434555053710938
12.949094533920288,0.11434555053710938
12.959825038909912,0.11434555053710938
12.970530271530151,0.11434555053710938
12.981244802474976,0.11434555053710938
12.991964340209961,0.11434555053710938
13.002687454223633,0.11434555053710938
13.013406753540039,0.11434555053710938
13.024125576019287,0.11434555053710938
13.034873008728027,0.11434555053710938
13.045599699020386,0.11434555053710938
13.056314468383789,0.11434555053710938
13.067046403884888,0.11434555053710938
13.077783346176147,0.11540985107421875
13.088500499725342,0.11641693115234375
13.099236011505127,0.116668701171875
13.109966278076172,0.11690521240234375
13.12069582939148,0.11690521240234375
13.131428718566895,0.11690521240234375
13.1421639919281,0.11690521240234375
13.15288496017456,0.11690521240234375
13.163615465164185,0.11690521240234375
13.174323558807373,0.11690521240234375
13.185046911239624,0.11690521240234375
13.195780277252197,0.11690521240234375
13.206499099731445,0.11690521240234375
13.217214107513428,0.11690521240234375
13.22794246673584,0.11690521240234375
13.23868703842163,0.11690521240234375
13.249395608901978,0.11690521240234375
13.260112762451172,0.11690521240234375
13.270843744277954,0.11690521240234375
13.281553268432617,0.11690521240234375
13.292275428771973,0.11690521240234375
13.303008794784546,0.11690521240234375
13.313740491867065,0.11690521240234375
13.324442386627197,0.11690521240234375
13.335186958312988,0.11690521240234375
13.345924854278564,0.11690521240234375
13.356651782989502,0.11690521240234375
13.36736536026001,0.11690521240234375
13.378100395202637,0.11690521240234375
13.388839721679688,0.11690521240234375
13.39956021308899,0.11690521240234375
13.410284519195557,0.11690521240234375
13.421016454696655,0.11690521240234375
13.431753635406494,0.11690521240234375
13.442461729049683,0.11690521240234375
13.453185319900513,0.11690521240234375
13.46390700340271,0.11690521240234375
13.47463345527649,0.11690521240234375
13.485357522964478,0.11690521240234375
13.496074914932251,0.11690521240234375
13.506791353225708,0.11690521240234375
13.517500400543213,0.11690521240234375
13.528221368789673,0.11690521240234375
13.538971424102783,0.11690521240234375
13.549699068069458,0.11690521240234375
13.560405969619751,0.11690521240234375
13.571126937866211,0.11690521240234375
13.581855297088623,0.11690521240234375
13.592570543289185,0.11690521240234375
13.603289127349854,0.11690521240234375
13.614013910293579,0.11690521240234375
13.62473464012146,0.11690521240234375
13.635453462600708,0.11690521240234375
13.64617657661438,0.11690521240234375
13.656904697418213,0.11850357055664062
13.667641401290894,0.11889266967773438
13.678351879119873,0.11889266967773438
13.689080715179443,0.11889266967773438
13.699809551239014,0.11889266967773438
13.710541009902954,0.11889266967773438
13.721256732940674,0.11889266967773438
13.731985569000244,0.11889266967773438
13.742722749710083,0.11889266967773438
13.753443717956543,0.11889266967773438
13.764190673828125,0.11889266967773438
13.774919986724854,0.11889266967773438
13.785651922225952,0.11889266967773438
13.796365737915039,0.11889266967773438
13.80708909034729,0.11889266967773438
13.817807912826538,0.11889266967773438
13.82851505279541,0.11889266967773438
13.839235305786133,0.11914443969726562
13.849955797195435,0.11914443969726562
13.860740661621094,0.11914443969726562
13.871446371078491,0.11914443969726562
13.882172346115112,0.11914443969726562
13.892902612686157,0.11989974975585938
13.903621912002563,0.12038421630859375
13.914337396621704,0.12038421630859375
13.925057649612427,0.12038421630859375
13.9358069896698,0.12038421630859375
13.94652009010315,0.12038421630859375
13.957240343093872,0.12038421630859375
13.967965841293335,0.12038421630859375
13.97870135307312,0.12038421630859375
13.98940920829773,0.12038421630859375
14.000134468078613,0.12038421630859375
14.010866165161133,0.12038421630859375
14.021599769592285,0.12038421630859375
14.032311916351318,0.12038421630859375
14.043043613433838,0.12038421630859375
14.053777694702148,0.120635986328125
14.064494132995605,0.120635986328125
14.0752272605896,0.12088775634765625
14.085976839065552,0.12088775634765625
14.096710681915283,0.1211395263671875
14.107424259185791,0.1211395263671875
14.118144035339355,0.1211395263671875
14.128866910934448,0.1211395263671875
14.13957405090332,0.1211395263671875
14.150291204452515,0.1211395263671875
14.161015748977661,0.1211395263671875
14.17174220085144,0.1211395263671875
14.182460069656372,0.1211395263671875
14.193204641342163,0.12183380126953125
14.203940391540527,0.12209320068359375
14.214659690856934,0.12209320068359375
14.225368022918701,0.12209320068359375
14.236093997955322,0.12209320068359375
14.246825933456421,0.12209320068359375
14.257548332214355,0.12209320068359375
14.268260955810547,0.12209320068359375
14.278987407684326,0.12209320068359375
14.289742231369019,0.12209320068359375
14.300458908081055,0.12209320068359375
14.311187505722046,0.12209320068359375
14.321911811828613,0.12209320068359375
14.332648754119873,0.12209320068359375
14.343362092971802,0.12209320068359375
14.354105949401855,0.12209320068359375
14.364840984344482,0.12209320068359375
14.375548124313354,0.122344970703125
14.38626217842102,0.122344970703125
14.397003889083862,0.122344970703125
14.407724380493164,0.122344970703125
14.418443441390991,0.122344970703125
14.429191827774048,0.122344970703125
14.439926147460938,0.122344970703125
14.45067286491394,0.122344970703125
14.461397409439087,0.122344970703125
14.472127676010132,0.122344970703125
14.482864618301392,0.122344970703125
14.493582487106323,0.12259674072265625
14.504341125488281,0.12335205078125
14.515074253082275,0.12360382080078125
14.525806427001953,0.1238555908203125
14.536541938781738,0.12461090087890625
14.547268152236938,0.12461090087890625
14.558013677597046,0.12461090087890625
14.568733215332031,0.12461090087890625
14.579445600509644,0.12461090087890625
14.590177059173584,0.12461090087890625
14.600910902023315,0.12461090087890625
14.61163330078125,0.12461090087890625
14.622367858886719,0.12461090087890625
14.633091688156128,0.12461090087890625
14.643824577331543,0.12461090087890625
14.654542684555054,0.12461090087890625
14.665262937545776,0.12461090087890625
14.675991535186768,0.12461090087890625
14.686726093292236,0.12545394897460938
14.69743537902832,0.12545394897460938
14.708175659179688,0.12545394897460938
14.718909978866577,0.12545394897460938
14.729631423950195,0.12545394897460938
14.74034571647644,0.12545394897460938
14.751071453094482,0.12595748901367188
14.761797666549683,0.12620925903320312
14.772510766983032,0.12620925903320312
14.783239603042603,0.12620925903320312
14.793969869613647,0.12620925903320312
14.804704666137695,0.12620925903320312
14.815418243408203,0.12620925903320312
14.826138734817505,0.12620925903320312
14.836864233016968,0.12620925903320312
14.847573280334473,0.12620925903320312
14.858289957046509,0.12620925903320312
14.869017362594604,0.12620925903320312
14.879741430282593,0.12620925903320312
14.890453338623047,0.12620925903320312
14.901185274124146,0.12620925903320312
14.911909103393555,0.12620925903320312
14.922629356384277,0.12620925903320312
14.933350324630737,0.12620925903320312
14.944080591201782,0.12620925903320312
14.954813718795776,0.12620925903320312
14.965560674667358,0.12620925903320312
14.9762704372406,0.12620925903320312
14.986994981765747,0.12620925903320312
14.997713088989258,0.12620925903320312
15.008420467376709,0.12620925903320312
15.019142389297485,0.12620925903320312
15.029870510101318,0.12620925903320312
15.0405752658844,0.12620925903320312
15.051244020462036,0.12620925903320312
15.061971187591553,0.12620925903320312
15.072716474533081,0.12620925903320312
15.083433866500854,0.12620925903320312
15.094160556793213,0.12620925903320312
15.10488510131836,0.12620925903320312
15.115612506866455,0.12620925903320312
15.126319885253906,0.12620925903320312
15.137052059173584,0.12620925903320312
15.147767305374146,0.12620925903320312
15.158481359481812,0.12620925903320312
15.169207096099854,0.12620925903320312
15.179934740066528,0.12620925903320312
15.190659046173096,0.12620925903320312
15.201369524002075,0.12620925903320312
15.212099552154541,0.12620925903320312
15.222821474075317,0.12620925903320312
15.233530044555664,0.12620925903320312
15.244243383407593,0.12620925903320312
15.25495982170105,0.12620925903320312
15.265677452087402,0.12620925903320312
15.276387929916382,0.12620925903320312
15.287125825881958,0.12620925903320312
15.297852516174316,0.12620925903320312
15.30856728553772,0.12620925903320312
15.319279193878174,0.12620925903320312
15.330009698867798,0.12620925903320312
15.340741395950317,0.12620925903320312
15.351445198059082,0.12620925903320312
15.362178802490234,0.12620925903320312
15.372909545898438,0.12620925903320312
15.383628845214844,0.12620925903320312
15.394347429275513,0.12620925903320312
15.40507984161377,0.12620925903320312
15.415810585021973,0.12620925903320312
15.426525115966797,0.12620925903320312
15.437246561050415,0.12620925903320312
15.447973251342773,0.12620925903320312
15.458711862564087,0.12620925903320312
15.469431161880493,0.12620925903320312
15.480166912078857,0.12620925903320312
15.490894794464111,0.12620925903320312
15.501630067825317,0.12620925903320312
15.512345552444458,0.12620925903320312
15.523069858551025,0.12620925903320312
15.533806085586548,0.12620925903320312
15.544522762298584,0.12620925903320312
15.555251598358154,0.12620925903320312
15.565981388092041,0.12620925903320312
15.576702356338501,0.12620925903320312
15.587408781051636,0.12620925903320312
15.598135948181152,0.12646102905273438
15.608869552612305,0.12696456909179688
15.619598627090454,0.12721633911132812
15.630327701568604,0.12746810913085938
15.641058444976807,0.12746810913085938
15.651779890060425,0.12746810913085938
15.662497758865356,0.12746810913085938
15.673224925994873,0.12746810913085938
15.683951616287231,0.12746810913085938
15.694669961929321,0.12746810913085938
15.705391883850098,0.12746810913085938
15.716129064559937,0.12746810913085938
15.726856708526611,0.12746810913085938
15.737578630447388,0.12746810913085938
15.748302221298218,0.12746810913085938
15.759032726287842,0.12746810913085938
15.769776821136475,0.12771987915039062
15.780495405197144,0.12771987915039062
15.79122018814087,0.12771987915039062
15.801943302154541,0.12771987915039062
15.812664985656738,0.12771987915039062
15.823376893997192,0.12771987915039062
15.8341383934021,0.12771987915039062
15.844861030578613,0.12771987915039062
15.85557222366333,0.12771987915039062
15.86628270149231,0.12771987915039062
15.877021074295044,0.12771987915039062
15.887754917144775,0.12771987915039062
15.89846920967102,0.12771987915039062
15.909210681915283,0.12771987915039062
15.919941186904907,0.12771987915039062
15.930681467056274,0.12771987915039062
15.941404581069946,0.12771987915039062
15.952152252197266,0.12771987915039062
15.962888479232788,0.12771987915039062
15.973623514175415,0.12771987915039062
15.984346151351929,0.12771987915039062
15.99507188796997,0.12771987915039062
16.005807161331177,0.12771987915039062
16.016525745391846,0.12771987915039062
16.027260303497314,0.12771987915039062
16.03800320625305,0.12771987915039062
16.04874587059021,0.12771987915039062
16.059451818466187,0.12771987915039062
16.07020139694214,0.12797164916992188
16.080944538116455,0.12797164916992188
16.091684818267822,0.12797164916992188
16.102403163909912,0.12797164916992188
16.113129377365112,0.12797164916992188
16.12386727333069,0.12797164916992188
16.134572982788086,0.12797164916992188
16.145293474197388,0.12797164916992188
16.156014680862427,0.12797164916992188
16.168063640594482,0.12797164916992188
16.181004285812378,0.12797164916992188
16.19208860397339,0.12797164916992188
16.202892780303955,0.12797164916992188
16.213624715805054,0.12797164916992188
16.224356412887573,0.12797164916992188
16.23508381843567,0.12797164916992188
16.24581789970398,0.12797164916992188
16.25652575492859,0.12797164916992188
16.26723551750183,0.12797164916992188
16.277961492538452,0.12797164916992188
16.288679599761963,0.12797164916992188
16.299396991729736,0.12797164916992188
16.31011414527893,0.12797164916992188
16.320842027664185,0.12797164916992188
16.331547021865845,0.12797164916992188
16.342260122299194,0.12797164916992188
16.352999925613403,0.12797164916992188
16.363720417022705,0.12797164916992188
16.37444233894348,0.12797164916992188
16.385173559188843,0.12822341918945312
16.395891904830933,0.12822341918945312
16.406630516052246,0.12822341918945312
16.41734552383423,0.12822341918945312
16.428065061569214,0.12822341918945312
16.438795804977417,0.12822341918945312
16.449504137039185,0.12822341918945312
16.460227489471436,0.12822341918945312
16.47095775604248,0.12822341918945312
16.481680870056152,0.12822341918945312
16.492391347885132,0.12822341918945312
16.503124475479126,0.12847518920898438
16.51384997367859,0.12847518920898438
16.524582386016846,0.12847518920898438
16.535341501235962,0.12847518920898438
16.54606819152832,0.12847518920898438
16.556807041168213,0.12847518920898438
16.567512035369873,0.12847518920898438
16.578226327896118,0.12847518920898438
16.588955402374268,0.12847518920898438
16.599672317504883,0.12847518920898438
16.610383987426758,0.12847518920898438
16.621111154556274,0.12847518920898438
16.631836652755737,0.12847518920898438
16.642536878585815,0.12847518920898438
16.653265476226807,0.12847518920898438
16.663990020751953,0.12847518920898438
16.67471408843994,0.12847518920898438
16.685417413711548,0.12847518920898438
16.69613742828369,0.12847518920898438
16.706857681274414,0.12847518920898438
16.7175714969635,0.12847518920898438
16.728282690048218,0.12847518920898438
16.739015817642212,0.12847518920898438
16.749743461608887,0.12847518920898438
16.760472774505615,0.12897872924804688
16.771201133728027,0.12923049926757812
16.781923532485962,0.12923049926757812
16.792648315429688,0.12923049926757812
16.80337166786194,0.12923049926757812
16.814093828201294,0.12923049926757812
16.82481336593628,0.12923049926757812
16.835527658462524,0.12923049926757812
16.8462393283844,0.12923049926757812
16.856963634490967,0.12923049926757812
16.86769151687622,0.12923049926757812
16.87839365005493,0.12923049926757812
16.889119625091553,0.12923049926757812
16.899850368499756,0.12923049926757812
16.910560131072998,0.12923049926757812
16.921277046203613,0.12923049926757812
16.93199920654297,0.12923049926757812
16.942728996276855,0.12923049926757812
16.953447580337524,0.12923049926757812
16.964197397232056,0.12923049926757812
16.97492527961731,0.12923049926757812
16.98565125465393,0.12948226928710938
16.996358633041382,0.12973403930664062
17.00709319114685,0.13023757934570312
17.01781415939331,0.13048934936523438
17.02852153778076,0.13074111938476562
17.039233446121216,0.13124465942382812
17.04995369911194,0.13124465942382812
17.060678720474243,0.13149642944335938
17.071383714675903,0.13199996948242188
17.082104921340942,0.13225173950195312
17.092823028564453,0.13225173950195312
17.10353946685791,0.13225173950195312
17.11426019668579,0.13225173950195312
17.12499189376831,0.13225173950195312
17.13572335243225,0.13225173950195312
17.14643430709839,0.13225173950195312
17.15715718269348,0.13225173950195312
17.167886972427368,0.13225173950195312
17.178611040115356,0.13225173950195312
17.18931245803833,0.13225173950195312
17.20003890991211,0.13225173950195312
17.210769414901733,0.13230514526367188
17.221482753753662,0.13230514526367188
17.232199907302856,0.13230514526367188
17.24293088912964,0.13230514526367188
17.253661155700684,0.13230514526367188
17.26436161994934,0.13230514526367188
17.275078296661377,0.13230514526367188
17.285812854766846,0.13424301147460938
17.29651665687561,0.13424301147460938
17.30723237991333,0.13424301147460938
17.31796145439148,0.13424301147460938
17.328680515289307,0.13424301147460938
17.33938217163086,0.13424301147460938
17.35009527206421,0.13424301147460938
17.360816955566406,0.13424301147460938
17.37153124809265,0.13424301147460938
17.382242441177368,0.13424301147460938
17.392961502075195,0.13424301147460938
17.403685808181763,0.13424301147460938
17.4143967628479,0.13424301147460938
17.425112009048462,0.13424301147460938
17.435835123062134,0.13424301147460938
17.446557998657227,0.13424301147460938
17.45725989341736,0.13424301147460938
17.467976093292236,0.13424301147460938
17.47870373725891,0.13424301147460938
17.489421844482422,0.13424301147460938
17.500153064727783,0.13424301147460938
17.510891914367676,0.13424301147460938
17.52161741256714,0.13424301147460938
17.53232192993164,0.13424301147460938
17.543051719665527,0.13424301147460938
17.553792715072632,0.13424301147460938
17.56450629234314,0.13424301147460938
17.57522487640381,0.13424301147460938
17.5859591960907,0.13457489013671875
17.59669542312622,0.13494873046875
17.607409954071045,0.1354522705078125
17.61815357208252,0.1354522705078125
17.628894567489624,0.13570404052734375
17.639623403549194,0.13570404052734375
17.650335550308228,0.135955810546875
17.661069869995117,0.13620758056640625
17.671799421310425,0.1364593505859375
17.682506561279297,0.13781356811523438
17.693222522735596,0.1392974853515625
17.703941583633423,0.1392974853515625
17.714685678482056,0.1392974853515625
17.7253999710083,0.1392974853515625
17.73612952232361,0.1392974853515625
17.74686861038208,0.1392974853515625
17.75760006904602,0.1392974853515625
17.76832413673401,0.1392974853515625
17.779053449630737,0.1392974853515625
17.789792776107788,0.1392974853515625
17.800519227981567,0.1392974853515625
17.8112473487854,0.14052963256835938
17.82196307182312,0.14052963256835938
17.832691431045532,0.14052963256835938
17.843401432037354,0.14052963256835938
17.85412073135376,0.14052963256835938
17.86484456062317,0.14052963256835938
17.875545501708984,0.14052963256835938
17.886261224746704,0.14052963256835938
17.896977424621582,0.14052963256835938
17.907696962356567,0.14052963256835938
17.91840362548828,0.14052963256835938
17.929124355316162,0.14052963256835938
17.939852952957153,0.14052963256835938
17.950557708740234,0.14052963256835938
17.961299180984497,0.14052963256835938
17.972015142440796,0.14052963256835938
17.98275065422058,0.14055252075195312
17.993468523025513,0.14055252075195312
18.00419330596924,0.14055252075195312
18.01491093635559,0.14055252075195312
18.02563238143921,0.14055252075195312
18.03634238243103,0.14055252075195312
18.047061681747437,0.14055252075195312
18.057782888412476,0.14055252075195312
18.068511962890625,0.14055252075195312
18.07922649383545,0.14056396484375
18.089957237243652,0.14056396484375
18.10068678855896,0.14056396484375
18.111393928527832,0.14056396484375
18.122121334075928,0.14056396484375
18.132843494415283,0.14056396484375
18.143551111221313,0.14056396484375
18.154261827468872,0.14056396484375
18.16501545906067,0.14056396484375
18.1757550239563,0.14056396484375
18.186482429504395,0.14056396484375
18.197205305099487,0.14056396484375
18.207942008972168,0.14058303833007812
18.218679189682007,0.14058303833007812
18.22940945625305,0.14058303833007812
18.24013328552246,0.14058303833007812
18.250863075256348,0.14058303833007812
18.2615704536438,0.14058303833007812
18.272281408309937,0.14058303833007812
18.28302311897278,0.14058303833007812
18.29376196861267,0.14058303833007812
18.30448627471924,0.14058303833007812
18.31522488594055,0.14058303833007812
18.325948476791382,0.14058303833007812
18.336693286895752,0.14058303833007812
18.34740686416626,0.14058303833007812
18.35812258720398,0.14058303833007812
18.36884355545044,0.14058303833007812
18.379558563232422,0.14058303833007812
18.39027738571167,0.14058303833007812
18.400997161865234,0.14058303833007812
18.41173028945923,0.14058303833007812
18.42243242263794,0.14058303833007812
18.43316102027893,0.14058303833007812
18.44387936592102,0.14058303833007812
18.454623699188232,0.14058303833007812
18.465346574783325,0.14058685302734375
18.476072072982788,0.14058685302734375
18.486798763275146,0.14058685302734375
18.49750828742981,0.14058685302734375
18.508230924606323,0.14058685302734375
18.518961429595947,0.14058685302734375
18.529674291610718,0.14058685302734375
18.54040002822876,0.14058685302734375
18.551112413406372,0.14058685302734375
18.561847686767578,0.14058685302734375
18.57256245613098,0.14058685302734375
18.58327889442444,0.14058685302734375
18.59400486946106,0.14058685302734375
18.604728937149048,0.14058685302734375
18.615440607070923,0.14104461669921875
18.62619161605835,0.14104461669921875
18.6369206905365,0.14104461669921875
18.647653818130493,0.14104461669921875
18.65837287902832,0.14104461669921875
18.66909885406494,0.14116668701171875
18.67982029914856,0.14253997802734375
18.69054102897644,0.1436004638671875
18.701236486434937,0.14495468139648438
18.711975812911987,0.14520645141601562
18.722703456878662,0.14520645141601562
18.733405828475952,0.14520645141601562
18.744115591049194,0.14520645141601562
18.754840850830078,0.14520645141601562
18.765537977218628,0.14520645141601562
18.77625060081482,0.14520645141601562
18.786967754364014,0.14520645141601562
18.797691583633423,0.14520645141601562
18.80842638015747,0.14520645141601562
18.81914472579956,0.14520645141601562
18.8298659324646,0.14520645141601562
18.840575456619263,0.14520645141601562
18.851285934448242,0.14520645141601562
18.862021684646606,0.14520645141601562
18.872747659683228,0.14520645141601562
18.88346242904663,0.14520645141601562
18.894176483154297,0.14520645141601562
18.904945850372314,0.14520645141601562
18.915687561035156,0.14520645141601562
18.926404237747192,0.14520645141601562
18.937124729156494,0.14520645141601562
18.947848320007324,0.14520645141601562
18.958550930023193,0.14520645141601562
18.969264030456543,0.14520645141601562
18.980016231536865,0.14520645141601562
18.990744590759277,0.14520645141601562
19.001462936401367,0.14520645141601562
19.012190580368042,0.14520645141601562
19.022918701171875,0.14520645141601562
19.03364872932434,0.14520645141601562
19.044381380081177,0.14520645141601562
19.055099487304688,0.14520645141601562
19.06581950187683,0.14520645141601562
19.076525449752808,0.14520645141601562
19.08723783493042,0.14520645141601562
19.09795379638672,0.14570999145507812
19.10867738723755,0.14570999145507812
19.119375705718994,0.14570999145507812
19.130088090896606,0.14570999145507812
19.140809535980225,0.14570999145507812
19.151507139205933,0.14570999145507812
19.16222620010376,0.14570999145507812
19.172945022583008,0.14570999145507812
19.18367052078247,0.14570999145507812
19.19437003135681,0.14570999145507812
19.205090045928955,0.14570999145507812
19.215801239013672,0.14570999145507812
19.226502180099487,0.14570999145507812
19.237222909927368,0.14570999145507812
19.247987747192383,0.14570999145507812
19.258702754974365,0.14570999145507812
19.269404888153076,0.14570999145507812
19.280134439468384,0.14570999145507812
19.290855407714844,0.14570999145507812
19.301549434661865,0.14570999145507812
19.312264442443848,0.14570999145507812
19.322978734970093,0.14570999145507812
19.33369255065918,0.14570999145507812
19.34439206123352,0.14570999145507812
19.355108976364136,0.14570999145507812
19.365830659866333,0.14570999145507812
19.376540899276733,0.14570999145507812
19.387240171432495,0.14570999145507812
19.397951126098633,0.14570999145507812
19.408660888671875,0.14570999145507812
19.419385194778442,0.14570999145507812
19.430103302001953,0.14570999145507812
19.440824508666992,0.14570999145507812
19.451534509658813,0.14570999145507812
19.46225118637085,0.14570999145507812
19.47297167778015,0.14570999145507812
19.48369812965393,0.14570999145507812
19.494407892227173,0.14589309692382812
19.505154609680176,0.14589309692382812
19.515913009643555,0.14628982543945312
19.526639223098755,0.14679336547851562
19.53735637664795,0.14707183837890625
19.548072814941406,0.14739608764648438
19.55880069732666,0.14789962768554688
19.56950879096985,0.148651123046875
19.58024501800537,0.14890289306640625
19.590975046157837,0.1491546630859375
19.60170865058899,0.149627685546875
19.612417459487915,0.149627685546875
19.623144388198853,0.149627685546875
19.633866786956787,0.149627685546875
19.644580841064453,0.149627685546875
19.655309438705444,0.149627685546875
19.666032552719116,0.149627685546875
19.67676067352295,0.149627685546875
19.687471866607666,0.149627685546875
19.69818902015686,0.149627685546875
19.70891523361206,0.149627685546875
19.719633102416992,0.15053939819335938
19.730340719223022,0.15262603759765625
19.741060256958008,0.1543426513671875
19.751797437667847,0.15470123291015625
19.762683391571045,0.15494918823242188
19.773417949676514,0.15520095825195312
19.78415012359619,0.15570449829101562
19.79486656188965,0.15595626831054688
19.805570602416992,0.15595626831054688
19.816291570663452,0.15595626831054688
19.827018976211548,0.15595626831054688
19.837747812271118,0.15595626831054688
19.848450183868408,0.15595626831054688
19.85916805267334,0.15595626831054688
19.86990475654602,0.15595626831054688
19.880629301071167,0.15595626831054688
19.891337394714355,0.15595626831054688
19.902068376541138,0.15595626831054688
19.91278314590454,0.15595626831054688
19.92349886894226,0.15595626831054688
19.934224128723145,0.15595626831054688
19.944950819015503,0.15595626831054688
19.955678462982178,0.15595626831054688
19.966382026672363,0.15595626831054688
19.977096796035767,0.15595626831054688
19.98783850669861,0.15595626831054688
19.998554944992065,0.15645217895507812
20.00924062728882,0.15645217895507812
20.019970655441284,0.15645217895507812
20.030701875686646,0.15645217895507812
20.04140543937683,0.15645217895507812
20.052165985107422,0.15645217895507812
20.06287717819214,0.15645217895507812
20.073578357696533,0.15645217895507812
20.08428406715393,0.15645217895507812
20.094998598098755,0.15645217895507812
20.1057288646698,0.15645217895507812
20.116453647613525,0.15650177001953125
20.127177000045776,0.15650177001953125
20.137885808944702,0.15650177001953125
20.148605346679688,0.15650177001953125
20.15932059288025,0.15650177001953125
20.17004895210266,0.15650177001953125
20.180769205093384,0.15650177001953125
20.191473245620728,0.15650177001953125
20.20220923423767,0.15650177001953125
20.212924003601074,0.15733718872070312
20.22366952896118,0.15758895874023438
20.234374046325684,0.15859222412109375
20.245091438293457,0.158843994140625
20.255804777145386,0.15971755981445312
20.266530513763428,0.16022109985351562
20.277243614196777,0.16072463989257812
20.287968397140503,0.16072463989257812
20.29868745803833,0.16122817993164062
20.309394359588623,0.16140365600585938
20.320122003555298,0.16140365600585938
20.330862760543823,0.16140365600585938
20.34159755706787,0.16140365600585938
20.352301597595215,0.16140365600585938
20.363023042678833,0.16140365600585938
20.373740196228027,0.16140365600585938
20.384453058242798,0.16140365600585938
20.395188093185425,0.16140365600585938
20.4059100151062,0.16140365600585938
20.416640996932983,0.16140365600585938
20.427343606948853,0.16140365600585938
20.438077688217163,0.16140365600585938
20.448819637298584,0.16140365600585938
20.45953345298767,0.16140365600585938
20.47024154663086,0.16140365600585938
20.480961322784424,0.16140365600585938
20.49167776107788,0.16140365600585938
20.50239634513855,0.16140365600585938
20.5131196975708,0.16247177124023438
20.52385687828064,0.16303634643554688
20.534563779830933,0.16314315795898438
20.545284748077393,0.16342544555664062
20.556001663208008,0.16367721557617188
20.566736698150635,0.16443252563476562
20.577454090118408,0.16493606567382812
20.588170766830444,0.16639328002929688
20.598894596099854,0.168426513671875
20.60962224006653,0.168426513671875
20.620325088500977,0.168426513671875
20.631047010421753,0.168426513671875
20.641765832901,0.168426513671875
20.652483701705933,0.168426513671875
20.663203716278076,0.168426513671875
20.67397141456604,0.168426513671875
20.684691429138184,0.168426513671875
20.695398569107056,0.168426513671875
20.706132650375366,0.168426513671875
20.71686291694641,0.168426513671875
20.72759485244751,0.168426513671875
20.73831295967102,0.168426513671875
20.74902892112732,0.168426513671875
20.759757041931152,0.168426513671875
20.770469665527344,0.168426513671875
20.78120732307434,0.168426513671875
20.791922330856323,0.168426513671875
20.80264163017273,0.168426513671875
20.813360691070557,0.168426513671875
20.824090003967285,0.16868972778320312
20.834816694259644,0.1693115234375
20.84554433822632,0.16986083984375
20.856276512145996,0.17052078247070312
20.867002248764038,0.17147064208984375
20.877739906311035,0.17147064208984375
20.8884494304657,0.17147064208984375
20.899194717407227,0.17147064208984375
20.90992307662964,0.17147064208984375
20.920653820037842,0.17147064208984375
20.931371927261353,0.17147064208984375
20.942096948623657,0.17147064208984375
20.95282530784607,0.17147064208984375
20.963531494140625,0.17147064208984375
20.97424030303955,0.17147064208984375
20.984968662261963,0.17147064208984375
20.995681285858154,0.17147064208984375
21.006408214569092,0.17147064208984375
21.01712942123413,0.1714935302734375
21.027854204177856,0.17499923706054688
21.038558959960938,0.17499923706054688
21.04928755760193,0.17499923706054688
21.06000518798828,0.17499923706054688
21.07072615623474,0.17499923706054688
21.08144474029541,0.17499923706054688
21.092169284820557,0.17499923706054688
21.102901458740234,0.17499923706054688
21.113632440567017,0.17499923706054688
21.124343156814575,0.17499923706054688
21.13505983352661,0.17499923706054688
21.14577579498291,0.17499923706054688
21.156474828720093,0.17499923706054688
21.167202472686768,0.17499923706054688
21.17792534828186,0.17499923706054688
21.188645124435425,0.17499923706054688
21.199342727661133,0.17499923706054688
21.210065126419067,0.17528152465820312
21.220792055130005,0.17587661743164062
21.231494426727295,0.17587661743164062
21.24220371246338,0.17587661743164062
21.252950191497803,0.17587661743164062
21.26367688179016,0.17587661743164062
21.274390935897827,0.17587661743164062
21.285109758377075,0.17587661743164062
21.295836687088013,0.17587661743164062
21.30655002593994,0.17587661743164062
21.317249536514282,0.17587661743164062
21.327986478805542,0.17587661743164062
21.338725566864014,0.17587661743164062
21.349427700042725,0.17587661743164062
21.36014151573181,0.17587661743164062
21.370864629745483,0.17587661743164062
21.381563186645508,0.17587661743164062
21.3922700881958,0.17587661743164062
21.402998208999634,0.17587661743164062
21.413721084594727,0.17612838745117188
21.42443561553955,0.17612838745117188
21.43516230583191,0.17612838745117188
21.445887088775635,0.17612838745117188
21.456600666046143,0.17612838745117188
21.46732258796692,0.17612838745117188
21.478039979934692,0.17612838745117188
21.488760709762573,0.17612838745117188
21.49947500228882,0.17612838745117188
21.510183811187744,0.17612838745117188
21.52092981338501,0.17612838745117188
21.531655311584473,0.17612838745117188
21.542379140853882,0.17612838745117188
21.55309557914734,0.17612838745117188
21.563817977905273,0.17612838745117188
21.574615955352783,0.17612838745117188
21.58532691001892,0.17612838745117188
21.596044540405273,0.17612838745117188
21.606761693954468,0.17612838745117188
21.617478370666504,0.17612838745117188
21.628206491470337,0.17612838745117188
21.638935565948486,0.17612838745117188
21.64964723587036,0.17612838745117188
21.6603524684906,0.17638015747070312
21.67107343673706,0.17638015747070312
21.681785821914673,0.17638015747070312
21.69251275062561,0.17638015747070312
21.703221082687378,0.17638015747070312
21.713947772979736,0.17638015747070312
21.72467827796936,0.17638015747070312
21.73538327217102,0.17638015747070312
21.746097803115845,0.17638015747070312
21.756848573684692,0.17638015747070312
21.76755118370056,0.17638015747070312
21.77825117111206,0.17638015747070312
21.78896951675415,0.17638015747070312
21.79969310760498,0.17638015747070312
21.810395002365112,0.17638015747070312
21.82111430168152,0.17638015747070312
21.831841707229614,0.17638015747070312
21.842538356781006,0.17638015747070312
21.85324215888977,0.17638015747070312
21.863970041275024,0.17638015747070312
21.874695777893066,0.17638015747070312
21.885406494140625,0.17638015747070312
21.89612364768982,0.17638015747070312
21.906852960586548,0.17638015747070312
21.91762065887451,0.17638015747070312
21.92831778526306,0.17638015747070312
21.939035892486572,0.17638015747070312
21.949756622314453,0.17638015747070312
21.960456371307373,0.17638015747070312
21.97119116783142,0.17638015747070312
21.98191475868225,0.17638015747070312
21.992626190185547,0.17638015747070312
22.003333568572998,0.17638015747070312
22.01405692100525,0.17638015747070312
22.024784088134766,0.17638015747070312
22.035486221313477,0.17638015747070312
22.04621124267578,0.17638015747070312
22.056930541992188,0.17638015747070312
22.067657709121704,0.17638015747070312
22.078355312347412,0.17638015747070312
22.0891010761261,0.17638015747070312
22.099854469299316,0.17638015747070312
22.11056876182556,0.17663192749023438
22.12125849723816,0.17717361450195312
22.132115125656128,0.2945747375488281
22.14324116706848,0.6529083251953125
22.154545545578003,1.0133895874023438
22.166056871414185,1.3732414245605469
22.177784204483032,1.7316703796386719
22.189812898635864,2.2096214294433594
22.202053546905518,2.5680313110351562
22.21457529067993,3.0459251403808594
22.227388620376587,3.523815155029297
22.240408182144165,3.8822479248046875
22.253939390182495,4.153282165527344
22.26693820953369,4.19921875
22.279902458190918,4.2284088134765625
22.29372763633728,4.2469635009765625
22.307541370391846,4.2517547607421875
22.320512294769287,4.253864288330078
22.333466053009033,4.257942199707031
22.346423387527466,4.261688232421875
22.359407663345337,4.265434265136719
22.372431755065918,4.268924713134766
22.38543391227722,4.2724761962890625
22.398443937301636,4.276679992675781
22.411444425582886,4.281375885009766
22.424424409866333,4.28363037109375
22.4374258518219,4.288475036621094
22.450469732284546,4.320476531982422
22.46345806121826,4.376178741455078
22.476428985595703,4.352458953857422
22.489396572113037,4.3707733154296875
22.50233292579651,4.345466613769531
22.5152587890625,4.368659973144531
22.528247594833374,4.4201812744140625
22.541173696517944,4.396190643310547
22.55412721633911,4.371498107910156
22.56706142425537,4.384723663330078
22.580007791519165,4.409099578857422
22.59293007850647,4.469490051269531
22.605874061584473,4.488986968994141
22.61880874633789,4.5126190185546875
22.632909059524536,4.944751739501953
22.647161722183228,5.66180419921875
22.661444664001465,6.316890716552734
22.67575478553772,6.787406921386719
22.689975261688232,6.9229278564453125
22.70418405532837,7.3372039794921875
22.71844506263733,6.754009246826172
22.733371019363403,6.794517517089844
22.747676134109497,7.218975067138672
22.761898040771484,6.352336883544922
22.776158571243286,6.646247863769531
22.790513038635254,6.509380340576172
22.804945945739746,6.812824249267578
22.81922674179077,6.438518524169922
22.833466291427612,6.903163909912109
22.848338842391968,7.009326934814453
22.862650156021118,6.8062286376953125
22.876829624176025,7.1916656494140625
22.89099144935608,7.511196136474609
22.905205011367798,7.871509552001953
22.919386625289917,8.020309448242188
22.933579683303833,7.646217346191406
22.948097229003906,7.604736328125
22.962260484695435,7.435016632080078
22.976520538330078,7.4186553955078125
22.990761518478394,7.552494049072266
23.004971504211426,7.857872009277344
23.01915955543518,7.952396392822266
23.033374071121216,8.225250244140625
23.047829151153564,8.548515319824219
23.06224822998047,8.939765930175781
23.076507329940796,9.198970794677734
23.09102773666382,9.478385925292969
23.10683560371399,9.501514434814453
23.122093200683594,9.742805480957031
23.137218236923218,9.761669158935547
23.151952028274536,9.90279769897461
23.167211532592773,10.222679138183594
23.18197226524353,10.396198272705078
23.196704387664795,10.104164123535156
23.21186375617981,10.634803771972656
23.226439952850342,10.865943908691406
23.241791248321533,10.926021575927734
23.256526231765747,10.629093170166016
23.271559953689575,10.999454498291016
23.286614656448364,11.041915893554688
23.301433563232422,10.918174743652344
23.316312074661255,11.240951538085938
23.33097553253174,11.260101318359375
23.345442533493042,11.347511291503906
23.360572814941406,11.280529022216797
23.375025510787964,11.79837417602539
23.389594078063965,11.882999420166016
23.4043128490448,12.101093292236328
23.418461084365845,12.0147705078125
23.432732820510864,12.4615478515625
23.44703960418701,12.461830139160156
23.461280345916748,12.621627807617188
23.47556734085083,12.620071411132812
23.489840507507324,12.776676177978516
23.504574298858643,12.953086853027344
23.519914865493774,12.729602813720703
23.534896850585938,12.790451049804688
23.549851655960083,13.090808868408203
23.564495086669922,12.733036041259766
23.579360246658325,12.718765258789062
23.59372591972351,12.499893188476562
23.60811185836792,13.004653930664062
23.622373580932617,13.139171600341797
23.636868476867676,13.10195541381836
23.651427745819092,13.249015808105469
23.665814638137817,13.021240234375
23.68013095855713,13.245609283447266
23.6944100856781,13.421207427978516
23.70887327194214,13.374195098876953
23.723406314849854,13.194175720214844
23.737722635269165,13.444461822509766
23.751978635787964,13.500980377197266
23.766403436660767,13.318889617919922
23.780625820159912,13.543460845947266
23.795472621917725,13.592777252197266
23.810185432434082,13.623649597167969
23.824914932250977,13.831729888916016
23.8401095867157,14.103401184082031
23.85525608062744,13.616920471191406
23.870927095413208,13.585681915283203
23.885836124420166,13.62045669555664
23.900800943374634,13.764747619628906
23.915842294692993,13.950523376464844
23.93080186843872,13.739997863769531
23.945876121520996,13.638328552246094
23.960800886154175,13.773113250732422
23.975837469100952,13.85720443725586
23.990921020507812,13.941669464111328
24.006272554397583,14.016006469726562
24.021740674972534,13.822166442871094
24.037060737609863,14.055763244628906
24.05246329307556,14.104568481445312
24.06809639930725,14.146354675292969
24.084068536758423,14.056529998779297
24.10020399093628,14.208633422851562
24.115346431732178,14.078811645507812
24.131882429122925,14.041946411132812
24.148608446121216,14.158714294433594
24.165451049804688,14.081127166748047
24.182475805282593,14.177684783935547
24.1987726688385,14.222721099853516
24.21510076522827,14.310386657714844
24.230380535125732,14.355426788330078
24.246625423431396,14.376022338867188
24.26270055770874,14.600425720214844
24.279361724853516,14.36855697631836
24.295557498931885,14.411792755126953
24.31078314781189,14.682086944580078
24.32650136947632,14.394645690917969
24.342166423797607,14.376068115234375
24.357354164123535,14.576911926269531
24.3730731010437,14.689739227294922
24.38806414604187,14.645381927490234
24.404370069503784,14.714641571044922
24.420565605163574,14.364593505859375
24.436894178390503,14.487785339355469
24.452260494232178,14.47039794921875
24.46835160255432,14.369026184082031
24.48443031311035,14.305931091308594
24.499819040298462,14.621326446533203
24.515095233917236,14.552276611328125
24.530189514160156,14.540897369384766
24.54500126838684,14.389057159423828
24.560174703598022,14.494606018066406
24.575201511383057,14.589900970458984
24.59016489982605,14.678619384765625
24.60562801361084,14.660789489746094
24.620702266693115,14.550155639648438
24.635708332061768,14.732158660888672
24.6509850025177,14.682262420654297
24.666345834732056,14.673210144042969
24.681247234344482,14.487842559814453
24.696523666381836,14.238483428955078
24.711819410324097,14.439041137695312
24.72684144973755,14.585865020751953
24.742170572280884,14.5863037109375
24.757138967514038,14.404769897460938
24.77273440361023,14.134941101074219
24.7885422706604,14.53656005859375
24.80365800857544,14.547126770019531
24.818512678146362,14.38857650756836
24.833736181259155,14.616966247558594
24.849650621414185,14.35519790649414
24.86438298225403,14.571609497070312
24.879492044448853,14.400444030761719
24.895283699035645,14.31170654296875
24.90995478630066,14.67816162109375
24.9248948097229,14.33230972290039
24.940467357635498,14.863204956054688
24.95587658882141,14.538421630859375
24.97171139717102,14.55795669555664
24.987056732177734,14.666175842285156
25.004000663757324,14.512096405029297
25.01996874809265,14.583480834960938
25.035459518432617,14.21480941772461
25.05078625679016,14.490032196044922
25.06606101989746,14.462120056152344
25.081448078155518,14.570171356201172
25.096354246139526,14.456928253173828
25.111878156661987,14.364032745361328
25.12821364402771,14.349445343017578
25.143269300460815,14.276763916015625
25.158334493637085,14.457160949707031
25.173333883285522,14.839824676513672
25.18854022026062,14.699516296386719
25.204113721847534,14.522747039794922
25.219276189804077,14.596782684326172
25.23453116416931,14.487174987792969
25.2502920627594,14.473518371582031
25.266172409057617,14.340995788574219
25.281177520751953,14.629039764404297
25.29678511619568,14.370338439941406
25.31162738800049,14.515995025634766
25.32703447341919,14.58353042602539
25.34239387512207,14.495086669921875
25.357903718948364,14.436912536621094
25.373311758041382,14.2232666015625
25.3882794380188,14.56838607788086
25.40350842475891,14.481685638427734
25.418273210525513,14.730953216552734
25.433483839035034,14.40106201171875
25.44894576072693,14.558860778808594
25.464386224746704,14.563945770263672
25.479787588119507,14.440406799316406
25.49530291557312,14.235904693603516
25.511475324630737,14.16634750366211
25.527052640914917,14.418228149414062
25.54177165031433,14.777290344238281
25.557304620742798,14.471321105957031
25.572736024856567,14.617904663085938
25.58772349357605,14.58062744140625
25.602904081344604,14.524051666259766
25.618468523025513,14.550540924072266
25.633297204971313,14.256122589111328
25.648162841796875,14.246936798095703
25.66365885734558,14.422168731689453
25.67883801460266,14.539119720458984
25.69383692741394,14.465869903564453
25.709009408950806,14.481330871582031
25.724411010742188,14.240699768066406
25.739330768585205,14.481735229492188
25.754584550857544,14.771060943603516
25.769683361053467,14.608417510986328
25.785147666931152,14.586532592773438
25.80047059059143,14.369651794433594
25.815779209136963,14.30240249633789
25.831818342208862,14.416423797607422
25.847578525543213,14.32375717163086
25.863165140151978,14.492481231689453
25.878387451171875,14.514820098876953
25.89325261116028,14.646732330322266
25.908182621002197,14.808902740478516
25.922836780548096,14.600334167480469
25.93825054168701,14.3455810546875
25.954020977020264,14.361133575439453
25.969807863235474,14.498512268066406
25.985233306884766,14.485248565673828
26.001123428344727,14.383979797363281
26.016854524612427,14.334388732910156
26.031869411468506,14.726448059082031
26.04691982269287,14.508167266845703
26.062245845794678,14.304862976074219
26.077272415161133,14.660446166992188
26.092323780059814,14.264114379882812
26.10780954360962,14.518867492675781
26.12348699569702,14.364456176757812
26.139272212982178,14.394874572753906
26.15497589111328,14.720603942871094
26.16990876197815,14.476543426513672
26.184765577316284,14.491157531738281
26.200567483901978,14.301300048828125
26.215864181518555,14.456077575683594
26.23128652572632,14.60219955444336
26.24666738510132,14.493118286132812
26.26202392578125,14.411430358886719
26.27710247039795,14.681140899658203
26.292288780212402,14.543548583984375
26.30745577812195,14.427032470703125
26.3224618434906,14.521263122558594
26.337434768676758,14.402393341064453
26.352409601211548,14.07766342163086
26.367357969284058,14.36956787109375
26.382015466690063,14.733749389648438
26.39698624610901,14.676441192626953
26.412309169769287,14.585681915283203
26.427147150039673,14.66750717163086
26.442419290542603,14.43212890625
26.45686960220337,14.304618835449219
26.471688985824585,14.604900360107422
26.487139463424683,14.470096588134766
26.50230360031128,14.375186920166016
26.518003702163696,14.388362884521484
26.53267526626587,14.6219482421875
26.547690868377686,14.628105163574219
26.563718795776367,14.541751861572266
26.579158306121826,14.64748764038086
26.59437322616577,14.298664093017578
26.609848976135254,14.496349334716797
26.625171899795532,14.484081268310547
26.640889644622803,14.664806365966797
26.65622878074646,14.603561401367188
26.672298192977905,13.97412109375
26.688082456588745,14.436031341552734
26.7038791179657,14.501777648925781
26.71974802017212,14.725704193115234
26.734559535980225,14.666221618652344
26.749536991119385,14.65731430053711
26.765370845794678,14.339347839355469
26.78104591369629,14.50467300415039
26.79647159576416,14.395038604736328
26.81189250946045,14.653568267822266
26.827291250228882,14.412750244140625
26.842977046966553,14.311447143554688
26.859032154083252,14.486629486083984
26.874268770217896,14.509910583496094
26.889394283294678,14.71176528930664
26.90427565574646,14.487178802490234
26.919830799102783,14.228408813476562
26.93526005744934,14.484127044677734
26.950470209121704,14.52511978149414
26.965920209884644,14.7337646484375
26.98132586479187,14.54874038696289
26.997127056121826,14.234050750732422
27.01269817352295,14.195938110351562
27.027641534805298,14.289291381835938
27.043030977249146,14.621471405029297
27.0582115650177,14.65945816040039
27.073277711868286,14.578388214111328
27.088441371917725,14.545047760009766
27.10382080078125,14.398178100585938
27.11949133872986,14.383499145507812
27.13522505760193,14.459407806396484
27.150558710098267,14.51675796508789
27.166128873825073,14.449222564697266
27.18151307106018,14.48947525024414
27.196412086486816,14.717880249023438
27.211556911468506,14.803932189941406
27.22715449333191,14.64535903930664
27.24253225326538,14.494949340820312
27.258092164993286,14.452167510986328
27.273555040359497,14.515003204345703
27.28892707824707,14.487869262695312
27.304104566574097,14.489498138427734
27.31915044784546,14.593009948730469
27.335010290145874,14.45022964477539
27.35011076927185,14.25149917602539
27.365732669830322,14.614936828613281
27.3810932636261,14.397491455078125
27.396104335784912,14.592063903808594
27.411717414855957,14.511466979980469
27.42721128463745,14.523021697998047
27.442927360534668,14.381103515625
27.458128452301025,14.525676727294922
27.473624229431152,14.423149108886719
27.488858938217163,14.501087188720703
27.504414558410645,14.433292388916016
27.519614458084106,14.601573944091797
27.535370349884033,14.633808135986328
27.550148010253906,14.71359634399414
27.565778493881226,14.402080535888672
27.581604957580566,14.647911071777344
27.597184419631958,14.681167602539062
27.612730264663696,14.651542663574219
27.628453016281128,14.465789794921875
27.643890380859375,14.673782348632812
27.659238815307617,14.59609603881836
27.67493224143982,14.684314727783203
27.69071650505066,14.592021942138672
27.706552982330322,14.62093734741211
27.72228217124939,14.701908111572266
27.73749041557312,14.750213623046875
27.75298833847046,14.881431579589844
27.76874589920044,14.712112426757812
27.786049842834473,14.644306182861328
27.80143928527832,14.495918273925781
27.8171808719635,14.56882095336914
27.832454681396484,14.851791381835938
27.847604990005493,14.955860137939453
27.86244010925293,14.835628509521484
27.87788462638855,14.63687515258789
27.89307165145874,14.774879455566406
27.90804958343506,14.720020294189453
27.923501014709473,14.626411437988281
27.939396858215332,14.422264099121094
27.955313205718994,14.66031265258789
27.971133947372437,14.492961883544922
27.98698353767395,14.879444122314453
28.002830266952515,14.678550720214844
28.018863677978516,14.679821014404297
28.034196853637695,14.724845886230469
28.049768447875977,14.684829711914062
28.065335512161255,14.828372955322266
28.080979824066162,14.923591613769531
28.097020864486694,14.857505798339844
28.112932205200195,14.834526062011719
28.12871289253235,14.719623565673828
28.144214153289795,14.87860107421875
28.16008949279785,15.036800384521484
28.175848245620728,14.861461639404297
28.191248655319214,14.671955108642578
28.207234621047974,14.944229125976562
28.222716093063354,14.93966293334961
28.237935304641724,15.02883529663086
28.25363516807556,14.83443832397461
28.269166707992554,14.804950714111328
28.285131216049194,14.81734848022461
28.30130386352539,14.758064270019531
28.31709885597229,14.934410095214844
28.332452297210693,14.806930541992188
28.34823441505432,14.992225646972656
28.36406922340393,15.01858139038086
28.379291534423828,14.858329772949219
28.395158290863037,15.03860092163086
28.410984754562378,14.922107696533203
28.426429510116577,14.724571228027344
28.44237184524536,14.497337341308594
28.458228826522827,14.777950286865234
28.474178791046143,14.992385864257812
28.48955011367798,15.217876434326172
28.505146026611328,15.059856414794922
28.520769834518433,14.59933853149414
28.53648066520691,14.978797912597656
28.551780462265015,15.048221588134766
28.5676589012146,15.253059387207031
28.582931995391846,15.075511932373047
28.599552869796753,14.802715301513672
28.615041494369507,15.111080169677734
28.630978107452393,15.037208557128906
28.646708250045776,15.05642318725586
28.662381887435913,14.705760955810547
28.677987575531006,15.020759582519531
28.69369602203369,15.033927917480469
28.708850860595703,15.036285400390625
28.724902629852295,15.219722747802734
28.74052596092224,15.231964111328125
28.75664234161377,14.790943145751953
28.772295713424683,14.86044692993164
28.787969827651978,14.990974426269531
28.803197622299194,15.170005798339844
28.81865882873535,15.206748962402344
28.834410667419434,15.068473815917969
28.850093603134155,15.11636734008789
28.865944862365723,15.01614761352539
28.881178379058838,15.174407958984375
28.896947860717773,15.242179870605469
28.91213297843933,15.149635314941406
28.927440643310547,14.932857513427734
28.94325828552246,15.167400360107422
28.95906662940979,14.990970611572266
28.97498917579651,14.970684051513672
28.99071168899536,14.99026107788086
29.006131649017334,14.988578796386719
29.02186894416809,15.407581329345703
29.037209033966064,15.384086608886719
29.053035020828247,15.29782485961914
29.068806171417236,14.980884552001953
29.08473229408264,15.217658996582031
29.10058307647705,15.109306335449219
29.115947246551514,15.34653091430664
29.131864070892334,15.322490692138672
29.147399425506592,15.330432891845703
29.163100719451904,15.390159606933594
29.179001569747925,15.288764953613281
29.19501519203186,15.159408569335938
29.21079421043396,15.347671508789062
29.2264142036438,15.232364654541016
29.241518020629883,15.587776184082031
29.25647783279419,15.584381103515625
29.272459268569946,15.35531997680664
29.28799319267273,15.457256317138672
29.303783178329468,15.338581085205078
29.319507598876953,15.292030334472656
29.335739850997925,15.238948822021484
29.351412773132324,15.151126861572266
29.367128372192383,15.364021301269531
29.382462739944458,15.565711975097656
29.397831201553345,15.493160247802734
29.412870407104492,15.743881225585938
29.427796363830566,15.442859649658203
29.44374370574951,15.346691131591797
29.459744691848755,15.433876037597656
29.475313663482666,15.347148895263672
29.490895748138428,15.402904510498047
29.506390810012817,15.474311828613281
29.522021532058716,15.26778793334961
29.537961721420288,15.396797180175781
29.553343534469604,15.538524627685547
29.56855273246765,15.425460815429688
29.584153652191162,15.612419128417969
29.599477529525757,15.341259002685547
29.61501431465149,15.387901306152344
29.630640745162964,15.512176513671875
29.646496295928955,15.61240005493164
29.662426471710205,15.243465423583984
29.678106546401978,15.50162124633789
29.693618297576904,15.548957824707031
29.708651542663574,15.623443603515625
29.724246740341187,15.209396362304688
29.73969602584839,15.654411315917969
29.755471229553223,15.54610824584961
29.770704746246338,15.686149597167969
29.786512851715088,15.561214447021484
29.801867485046387,15.443130493164062
29.817859888076782,15.546428680419922
29.833938360214233,15.434043884277344
29.849691152572632,15.292243957519531
29.86512017250061,15.722801208496094
29.88066077232361,15.590652465820312
29.89560604095459,15.396621704101562
29.911240816116333,15.715354919433594
29.926493883132935,15.930152893066406
29.942261219024658,15.764217376708984
29.95821785926819,15.566825866699219
29.973926305770874,15.30740737915039
29.989853858947754,15.37337875366211
30.005537271499634,15.508235931396484
30.021247625350952,15.560356140136719
30.03735113143921,15.582618713378906
30.05292248725891,15.725299835205078
30.068697690963745,15.708599090576172
30.08475136756897,15.607231140136719
30.1004638671875,15.314353942871094
30.11614441871643,15.505302429199219
30.13182520866394,15.65774917602539
30.147628784179688,15.80960464477539
30.16354274749756,15.409660339355469
30.179386138916016,15.683509826660156
30.194787740707397,15.547828674316406
30.210851430892944,15.56185531616211
30.226551055908203,15.644584655761719
30.24239420890808,15.646099090576172
30.258323431015015,15.69876480102539
30.273919582366943,15.779132843017578
30.289973974227905,15.537353515625
30.305732488632202,15.871807098388672
30.321464776992798,15.362068176269531
30.33725619316101,15.610107421875
30.352754592895508,15.537792205810547
30.368285417556763,15.568359375
30.38438320159912,15.836803436279297
30.400071144104004,15.965286254882812
30.41511082649231,15.802986145019531
30.430861473083496,15.838993072509766
30.446934461593628,15.602886199951172
30.46276569366455,15.567214965820312
30.478522062301636,15.602519989013672
30.494290113449097,15.576553344726562
30.51025128364563,15.662708282470703
30.525724172592163,15.889938354492188
30.541191577911377,15.8675537109375
30.55678105354309,15.872848510742188
30.572280883789062,15.738998413085938
30.587868690490723,15.76199722290039
30.60367488861084,15.670185089111328
30.619317770004272,15.704887390136719
30.634742259979248,15.599197387695312
30.65048098564148,15.65646743774414
30.66572856903076,15.74755859375
30.68160104751587,15.866874694824219
30.69739079475403,15.631118774414062
30.713271856307983,15.480644226074219
30.728418827056885,15.880355834960938
30.74419403076172,15.833427429199219
30.760207653045654,15.684673309326172
30.776013612747192,16.010704040527344
30.79147458076477,15.58938217163086
30.807462453842163,15.660762786865234
30.823011875152588,15.849723815917969
30.839072942733765,15.65560531616211
30.855057954788208,15.536903381347656
30.870463848114014,15.77490234375
30.88574719429016,16.006935119628906
30.90170431137085,15.836456298828125
30.917659759521484,15.759811401367188
30.933472633361816,15.987022399902344
30.948925018310547,15.80670166015625
30.96404194831848,15.424468994140625
30.9795081615448,15.66470718383789
30.99524235725403,15.664264678955078
31.0114324092865,15.887672424316406
31.026474952697754,16.071170806884766
31.042216062545776,15.748641967773438
31.057948350906372,15.79827880859375
31.07339119911194,16.08415985107422
31.089005947113037,15.808223724365234
31.10481548309326,15.708232879638672
31.120670080184937,15.783916473388672
31.135966777801514,15.7625732421875
31.15157413482666,15.785369873046875
31.166930675506592,16.03461456298828
31.182102918624878,16.100318908691406
31.19792604446411,15.975353240966797
31.213367223739624,15.876472473144531
31.229360580444336,15.84259033203125
31.244938850402832,15.782466888427734
31.26075506210327,15.73776626586914
31.276819705963135,15.918724060058594
31.29267144203186,15.968055725097656
31.308165550231934,16.006938934326172
31.323428869247437,15.79925537109375
31.33930468559265,15.69345474243164
31.35514736175537,15.902973175048828
31.370617628097534,15.92013931274414
31.386192083358765,15.976097106933594
31.401385068893433,16.032699584960938
31.416982173919678,16.17211151123047
31.433260202407837,15.82333755493164
31.449153661727905,15.705074310302734
31.46477699279785,15.684940338134766
31.480525016784668,15.656391143798828
31.496206521987915,16.00729751586914
31.5113308429718,16.307910919189453
31.52723789215088,16.29297637939453
31.54325246810913,15.669239044189453
31.559122800827026,15.967838287353516
31.574669361114502,15.903007507324219
31.590328693389893,16.005813598632812
31.605997800827026,16.118911743164062
31.62208104133606,16.25707244873047
31.637811183929443,16.046382904052734
31.653374671936035,15.87359619140625
31.669158458709717,15.670825958251953
31.684961080551147,16.15618133544922
31.69989037513733,16.218036651611328
31.715287446975708,15.93307113647461
31.73072361946106,16.40235137939453
31.746453523635864,15.963760375976562
31.762101888656616,16.046737670898438
31.778026819229126,15.923454284667969
31.793571710586548,16.058822631835938
31.80952286720276,16.154376983642578
31.824783325195312,16.024707794189453
31.840460777282715,16.155017852783203
31.85592031478882,16.360713958740234
31.871140718460083,16.183063507080078
31.887128829956055,15.882469177246094
31.90332579612732,16.124282836914062
31.919347763061523,16.00482940673828
31.9350745677948,15.984966278076172
31.952243328094482,16.25092315673828
31.96816873550415,16.117626190185547
31.984055519104004,16.19808578491211
31.99984049797058,16.184585571289062
32.015706062316895,16.258441925048828
32.03144192695618,16.127952575683594
32.04684042930603,15.996097564697266
32.062724351882935,16.01458740234375
32.07843017578125,16.20529556274414
32.09438490867615,16.282848358154297
32.1099488735199,16.321056365966797
32.12510085105896,16.277576446533203
32.1403272151947,16.430225372314453
32.156352281570435,16.252216339111328
32.1722936630249,16.055774688720703
32.188011169433594,16.08393096923828
32.20372414588928,16.15998077392578
32.219144105911255,16.49042510986328
32.235318660736084,16.221267700195312
32.251391649246216,16.338172912597656
32.26736927032471,16.309574127197266
32.28372597694397,16.421314239501953
32.299195528030396,16.607696533203125
32.31456184387207,16.75847625732422
32.32995629310608,16.342987060546875
32.3464150428772,16.021316528320312
32.36261820793152,16.364036560058594
32.378939628601074,16.634883880615234
32.394192934036255,16.836193084716797
32.40962314605713,16.858665466308594
32.42562413215637,16.739788055419922
32.44151782989502,16.772480010986328
32.45761322975159,16.445022583007812
32.474005699157715,16.514347076416016
32.48972511291504,16.362258911132812
32.50612998008728,16.496967315673828
32.522518157958984,16.707813262939453
32.53790616989136,16.66335678100586
32.55362057685852,16.886741638183594
32.569536447525024,17.10265350341797
32.58572053909302,17.197772979736328
32.6014187335968,16.97472381591797
32.616939067840576,16.83736801147461
32.633294105529785,16.823898315429688
32.649842977523804,16.918514251708984
32.666085958480835,16.743209838867188
32.68179368972778,16.950637817382812
32.69783568382263,17.139434814453125
32.71377444267273,17.24969482421875
32.7304744720459,17.153514862060547
32.74646782875061,17.13992691040039
32.76295042037964,17.18259048461914
32.779369831085205,17.089019775390625
32.795729875564575,17.061321258544922
32.81205749511719,17.10129165649414
32.827895402908325,17.330890655517578
32.84427499771118,17.417499542236328
32.85971736907959,17.304607391357422
32.87479615211487,17.27452850341797
32.890743017196655,17.558917999267578
32.90625,17.562946319580078
32.92246198654175,17.290882110595703
32.937917709350586,17.210651397705078
32.953346490859985,17.461334228515625
32.96931576728821,17.610939025878906
32.98474597930908,17.849143981933594
33.00001263618469,17.32003402709961
33.0162615776062,17.134723663330078
33.03148055076599,17.127185821533203
33.04705238342285,17.233909606933594
33.062841176986694,17.075794219970703
33.07842206954956,17.377044677734375
33.09365749359131,17.517444610595703
33.10959243774414,17.392925262451172
33.125519037246704,17.033119201660156
33.14102506637573,17.043170928955078
33.15657114982605,16.879764556884766
33.172033071517944,16.960235595703125
33.18706917762756,17.194778442382812
33.20287466049194,17.171546936035156
33.21880626678467,16.263668060302734
33.23444962501526,16.33423614501953
33.24987006187439,16.47836685180664
33.26538920402527,16.394729614257812
33.28050780296326,15.946113586425781
33.29546284675598,15.95340347290039
33.3109564781189,15.814228057861328
33.32652544975281,15.959831237792969
33.342047929763794,15.98348617553711
33.35705518722534,15.548137664794922
33.37280535697937,15.543560028076172
33.388060569763184,15.760154724121094
33.40340995788574,15.87188720703125
33.41842293739319,16.14749526977539
33.43410325050354,16.240493774414062
33.44908404350281,16.196125030517578
33.46518087387085,16.195308685302734
33.48097062110901,16.087738037109375
33.495843172073364,16.210342407226562
33.51094698905945,16.480857849121094
33.52652931213379,16.185932159423828
33.541892290115356,16.333778381347656
33.5574426651001,16.441246032714844
33.57280397415161,15.950904846191406
33.58775448799133,16.146080017089844
33.60358500480652,15.960468292236328
33.619247913360596,15.839588165283203
33.634673833847046,15.608940124511719
33.650251388549805,15.409706115722656
33.66528630256653,15.451251983642578
33.68076944351196,15.52560806274414
33.696282148361206,15.14907455444336
33.711668968200684,15.518306732177734
33.726999282836914,15.673698425292969
33.74225926399231,15.758853912353516
33.757484912872314,15.8756103515625
33.77309060096741,16.00226593017578
33.7886176109314,16.030227661132812
33.80432176589966,16.119888305664062
33.819544315338135,16.261245727539062
33.83531618118286,16.2979736328125
33.85078525543213,16.45958709716797
33.8658173084259,15.961006164550781
33.880691051483154,16.015701293945312
33.896177768707275,15.26534652709961
33.91190719604492,15.37176513671875
33.92708110809326,15.29317855834961
33.94228911399841,15.329524993896484
33.95752263069153,15.32706069946289
33.97300577163696,15.512310028076172
33.988521575927734,15.39798355102539
34.00412464141846,15.313587188720703
34.019630432128906,15.388992309570312
34.03556561470032,15.319854736328125
34.050837993621826,15.457286834716797
34.066256284713745,15.742027282714844
34.08183574676514,15.672142028808594
34.09698510169983,15.801109313964844
34.11259889602661,15.858375549316406
34.12770390510559,15.928699493408203
34.14309811592102,15.70721435546875
34.158769607543945,15.392341613769531
34.173967123031616,15.383064270019531
34.18997812271118,14.512882232666016
34.20561599731445,14.676036834716797
34.22067189216614,14.93185043334961
34.23609137535095,14.984893798828125
34.25146174430847,15.042022705078125
34.26669383049011,15.091175079345703
34.28233289718628,14.509490966796875
34.29741406440735,14.687732696533203
34.31371712684631,14.504905700683594
34.32923173904419,14.328388214111328
34.34456467628479,14.386825561523438
34.36013579368591,14.48569107055664
34.375762701034546,13.928657531738281
34.39096975326538,14.107322692871094
34.40640997886658,14.091442108154297
34.422301054000854,14.229835510253906
34.43795919418335,14.067581176757812
34.45276689529419,14.45623779296875
34.46809673309326,12.895797729492188
34.48377442359924,12.789413452148438
34.49905443191528,12.77505874633789
34.5141384601593,12.991825103759766
34.52964186668396,13.04079818725586
34.54481625556946,12.998050689697266
34.55949068069458,13.081527709960938
34.57518005371094,12.943382263183594
34.59035563468933,12.944080352783203
34.60571312904358,12.995067596435547
34.62088751792908,12.936431884765625
34.63584327697754,12.94085693359375
34.651376485824585,13.125362396240234
34.667017459869385,13.047351837158203
34.682687520980835,13.027206420898438
34.69775605201721,12.98984146118164
34.713077545166016,13.207870483398438
34.72866249084473,13.280826568603516
34.74331974983215,13.502315521240234
34.75842499732971,13.340190887451172
34.77384924888611,13.5628662109375
34.789732933044434,13.446487426757812
34.80507850646973,12.660232543945312
34.82014346122742,12.77157974243164
34.835959672927856,12.79708480834961
34.85126709938049,12.928215026855469
34.86626172065735,13.026939392089844
34.88239097595215,12.936580657958984
34.89804673194885,12.863330841064453
34.913172483444214,12.703899383544922
34.928600549697876,12.809112548828125
34.944334506988525,12.903831481933594
34.95969295501709,13.013019561767578
34.9748375415802,13.03060531616211
34.99063754081726,12.987133026123047
35.00613737106323,12.836376190185547
35.02145719528198,12.333930969238281
35.03667068481445,12.379486083984375
35.051915645599365,12.479942321777344
35.066009283065796,12.615028381347656
35.081162214279175,12.26138687133789
35.09674572944641,12.311752319335938
35.1123411655426,12.106193542480469
35.127952575683594,12.16781997680664
35.14385795593262,12.328563690185547
35.15951728820801,12.294780731201172
35.17502760887146,12.372859954833984
35.19054055213928,12.34307861328125
35.20596170425415,12.394989013671875
35.22138547897339,12.49114990234375
35.23749780654907,12.317081451416016
35.25319004058838,12.393646240234375
35.26868271827698,12.333015441894531
35.28397297859192,12.607223510742188
35.29922676086426,12.409210205078125
35.31507611274719,12.334651947021484
35.330808877944946,12.311683654785156
35.346386194229126,12.347797393798828
35.362213373184204,12.345222473144531
35.377933979034424,12.418861389160156
35.392918825149536,12.500263214111328
35.408695459365845,12.572025299072266
35.424100160598755,12.47955322265625
35.43981623649597,12.374916076660156
35.4548864364624,12.458053588867188
35.470861196517944,12.238765716552734
35.48691129684448,12.177139282226562
35.50265669822693,12.3470458984375
35.51838254928589,12.435775756835938
35.534050703048706,12.346778869628906
35.54948592185974,12.460002899169922
35.56530427932739,12.453559875488281
35.580520153045654,12.576274871826172
35.59608817100525,12.595684051513672
35.61179208755493,12.498291015625
35.627228021621704,12.51181411743164
35.64233207702637,12.432697296142578
35.65811371803284,12.372318267822266
35.673309087753296,12.46689224243164
35.68837881088257,12.399818420410156
35.70353937149048,12.488334655761719
35.719130992889404,12.495746612548828
35.734778881073,12.583869934082031
35.75061106681824,12.608020782470703
35.76597452163696,12.579814910888672
35.78108310699463,12.513652801513672
35.79634165763855,12.691238403320312
35.81200909614563,12.556140899658203
35.82788944244385,12.53670883178711
35.84341239929199,12.536075592041016
35.85925269126892,12.601070404052734
35.87487864494324,12.60580825805664
35.89034843444824,12.51641845703125
35.90537714958191,12.649543762207031
35.92069602012634,12.697689056396484
35.93583154678345,12.811073303222656
35.95140099525452,12.713436126708984
35.96640920639038,12.654247283935547
35.98208951950073,12.549163818359375
35.99767208099365,12.51748275756836
36.01286292076111,12.6785888671875
36.02867555618286,12.65908432006836
36.04401874542236,12.643768310546875
36.05903768539429,12.72186279296875
36.0744993686676,12.819686889648438
36.089720726013184,12.824691772460938
36.10510015487671,12.920902252197266
36.11996865272522,12.922954559326172
36.13588356971741,12.603675842285156
36.15152645111084,12.682914733886719
36.167060136795044,12.50735855102539
36.18315052986145,12.462871551513672
36.198880195617676,12.64077377319336
36.214420318603516,12.686790466308594
36.22994518280029,12.59988021850586
36.24556636810303,12.571846008300781
36.260804414749146,12.559562683105469
36.27620220184326,12.75738525390625
36.29131364822388,12.870044708251953
36.307114601135254,12.637374877929688
36.322543144226074,12.69424819946289
36.3380663394928,12.638008117675781
36.35364365577698,12.669731140136719
36.3689706325531,12.606021881103516
36.38437843322754,12.539840698242188
36.40026140213013,12.620769500732422
36.415945053100586,12.551647186279297
36.43153786659241,12.590682983398438
36.446929693222046,12.651931762695312
36.46261024475098,12.706245422363281
36.477957010269165,12.686050415039062
36.49337434768677,12.703189849853516
36.50908136367798,12.675254821777344
36.52441048622131,12.6646728515625
36.539987564086914,12.669170379638672
36.5552020072937,12.714862823486328
36.57262992858887,12.63186264038086
36.58855319023132,12.578384399414062
36.6038281917572,12.750038146972656
36.6191520690918,12.873817443847656
36.63408541679382,12.78476333618164
36.649717807769775,12.705875396728516
36.66539168357849,12.747783660888672
36.68079972267151,12.660877227783203
36.69610381126404,12.7269287109375
36.711753368377686,12.733333587646484
36.727105379104614,12.746967315673828
36.742393493652344,12.810401916503906
36.75818347930908,12.727916717529297
36.772966623306274,12.803665161132812
36.78847885131836,12.765968322753906
36.80395436286926,12.859573364257812
36.81871724128723,12.921741485595703
36.83357357978821,12.805744171142578
36.84886860847473,12.781566619873047
36.864097595214844,12.847118377685547
36.87925171852112,12.977310180664062
36.89450168609619,12.929573059082031
36.91022181510925,12.601669311523438
36.9255530834198,12.674488067626953
36.94049692153931,12.732681274414062
36.95570421218872,12.91580581665039
36.97078323364258,12.90509033203125
36.98593235015869,12.9677734375
37.00134873390198,12.996692657470703
37.01632618904114,13.226722717285156
37.03118348121643,12.552303314208984
37.04680514335632,12.45394515991211
37.062150716781616,12.288211822509766
37.077388048172,12.266304016113281
37.09280300140381,12.06954574584961
37.10816979408264,12.193199157714844
37.12360119819641,12.342460632324219
37.13939189910889,12.44912338256836
37.15525197982788,12.33658218383789
37.17057681083679,12.507194519042969
37.18650007247925,12.279197692871094
37.202258825302124,12.335395812988281
37.218448877334595,12.346248626708984
37.23433494567871,12.436775207519531
37.24988913536072,12.29681396484375
37.265984296798706,12.476207733154297
37.281304597854614,12.347736358642578
37.29677438735962,12.484161376953125
37.312251806259155,12.50405502319336
37.32785940170288,12.493236541748047
37.34375715255737,12.526050567626953
37.358941316604614,12.262535095214844
37.3741295337677,12.366348266601562
37.38928437232971,12.461910247802734
37.404242277145386,12.304931640625
37.41945195198059,12.380748748779297
37.43413305282593,12.676216125488281
37.449347734451294,12.505802154541016
37.46479535102844,12.38580322265625
37.479448556900024,12.264060974121094
37.494558334350586,12.338237762451172
37.509281158447266,12.294559478759766
37.52428698539734,12.212406158447266
37.53892970085144,12.246070861816406
37.55393934249878,12.293670654296875
37.569226026535034,12.08688735961914
37.58474540710449,12.119762420654297
37.599730491638184,12.120838165283203
37.614139795303345,12.182048797607422
37.62879681587219,12.348854064941406
37.64314150810242,12.4962158203125
37.65739369392395,12.431880950927734
37.67246699333191,12.483314514160156
37.68713068962097,12.649070739746094
37.702016830444336,12.447280883789062
37.71709489822388,12.524864196777344
37.731531620025635,12.7158203125
37.74637413024902,12.806182861328125
37.761805295944214,12.814857482910156
37.77670335769653,12.94375228881836
37.79123568534851,12.97857666015625
37.806763648986816,12.406181335449219
37.82217216491699,12.582260131835938
37.83710050582886,12.532283782958984
37.852112770080566,12.58871841430664
37.86722707748413,12.426597595214844
37.882468461990356,12.5584716796875
37.89756774902344,12.691631317138672
37.91256904602051,12.733531951904297
37.92757034301758,12.787521362304688
37.94227981567383,12.817909240722656
37.957505226135254,12.748847961425781
37.972567081451416,12.762310028076172
37.98765444755554,12.916637420654297
38.0026113986969,12.886653900146484
38.017637491226196,12.722827911376953
38.03306269645691,12.880359649658203
38.048513650894165,13.105339050292969
38.063573598861694,12.304195404052734
38.07890868186951,12.252445220947266
38.093985080718994,12.296588897705078
38.10941672325134,12.257232666015625
38.12446427345276,12.619384765625
38.1396050453186,12.552268981933594
38.154908895492554,12.40378189086914
38.17021322250366,12.436893463134766
38.185330629348755,12.559947967529297
38.20064949989319,12.543872833251953
38.21565008163452,12.466304779052734
38.23056101799011,12.646968841552734
38.24566841125488,12.551334381103516
38.260603189468384,12.861968994140625
38.27548098564148,12.857891082763672
38.290388345718384,12.662605285644531
38.30513787269592,12.729606628417969
38.32033085823059,12.645397186279297
38.335458755493164,12.750907897949219
38.350627183914185,12.583091735839844
38.365694999694824,12.730781555175781
38.38075256347656,12.524002075195312
38.395910024642944,12.514827728271484
38.41127157211304,12.76483154296875
38.426777362823486,12.90380859375
38.44233465194702,12.803936004638672
38.45832014083862,12.962879180908203
38.473241329193115,13.029460906982422
38.48829913139343,13.047603607177734
38.503196001052856,12.228324890136719
38.517876863479614,12.519569396972656
38.53297019004822,12.285385131835938
38.54793071746826,12.337955474853516
38.56271457672119,12.330245971679688
38.57746076583862,12.371940612792969
38.59221649169922,12.496185302734375
38.606847286224365,12.528400421142578
38.621474504470825,12.430213928222656
38.636404037475586,12.774913787841797
38.651458740234375,12.731643676757812
38.666404724121094,12.858753204345703
38.681217670440674,12.891006469726562
38.696417808532715,12.906997680664062
38.71192932128906,13.146759033203125
38.727174043655396,13.051517486572266
38.74223566055298,13.231258392333984
38.75783038139343,13.632953643798828
38.7729709148407,13.52658462524414
38.78825116157532,13.734745025634766
38.80358386039734,13.650344848632812
38.81907916069031,14.132675170898438
38.83454656600952,13.966903686523438
38.849692583084106,14.151958465576172
38.86509871482849,13.980113983154297
38.88017821311951,14.179576873779297
38.895318031311035,14.531940460205078
38.910767793655396,14.611534118652344
38.92589783668518,14.432598114013672
38.9414496421814,14.241073608398438
38.95673942565918,14.552860260009766
38.97256898880005,14.83517837524414
38.98797035217285,14.741241455078125
39.0032742023468,14.70615005493164
39.018526554107666,14.935565948486328
39.03394675254822,14.869400024414062
39.049394369125366,14.750534057617188
39.064621448516846,15.116905212402344
39.07995057106018,15.103626251220703
39.09538412094116,14.851612091064453
39.11078119277954,14.867393493652344
39.12600088119507,15.006816864013672
39.14144682884216,15.03775405883789
39.15651774406433,15.031318664550781
39.17180776596069,15.105621337890625
39.187084913253784,15.031806945800781
39.20217752456665,14.898910522460938
39.21753907203674,14.878631591796875
39.232640981674194,15.192825317382812
39.247599840164185,15.321147918701172
39.262547969818115,15.017597198486328
39.27725148200989,14.741497039794922
39.29228591918945,15.25930404663086
39.30741095542908,15.309078216552734
39.32251167297363,15.245365142822266
39.33745741844177,14.986347198486328
39.35252547264099,15.063182830810547
39.367682456970215,15.009845733642578
39.3827178478241,15.047725677490234
39.39767622947693,15.400371551513672
39.41292428970337,15.494281768798828
39.4278130531311,15.374557495117188
39.44289255142212,15.197063446044922
39.45798182487488,15.354480743408203
39.47299551963806,15.590461730957031
39.488128900527954,15.407302856445312
39.503567934036255,15.327415466308594
39.51866793632507,15.506534576416016
39.53394532203674,15.376953125
39.549619913101196,15.630340576171875
39.5648558139801,15.85799789428711
39.58005404472351,16.029708862304688
39.59514236450195,15.85506820678711
39.61029863357544,15.679821014404297
39.625935077667236,15.302001953125
39.64171004295349,15.279376983642578
39.65731239318848,15.4136962890625
39.67306661605835,15.411792755126953
39.68882703781128,14.636299133300781
39.70419764518738,14.750778198242188
39.719886302948,14.27835464477539
39.735827684402466,14.311634063720703
39.75169086456299,14.403728485107422
39.76686429977417,14.24246597290039
39.78212571144104,14.386039733886719
39.79752779006958,14.621662139892578
39.81326198577881,14.782955169677734
39.8292715549469,14.785026550292969
39.84481120109558,14.448802947998047
39.85948443412781,14.0732421875
39.87428855895996,13.373172760009766
39.889164209365845,13.651561737060547
39.9037721157074,13.837318420410156
39.918078660964966,13.497261047363281
39.93221473693848,13.509525299072266
39.94627928733826,13.264850616455078
39.960294246673584,13.566276550292969
39.974356174468994,13.681816101074219
39.98830604553223,13.539913177490234
40.002753496170044,13.477493286132812
40.01668930053711,13.456195831298828
40.030505895614624,13.446075439453125
40.04434108734131,13.524734497070312
40.05904006958008,14.081733703613281
40.07378649711609,13.89419174194336
40.08843159675598,13.814689636230469
40.103235483169556,13.715625762939453
40.118086099624634,13.72574234008789
40.13298201560974,14.062728881835938
40.14796710014343,14.227615356445312
40.163121461868286,14.116703033447266
40.17856502532959,13.756000518798828
40.193520307540894,13.800163269042969
40.20835876464844,13.935535430908203
40.223828077316284,14.325546264648438
40.239128828048706,14.256420135498047
40.25439095497131,13.79898452758789
40.26918959617615,13.229217529296875
40.28393030166626,13.340789794921875
40.29918885231018,13.415546417236328
40.314024925231934,13.669868469238281
40.3292498588562,13.60415267944336
40.34426712989807,13.462417602539062
40.35952568054199,13.201133728027344
40.3745322227478,13.275398254394531
40.389602184295654,13.767593383789062
40.40430426597595,13.722400665283203
40.419254541397095,13.57406234741211
40.434417963027954,13.582275390625
40.44970154762268,13.378837585449219
40.464486837387085,13.73394775390625
40.47952151298523,13.909069061279297
40.494890451431274,13.836170196533203
40.5096869468689,13.074775695800781
40.524293422698975,13.01095199584961
40.538872480392456,13.041580200195312
40.55338501930237,13.115673065185547
40.5678391456604,12.831493377685547
40.58093333244324,12.642913818359375
40.59372568130493,12.579788208007812
40.606494426727295,12.371883392333984
40.619261741638184,12.4940185546875
40.63206195831299,12.603042602539062
40.644859313964844,12.654300689697266
40.65766358375549,12.543407440185547
40.67068696022034,12.734439849853516
40.683489084243774,12.471973419189453
40.69628429412842,12.34213638305664
40.70909833908081,12.52197265625
40.721880197525024,12.731189727783203
40.73467564582825,12.658756256103516
40.7474946975708,12.718997955322266
40.760295152664185,12.494010925292969
40.77333617210388,12.416797637939453
40.786131858825684,12.48965072631836
40.7989456653595,12.56231689453125
40.81174850463867,12.64200210571289
40.824532985687256,12.654552459716797
40.837289333343506,12.676013946533203
40.85006761550903,12.320114135742188
40.86285066604614,12.225177764892578
40.87564992904663,12.484367370605469
40.888418197631836,12.625774383544922
40.901209354400635,12.692012786865234
40.91400170326233,12.554817199707031
40.9267897605896,12.697643280029297
40.93956780433655,12.43243408203125
40.95232892036438,12.458595275878906
40.96511363983154,12.659370422363281
40.977906703948975,12.656536102294922
40.99090528488159,12.59450912475586
41.00370192527771,12.559032440185547
41.016472578048706,12.447242736816406
41.029263734817505,12.334957122802734
41.04205322265625,12.547908782958984
41.05485391616821,12.682048797607422
41.06765913963318,12.62752914428711
41.08043551445007,12.605350494384766
41.09326767921448,12.472114562988281
41.106053829193115,12.335617065429688
41.11884307861328,12.344161987304688
41.13164019584656,12.4732666015625
41.144423723220825,12.616531372070312
41.15721154212952,12.537822723388672
41.169997215270996,12.500690460205078
41.18280220031738,12.226985931396484
41.1955783367157,12.294910430908203
41.20831823348999,12.321815490722656
41.22110104560852,12.49423599243164
41.23390054702759,12.559524536132812
41.24672222137451,12.42343521118164
41.25949454307556,12.394065856933594
41.27229690551758,12.324596405029297
41.285078287124634,12.493946075439453
41.297884702682495,12.60605239868164
41.3109290599823,12.626705169677734
41.323716163635254,12.474185943603516
41.33647084236145,12.544464111328125
41.34924817085266,12.345771789550781
41.36202359199524,12.318477630615234
41.37480807304382,12.592769622802734
41.3875675201416,12.79925537109375
41.40030360221863,12.635848999023438
41.413283586502075,12.720233917236328
41.42610955238342,12.543876647949219
41.43890857696533,12.625064849853516
41.4517035484314,12.79970932006836
41.46449065208435,12.895423889160156
41.47727680206299,12.826793670654297
41.490068197250366,12.88204574584961
41.50285744667053,12.803569793701172
41.51566243171692,12.719600677490234
41.52843642234802,12.554058074951172
41.54123044013977,12.804718017578125
41.554014921188354,12.945636749267578
41.56681227684021,12.909599304199219
41.57958102226257,12.913768768310547
41.59240221977234,12.779666900634766
41.605183839797974,12.682010650634766
41.61796569824219,12.85201644897461
41.63078188896179,13.034347534179688
41.64354681968689,12.985572814941406
41.656282901763916,12.993328094482422
41.66904425621033,12.913013458251953
41.681822299957275,12.578311920166016
41.694578886032104,12.736347198486328
41.70733833312988,12.888591766357422
41.72011208534241,13.109867095947266
41.73294186592102,12.963645935058594
41.7457275390625,12.96768569946289
41.758508920669556,12.844642639160156
41.77127718925476,12.748954772949219
41.784095287323,12.781906127929688
41.79689645767212,13.08456802368164
41.80970621109009,13.093433380126953
41.82248306274414,13.048702239990234
41.83546829223633,12.896717071533203
41.84822940826416,12.73638916015625
41.861006021499634,12.587909698486328
41.87378978729248,12.98617172241211
41.88660740852356,13.182559967041016
41.899397134780884,13.084270477294922
41.91220188140869,13.062137603759766
41.92497777938843,13.007415771484375
41.93778324127197,12.88525390625
41.95057916641235,13.099403381347656
41.963305711746216,13.36734390258789
41.976091623306274,13.391548156738281
41.988892793655396,13.270530700683594
42.001692056655884,13.459964752197266
42.014485359191895,13.121406555175781
42.027262449264526,13.371696472167969
42.040053606033325,13.529895782470703
42.052846908569336,13.740287780761719
42.06562304496765,13.764331817626953
42.07840633392334,12.93630599975586
42.09118700027466,12.675582885742188
42.10398721694946,12.67165756225586
42.116775035858154,12.722110748291016
42.129554748535156,12.851814270019531
42.14230918884277,12.963546752929688
42.15512537956238,13.01449203491211
42.16793632507324,12.675235748291016
42.180723667144775,12.601394653320312
42.19352102279663,12.68353271484375
42.206315755844116,12.9952392578125
42.2191276550293,12.909671783447266
42.231926918029785,12.79833984375
42.244718074798584,12.83304214477539
42.257487058639526,12.823394775390625
42.270320653915405,12.795063018798828
42.283130407333374,13.056106567382812
42.29594159126282,13.208091735839844
42.3087317943573,13.371402740478516
42.32155251502991,13.093177795410156
42.33432412147522,13.119277954101562
42.3471519947052,13.163997650146484
42.35996198654175,13.299186706542969
42.37276649475098,13.383064270019531
42.385560512542725,13.61883544921875
42.39832067489624,13.707683563232422
42.411118268966675,13.304191589355469
42.42391777038574,13.401775360107422
42.436774015426636,13.458675384521484
42.44960403442383,13.630855560302734
42.46240305900574,14.060649871826172
42.475189447402954,14.195987701416016
42.4879674911499,14.00823974609375
42.50074505805969,12.851741790771484
42.5135498046875,11.68478012084961
42.52635622024536,11.90948486328125
42.53914022445679,12.208362579345703
42.55193614959717,12.29172134399414
42.56476044654846,12.215583801269531
42.57752442359924,12.047271728515625
42.59032487869263,11.927032470703125
42.6031174659729,12.015239715576172
42.615914821624756,12.039894104003906
42.6286940574646,12.21453857421875
42.641453981399536,12.447643280029297
42.65422987937927,12.210334777832031
42.667022466659546,11.96175765991211
42.679856061935425,11.818290710449219
42.6926634311676,12.12375259399414
42.705461263656616,12.020034790039062
42.71827292442322,12.282962799072266
42.731096029281616,12.299407958984375
42.743871450424194,12.370216369628906
42.756667613983154,12.0677490234375
42.769449949264526,12.165809631347656
42.782243967056274,12.21280288696289
42.795031785964966,12.383087158203125
42.80783987045288,12.467720031738281
42.820626735687256,12.282032012939453
42.83339786529541,12.218692779541016
42.84616422653198,12.115524291992188
42.85894441604614,12.152732849121094
42.87175440788269,12.188678741455078
42.88453722000122,12.32541275024414
42.89733266830444,12.567935943603516
42.91010046005249,12.322505950927734
42.92288637161255,12.200508117675781
42.93567872047424,12.06884765625
42.94848012924194,12.341541290283203
42.961296796798706,12.260292053222656
42.97409653663635,12.217872619628906
42.98687171936035,12.18533706665039
42.999664068222046,12.166641235351562
43.01242971420288,12.122074127197266
43.02518105506897,12.158519744873047
43.03799891471863,12.138816833496094
43.050798177719116,12.243400573730469
43.0635781288147,12.252140045166016
43.07656264305115,12.146202087402344
43.08932614326477,12.182048797607422
43.10210990905762,12.132755279541016
43.11489725112915,12.212879180908203
43.127649545669556,12.426483154296875
43.14038372039795,12.6170654296875
43.15312433242798,12.209274291992188
43.16589641571045,12.22109603881836
43.17864656448364,12.28841781616211
43.19138789176941,12.20965576171875
43.204153060913086,12.230140686035156
43.21690630912781,12.400516510009766
43.22969961166382,12.239425659179688
43.24248003959656,12.387218475341797
43.25526547431946,12.387748718261719
43.26804804801941,12.34136962890625
43.28081798553467,12.329025268554688
43.29434323310852,12.396381378173828
43.307278633117676,12.142135620117188
43.32008242607117,12.341686248779297
43.33288335800171,12.349369049072266
43.34567880630493,12.356430053710938
43.35846209526062,12.27883529663086
43.371243715286255,12.4752197265625
43.38403606414795,12.59414291381836
43.39683246612549,12.5302734375
43.409608125686646,12.498939514160156
43.42239499092102,12.614208221435547
43.435165882110596,12.502811431884766
43.44798159599304,12.646705627441406
43.46076703071594,12.517875671386719
43.473546266555786,12.693424224853516
43.486323595047,12.441852569580078
43.49909734725952,12.684123992919922
43.511892795562744,12.652793884277344
43.52468991279602,12.59857177734375
43.53745245933533,12.560089111328125
43.55026412010193,12.82196044921875
43.563045501708984,12.616950988769531
43.57581853866577,12.79647445678711
43.58860445022583,12.616462707519531
43.60140252113342,12.689224243164062
43.61419105529785,12.626407623291016
43.626980781555176,12.82607650756836
43.63977289199829,12.667369842529297
43.65251803398132,12.651374816894531
43.66529583930969,12.579849243164062
43.67805314064026,12.620864868164062
43.69083619117737,12.622978210449219
43.70364713668823,12.640518188476562
43.716439962387085,12.502151489257812
43.729228496551514,12.32070541381836
43.74202489852905,12.364025115966797
43.75483155250549,12.402107238769531
43.76761245727539,12.406723022460938
43.78038215637207,12.43465805053711
43.7931604385376,12.491371154785156
43.80594563484192,12.469497680664062
43.818729639053345,12.513385772705078
43.83152747154236,12.418930053710938
43.84429407119751,12.426860809326172
43.85706329345703,12.626945495605469
43.8698525428772,12.47384262084961
43.88263487815857,12.320384979248047
43.89541578292847,12.5128173828125
43.908199071884155,12.62789535522461
43.920974254608154,12.57082748413086
43.933762073516846,12.658252716064453
43.94654965400696,12.469730377197266
43.95930790901184,12.709407806396484
43.97212290763855,12.789871215820312
43.98498320579529,12.698661804199219
43.99780035018921,12.513240814208984
44.01060485839844,12.719810485839844
44.02340030670166,12.559730529785156
44.036216259002686,12.422439575195312
44.049020528793335,12.600032806396484
44.06185340881348,12.735481262207031
44.074613094329834,12.902904510498047
44.08738350868225,12.612194061279297
44.10022044181824,12.739509582519531
44.113014936447144,12.676578521728516
44.12582349777222,12.612743377685547
44.138617753982544,12.893844604492188
44.15139651298523,12.956523895263672
44.164188385009766,13.231399536132812
44.176976442337036,13.14450454711914
44.18977499008179,13.116901397705078
44.20262336730957,13.230140686035156
44.21543884277344,13.18890380859375
44.228264808654785,13.192001342773438
44.24107646942139,13.465625762939453
44.25389909744263,13.486839294433594
44.26672029495239,13.633106231689453
44.27953124046326,13.666969299316406
44.29237341880798,13.354156494140625
44.30517220497131,13.69287109375
44.31797385215759,13.656803131103516
44.3307843208313,13.444816589355469
44.34355974197388,13.764877319335938
44.356369733810425,13.732425689697266
44.36915707588196,13.690971374511719
44.38195991516113,13.986839294433594
44.39479732513428,13.840343475341797
44.40758156776428,13.833709716796875
44.42039752006531,13.983352661132812
44.43319845199585,13.969276428222656
44.44598078727722,14.070255279541016
44.45877289772034,13.965202331542969
44.47156739234924,13.774364471435547
44.48432803153992,13.96563720703125
44.49713206291199,13.924949645996094
44.50993609428406,14.14346694946289
44.522746562957764,14.260169982910156
44.53554344177246,14.197933197021484
44.548301458358765,13.967517852783203
44.56116008758545,13.936180114746094
44.57394242286682,14.100177764892578
44.586758852005005,13.963279724121094
44.599523305892944,14.39224624633789
44.61229944229126,14.10867691040039
44.6250855922699,14.022010803222656
44.638208627700806,13.99383544921875
44.65136432647705,14.183425903320312
44.664660930633545,14.085765838623047
44.6779146194458,14.186729431152344
44.69119834899902,14.288047790527344
44.704477071762085,14.411235809326172
44.71781587600708,14.425289154052734
44.73109221458435,14.281261444091797
44.74425458908081,14.306739807128906
44.757240533828735,14.23760986328125
44.77015209197998,14.490066528320312
44.784733057022095,14.312347412109375
44.79996657371521,14.691535949707031
44.815330266952515,14.502086639404297
44.8308539390564,14.34722900390625
44.84632587432861,14.431991577148438
44.861711740493774,14.443622589111328
44.87713575363159,14.588058471679688
44.892271518707275,14.587310791015625
44.90750193595886,14.63357925415039
44.92256784439087,14.64999008178711
44.93793082237244,14.629093170166016
44.95320749282837,14.559978485107422
44.968329191207886,14.821212768554688
44.98347234725952,14.679542541503906
44.99861812591553,14.79327392578125
45.01421117782593,14.907669067382812
45.0296311378479,14.805015563964844
45.04475498199463,15.060577392578125
45.05998706817627,14.899578094482422
45.07519602775574,14.930938720703125
45.090720653533936,15.16488265991211
45.10619068145752,14.99704360961914
45.121694564819336,14.928775787353516
45.137158155441284,15.090518951416016
45.15302324295044,15.002197265625
45.16892957687378,15.19696044921875
45.184630393981934,15.073749542236328
45.20036315917969,15.073326110839844
45.21588754653931,15.108306884765625
45.23137092590332,15.123737335205078
45.24763321876526,15.011096954345703
45.2628390789032,15.056232452392578
45.278326988220215,15.198959350585938
45.29388666152954,15.039710998535156
45.30903649330139,15.17144775390625
45.32443976402283,15.175064086914062
45.339884519577026,15.100105285644531
45.35530138015747,15.124443054199219
45.37045621871948,15.165691375732422
45.385706663131714,14.973388671875
45.40110921859741,15.165184020996094
45.41644549369812,15.150138854980469
45.431777238845825,15.212158203125
45.446879148483276,15.311691284179688
45.462111711502075,15.347148895263672
45.477338552474976,15.239643096923828
45.492552280426025,15.248893737792969
45.50798797607422,14.97442626953125
45.5235493183136,15.495780944824219
45.53908371925354,15.286369323730469
45.554542779922485,15.216732025146484
45.56973838806152,15.190727233886719
45.58494234085083,15.10970687866211
45.6001935005188,15.19110107421875
45.61578559875488,15.19140625
45.631444454193115,15.346080780029297
45.64676094055176,15.212478637695312
45.66199469566345,15.021743774414062
45.67719912528992,15.220600128173828
45.69243264198303,15.24978256225586
45.70752191543579,15.013084411621094
45.72281289100647,15.330081939697266
45.73797416687012,15.268424987792969
45.75331521034241,15.11844253540039
45.76860284805298,15.069160461425781
45.78374004364014,15.093177795410156
45.79905605316162,15.473281860351562
45.81423544883728,15.376304626464844
45.829617977142334,15.112720489501953
45.844886779785156,15.299907684326172
45.86024451255798,15.141063690185547
45.87544798851013,15.177314758300781
45.89065098762512,15.131301879882812
45.90598702430725,15.474037170410156
45.92123031616211,15.044940948486328
45.93676543235779,15.201507568359375
45.952064037323,15.12826919555664
45.96741557121277,15.169757843017578
45.98271155357361,15.508228302001953
45.99790024757385,15.341991424560547
46.01310467720032,15.441688537597656
46.02821135520935,15.044841766357422
46.04368829727173,15.036056518554688
46.05911087989807,15.330883026123047
46.074398040771484,15.586421966552734
46.08967447280884,15.272651672363281
46.1051881313324,15.208026885986328
46.120336294174194,15.269767761230469
46.135703563690186,15.113826751708984
46.150819301605225,15.407783508300781
46.16604733467102,15.029884338378906
46.18147349357605,15.272201538085938
46.19690918922424,15.248512268066406
46.212467432022095,15.008312225341797
46.227733850479126,15.059337615966797
46.242886781692505,15.128532409667969
46.25837445259094,15.315895080566406
46.27381730079651,15.164600372314453
46.28923535346985,14.96011734008789
46.30437660217285,15.032100677490234
46.3196587562561,15.17266845703125
46.33490562438965,15.342769622802734
46.350252866744995,15.237724304199219
46.36539554595947,15.021984100341797
46.380568981170654,15.11672592163086
46.395458936691284,15.058757781982422
46.41066217422485,15.24871826171875
46.42582440376282,15.311046600341797
46.44082856178284,15.029232025146484
46.456068992614746,15.166606903076172
46.47122526168823,15.164730072021484
46.48683738708496,15.274391174316406
46.50247287750244,15.323841094970703
46.51831102371216,14.861331939697266
46.53391194343567,15.011238098144531
46.54960918426514,14.785385131835938
46.56528067588806,14.824104309082031
46.5809531211853,14.889076232910156
46.59689521789551,15.005062103271484
46.6129891872406,14.833755493164062
46.628663778305054,14.743507385253906
46.6443133354187,14.842784881591797
46.65995407104492,14.77841567993164
46.67576360702515,14.863719940185547
46.69151210784912,14.972480773925781
46.707361459732056,15.08306884765625
46.722841024398804,14.99404525756836
46.73844075202942,14.836910247802734
46.75379657745361,15.19411849975586
46.76926565170288,15.016090393066406
46.78472447395325,14.993782043457031
46.80005764961243,14.72072982788086
46.81595063209534,15.089340209960938
46.83182501792908,15.350238800048828
46.84810400009155,15.510955810546875
46.863999128341675,15.28189468383789
46.87948489189148,15.346664428710938
46.89537239074707,15.362842559814453
46.91135287284851,15.002326965332031
46.92744278907776,15.274051666259766
46.943052768707275,15.413436889648438
46.95899415016174,15.23455810546875
46.974889516830444,15.0496826171875
46.990657567977905,15.139274597167969
47.00607132911682,15.287952423095703
47.021193981170654,15.729019165039062
47.03646183013916,15.461219787597656
47.051990270614624,15.327629089355469
47.06788492202759,15.472888946533203
47.0833158493042,15.524600982666016
47.098801374435425,15.441261291503906
47.113950967788696,15.639453887939453
47.129119634628296,15.126327514648438
47.144466400146484,15.32257080078125
47.159826040267944,15.404823303222656
47.17543435096741,15.681228637695312
47.1908860206604,15.739940643310547
47.20667386054993,15.717056274414062
47.22209405899048,15.739147186279297
47.237690925598145,15.715679168701172
47.253517627716064,15.803108215332031
47.269449949264526,16.11225128173828
47.28516983985901,16.08181381225586
47.30069637298584,15.940628051757812
47.315706729888916,15.97524642944336
47.33106708526611,16.041439056396484
47.3464629650116,16.115890502929688
47.362287759780884,16.194595336914062
47.37780261039734,16.104957580566406
47.39409399032593,15.861480712890625
47.40946936607361,15.900650024414062
47.42447257041931,16.190288543701172
47.4396538734436,16.490585327148438
47.45499658584595,16.280986785888672
47.47096633911133,16.140323638916016
47.48675322532654,16.2200927734375
47.502644062042236,16.437896728515625
47.51828384399414,16.330463409423828
47.53364849090576,16.515316009521484
47.54857039451599,16.68407440185547
47.56346845626831,16.574115753173828
47.579397678375244,16.236759185791016
47.59454274177551,16.572261810302734
47.610507011413574,16.495479583740234
47.62648391723633,16.660274505615234
47.64154100418091,16.631576538085938
47.65692639350891,16.533851623535156
47.672502279281616,16.85552978515625
47.688475608825684,16.911968231201172
47.704076528549194,16.920902252197266
47.72024416923523,16.808170318603516
47.73630905151367,16.573089599609375
47.75196313858032,17.046619415283203
47.76778697967529,16.908103942871094
47.78349232673645,17.065189361572266
47.798465728759766,17.16543960571289
47.81421685218811,17.156696319580078
47.83029508590698,17.183746337890625
47.846394300460815,17.076053619384766
47.86189341545105,17.06777572631836
47.87761831283569,17.02676773071289
47.893237829208374,17.16873550415039
47.90887808799744,17.19641876220703
47.9243483543396,16.682430267333984
47.93977379798889,16.78490447998047
47.95532751083374,16.47390365600586
47.970911741256714,16.558029174804688
47.986246824264526,16.578556060791016
48.001806020736694,16.754688262939453
48.01677656173706,16.853809356689453
48.03232479095459,16.697654724121094
48.04788303375244,16.750934600830078
48.06352615356445,16.773799896240234
48.078861713409424,16.70879364013672
48.09489989280701,16.981483459472656
48.110498905181885,16.821151733398438
48.12596535682678,17.020511627197266
48.14103174209595,17.183563232421875
48.15641188621521,16.73229217529297
48.17188286781311,16.22235107421875
48.18810415267944,16.162498474121094
48.203803062438965,16.307464599609375
48.21938467025757,16.457073211669922
48.23522400856018,16.45361328125
48.25024700164795,16.519546508789062
48.266101598739624,16.33755874633789
48.28171515464783,16.525314331054688
48.29786825180054,16.585636138916016
48.313000202178955,16.099464416503906
48.32910513877869,15.840633392333984
48.34484243392944,15.848026275634766
48.36051869392395,16.01006317138672
48.37630081176758,15.99782943725586
48.39185309410095,16.1031494140625
48.407347440719604,16.052478790283203
48.422731161117554,16.25778579711914
48.4381046295166,15.550960540771484
48.45331120491028,15.78271484375
48.468878507614136,15.588485717773438
48.483980894088745,15.736213684082031
48.49995493888855,15.61264419555664
48.515660524368286,15.59442138671875
48.531285762786865,15.397891998291016
48.547122955322266,14.998119354248047
48.562811613082886,14.99826431274414
48.578099966049194,15.211944580078125
48.593087911605835,15.043941497802734
48.60805368423462,15.072757720947266
48.623430252075195,15.218086242675781
48.638561964035034,15.264411926269531
48.654189586639404,15.352577209472656
48.66987919807434,15.201663970947266
48.68519639968872,15.285537719726562
48.70035123825073,15.598529815673828
48.71608018875122,15.59975814819336
48.73096466064453,15.828044891357422
48.74631667137146,15.576107025146484
48.76141595840454,15.73992919921875
48.77649545669556,15.795738220214844
48.79128861427307,15.637157440185547
48.80654740333557,15.687702178955078
48.8221755027771,15.797599792480469
48.837029218673706,15.110092163085938
48.852357149124146,15.35986328125
48.867382287979126,15.572750091552734
48.88301181793213,15.22043228149414
48.8981614112854,15.31887435913086
48.91405367851257,15.225749969482422
48.92920255661011,15.417594909667969
48.94408106803894,15.662799835205078
48.95950698852539,15.704364776611328
48.974684715270996,15.914497375488281
48.99034595489502,15.869400024414062
49.006134033203125,15.745918273925781
49.021706104278564,15.59518051147461
49.036785364151,15.877262115478516
49.051966190338135,16.138744354248047
49.06798219680786,16.480186462402344
49.082799196243286,15.914314270019531
49.09835243225098,15.899051666259766
49.11389636993408,14.443340301513672
49.12872862815857,14.757072448730469
49.1443772315979,14.510025024414062
49.159947872161865,14.572872161865234
49.175493478775024,14.713752746582031
49.1909544467926,14.995361328125
49.2059760093689,14.3814697265625
49.221434116363525,14.420356750488281
49.236417055130005,14.516368865966797
49.25243520736694,14.372978210449219
49.26803398132324,14.263835906982422
49.28346109390259,14.388359069824219
49.298396825790405,14.337276458740234
49.31347680091858,13.88818359375
49.32894492149353,13.898223876953125
49.344611167907715,13.97555923461914
49.36016011238098,13.86362075805664
49.37521243095398,13.975513458251953
49.390700340270996,14.019386291503906
49.40602922439575,13.883602142333984
49.42162752151489,13.833602905273438
49.43647575378418,14.115711212158203
49.45158267021179,14.03085708618164
49.467116355895996,13.969345092773438
49.4826078414917,13.973140716552734
49.49822378158569,14.061851501464844
49.51312017440796,14.165821075439453
49.52860999107361,14.149028778076172
49.54343223571777,14.360221862792969
49.55843901634216,14.23614501953125
49.57372736930847,14.495765686035156
49.588658809661865,14.608715057373047
49.60352969169617,14.752235412597656
49.619178771972656,14.676029205322266
49.63554906845093,14.504112243652344
49.65110635757446,14.092418670654297
49.666834592819214,13.490131378173828
49.68229031562805,13.525524139404297
49.69714856147766,13.809146881103516
49.71193242073059,13.082817077636719
49.72743344306946,12.44699478149414
49.74317264556885,12.260726928710938
49.75828003883362,12.28948974609375
49.77307748794556,12.259109497070312
49.78804397583008,12.333389282226562
49.80333876609802,12.385200500488281
49.81839895248413,12.19451904296875
49.83376932144165,12.100055694580078
49.849114656448364,12.25027084350586
49.86484909057617,12.275375366210938
49.880327463150024,12.262344360351562
49.895931243896484,12.185546875
49.91116523742676,12.372169494628906
49.92617154121399,12.471546173095703
49.94102931022644,12.579513549804688
49.95605516433716,12.551624298095703
49.97040867805481,12.270149230957031
49.98590898513794,12.26251220703125
50.00120782852173,12.322181701660156
50.01625418663025,12.382198333740234
50.031108140945435,12.561012268066406
50.04582381248474,12.742851257324219
50.06048917770386,12.619026184082031
50.075716495513916,12.12457275390625
50.09092998504639,11.954338073730469
50.10631203651428,11.816459655761719
50.121315240859985,11.660690307617188
50.136215686798096,11.677268981933594
50.151028871536255,11.782478332519531
50.16573190689087,11.874935150146484
50.18024754524231,12.030303955078125
50.19553756713867,11.91253662109375
50.21080565452576,11.863018035888672
50.22610640525818,11.78982162475586
50.24170446395874,11.74698257446289
50.256258487701416,11.82449722290039
50.27125573158264,11.858192443847656
50.28696393966675,11.835567474365234
50.301777839660645,11.883174896240234
50.31696534156799,11.78165054321289
50.332051038742065,11.838260650634766
50.34700846672058,11.87832260131836
50.3623902797699,11.718242645263672
50.37749743461609,11.859935760498047
50.3926727771759,11.886375427246094
50.408013582229614,11.879570007324219
50.42258334159851,11.985023498535156
50.437188386917114,11.975875854492188
50.45248579978943,11.767017364501953
50.46751856803894,11.687324523925781
50.48286247253418,11.738273620605469
50.49824118614197,11.87765121459961
50.514283180236816,11.919185638427734
50.52903366088867,11.85809326171875
50.54368448257446,11.989799499511719
50.55831265449524,12.03152847290039
50.573723554611206,11.581104278564453
50.5884644985199,11.884925842285156
50.602843284606934,11.850643157958984
50.61783242225647,11.77865982055664
50.63261318206787,11.8858642578125
50.647332191467285,11.838760375976562
50.66204762458801,11.875797271728516
50.67728328704834,11.933719635009766
50.69239783287048,11.916454315185547
50.70735216140747,11.774578094482422
50.72270703315735,11.732845306396484
50.7374849319458,11.875778198242188
50.75215768814087,12.005691528320312
50.766663551330566,12.0313720703125
50.78221130371094,12.047019958496094
50.797274351119995,11.9266357421875
50.81240463256836,11.964550018310547
50.827611446380615,11.764102935791016
50.842875957489014,11.678478240966797
50.85790038108826,11.703289031982422
50.87232232093811,11.906391143798828
50.88680601119995,12.014667510986328
50.90134882926941,12.087730407714844
50.91607069969177,12.254493713378906
50.93129825592041,11.85544204711914
50.946293354034424,11.934226989746094
50.961278676986694,11.88192367553711
50.97604751586914,11.729496002197266
50.99154257774353,11.82699203491211
51.00591564178467,12.001811981201172
51.02062797546387,12.016475677490234
51.03538799285889,12.128425598144531
51.05048131942749,12.12063217163086
51.0654661655426,11.962882995605469
51.08118295669556,11.89040756225586
51.09651446342468,12.043350219726562
51.11146140098572,12.142204284667969
51.127113580703735,12.074874877929688
51.14213943481445,12.056209564208984
51.15684723854065,12.189033508300781
51.171754360198975,12.045459747314453
51.186954498291016,12.260814666748047
51.20227646827698,12.021183013916016
51.21794295310974,12.023983001708984
51.23333811759949,12.12746810913086
51.24852967262268,12.103389739990234
51.263333797454834,12.171314239501953
51.27845859527588,12.142833709716797
51.29395604133606,12.277290344238281
51.30949378013611,12.058181762695312
51.32517647743225,11.946891784667969
51.34033942222595,12.181015014648438
51.35529637336731,12.281318664550781
51.371325969696045,12.229629516601562
51.38669490814209,12.208717346191406
51.40234112739563,12.361976623535156
51.417420864105225,12.27634048461914
51.43243718147278,12.296123504638672
51.447789430618286,12.100696563720703
51.463513135910034,12.0992431640625
51.47874879837036,12.241695404052734
51.49450874328613,12.112449645996094
51.50976228713989,12.023101806640625
51.5255241394043,12.056854248046875
51.54124641418457,12.106327056884766
51.55648064613342,12.313453674316406
51.57219409942627,12.234241485595703
51.5876669883728,12.00213623046875
51.60290455818176,12.253974914550781
51.617717266082764,12.31209945678711
51.63327240943909,12.13534164428711
51.64891171455383,12.110591888427734
51.66444540023804,12.288143157958984
51.67987012863159,12.25726318359375
51.695754051208496,12.265815734863281
51.71061325073242,12.424278259277344
51.725361585617065,12.308807373046875
51.74021100997925,12.301788330078125
51.755659103393555,12.392196655273438
51.77107214927673,12.410194396972656
51.786516427993774,12.285030364990234
51.801701068878174,12.317054748535156
51.81695032119751,12.346588134765625
51.8321533203125,12.459587097167969
51.84764742851257,12.507564544677734
51.862908363342285,12.546260833740234
51.87794280052185,12.486331939697266
51.89347577095032,12.505050659179688
51.90846657752991,12.45550537109375
51.923922538757324,12.485496520996094
51.9390652179718,12.647407531738281
51.954245805740356,12.42242431640625
51.9690203666687,12.498748779296875
51.983986616134644,12.585929870605469
51.99844241142273,12.662525177001953
52.01351809501648,12.645549774169922
52.02809929847717,12.578742980957031
52.043628215789795,12.616588592529297
52.05846810340881,12.582530975341797
52.07382583618164,12.504287719726562
52.08908438682556,12.599334716796875
52.10400700569153,12.728710174560547
52.11912298202515,12.527366638183594
52.13491177558899,12.49570083618164
52.15003061294556,12.570854187011719
52.16609072685242,11.983268737792969
52.18199825286865,11.881229400634766
52.197824001312256,11.790390014648438
52.213781118392944,11.810619354248047
52.229262828826904,11.781318664550781
52.24471378326416,11.81576156616211
52.26016139984131,12.05135726928711
52.275559425354004,11.8724365234375
52.29119396209717,11.64583969116211
52.30682039260864,11.605422973632812
52.32266330718994,11.696399688720703
52.33777618408203,11.497844696044922
52.353686571121216,11.814922332763672
52.3692626953125,11.94415283203125
52.38447284698486,11.745037078857422
52.39986991882324,11.841056823730469
52.41555380821228,12.007808685302734
52.431137561798096,11.892635345458984
52.446417570114136,11.750789642333984
52.46154451370239,11.696163177490234
52.47718691825867,11.669330596923828
52.49296164512634,11.756122589111328
52.508572816848755,11.773124694824219
52.524221658706665,11.759510040283203
52.53965973854065,11.78268051147461
52.5553514957428,11.542808532714844
52.57070231437683,11.57535171508789
52.58600211143494,11.623577117919922
52.601361989974976,11.646736145019531
52.61672616004944,11.542045593261719
52.63219141960144,11.63357925415039
52.647765159606934,11.502410888671875
52.663177728652954,11.562553405761719
52.678072929382324,11.479087829589844
52.69296383857727,11.484233856201172
52.708184242248535,11.596576690673828
52.723397731781006,11.49643325805664
52.73869967460632,11.51041030883789
52.753807067871094,11.48227310180664
52.76955318450928,11.56393051147461
52.78499507904053,11.495960235595703
52.8008337020874,11.536697387695312
52.816617488861084,11.491035461425781
52.83224892616272,11.605606079101562
52.84781551361084,11.547977447509766
52.863285779953,11.535442352294922
52.87859559059143,11.50240707397461
52.89406895637512,11.522113800048828
52.90939664840698,11.702476501464844
52.9241156578064,11.604534149169922
52.93894290924072,11.384330749511719
52.95388174057007,11.505546569824219
52.968684673309326,11.334510803222656
52.98352575302124,11.522117614746094
52.99864983558655,11.592918395996094
53.01354765892029,11.412254333496094
53.0286328792572,11.638710021972656
53.04334902763367,11.554954528808594
53.0584511756897,11.491641998291016
53.07333850860596,11.625663757324219
53.088404178619385,11.569328308105469
53.103511571884155,11.64664077758789
53.11882829666138,11.30258560180664
53.1337947845459,11.230087280273438
53.14865446090698,11.333255767822266
53.16303110122681,11.42083740234375
53.17778825759888,11.318534851074219
53.192786693573,11.483806610107422
53.207417249679565,11.34014892578125
53.22231650352478,11.303760528564453
53.237077951431274,11.248554229736328
53.25141215324402,11.259819030761719
53.2660276889801,11.289512634277344
53.28104782104492,11.292106628417969
53.29574775695801,11.185050964355469
53.31057381629944,11.233757019042969
53.32540845870972,11.289203643798828
53.34002447128296,11.273162841796875
53.35527229309082,11.30764389038086
53.36982798576355,11.27829360961914
53.385223388671875,11.302112579345703
53.400418519973755,11.105648040771484
53.41599416732788,11.30154800415039
53.43117952346802,11.31930160522461
53.44606924057007,11.316253662109375
53.46060538291931,11.425888061523438
53.475367069244385,11.358940124511719
53.49035120010376,11.398204803466797
53.505035400390625,11.416679382324219
53.51979422569275,11.360515594482422
53.535038471221924,11.424278259277344
53.54970097541809,11.407882690429688
53.564380168914795,11.286174774169922
53.579131841659546,11.490264892578125
53.59384489059448,11.573089599609375
53.60827851295471,11.584972381591797
53.62340593338013,11.03057861328125
53.63851857185364,10.633617401123047
53.65424561500549,10.748672485351562
53.67017936706543,10.662822723388672
53.685256004333496,10.663116455078125
53.70016527175903,10.554210662841797
53.71527719497681,10.662006378173828
53.73033547401428,10.605976104736328
53.74482703208923,10.827949523925781
53.75964951515198,10.849609375
53.77481961250305,10.618976593017578
53.79004740715027,10.621177673339844
53.8051643371582,10.114261627197266
53.82019257545471,9.997047424316406
53.834996938705444,9.976131439208984
53.85003089904785,9.97793197631836
53.864768505096436,10.065292358398438
53.88044786453247,10.084575653076172
53.89518332481384,9.925445556640625
53.909960985183716,9.957660675048828
53.92429995536804,10.018096923828125
53.93919134140015,9.82010269165039
53.95374584197998,9.85525131225586
53.96836471557617,9.913860321044922
53.983397245407104,10.151008605957031
53.99836277961731,10.112895965576172
54.014264822006226,9.848045349121094
54.02984642982483,9.983726501464844
54.04545760154724,9.782764434814453
54.06114172935486,9.862491607666016
54.07683563232422,9.827281951904297
54.091758489608765,9.844184875488281
54.10635757446289,9.78354263305664
54.12109112739563,9.828414916992188
54.13551664352417,9.91115951538086
54.15024757385254,9.932071685791016
54.16525983810425,10.04940414428711
54.180513858795166,9.921092987060547
54.19539403915405,9.856475830078125
54.20960712432861,9.895893096923828
54.2237708568573,9.893363952636719
54.23806071281433,10.014041900634766
54.25232195854187,10.04433822631836
54.2665696144104,10.028213500976562
54.28092980384827,10.083900451660156
54.29584360122681,9.840412139892578
54.31089687347412,9.909133911132812
54.32626795768738,9.865406036376953
54.34117388725281,9.934886932373047
54.35604810714722,10.045528411865234
54.37091588973999,10.00155258178711
54.385775566101074,9.924552917480469
54.400800466537476,9.964046478271484
54.41590905189514,10.03823471069336
54.43080544471741,10.038810729980469
54.44579005241394,9.927204132080078
54.46099042892456,9.982879638671875
54.476165771484375,10.009132385253906
54.49146747589111,10.075057983398438
54.506789445877075,10.075019836425781
54.52171301841736,9.94748306274414
54.53689503669739,10.060985565185547
54.55216383934021,10.03127670288086
54.56711268424988,10.168357849121094
54.58214855194092,9.913970947265625
54.59659171104431,9.953910827636719
54.61099934577942,10.027137756347656
54.6253707408905,10.040340423583984
54.63971018791199,10.164741516113281
54.65408897399902,10.258148193359375
54.66808366775513,10.06109619140625
54.682355642318726,10.082435607910156
54.69651007652283,10.060222625732422
54.71076679229736,10.12954330444336
54.72548031806946,9.93082046508789
54.739778995513916,10.077316284179688
54.75407695770264,10.05734634399414
54.76863718032837,10.236564636230469
54.78289175033569,10.250068664550781
54.79748010635376,10.044151306152344
54.81180953979492,9.817279815673828
54.826231241226196,9.906299591064453
54.840577602386475,10.032482147216797
54.85486030578613,10.002105712890625
54.869091272354126,9.99411392211914
54.88339304924011,10.20156478881836
54.89767360687256,10.137432098388672
54.91166973114014,10.031906127929688
54.92594885826111,10.253120422363281
54.940369606018066,10.182498931884766
54.95468282699585,10.229743957519531
54.96891975402832,10.067699432373047
54.98322415351868,10.059879302978516
54.99737191200256,10.061622619628906
55.01184630393982,9.619209289550781
55.02626848220825,9.737255096435547
55.04070496559143,9.491645812988281
55.05517101287842,9.54595947265625
55.07071924209595,9.53375244140625
55.08554220199585,9.434436798095703
55.10085391998291,9.42068099975586
55.1149697303772,9.479198455810547
55.12921357154846,9.526603698730469
55.14332175254822,9.370243072509766
55.15768384933472,9.725780487060547
55.171849489212036,9.65072250366211
55.18599772453308,9.359394073486328
55.20012140274048,9.471092224121094
55.21459650993347,9.442192077636719
55.228787422180176,9.572006225585938
55.242676734924316,9.552570343017578
55.25687289237976,9.638591766357422
55.271084785461426,9.581806182861328
55.285531520843506,9.675228118896484
55.299795150756836,9.522224426269531
55.31419610977173,9.361801147460938
55.32864260673523,9.531463623046875
55.342782735824585,9.613899230957031
55.35696363449097,9.465576171875
55.371196269989014,9.430793762207031
55.3855197429657,9.408195495605469
55.39983081817627,9.541084289550781
55.413944244384766,9.61832046508789
55.42901873588562,9.52682113647461
55.443126916885376,9.573108673095703
55.45704388618469,9.379127502441406
55.47119760513306,9.423667907714844
55.48553657531738,9.398124694824219
55.49966382980347,9.582904815673828
55.51353430747986,9.501533508300781
55.52778482437134,9.524044036865234
55.54205846786499,9.55203628540039
55.55662131309509,9.565376281738281
55.57104253768921,9.585330963134766
55.585299491882324,9.40018081665039
55.59967851638794,9.520370483398438
55.614288091659546,9.55166244506836
55.62867188453674,9.410255432128906
55.64399433135986,9.557762145996094
55.658273696899414,9.552471160888672
55.67261505126953,9.587730407714844
55.68659543991089,9.458244323730469
55.70108389854431,9.337188720703125
55.7154061794281,9.568279266357422
55.72934913635254,9.425048828125
55.74348759651184,9.385528564453125
55.75762438774109,9.575004577636719
55.77195692062378,9.68967056274414
55.786093950271606,9.520267486572266
55.80049514770508,9.540904998779297
55.814924478530884,9.406898498535156
55.829071044921875,9.44918441772461
55.843186140060425,9.637168884277344
55.858086347579956,9.557903289794922
55.872618198394775,9.635196685791016
55.88676905632019,9.52008056640625
55.90054678916931,9.47623062133789
55.9139301776886,9.553272247314453
55.92707347869873,9.512260437011719
55.940194845199585,9.459976196289062
55.95330452919006,9.500961303710938
55.966185331344604,9.46377182006836
55.979219913482666,9.548652648925781
55.99197006225586,9.546562194824219
56.00472164154053,9.728038787841797
56.01745891571045,9.448753356933594
56.03016662597656,9.497180938720703
56.043121337890625,9.531322479248047
56.05701923370361,9.613773345947266
56.07049036026001,9.75796127319336
56.08409237861633,9.741649627685547
56.09771656990051,9.634082794189453
56.11134433746338,9.673969268798828
56.126142501831055,9.690765380859375
56.14095902442932,9.825702667236328
56.155611753463745,9.712379455566406
56.17034339904785,9.706123352050781
56.185256242752075,9.922142028808594
56.19992423057556,9.84737777709961
56.21497368812561,9.885635375976562
56.23000884056091,9.663406372070312
56.24532771110535,9.612541198730469
56.25939869880676,9.724933624267578
56.27353858947754,9.845645904541016
56.287556409835815,9.78969955444336
56.30188727378845,9.779476165771484
56.31604361534119,9.889244079589844
56.33000421524048,9.840923309326172
56.344324827194214,9.966682434082031
56.35926365852356,9.852222442626953
56.37421655654907,9.945960998535156
56.38904690742493,10.024871826171875
56.40378260612488,9.903266906738281
56.418912410736084,9.892463684082031
56.433016777038574,10.033836364746094
56.44712209701538,10.07784652709961
56.4612295627594,10.224445343017578
56.47536253929138,10.164039611816406
56.48965048789978,10.185317993164062
56.50393509864807,10.206642150878906
56.51808261871338,10.325790405273438
56.53206181526184,10.206058502197266
56.546170473098755,10.38894271850586
56.560364723205566,10.42965316772461
56.57532048225403,10.43521499633789
56.58962392807007,10.388538360595703
56.60442018508911,10.428573608398438
56.61854028701782,10.53188705444336
56.6327850818634,10.60342025756836
56.64710998535156,10.41632080078125
56.66116237640381,10.330802917480469
56.67483901977539,9.985828399658203
56.68800950050354,9.902923583984375
56.701008319854736,9.974372863769531
56.71378445625305,10.08309555053711
56.726521492004395,10.148571014404297
56.73922634124756,10.276535034179688
56.75193977355957,10.161602020263672
56.76475930213928,9.954345703125
56.77749824523926,10.014915466308594
56.79024934768677,10.17401123046875
56.80298113822937,10.231178283691406
56.81568765640259,10.370746612548828
56.82856845855713,10.27633285522461
56.84126925468445,10.405326843261719
56.85401630401611,10.34735107421875
56.8669798374176,10.400100708007812
56.87969374656677,10.504749298095703
56.89241600036621,10.477767944335938
56.90513563156128,10.527339935302734
56.91786980628967,10.533103942871094
56.93061137199402,9.791946411132812
56.943323373794556,9.842185974121094
56.95606017112732,9.591373443603516
56.96921348571777,9.317375183105469
56.98193550109863,9.431697845458984
56.99466896057129,9.555423736572266
57.00738310813904,9.450019836425781
57.02012872695923,9.51082992553711
57.03284430503845,9.66231918334961
57.04555821418762,9.624195098876953
57.05824160575867,9.610305786132812
57.07108521461487,9.594230651855469
57.08380365371704,9.583187103271484
57.09650945663452,9.808990478515625
57.109230518341064,9.787708282470703
57.12196707725525,9.770881652832031
57.13467836380005,9.711902618408203
57.147380113601685,9.637405395507812
57.16008138656616,9.713829040527344
57.17280435562134,9.796340942382812
57.1855149269104,9.803958892822266
57.19831204414368,9.923381805419922
57.21103644371033,10.085895538330078
57.22375464439392,10.055782318115234
57.23646593093872,10.001106262207031
57.249181509017944,10.040302276611328
57.261898040771484,9.95413589477539
57.27459478378296,10.08890151977539
57.287293910980225,10.187271118164062
57.300193309783936,9.5120849609375
57.31291055679321,9.460086822509766
57.325762033462524,9.531524658203125
57.3384690284729,9.705158233642578
57.351186752319336,9.734909057617188
57.363935708999634,9.62200927734375
57.37664794921875,9.670581817626953
57.38935613632202,9.634086608886719
57.4020631313324,9.094436645507812
57.414769887924194,9.143470764160156
57.427608489990234,9.138675689697266
57.44034433364868,9.265937805175781
57.453054428100586,9.324825286865234
57.465773582458496,9.326183319091797
57.47847533226013,9.326446533203125
57.49120759963989,8.846878051757812
57.50393080711365,8.132007598876953
57.51665377616882,8.098045349121094
57.52936339378357,8.096420288085938
57.54208779335022,8.0743408203125
57.554869174957275,8.026554107666016
57.567631483078,8.115337371826172
57.58034062385559,8.056068420410156
57.59306979179382,8.193168640136719
57.60577726364136,8.236431121826172
57.61852240562439,8.231761932373047
57.631266355514526,8.164508819580078
57.643988370895386,7.4422760009765625
57.65668439865112,7.422687530517578
57.66938257217407,7.4239501953125
57.68211078643799,7.512260437011719
57.69482493400574,7.484272003173828
57.70754623413086,7.549140930175781
57.720303535461426,7.48388671875
57.73307013511658,7.393398284912109
57.74579358100891,7.489898681640625
57.758525371551514,7.504066467285156
57.77124571800232,7.551094055175781
57.78397464752197,7.48809814453125
57.79672694206238,7.250373840332031
57.80945873260498,7.330535888671875
57.822343826293945,7.409862518310547
57.83507513999939,7.346523284912109
57.84779214859009,7.36346435546875
57.86048746109009,7.341632843017578
57.87319731712341,7.391548156738281
57.885956048965454,7.381683349609375
57.89868092536926,7.322605133056641
57.91138052940369,7.318050384521484
57.924118995666504,7.317035675048828
57.93687462806702,7.371967315673828
57.94957613945007,7.315746307373047
57.96238160133362,7.348793029785156
57.975099086761475,7.316123962402344
57.98779034614563,7.364803314208984
58.000526905059814,7.314414978027344
58.01323056221008,7.293933868408203
58.0259313583374,7.302173614501953
58.03864598274231,7.378974914550781
58.05135226249695,7.392734527587891
58.064109563827515,7.308982849121094
58.07684278488159,7.326290130615234
58.08955264091492,7.298168182373047
58.10237455368042,7.3605499267578125
58.11509346961975,7.36566162109375
58.12782049179077,7.340282440185547
58.14053177833557,7.308624267578125
58.15323090553284,7.345890045166016
58.1659414768219,7.459957122802734
58.178651571273804,7.386890411376953
58.19137477874756,7.332218170166016
58.204307317733765,7.286895751953125
58.217026472091675,7.251483917236328
58.22972917556763,7.2954559326171875
58.24242830276489,7.2892608642578125
58.255130767822266,7.378742218017578
58.26782751083374,7.393764495849609
58.2805118560791,7.287860870361328
58.29322075843811,7.329166412353516
58.30591917037964,7.307586669921875
58.31863307952881,7.3324737548828125
58.33132791519165,7.34979248046875
58.34403347969055,7.354209899902344
58.35703754425049,7.297710418701172
58.36975812911987,7.276325225830078
58.38247561454773,7.442230224609375
58.395179986953735,7.328563690185547
58.407886028289795,7.281990051269531
58.42060828208923,7.337837219238281
58.43429183959961,7.379493713378906
58.448243379592896,7.340141296386719
58.46107625961304,7.349800109863281
58.473814249038696,7.390960693359375
58.4865243434906,7.352348327636719
58.49940514564514,7.314689636230469
58.5120964050293,7.362312316894531
58.52480220794678,7.3699798583984375
58.53750443458557,7.2630615234375
58.550222873687744,7.321453094482422
58.56352233886719,7.317802429199219
58.57878351211548,7.3962554931640625
58.591453075408936,7.3628692626953125
58.60408568382263,7.320850372314453
58.61665201187134,7.308128356933594
58.629281520843506,7.339286804199219
58.641806840896606,7.338069915771484
58.65432047843933,7.383388519287109
58.666855335235596,7.300220489501953
58.679375410079956,7.345893859863281
58.69188404083252,7.318691253662109
58.7043821811676,7.502586364746094
58.71688365936279,7.450042724609375
58.7295823097229,7.32000732421875
58.742494106292725,7.432228088378906
58.75502014160156,7.358612060546875
58.76752281188965,7.26580810546875
58.78007769584656,7.170234680175781
58.79258370399475,7.246955871582031
58.80511212348938,7.248996734619141
58.81766486167908,7.269538879394531
58.83017015457153,7.2315216064453125
58.84354639053345,7.2309722900390625
58.85878801345825,7.265525817871094
58.872856855392456,7.203227996826172
58.889299631118774,7.223361968994141
58.904675245285034,7.173686981201172
58.91881513595581,7.320465087890625
58.93256330490112,7.237148284912109
58.94637608528137,7.2118988037109375
58.95941734313965,7.200675964355469
58.972381353378296,7.197517395019531
58.98536396026611,7.317661285400391
58.998337745666504,7.226863861083984
59.01129674911499,7.238758087158203
59.02426743507385,7.111049652099609
59.0372474193573,7.249759674072266
59.05020546913147,7.265781402587891
59.06319808959961,7.173900604248047
59.076192140579224,7.217628479003906
59.089211225509644,7.201396942138672
59.10239100456238,7.2050018310546875
59.115365743637085,7.228618621826172
59.12835240364075,7.240741729736328
59.141321420669556,7.155712127685547
59.15429472923279,7.217578887939453
59.167261600494385,7.2535552978515625
59.18026876449585,7.280300140380859
59.19323205947876,7.232913970947266
59.206197023391724,7.184295654296875
59.21917796134949,7.224094390869141
59.232199907302856,7.2354736328125
59.24518322944641,7.252693176269531
59.25816082954407,7.239280700683594
59.27116560935974,7.270530700683594
59.28416323661804,7.257293701171875
59.29718637466431,7.209796905517578
59.31016802787781,7.201068878173828
59.32317304611206,7.282855987548828
59.33615517616272,7.247196197509766
59.34912848472595,7.142494201660156
59.36215019226074,7.246906280517578
59.37514925003052,7.281696319580078
59.38816595077515,7.2645721435546875
59.401535749435425,7.329586029052734
59.41666841506958,7.264198303222656
59.43140721321106,7.267646789550781
59.44591164588928,7.322563171386719
59.4602165222168,7.3568878173828125
59.47438359260559,7.224639892578125
59.48799681663513,7.37677001953125
59.501060247421265,7.3733673095703125
59.517396450042725,7.37017822265625
59.53331232070923,7.3110809326171875
59.547550678253174,7.368556976318359
59.56128692626953,7.451435089111328
59.574687004089355,7.367870330810547
59.587668895721436,7.434661865234375
59.60064339637756,7.4347686767578125
59.61360573768616,7.496315002441406
59.62657022476196,7.461528778076172
59.63951015472412,7.377830505371094
59.65248203277588,7.414085388183594
59.66550135612488,7.3964080810546875
59.68165349960327,7.322509765625
59.69708204269409,7.370075225830078
59.712406396865845,7.3963470458984375
59.72941327095032,7.38800048828125
59.74548840522766,7.248691558837891
59.760937452316284,7.295566558837891
59.77625226974487,7.356998443603516
59.79283905029297,7.323509216308594
59.80927395820618,7.318553924560547
59.82500505447388,7.2302703857421875
59.83803725242615,7.2340850830078125
59.851038217544556,7.261810302734375
59.86405897140503,7.342170715332031
59.87705636024475,7.330665588378906
59.890052318573,7.2492523193359375
59.90304970741272,7.396366119384766
59.91609025001526,7.315547943115234
59.92909812927246,7.361301422119141
59.94208335876465,7.3871917724609375
59.95507574081421,7.325153350830078
59.96810793876648,7.359992980957031
59.98110795021057,7.3590240478515625
59.99408030509949,7.508884429931641
60.00707006454468,7.420436859130859
60.0200674533844,7.424091339111328
60.033247232437134,7.442920684814453
60.04623627662659,7.447223663330078
60.05925464630127,7.597301483154297
60.07573938369751,7.432445526123047
60.09174156188965,7.510807037353516
60.108375549316406,7.537139892578125
60.12388277053833,6.8816375732421875
60.13789081573486,6.8824920654296875
60.15139126777649,6.8403778076171875
60.164772033691406,6.8587188720703125
60.17803955078125,6.91644287109375
60.19126105308533,6.856201171875
60.204442739486694,6.755191802978516
60.217615604400635,6.846500396728516
60.23087763786316,6.828258514404297
60.24404430389404,6.8171539306640625
60.25718832015991,6.85345458984375
60.270294427871704,6.872283935546875
60.283347845077515,6.8029632568359375
60.29637122154236,6.8253021240234375
60.309409379959106,6.827098846435547
60.3224151134491,6.899021148681641
60.33542227745056,6.8144989013671875
60.34845542907715,6.809242248535156
60.36144948005676,6.866279602050781
60.37444496154785,6.911346435546875
60.387500286102295,6.911479949951172
60.40049433708191,6.8743438720703125
60.413525104522705,6.868175506591797
60.42653274536133,6.833614349365234
60.43950915336609,6.8422393798828125
60.45248055458069,6.911781311035156
60.465496301651,6.970035552978516
60.47847056388855,6.932521820068359
60.491451263427734,6.9593658447265625
60.50444173812866,6.900569915771484
60.51741099357605,6.93621826171875
60.530540227890015,6.892658233642578
60.5434730052948,6.935688018798828
60.55645513534546,6.982898712158203
60.56940770149231,7.074420928955078
60.58235692977905,6.975929260253906
60.59530687332153,6.979488372802734
60.608269929885864,7.074623107910156
60.621227979660034,7.058345794677734
60.634371280670166,6.974884033203125
60.647337436676025,6.958194732666016
60.66029238700867,6.873783111572266
60.67327117919922,6.857425689697266
60.68620848655701,6.896678924560547
60.699143409729004,6.905681610107422
60.712082624435425,6.963283538818359
60.7250189781189,6.903949737548828
60.73796892166138,6.852714538574219
60.75094246864319,6.902156829833984
60.76388430595398,6.957954406738281
60.77684783935547,7.009407043457031
60.789817810058594,6.969928741455078
60.80277180671692,7.048549652099609
60.815722942352295,7.081897735595703
60.82866358757019,7.097358703613281
60.84160900115967,7.166858673095703
60.85453724861145,7.184322357177734
60.86748290061951,7.195865631103516
60.88042879104614,7.152122497558594
60.89360046386719,7.223899841308594
60.906580686569214,7.165416717529297
60.9195659160614,7.148502349853516
60.93256735801697,7.127376556396484
60.94551110267639,7.204925537109375
60.95854210853577,7.012981414794922
60.9714617729187,6.544857025146484
60.98444390296936,6.606201171875
60.99744272232056,6.594692230224609
61.01040482521057,6.554538726806641
61.023354053497314,6.551174163818359
61.03628396987915,6.5960540771484375
61.04922556877136,6.599849700927734
61.06237030029297,6.6389007568359375
61.075358867645264,6.615806579589844
61.08835411071777,6.639141082763672
61.101340532302856,6.702384948730469
61.114331007003784,6.748603820800781
61.12733006477356,6.743152618408203
61.14029788970947,6.7730865478515625
61.15326404571533,6.751945495605469
61.16625356674194,6.8146820068359375
61.179227352142334,6.8460845947265625
61.192203521728516,6.838222503662109
61.20518946647644,6.874664306640625
61.21816372871399,6.9389190673828125
61.23223853111267,6.902851104736328
61.24531817436218,6.966213226318359
61.258315324783325,6.210254669189453
61.27130079269409,6.1963348388671875
61.28427052497864,6.200588226318359
61.2972092628479,6.214260101318359
61.31018090248108,6.229885101318359
61.323166370391846,6.270381927490234
61.33712959289551,6.235889434814453
61.35327124595642,6.255420684814453
61.366307497024536,6.269092559814453
61.37932562828064,6.2988433837890625
61.39230418205261,6.262691497802734
61.40531039237976,6.227832794189453
61.41833162307739,6.1963348388671875
61.43136167526245,6.080333709716797
61.444369316101074,6.085079193115234
61.457361936569214,6.1337127685546875
61.470354080200195,6.148242950439453
61.48332738876343,6.147281646728516
61.49629521369934,6.192955017089844
61.50928354263306,6.159233093261719
61.52227473258972,6.163738250732422
61.53528594970703,6.176811218261719
61.54831385612488,6.228336334228516
61.561346769332886,6.084735870361328
61.574339628219604,6.120826721191406
61.58733081817627,6.129814147949219
61.600340604782104,6.091094970703125
61.61333918571472,6.138465881347656
61.62647557258606,6.147880554199219
61.63949918746948,6.195686340332031
61.65252494812012,6.205413818359375
61.66553354263306,6.254486083984375
61.6785249710083,6.220436096191406
61.691524267196655,6.225078582763672
61.70449614524841,6.268310546875
61.7174973487854,5.563175201416016
61.73050498962402,5.563175201416016
61.74349331855774,5.563175201416016
61.756503105163574,5.563175201416016
61.76947736740112,5.563175201416016
61.782466173172,5.563175201416016
61.79546499252319,5.563175201416016
61.808449506759644,5.563179016113281
61.82144618034363,5.563179016113281
61.834434270858765,5.563179016113281
61.847416162490845,5.563179016113281
61.860411405563354,5.563182830810547
61.873387575149536,5.563182830810547
61.886374950408936,5.563182830810547
61.89934802055359,5.563182830810547
61.9123477935791,5.563182830810547
61.92533850669861,5.563182830810547
61.938307762145996,5.563182830810547
61.951287269592285,5.563182830810547
61.96424341201782,5.563182830810547
61.97722673416138,5.563182830810547
61.99023914337158,5.563182830810547
62.003215074539185,5.563182830810547
62.016196966171265,5.563182830810547
62.02917504310608,5.563182830810547
62.042176723480225,5.49346923828125
62.05516052246094,5.451423645019531
62.06813907623291,5.451423645019531
62.081125020980835,5.451423645019531
62.09411406517029,5.451423645019531
62.10709309577942,5.451423645019531
62.12008738517761,5.451423645019531
62.13311266899109,5.451423645019531
62.146087884902954,5.451423645019531
62.159077167510986,5.451423645019531
62.17215585708618,5.451423645019531
62.18519067764282,5.451423645019531
62.19826817512512,5.451423645019531
62.21131896972656,5.3771820068359375
62.224297761917114,5.339668273925781
62.23725605010986,5.339668273925781
62.25021553039551,5.339668273925781
62.2631893157959,5.339668273925781
62.27617049217224,5.339668273925781
62.28911304473877,5.339668273925781
62.30207633972168,5.339668273925781
62.315046072006226,5.339668273925781
62.32804322242737,5.339668273925781
62.341190576553345,5.228168487548828
62.354154109954834,5.227909088134766
62.367114543914795,5.227909088134766
62.380072355270386,5.227909088134766
62.39301133155823,5.227909088134766
62.40597581863403,5.227909088134766
62.418933629989624,5.227909088134766
62.43188524246216,5.227909088134766
62.44486117362976,5.227909088134766
62.45784568786621,5.227912902832031
62.4708149433136,5.227912902832031
62.48379325866699,5.227912902832031
62.49677395820618,5.227912902832031
62.5097496509552,5.227912902832031
62.52273654937744,5.227916717529297
62.53571820259094,5.227916717529297
62.54872679710388,5.227916717529297
62.56170392036438,5.2279205322265625
62.57468867301941,5.2279205322265625
62.587687730789185,5.1536712646484375
62.60069823265076,5.116157531738281
62.61368680000305,5.116157531738281
62.62668514251709,5.116157531738281
62.639665842056274,5.116157531738281
62.65266156196594,5.116157531738281
62.66563844680786,5.116157531738281
62.67863845825195,5.116157531738281
62.69162726402283,5.116157531738281
62.704598903656006,5.116157531738281
62.717602252960205,5.116157531738281
62.730568647384644,5.116157531738281
62.7434823513031,5.116157531738281
62.75645875930786,5.116157531738281
62.76943230628967,5.116157531738281
62.78240942955017,5.116157531738281
62.795379400253296,5.116157531738281
62.80833911895752,5.116157531738281
62.821309089660645,5.116157531738281
62.83431267738342,5.116157531738281
62.84728717803955,5.116157531738281
62.8602511882782,5.116157531738281
62.873223066329956,5.116157531738281
62.88620400428772,5.116157531738281
62.899178981781006,5.116157531738281
62.91218161582947,5.116157531738281
62.92516088485718,5.116157531738281
62.93812417984009,5.116157531738281
62.9511079788208,5.116157531738281
62.96410393714905,5.116157531738281
62.97708058357239,5.116157531738281
62.99005317687988,5.116157531738281
63.00305128097534,5.116157531738281
63.016053915023804,5.116157531738281
63.029011249542236,5.116157531738281
63.042022466659546,5.116157531738281
63.055014848709106,5.116157531738281
63.06798505783081,5.116157531738281
63.080960750579834,5.116157531738281
63.09394884109497,5.116157531738281
63.106937408447266,5.116157531738281
63.11991357803345,5.116157531738281
63.13286852836609,5.116157531738281
63.145864963531494,5.116157531738281
63.15884804725647,5.116157531738281
63.171820640563965,5.116157531738281
63.18479609489441,5.116157531738281
63.19777035713196,5.116157531738281
63.21074390411377,5.116157531738281
63.22372841835022,5.116157531738281
63.236695766448975,5.116157531738281
63.249687910079956,5.116157531738281
63.262670040130615,5.116157531738281
63.2756552696228,5.116157531738281
63.28861427307129,5.116157531738281
63.30158281326294,5.116157531738281
63.31454253196716,5.116157531738281
63.32750415802002,5.116157531738281
63.340479373931885,5.116157531738281
63.3534779548645,5.116157531738281
63.36649131774902,5.116157531738281
63.37949061393738,5.116157531738281
63.392452001571655,5.116157531738281
63.40542912483215,5.116157531738281
63.41840887069702,5.116157531738281
63.43140721321106,5.116157531738281
63.44438290596008,5.116157531738281
63.457364082336426,5.116157531738281
63.470357179641724,5.116157531738281
63.48332619667053,5.116157531738281
63.49629497528076,5.116157531738281
63.50927782058716,5.116157531738281
63.52225732803345,5.116157531738281
63.535226583480835,5.116157531738281
63.54819202423096,5.116157531738281
63.561179399490356,5.116157531738281
63.574153661727905,5.116157531738281
63.58712577819824,5.116157531738281
63.600102186203,5.116157531738281
63.613089084625244,5.116157531738281
63.626067876815796,5.116157531738281
63.63904166221619,5.116157531738281
63.65201449394226,5.116157531738281
63.66499161720276,5.116157531738281
63.677969455718994,5.116157531738281
63.69095516204834,5.116157531738281
63.70394206047058,5.116157531738281
63.71690535545349,5.116157531738281
63.729875564575195,5.116157531738281
63.74285292625427,5.116157531738281
63.75582528114319,5.116157531738281
63.76880598068237,5.116157531738281
63.78177452087402,5.116157531738281
63.79475688934326,5.116157531738281
63.80774283409119,5.116157531738281
63.82072997093201,5.116157531738281
63.83371710777283,5.116157531738281
63.846816539764404,5.116157531738281
63.8598051071167,5.116157531738281
63.87280344963074,5.116157531738281
63.885769844055176,5.116157531738281
63.898762226104736,5.116157531738281
63.911755323410034,5.116157531738281
63.924741983413696,5.116157531738281
63.93775677680969,5.116157531738281
63.95075178146362,5.116157531738281
63.96374440193176,5.116157531738281
63.976738691329956,5.116157531738281
63.98971700668335,5.116157531738281
64.00271964073181,5.116157531738281
64.01570892333984,5.116157531738281
64.02868366241455,5.116157531738281
64.04165601730347,5.116157531738281
64.05462455749512,5.116157531738281
64.06757259368896,5.116157531738281
64.08054113388062,5.116157531738281
64.09352350234985,5.116157531738281
64.10649371147156,5.116157531738281
64.11947846412659,5.116157531738281
64.1324565410614,5.116157531738281
64.14543390274048,5.116157531738281
64.1584062576294,5.116157531738281
64.17139530181885,5.116157531738281
64.18436789512634,5.116157531738281
64.19732570648193,5.116157531738281
64.21030855178833,5.116157531738281
64.22329258918762,5.116157531738281
64.23628497123718,5.116157531738281
64.24927544593811,5.116157531738281
64.2622582912445,5.116157531738281
64.27524709701538,5.116157531738281
64.28821873664856,5.116157531738281
64.3011999130249,5.116157531738281
64.31421208381653,5.116157531738281
64.32720994949341,5.116157531738281
64.3402030467987,5.116157531738281
64.35319328308105,5.116157531738281
64.3661847114563,5.116157531738281
64.37915396690369,5.116157531738281
64.39211368560791,5.116157531738281
64.40508580207825,5.116157531738281
64.41806054115295,5.116157531738281
64.43104290962219,5.116157531738281
64.44401121139526,5.116157531738281
64.45701026916504,5.116157531738281
64.46999168395996,5.116157531738281
64.48309779167175,5.116157531738281
64.49612951278687,5.116157531738281
64.50911331176758,5.116157531738281
64.5220856666565,5.116157531738281
64.53506541252136,5.116157531738281
64.54805016517639,5.116157531738281
64.56104063987732,5.116157531738281
64.57401657104492,5.116157531738281
64.58700609207153,5.116157531738281
64.59998273849487,5.116157531738281
64.61297249794006,5.116157531738281
64.62594842910767,5.116157531738281
64.63892269134521,5.116157531738281
64.65190386772156,5.116157531738281
64.6648817062378,5.116157531738281
64.67785406112671,5.116157531738281
64.69081664085388,5.116157531738281
64.70379662513733,5.116157531738281
64.71677875518799,5.116157531738281
64.72975635528564,5.116157531738281
64.7427225112915,5.116157531738281
64.75569868087769,5.116157531738281
64.76869440078735,5.116157531738281
64.78167510032654,5.116157531738281
64.79465365409851,5.116157531738281
64.80763483047485,5.116157531738281
64.82060265541077,5.116157531738281
64.8335816860199,5.116157531738281
64.84656810760498,5.116157531738281
64.85953688621521,5.116157531738281
64.8725152015686,5.116157531738281
64.88549494743347,5.116157531738281
64.89847135543823,5.116157531738281
64.91147708892822,5.116157531738281
64.92445516586304,5.116157531738281
64.93744421005249,5.116157531738281
64.95043468475342,5.116157531738281
64.96342492103577,5.065975189208984
64.9764289855957,5.004398345947266
64.98940515518188,5.004398345947266
65.00237536430359,5.004398345947266
65.01534962654114,5.004398345947266
65.02830195426941,5.004398345947266
65.04127883911133,5.004398345947266
65.05426621437073,5.004398345947266
65.06724715232849,5.004398345947266
65.080237865448,5.004398345947266
65.09321713447571,5.004398345947266
65.10621976852417,5.004398345947266
65.11920666694641,5.004398345947266
65.13217377662659,5.004398345947266
65.14514255523682,5.004398345947266
65.15811800956726,5.004398345947266
65.17109036445618,5.004398345947266
65.18407320976257,5.004398345947266
65.19706535339355,5.004398345947266
65.21008014678955,5.004398345947266
65.22308850288391,5.004398345947266
65.23608326911926,5.004398345947266
65.24909019470215,5.004398345947266
65.26209259033203,5.004398345947266
65.2751133441925,5.004398345947266
65.2881007194519,5.004398345947266
65.30108261108398,5.004398345947266
65.3140320777893,5.004398345947266
65.32702159881592,5.004398345947266
65.33999133110046,5.004398345947266
65.3529691696167,5.004398345947266
65.36595368385315,5.004398345947266
65.378915309906,5.004398345947266
65.39190697669983,5.004398345947266
65.4049060344696,5.004398345947266
65.4178671836853,5.004398345947266
65.43085098266602,5.004398345947266
65.44381546974182,5.004398345947266
65.45679235458374,5.004398345947266
65.46977233886719,5.004398345947266
65.4827401638031,5.004398345947266
65.49571323394775,5.004398345947266
65.50870060920715,5.004398345947266
65.52166652679443,5.004398345947266
65.53463411331177,5.004398345947266
65.54759883880615,5.004398345947266
65.56054258346558,5.004398345947266
65.57347798347473,5.004398345947266
65.58644723892212,5.004398345947266
65.59940958023071,5.004398345947266
65.61237001419067,5.004398345947266
65.62532424926758,5.004398345947266
65.63827681541443,5.004398345947266
65.65123128890991,5.004398345947266
65.66417694091797,5.004398345947266
65.67713403701782,5.004398345947266
65.69009637832642,5.004398345947266
65.70305442810059,5.004398345947266
65.71601104736328,5.004398345947266
65.72896671295166,5.004398345947266
65.74191403388977,5.004398345947266
65.75489544868469,5.004398345947266
65.76786375045776,5.004398345947266
65.78082227706909,5.004398345947266
65.7937879562378,5.004398345947266
65.80675148963928,5.004398345947266
65.81971383094788,5.004398345947266
65.83268213272095,5.004398345947266
65.84564805030823,5.004398345947266
65.85860776901245,5.004398345947266
65.87156009674072,5.004398345947266
65.8845157623291,5.004398345947266
65.89747476577759,5.004398345947266
65.91044092178345,5.004398345947266
65.92344641685486,5.004398345947266
65.93644905090332,5.004398345947266
65.949462890625,5.004398345947266
65.9624252319336,5.004398345947266
65.97538828849792,5.004398345947266
65.98833513259888,5.004398345947266
66.0012948513031,5.004398345947266
66.01425004005432,5.004398345947266
66.02720284461975,5.004398345947266
66.04016184806824,5.004398345947266
66.05312514305115,5.004398345947266
66.06609177589417,5.004398345947266
66.07904434204102,5.004398345947266
66.09200167655945,5.004398345947266
66.1049497127533,5.004398345947266
66.11790084838867,5.004398345947266
66.13085961341858,5.004398345947266
66.14381742477417,4.958137512207031
66.15679860115051,4.8926544189453125
66.16973638534546,4.8926544189453125
66.18269634246826,4.8926544189453125
66.1956696510315,4.8926544189453125
66.2086386680603,4.8926544189453125
66.22160840034485,4.8926544189453125
66.23456048965454,4.8926544189453125
66.24752378463745,4.8926544189453125
66.26049947738647,4.8926544189453125
66.27347493171692,4.8926544189453125
66.28643846511841,4.8926544189453125
66.29940938949585,4.8926544189453125
66.31236362457275,4.8926544189453125
66.32532143592834,4.8926544189453125
66.33827352523804,4.8926544189453125
66.35122489929199,4.8926544189453125
66.36419296264648,4.8926544189453125
66.37716507911682,4.8926544189453125
66.39014053344727,4.8926544189453125
66.4031240940094,4.8926544189453125
66.41608738899231,4.8926544189453125
66.42904782295227,4.8926544189453125
66.4420051574707,4.892658233642578
66.45497369766235,4.892658233642578
66.46793484687805,4.892658233642578
66.4808943271637,4.892658233642578
66.49386048316956,4.892658233642578
66.50682210922241,4.892658233642578
66.51978278160095,4.892658233642578
66.53273868560791,4.892658233642578
66.54570937156677,4.892662048339844
66.55866956710815,4.892662048339844
66.57162809371948,4.892662048339844
66.58459496498108,4.892662048339844
66.59756016731262,4.892662048339844
66.6160888671875,4.892662048339844
66.63246297836304,4.892662048339844
66.64646315574646,4.892662048339844
66.66040349006653,4.892662048339844
66.67432141304016,4.892662048339844
66.68821835517883,4.892662048339844
66.70214676856995,4.892662048339844
66.71607184410095,4.892662048339844
66.72999668121338,4.892662048339844
66.74400615692139,4.892662048339844
66.75790286064148,4.892662048339844
66.77181649208069,4.892662048339844
66.78573274612427,4.892662048339844
66.79964637756348,4.892662048339844
66.8135461807251,4.892665863037109
66.82741928100586,4.892665863037109
66.84132957458496,4.892665863037109
66.85522937774658,4.892665863037109
66.86910557746887,4.892665863037109
66.8830087184906,4.892665863037109
66.89690637588501,4.892665863037109
66.91077923774719,4.892665863037109
66.92467093467712,4.892665863037109
66.93855285644531,4.892669677734375
66.95244812965393,4.892669677734375
66.96637511253357,4.892669677734375
66.9803056716919,4.892669677734375
66.99419474601746,4.892669677734375
67.00806021690369,4.892669677734375
67.02196145057678,4.892669677734375
67.03586602210999,4.892669677734375
67.0497612953186,4.892669677734375
67.06366848945618,4.892669677734375
67.07756876945496,4.892669677734375
67.09144163131714,4.892669677734375
67.10537195205688,4.892669677734375
67.1192798614502,4.892669677734375
67.13322281837463,4.892669677734375
67.14713335037231,4.892669677734375
67.1610414981842,4.892669677734375
67.17496371269226,4.892669677734375
67.18887424468994,4.892669677734375
67.2028214931488,4.892669677734375
67.21673655509949,4.892669677734375
67.23064923286438,4.892669677734375
67.24456596374512,4.892669677734375
67.2584707736969,4.892669677734375
67.27241611480713,4.892669677734375
67.28633546829224,4.892669677734375
67.3002552986145,4.892669677734375
67.31416988372803,4.892669677734375
67.32808923721313,4.892669677734375
67.34199357032776,4.892669677734375
67.35591888427734,4.892669677734375
67.36989045143127,4.892669677734375
67.38380241394043,4.892669677734375
67.39771509170532,4.892669677734375
67.41157269477844,4.81842041015625
67.4253933429718,4.780906677246094
67.43928527832031,4.780906677246094
67.45316982269287,4.780906677246094
67.4670479297638,4.780906677246094
67.48091959953308,4.780906677246094
67.49479413032532,4.780906677246094
67.50868225097656,4.780906677246094
67.52255988121033,4.780906677246094
67.53643536567688,4.780906677246094
67.5503237247467,4.780906677246094
67.56421780586243,4.780906677246094
67.57809662818909,4.780906677246094
67.59198307991028,4.780906677246094
67.60587191581726,4.780906677246094
67.61974692344666,4.780906677246094
67.63364243507385,4.780906677246094
67.64752531051636,4.780906677246094
67.6614146232605,4.780906677246094
67.67529726028442,4.780910491943359
67.68919038772583,4.780910491943359
67.7030725479126,4.780910491943359
67.71695613861084,4.780910491943359
67.7308623790741,4.780914306640625
67.74475646018982,4.780914306640625
67.75873064994812,4.780914306640625
67.7726218700409,4.780914306640625
67.78650450706482,4.780918121337891
67.80038952827454,4.669155120849609
67.8144760131836,0.17792510986328125
67.82832050323486,0.178070068359375
67.84256219863892,0.178070068359375
67.85353922843933,0.17805862426757812
67.86447739601135,0.17805862426757812
67.87542128562927,0.17805862426757812
67.88638257980347,0.17805862426757812
67.89733600616455,0.17809677124023438
67.90828108787537,0.17809677124023438
67.9192464351654,0.17809677124023438
67.93021368980408,0.17809677124023438
67.94118547439575,0.17815399169921875
67.95213007926941,0.17815399169921875
67.96308398246765,0.17815399169921875
67.97401881217957,0.17815399169921875
67.9849500656128,0.17815399169921875
67.99589610099792,0.17815399169921875
68.0068359375,0.17815399169921875
68.01778841018677,0.17816162109375
68.02872061729431,0.17816162109375
68.03967785835266,0.17816162109375
68.05061650276184,0.17635345458984375
68.06153655052185,0.17635345458984375
68.07245683670044,0.17635345458984375
68.0833945274353,0.17635345458984375
68.09434199333191,0.17635345458984375
68.10527420043945,0.17635345458984375
68.11622071266174,0.17635345458984375
68.12715601921082,0.17635345458984375
68.1378767490387,0.17635345458984375
68.14857959747314,0.17635345458984375
68.15928316116333,0.17635345458984375
68.17001271247864,0.17635345458984375
68.18072986602783,0.17635345458984375
68.1914324760437,0.17635345458984375
68.20215916633606,0.17635345458984375
68.2128758430481,0.17635345458984375
68.22357964515686,0.17635345458984375
68.23428988456726,0.17635345458984375
68.24500894546509,0.17635345458984375
68.25572323799133,0.17635345458984375
68.26642537117004,0.17635345458984375
68.2771487236023,0.17635345458984375
68.28786540031433,0.17635345458984375
68.2985622882843,0.17635345458984375
68.30926203727722,0.17635345458984375
68.31998085975647,0.17635345458984375
68.33070302009583,0.17635345458984375
68.34141182899475,0.17657089233398438
68.35213017463684,0.0
68.36285161972046,0.0
68.37355542182922,0.0
