t_sec,rss_gib
0.0031213760375976562,0.00247955322265625
0.014148473739624023,0.00804901123046875
0.0249631404876709,0.00970458984375
0.035719871520996094,0.00970458984375
0.04648470878601074,0.00970458984375
0.05725288391113281,0.00970458984375
0.06800532341003418,0.00970458984375
0.07874250411987305,0.00970458984375
0.08950209617614746,0.00970458984375
0.10025835037231445,0.00970458984375
0.11100411415100098,0.00970458984375
0.12173891067504883,0.00970458984375
0.13249588012695312,0.00970458984375
0.14324736595153809,0.00970458984375
0.15401768684387207,0.00995635986328125
0.164764404296875,0.00995635986328125
0.17552471160888672,0.00995635986328125
0.1862800121307373,0.00995635986328125
0.1970200538635254,0.00995635986328125
0.20775318145751953,0.00995635986328125
0.21850180625915527,0.00995635986328125
0.2292613983154297,0.01045989990234375
0.24002933502197266,0.011020660400390625
0.2507815361022949,0.011020660400390625
0.26154398918151855,0.011020660400390625
0.27231407165527344,0.011020660400390625
0.2830679416656494,0.011020660400390625
0.29379820823669434,0.011020660400390625
0.30456089973449707,0.011020660400390625
0.3153107166290283,0.011020660400390625
0.32609057426452637,0.011020660400390625
0.33683300018310547,0.011020660400390625
0.3475782871246338,0.011020660400390625
0.35833120346069336,0.011020660400390625
0.36908388137817383,0.011020660400390625
0.3798224925994873,0.011020660400390625
0.39061594009399414,0.011020660400390625
0.40135645866394043,0.011020660400390625
0.4121241569519043,0.011020660400390625
0.4228987693786621,0.011020660400390625
0.43363523483276367,0.011020660400390625
0.4443950653076172,0.011020660400390625
0.4551572799682617,0.011020660400390625
0.46590328216552734,0.013034820556640625
0.4766509532928467,0.017627716064453125
0.4874083995819092,0.019378662109375
0.49816036224365234,0.020122528076171875
0.5089011192321777,0.02118682861328125
0.5196056365966797,0.021823883056640625
0.5303611755371094,0.021823883056640625
0.5411205291748047,0.021823883056640625
0.55185866355896,0.021823883056640625
0.5625946521759033,0.021823883056640625
0.5733442306518555,0.021823883056640625
0.5840933322906494,0.021823883056640625
0.5948548316955566,0.021823883056640625
0.6055970191955566,0.021823883056640625
0.6163530349731445,0.021823883056640625
0.6271255016326904,0.021823883056640625
0.6378676891326904,0.022327423095703125
0.6486098766326904,0.02300262451171875
0.6593670845031738,0.02400970458984375
0.6701257228851318,0.024120330810546875
0.6808655261993408,0.024463653564453125
0.6916272640228271,0.025638580322265625
0.7024526596069336,0.025638580322265625
0.7132034301757812,0.0268096923828125
0.724003791809082,0.027271270751953125
0.7347822189331055,0.02796173095703125
0.7455785274505615,0.028362274169921875
0.7564163208007812,0.02960205078125
0.7672345638275146,0.0304718017578125
0.7780060768127441,0.030975341796875
0.7887852191925049,0.03122711181640625
0.7995710372924805,0.031345367431640625
0.8103454113006592,0.03200531005859375
0.8210961818695068,0.03200531005859375
0.8318378925323486,0.03200531005859375
0.8425850868225098,0.03200531005859375
0.8533413410186768,0.03200531005859375
0.8640942573547363,0.03200531005859375
0.8748292922973633,0.03200531005859375
0.8855764865875244,0.03200531005859375
0.8963589668273926,0.03200531005859375
0.9071457386016846,0.03200531005859375
0.9178845882415771,0.03200531005859375
0.9286210536956787,0.03200531005859375
0.9393782615661621,0.03200531005859375
0.950141429901123,0.03200531005859375
0.9609024524688721,0.03200531005859375
0.9716470241546631,0.03200531005859375
0.9824092388153076,0.03200531005859375
0.9931726455688477,0.03200531005859375
1.0039384365081787,0.03200531005859375
1.0146739482879639,0.03200531005859375
1.0254356861114502,0.03200531005859375
1.0361871719360352,0.03200531005859375
1.0469441413879395,0.03200531005859375
1.0576930046081543,0.03200531005859375
1.0684709548950195,0.03200531005859375
1.0792262554168701,0.03200531005859375
1.0899858474731445,0.03200531005859375
1.1007347106933594,0.03200531005859375
1.111518383026123,0.03200531005859375
1.1222774982452393,0.03200531005859375
1.1330492496490479,0.03200531005859375
1.1438031196594238,0.03200531005859375
1.1545884609222412,0.03200531005859375
1.1653461456298828,0.03200531005859375
1.1761102676391602,0.03200531005859375
1.1868460178375244,0.03200531005859375
1.197594165802002,0.03200531005859375
1.20835542678833,0.03200531005859375
1.2191078662872314,0.03200531005859375
1.2298471927642822,0.032253265380859375
1.240593433380127,0.032253265380859375
1.251344919204712,0.032253265380859375
1.2620975971221924,0.032253265380859375
1.2728352546691895,0.032253265380859375
1.2835874557495117,0.032253265380859375
1.2943718433380127,0.032253265380859375
1.305131196975708,0.032253265380859375
1.31587553024292,0.032253265380859375
1.3266141414642334,0.032253265380859375
1.3373613357543945,0.032253265380859375
1.3481111526489258,0.032253265380859375
1.3588502407073975,0.03231048583984375
1.3696093559265137,0.03231048583984375
1.3803675174713135,0.032558441162109375
1.391125202178955,0.032558441162109375
1.4018595218658447,0.032558441162109375
1.4125943183898926,0.032558441162109375
1.423353672027588,0.032558441162109375
1.4341182708740234,0.032558441162109375
1.444854736328125,0.032558441162109375
1.455592155456543,0.032558441162109375
1.466339111328125,0.032558441162109375
1.4770863056182861,0.032558441162109375
1.4878253936767578,0.032558441162109375
1.4985675811767578,0.032558441162109375
1.5093190670013428,0.032558441162109375
1.5200726985931396,0.032558441162109375
1.5308170318603516,0.032558441162109375
1.541571855545044,0.033115386962890625
1.5523345470428467,0.033496856689453125
1.5631015300750732,0.033802032470703125
1.5738530158996582,0.034236907958984375
1.5845983028411865,0.034275054931640625
1.5953595638275146,0.034587860107421875
1.6061291694641113,0.03478240966796875
1.616891622543335,0.034946441650390625
1.6276123523712158,0.03517913818359375
1.6383790969848633,0.03517913818359375
1.6491408348083496,0.03517913818359375
1.6598811149597168,0.035427093505859375
1.6706180572509766,0.035427093505859375
1.6813685894012451,0.035427093505859375
1.692115068435669,0.035427093505859375
1.7028477191925049,0.035427093505859375
1.7135915756225586,0.035427093505859375
1.7243402004241943,0.035427093505859375
1.7351090908050537,0.035427093505859375
1.7458405494689941,0.035427093505859375
1.7565956115722656,0.0355682373046875
1.767348289489746,0.0355682373046875
1.7781097888946533,0.0355682373046875
1.7888429164886475,0.0355682373046875
1.7995834350585938,0.0355682373046875
1.810333490371704,0.0355682373046875
1.821084976196289,0.0355682373046875
1.831817626953125,0.0355682373046875
1.8425633907318115,0.0355682373046875
1.8533337116241455,0.0355682373046875
1.864086627960205,0.0355682373046875
1.8748228549957275,0.0355682373046875
1.8855676651000977,0.0355682373046875
1.8963212966918945,0.0355682373046875
1.9070796966552734,0.0355682373046875
1.9178144931793213,0.0355682373046875
1.928572654724121,0.0355682373046875
1.9393277168273926,0.03881072998046875
1.9501042366027832,0.041675567626953125
1.9608542919158936,0.042682647705078125
1.971602439880371,0.043422698974609375
1.9823620319366455,0.043727874755859375
1.993119478225708,0.044086456298828125
2.0038599967956543,0.04409027099609375
2.0146121978759766,0.04409027099609375
2.0253677368164062,0.04409027099609375
2.0361297130584717,0.04409027099609375
2.0468666553497314,0.04409027099609375
2.057602643966675,0.04409027099609375
2.0683491230010986,0.04409027099609375
2.0791008472442627,0.04409027099609375
2.0898399353027344,0.04409027099609375
2.1005918979644775,0.04409027099609375
2.1113457679748535,0.04409027099609375
2.1220998764038086,0.04409027099609375
2.132842540740967,0.04409027099609375
2.1435821056365967,0.04409027099609375
2.1543288230895996,0.04409027099609375
2.165086030960083,0.044338226318359375
2.1758360862731934,0.044338226318359375
2.186602830886841,0.044841766357421875
2.1973683834075928,0.045345306396484375
2.208122491836548,0.045597076416015625
2.2188639640808105,0.046100616455078125
2.229600191116333,0.04673004150390625
2.240356683731079,0.047695159912109375
2.2511322498321533,0.047695159912109375
2.261864185333252,0.047695159912109375
2.272602081298828,0.047695159912109375
2.2833468914031982,0.047695159912109375
2.294100522994995,0.047695159912109375
2.304837703704834,0.047695159912109375
2.3155839443206787,0.047695159912109375
2.326333522796631,0.047695159912109375
2.337082624435425,0.047695159912109375
2.347816228866577,0.047695159912109375
2.3585569858551025,0.047695159912109375
2.369309425354004,0.047695159912109375
2.3800606727600098,0.047695159912109375
2.390798807144165,0.047695159912109375
2.401552677154541,0.047695159912109375
2.412304401397705,0.047695159912109375
2.423053026199341,0.047695159912109375
2.433816909790039,0.047695159912109375
2.4445583820343018,0.047695159912109375
2.455317258834839,0.047695159912109375
2.4660866260528564,0.047695159912109375
2.476824998855591,0.047695159912109375
2.487571954727173,0.047695159912109375
2.4983198642730713,0.047695159912109375
2.509065628051758,0.047695159912109375
2.519796133041382,0.047695159912109375
2.5305533409118652,0.047695159912109375
2.54130220413208,0.047695159912109375
2.552046537399292,0.047695159912109375
2.5627899169921875,0.047946929931640625
2.5735483169555664,0.04843902587890625
2.5843000411987305,0.0498504638671875
2.5950496196746826,0.0498504638671875
2.6057801246643066,0.0498504638671875
2.6165339946746826,0.0498504638671875
2.62727952003479,0.0498504638671875
2.6380274295806885,0.0498504638671875
2.648759126663208,0.0498504638671875
2.659510850906372,0.0498504638671875
2.670255422592163,0.0498504638671875
2.680997848510742,0.0498504638671875
2.6917343139648438,0.0498504638671875
2.7024788856506348,0.0498504638671875
2.7132229804992676,0.0498504638671875
2.723977565765381,0.0498504638671875
2.734748363494873,0.051357269287109375
2.7455053329467773,0.051532745361328125
2.756366014480591,0.051532745361328125
2.7671384811401367,0.051532745361328125
2.7778849601745605,0.051532745361328125
2.788630247116089,0.051532745361328125
2.7993826866149902,0.051532745361328125
2.81014084815979,0.051532745361328125
2.820875644683838,0.051532745361328125
2.831613540649414,0.051532745361328125
2.8423750400543213,0.051532745361328125
2.853121280670166,0.051532745361328125
2.863877773284912,0.05182647705078125
2.8746323585510254,0.05287933349609375
2.88539457321167,0.05287933349609375
2.896160840988159,0.05364227294921875
2.9069113731384277,0.054134368896484375
2.9176747798919678,0.054134368896484375
2.9284310340881348,0.054134368896484375
2.9392013549804688,0.054134368896484375
2.9499552249908447,0.054134368896484375
2.960700035095215,0.054134368896484375
2.9714596271514893,0.054134368896484375
2.982219696044922,0.054134368896484375
2.992967128753662,0.054134368896484375
3.0037009716033936,0.054134368896484375
3.0144803524017334,0.054134368896484375
3.0252342224121094,0.054134368896484375
3.036011219024658,0.054134368896484375
3.0467607975006104,0.054134368896484375
3.057523250579834,0.054561614990234375
3.0683109760284424,0.05527496337890625
3.079056739807129,0.055370330810546875
3.0898091793060303,0.055370330810546875
3.1005609035491943,0.055370330810546875
3.1113126277923584,0.055370330810546875
3.122067928314209,0.055370330810546875
3.1328237056732178,0.055370330810546875
3.143570899963379,0.055370330810546875
3.1543304920196533,0.055370330810546875
3.165092706680298,0.055370330810546875
3.1758272647857666,0.055370330810546875
3.186577558517456,0.055370330810546875
3.1973278522491455,0.055370330810546875
3.208078622817993,0.055370330810546875
3.218817710876465,0.055370330810546875
3.229574203491211,0.055370330810546875
3.240338087081909,0.055370330810546875
3.2511098384857178,0.055370330810546875
3.2618775367736816,0.055370330810546875
3.2726218700408936,0.055370330810546875
3.2833714485168457,0.055370330810546875
3.2941207885742188,0.055370330810546875
3.3048532009124756,0.055370330810546875
3.3155949115753174,0.055370330810546875
3.3263614177703857,0.055370330810546875
3.3371286392211914,0.055370330810546875
3.34786057472229,0.055370330810546875
3.358612537384033,0.055370330810546875
3.3693645000457764,0.055370330810546875
3.3801212310791016,0.055370330810546875
3.390897035598755,0.055370330810546875
3.401735305786133,0.055370330810546875
3.4125282764434814,0.055370330810546875
3.423321008682251,0.055370330810546875
3.4341256618499756,0.055370330810546875
3.4448647499084473,0.055370330810546875
3.455653429031372,0.05554962158203125
3.466478109359741,0.05554962158203125
3.477241039276123,0.05554962158203125
3.488008737564087,0.05554962158203125
3.4987924098968506,0.05554962158203125
3.509561777114868,0.05554962158203125
3.5203120708465576,0.05554962158203125
3.531059980392456,0.05554962158203125
3.5417890548706055,0.05554962158203125
3.5525567531585693,0.05554962158203125
3.563339948654175,0.056793212890625
3.57413911819458,0.05808258056640625
3.5848798751831055,0.05808258056640625
3.5956268310546875,0.058628082275390625
3.6063849925994873,0.059810638427734375
3.6171317100524902,0.059810638427734375
3.627882242202759,0.06131744384765625
3.6386117935180664,0.061740875244140625
3.649381637573242,0.06352615356445312
3.660144567489624,0.06461715698242188
3.6708984375,0.06461715698242188
3.6816530227661133,0.06482696533203125
3.6924166679382324,0.0649566650390625
3.7031736373901367,0.06552886962890625
3.7139384746551514,0.06665420532226562
3.7248005867004395,0.06715774536132812
3.735560417175293,0.06715774536132812
3.7463181018829346,0.06715774536132812
3.757080554962158,0.06715774536132812
3.767824172973633,0.06715774536132812
3.7786004543304443,0.06715774536132812
3.789350986480713,0.06715774536132812
3.800107002258301,0.06715774536132812
3.810851573944092,0.06715774536132812
3.821641206741333,0.06715774536132812
3.8324012756347656,0.06715774536132812
3.843174934387207,0.06737899780273438
3.8539350032806396,0.06768035888671875
3.8646738529205322,0.06768035888671875
3.875439167022705,0.06768035888671875
3.886207103729248,0.06768035888671875
3.896955728530884,0.06768035888671875
3.9076921939849854,0.06768035888671875
3.918452024459839,0.06768035888671875
3.9291915893554688,0.06768035888671875
3.939944267272949,0.06768035888671875
3.9506804943084717,0.06768035888671875
3.961439371109009,0.06778717041015625
3.9721906185150146,0.06778717041015625
3.982950210571289,0.06778717041015625
3.9936821460723877,0.06778717041015625
4.004439353942871,0.06778717041015625
4.015185594558716,0.06778717041015625
4.02593207359314,0.06778717041015625
4.036669731140137,0.06778717041015625
4.0474162101745605,0.06778717041015625
4.058161497116089,0.06778717041015625
4.068904876708984,0.06778717041015625
4.079654932022095,0.06820297241210938
4.09040904045105,0.06877899169921875
4.10118556022644,0.069122314453125
4.1119537353515625,0.069122314453125
4.122692346572876,0.06935501098632812
4.133458137512207,0.06935501098632812
4.144206285476685,0.06935501098632812
4.154953479766846,0.06935501098632812
4.165685176849365,0.06935501098632812
4.176443576812744,0.06935501098632812
4.187188148498535,0.06935501098632812
4.197939872741699,0.06935501098632812
4.208676815032959,0.06935501098632812
4.219429016113281,0.06935501098632812
4.2301812171936035,0.06935501098632812
4.240941524505615,0.06935501098632812
4.2516796588897705,0.06935501098632812
4.262432336807251,0.06935501098632812
4.273193120956421,0.06935501098632812
4.283987760543823,0.06935501098632812
4.29472017288208,0.06935501098632812
4.305474281311035,0.06935501098632812
4.316228151321411,0.06935501098632812
4.3269782066345215,0.06935501098632812
4.337719440460205,0.06935501098632812
4.348464250564575,0.06935501098632812
4.359216690063477,0.06935501098632812
4.369962930679321,0.06935501098632812
4.380699634552002,0.06935501098632812
4.391443252563477,0.06935501098632812
4.402202367782593,0.06935501098632812
4.412953853607178,0.06935501098632812
4.42371392250061,0.06935501098632812
4.434467315673828,0.06935501098632812
4.445229768753052,0.06975555419921875
4.455993413925171,0.06990814208984375
4.46673321723938,0.07171249389648438
4.477487325668335,0.07233810424804688
4.488249063491821,0.07283401489257812
4.499006271362305,0.07283401489257812
4.50973653793335,0.07283401489257812
4.520512580871582,0.07283401489257812
4.531269788742065,0.07283401489257812
4.542011737823486,0.07283401489257812
4.552744388580322,0.07283401489257812
4.5634925365448,0.07283401489257812
4.574239492416382,0.07283401489257812
4.5849974155426025,0.07283401489257812
4.595743179321289,0.07283401489257812
4.606508493423462,0.07283401489257812
4.617391347885132,0.07283401489257812
4.628242254257202,0.07283401489257812
4.639060020446777,0.07283401489257812
4.64984393119812,0.07309341430664062
4.661427021026611,0.07309341430664062
4.672868967056274,0.07309341430664062
4.683691740036011,0.07309341430664062
4.694476842880249,0.07309341430664062
4.705238580703735,0.07309341430664062
4.715997934341431,0.07309341430664062
4.726747751235962,0.07309341430664062
4.73749852180481,0.07309341430664062
4.7482593059539795,0.07309341430664062
4.759027004241943,0.07309341430664062
4.769774436950684,0.07309341430664062
4.780537366867065,0.07309341430664062
4.79129695892334,0.07309341430664062
4.802053689956665,0.07309341430664062
4.812789678573608,0.07309341430664062
4.824039459228516,0.07309341430664062
4.834784507751465,0.07309341430664062
4.845535039901733,0.07309341430664062
4.8562846183776855,0.07309341430664062
4.867033004760742,0.07309341430664062
4.877772092819214,0.07309341430664062
4.8885338306427,0.07309341430664062
4.899298906326294,0.07309341430664062
4.910069704055786,0.07309341430664062
4.920810699462891,0.07309341430664062
4.931569337844849,0.07309341430664062
4.942322492599487,0.07309341430664062
4.953073501586914,0.07309341430664062
4.963833332061768,0.07309341430664062
4.9745872020721436,0.07309341430664062
4.985349416732788,0.07309341430664062
4.9961042404174805,0.07309341430664062
5.006863117218018,0.07309341430664062
5.0176074504852295,0.07309341430664062
5.02836799621582,0.07309341430664062
5.039131164550781,0.07309341430664062
5.049869537353516,0.07309341430664062
5.060656785964966,0.07309341430664062
5.071460008621216,0.074310302734375
5.082265853881836,0.07460784912109375
5.093059778213501,0.0750732421875
5.103856801986694,0.07533645629882812
5.114679574966431,0.07588958740234375
5.125495910644531,0.07648849487304688
5.136453866958618,0.07698440551757812
5.147254467010498,0.07722091674804688
5.158071041107178,0.07747268676757812
5.16896653175354,0.07797622680664062
5.179757833480835,0.08004379272460938
5.1905364990234375,0.080963134765625
5.201314210891724,0.081756591796875
5.212066888809204,0.081756591796875
5.222804069519043,0.081756591796875
5.233567714691162,0.081756591796875
5.244316577911377,0.081756591796875
5.255066394805908,0.081756591796875
5.2658069133758545,0.081756591796875
5.276566982269287,0.081756591796875
5.2873146533966064,0.081756591796875
5.29808783531189,0.081756591796875
5.308834552764893,0.081756591796875
5.319584608078003,0.081756591796875
5.330342531204224,0.081756591796875
5.341088533401489,0.081756591796875
5.351839303970337,0.081756591796875
5.362598180770874,0.081756591796875
5.373370170593262,0.081756591796875
5.3841469287872314,0.08198165893554688
5.394892692565918,0.08198165893554688
5.4056384563446045,0.08198165893554688
5.416393756866455,0.08198165893554688
5.4271461963653564,0.08198165893554688
5.437931299209595,0.08198165893554688
5.448676347732544,0.08198165893554688
5.4594762325286865,0.08198165893554688
5.470252275466919,0.08198165893554688
5.481020927429199,0.08439254760742188
5.49177098274231,0.08504486083984375
5.50252628326416,0.085296630859375
5.5132811069488525,0.085296630859375
5.5240373611450195,0.08554840087890625
5.534773588180542,0.0858001708984375
5.5455427169799805,0.0858001708984375
5.556300640106201,0.08605194091796875
5.567066192626953,0.08653640747070312
5.577806234359741,0.0868682861328125
5.5885608196258545,0.08762359619140625
5.599322080612183,0.08812713623046875
5.610073566436768,0.08837890625
5.620814561843872,0.08873748779296875
5.631582021713257,0.0889892578125
5.642345666885376,0.08971786499023438
5.653097629547119,0.08971786499023438
5.6638336181640625,0.08971786499023438
5.674572706222534,0.08971786499023438
5.685329914093018,0.08971786499023438
5.696091651916504,0.08971786499023438
5.706819534301758,0.08971786499023438
5.717564582824707,0.08971786499023438
5.728310585021973,0.08971786499023438
5.7390851974487305,0.08971786499023438
5.749821186065674,0.08971786499023438
5.760652303695679,0.08971786499023438
5.771446466445923,0.08971786499023438
5.782207012176514,0.08971786499023438
5.792961120605469,0.08971786499023438
5.803709030151367,0.08971786499023438
5.8144659996032715,0.08971786499023438
5.825214624404907,0.08971786499023438
5.835960149765015,0.08971786499023438
5.846697807312012,0.08971786499023438
5.857463359832764,0.08971786499023438
5.868224143981934,0.08971786499023438
5.8789896965026855,0.09050750732421875
5.889739513397217,0.09088134765625
5.90049409866333,0.09154891967773438
5.9112489223480225,0.09180068969726562
5.922029495239258,0.09180068969726562
5.932779312133789,0.09242630004882812
5.9435319900512695,0.09270095825195312
5.954294919967651,0.09316253662109375
5.96505331993103,0.09316253662109375
5.975801229476929,0.09316253662109375
5.986550331115723,0.09316253662109375
5.997315883636475,0.09316253662109375
6.008068323135376,0.09316253662109375
6.018810033798218,0.09316253662109375
6.0295631885528564,0.09316253662109375
6.040309906005859,0.09316253662109375
6.051053762435913,0.09316253662109375
6.061780691146851,0.09316253662109375
6.07252836227417,0.09316253662109375
6.083276033401489,0.09316253662109375
6.094025135040283,0.09316253662109375
6.104769229888916,0.09316253662109375
6.1155195236206055,0.09316253662109375
6.126270055770874,0.09316253662109375
6.137016534805298,0.09316253662109375
6.147765636444092,0.093414306640625
6.158538341522217,0.093414306640625
6.169299364089966,0.093414306640625
6.180093050003052,0.093414306640625
6.190839767456055,0.093414306640625
6.201584339141846,0.093414306640625
6.21234130859375,0.093414306640625
6.223092794418335,0.093414306640625
6.233819961547852,0.093414306640625
6.244565010070801,0.093414306640625
6.255320310592651,0.0939178466796875
6.266065359115601,0.0939178466796875
6.276801347732544,0.0939178466796875
6.287580966949463,0.0939178466796875
6.298328876495361,0.0939178466796875
6.309072732925415,0.0939178466796875
6.31980562210083,0.0939178466796875
6.330573081970215,0.0939178466796875
6.341317415237427,0.0939178466796875
6.352065801620483,0.0939178466796875
6.362799644470215,0.0939178466796875
6.373549699783325,0.0939178466796875
6.384312152862549,0.0939178466796875
6.395061492919922,0.0939178466796875
6.405810832977295,0.0939178466796875
6.416581392288208,0.0939178466796875
6.42732834815979,0.0939178466796875
6.438077449798584,0.0939178466796875
6.4488301277160645,0.0939178466796875
6.459578514099121,0.0939178466796875
6.470338582992554,0.0939178466796875
6.481081485748291,0.0939178466796875
6.4918200969696045,0.0939178466796875
6.502566576004028,0.0939178466796875
6.51331901550293,0.0939178466796875
6.524061441421509,0.0939178466796875
6.534799814224243,0.0939178466796875
6.545560359954834,0.0939178466796875
6.556304693222046,0.0939178466796875
6.567049741744995,0.0939178466796875
6.577780246734619,0.0939178466796875
6.588523864746094,0.0939178466796875
6.599282741546631,0.0939178466796875
6.6100451946258545,0.0939178466796875
6.62079930305481,0.0939178466796875
6.6315553188323975,0.0939178466796875
6.642302513122559,0.0939178466796875
6.653087377548218,0.0939178466796875
6.6638267040252686,0.0939178466796875
6.674575567245483,0.0939178466796875
6.685348272323608,0.0939178466796875
6.696100950241089,0.0939178466796875
6.706835031509399,0.0939178466796875
6.717580080032349,0.0939178466796875
6.728336334228516,0.0939178466796875
6.7390851974487305,0.0939178466796875
6.749822616577148,0.0939178466796875
6.760572910308838,0.0939178466796875
6.771337032318115,0.0939178466796875
6.7820940017700195,0.0939178466796875
6.792823076248169,0.0939178466796875
6.803574085235596,0.0939178466796875
6.814323663711548,0.0939178466796875
6.8250861167907715,0.0939178466796875
6.8358213901519775,0.0939178466796875
6.8465564250946045,0.0939178466796875
6.857306241989136,0.0939178466796875
6.868046522140503,0.0939178466796875
6.878772258758545,0.0939178466796875
6.889521598815918,0.0939178466796875
6.900274276733398,0.0939178466796875
6.911020755767822,0.0939178466796875
6.921755075454712,0.0939178466796875
6.932519197463989,0.0939178466796875
6.943267822265625,0.0939178466796875
6.9540205001831055,0.0939178466796875
6.964761018753052,0.0939178466796875
6.9755096435546875,0.0939178466796875
6.986255407333374,0.0939178466796875
6.996999502182007,0.0939178466796875
7.007731199264526,0.0939178466796875
7.018476247787476,0.0939178466796875
7.02923583984375,0.09408187866210938
7.039980888366699,0.09408187866210938
7.050711631774902,0.09408187866210938
7.061467170715332,0.09408187866210938
7.072212219238281,0.09408187866210938
7.082963466644287,0.09408187866210938
7.093701362609863,0.09408187866210938
7.10444188117981,0.09408187866210938
7.115196466445923,0.09408187866210938
7.125932455062866,0.09408187866210938
7.136664390563965,0.09408187866210938
7.147408723831177,0.09408187866210938
7.158177375793457,0.09408187866210938
7.168933153152466,0.09408187866210938
7.1796722412109375,0.09408187866210938
7.190431118011475,0.09408187866210938
7.201177358627319,0.09408187866210938
7.211926460266113,0.09408187866210938
7.222689151763916,0.09408187866210938
7.2334747314453125,0.0946044921875
7.244235038757324,0.0951080322265625
7.254990100860596,0.09535980224609375
7.265727758407593,0.095611572265625
7.276485204696655,0.09586334228515625
7.287302732467651,0.09586334228515625
7.298057317733765,0.09586334228515625
7.308794260025024,0.09586334228515625
7.319540500640869,0.09586334228515625
7.330291271209717,0.09586334228515625
7.341039657592773,0.09586334228515625
7.351783037185669,0.09586334228515625
7.3625359535217285,0.09586334228515625
7.37328577041626,0.09586334228515625
7.384042739868164,0.09586334228515625
7.394781112670898,0.09586334228515625
7.405528783798218,0.09586334228515625
7.416280031204224,0.09586334228515625
7.4270288944244385,0.09586334228515625
7.437767505645752,0.09586334228515625
7.448543310165405,0.09586334228515625
7.459300994873047,0.09586334228515625
7.470062732696533,0.09586334228515625
7.4808080196380615,0.09586334228515625
7.491564750671387,0.09586334228515625
7.50236701965332,0.09586334228515625
7.51311469078064,0.09586334228515625
7.523853778839111,0.09586334228515625
7.534611463546753,0.09586334228515625
7.545362234115601,0.09586334228515625
7.5561206340789795,0.09586334228515625
7.566856622695923,0.09586334228515625
7.577594757080078,0.09586334228515625
7.5883543491363525,0.09586334228515625
7.59910774230957,0.09586334228515625
7.609847784042358,0.09586334228515625
7.620626211166382,0.09586334228515625
7.6314170360565186,0.0961151123046875
7.642172813415527,0.0961151123046875
7.652906894683838,0.0961151123046875
7.6636528968811035,0.0961151123046875
7.674414157867432,0.0961151123046875
7.685163736343384,0.0961151123046875
7.695909261703491,0.0961151123046875
7.706664085388184,0.0961151123046875
7.7174248695373535,0.0961151123046875
7.728195428848267,0.0961151123046875
7.738942623138428,0.0961151123046875
7.749674081802368,0.0961151123046875
7.760464906692505,0.0961151123046875
7.771288156509399,0.0961151123046875
7.782095193862915,0.0961151123046875
7.792886972427368,0.0961151123046875
7.8036558628082275,0.0961151123046875
7.8144214153289795,0.0961151123046875
7.825629949569702,0.0961151123046875
7.836731195449829,0.0961151123046875
7.847837209701538,0.0961151123046875
7.858629465103149,0.0961151123046875
7.869412422180176,0.0961151123046875
7.880184888839722,0.0961151123046875
7.890936374664307,0.0961151123046875
7.901675462722778,0.0961151123046875
7.9124321937561035,0.0961151123046875
7.923188209533691,0.0961151123046875
7.933936595916748,0.0961151123046875
7.944676637649536,0.0961151123046875
7.955432176589966,0.0961151123046875
7.966198205947876,0.0961151123046875
7.9769651889801025,0.0961151123046875
7.987706422805786,0.0961151123046875
7.998464822769165,0.0961151123046875
8.009218692779541,0.0961151123046875
8.019986867904663,0.0961151123046875
8.030726909637451,0.0961151123046875
8.041487455368042,0.0961151123046875
8.052260160446167,0.0961151123046875
8.063013076782227,0.0961151123046875
8.073766231536865,0.0961151123046875
8.08453631401062,0.0961151123046875
8.095279455184937,0.0961151123046875
8.10605263710022,0.0961151123046875
8.116787672042847,0.0961151123046875
8.127537727355957,0.0961151123046875
8.138301372528076,0.0961151123046875
8.149056196212769,0.0961151123046875
8.159793615341187,0.0961151123046875
8.170580625534058,0.0961151123046875
8.181338548660278,0.09687042236328125
8.192105054855347,0.0971221923828125
8.202849864959717,0.0971221923828125
8.213593006134033,0.0971221923828125
8.224338054656982,0.0971221923828125
8.23509407043457,0.0971221923828125
8.24582552909851,0.0971221923828125
8.256572246551514,0.0971221923828125
8.267316102981567,0.0971221923828125
8.278069496154785,0.0971221923828125
8.288803339004517,0.0971221923828125
8.299561977386475,0.0971221923828125
8.310305833816528,0.0971221923828125
8.32105827331543,0.0971221923828125
8.331791877746582,0.0971221923828125
8.342547416687012,0.0971221923828125
8.353301048278809,0.0971221923828125
8.36405086517334,0.0971221923828125
8.3747878074646,0.0971221923828125
8.385539293289185,0.0971221923828125
8.396286487579346,0.0971221923828125
8.407041788101196,0.0971221923828125
8.417774677276611,0.0971221923828125
8.428528308868408,0.0971221923828125
8.439297199249268,0.0971221923828125
8.450073480606079,0.097625732421875
8.460819005966187,0.097625732421875
8.471585512161255,0.0981292724609375
8.48235034942627,0.09838104248046875
8.493109941482544,0.09888458251953125
8.503853797912598,0.099456787109375
8.514599561691284,0.099456787109375
8.525360822677612,0.099456787109375
8.536110401153564,0.099456787109375
8.546841859817505,0.099456787109375
8.55758285522461,0.099456787109375
8.568339586257935,0.099456787109375
8.579087018966675,0.099456787109375
8.589826822280884,0.099456787109375
8.600588321685791,0.099456787109375
8.611334323883057,0.099456787109375
8.62208890914917,0.099456787109375
8.632835388183594,0.099456787109375
8.643580913543701,0.099456787109375
8.654326438903809,0.099456787109375
8.665090799331665,0.099456787109375
8.675826787948608,0.099456787109375
8.68657636642456,0.099456787109375
8.697330474853516,0.099456787109375
8.708085298538208,0.099456787109375
8.7188138961792,0.099456787109375
8.729557991027832,0.099456787109375
8.74030613899231,0.099456787109375
8.751056432723999,0.099456787109375
8.7617928981781,0.099456787109375
8.772552490234375,0.099456787109375
8.783319473266602,0.09981536865234375
8.794081449508667,0.100067138671875
8.804825782775879,0.100067138671875
8.815593719482422,0.10031890869140625
8.826351165771484,0.1005706787109375
8.837104082107544,0.10082244873046875
8.847848653793335,0.10082244873046875
8.858590602874756,0.10082244873046875
8.869337558746338,0.10082244873046875
8.88008189201355,0.10082244873046875
8.890811443328857,0.10082244873046875
8.901550531387329,0.10082244873046875
8.912294387817383,0.10082244873046875
8.92304253578186,0.10082244873046875
8.933781862258911,0.10082244873046875
8.944541692733765,0.10082244873046875
8.955291986465454,0.10082244873046875
8.966032981872559,0.10082244873046875
8.976767301559448,0.10082244873046875
8.98752212524414,0.10082244873046875
8.998267889022827,0.10082244873046875
9.009024143218994,0.10082244873046875
9.01976227760315,0.10082244873046875
9.030514001846313,0.10082244873046875
9.041276216506958,0.10082244873046875
9.052028179168701,0.10082244873046875
9.062775135040283,0.10082244873046875
9.073535442352295,0.10107421875
9.084296941757202,0.10107421875
9.095056772232056,0.10132598876953125
9.1058030128479,0.10182952880859375
9.116570234298706,0.10182952880859375
9.127341985702515,0.10233306884765625
9.138093948364258,0.1025848388671875
9.148840188980103,0.10283660888671875
9.159601211547852,0.10308837890625
9.170350551605225,0.10354995727539062
9.181113243103027,0.10379791259765625
9.19185471534729,0.10430145263671875
9.202601432800293,0.10430145263671875
9.213355779647827,0.10455322265625
9.22411060333252,0.10480499267578125
9.234861850738525,0.10480499267578125
9.245610475540161,0.1050567626953125
9.256384134292603,0.105560302734375
9.26713228225708,0.10581207275390625
9.277882814407349,0.1060638427734375
9.288629055023193,0.1060638427734375
9.299384832382202,0.1060638427734375
9.310131788253784,0.1060638427734375
9.320891380310059,0.1060638427734375
9.331629991531372,0.1060638427734375
9.342378377914429,0.1060638427734375
9.353136777877808,0.1060638427734375
9.363877296447754,0.1060638427734375
9.374621629714966,0.1060638427734375
9.38538122177124,0.1060638427734375
9.39613127708435,0.1060638427734375
9.406869888305664,0.1060638427734375
9.417606353759766,0.1060638427734375
9.428360223770142,0.1060638427734375
9.43913197517395,0.1060638427734375
9.449865818023682,0.1060638427734375
9.460612773895264,0.1060638427734375
9.471365213394165,0.1060638427734375
9.482113361358643,0.1060638427734375
9.49285626411438,0.1060638427734375
9.503586530685425,0.1060638427734375
9.514333248138428,0.1060638427734375
9.525091648101807,0.1060638427734375
9.535824298858643,0.1060638427734375
9.546576738357544,0.1060638427734375
9.557323455810547,0.1060638427734375
9.568084955215454,0.1060638427734375
9.578830242156982,0.10631561279296875
9.589587926864624,0.1070709228515625
9.600348234176636,0.10903167724609375
9.611098051071167,0.10903167724609375
9.621832370758057,0.10903167724609375
9.63257646560669,0.10903167724609375
9.643331050872803,0.10903167724609375
9.654079675674438,0.10903167724609375
9.664810419082642,0.10903167724609375
9.67556381225586,0.10903167724609375
9.686312437057495,0.10903167724609375
9.697081327438354,0.10903167724609375
9.707812786102295,0.10903167724609375
9.718567609786987,0.10903167724609375
9.729318857192993,0.10903167724609375
9.740068435668945,0.10903167724609375
9.75080680847168,0.10903167724609375
9.761556148529053,0.10903167724609375
9.77230453491211,0.10903167724609375
9.783061742782593,0.10903167724609375
9.793795824050903,0.10903167724609375
9.804552793502808,0.10903167724609375
9.815298080444336,0.10903167724609375
9.826073169708252,0.10903167724609375
9.836810827255249,0.10903167724609375
9.847562551498413,0.10903167724609375
9.858308553695679,0.10903167724609375
9.869060754776001,0.10903167724609375
9.879808902740479,0.10903167724609375
9.890573501586914,0.109283447265625
9.901329755783081,0.109283447265625
9.912078619003296,0.10953521728515625
9.92280650138855,0.10953521728515625
9.933563232421875,0.10953521728515625
9.944306135177612,0.10953521728515625
9.955081462860107,0.10953521728515625
9.965830087661743,0.10953521728515625
9.976572751998901,0.10953521728515625
9.987325668334961,0.10953521728515625
9.9980788230896,0.10953521728515625
10.008816480636597,0.10953521728515625
10.019559621810913,0.10953521728515625
10.030314922332764,0.10953521728515625
10.041068077087402,0.10953521728515625
10.051812410354614,0.10953521728515625
10.06256890296936,0.10953521728515625
10.07332181930542,0.10953521728515625
10.084089994430542,0.10953521728515625
10.094844818115234,0.10953521728515625
10.1056067943573,0.10953521728515625
10.116378784179688,0.10953521728515625
10.1271333694458,0.10953521728515625
10.137874603271484,0.10953521728515625
10.148619413375854,0.10953521728515625
10.159377098083496,0.10953521728515625
10.17013430595398,0.10953521728515625
10.18088150024414,0.1096649169921875
10.191631317138672,0.1096649169921875
10.202396392822266,0.1096649169921875
10.213196039199829,0.1096649169921875
10.223947286605835,0.1096649169921875
10.234700202941895,0.1096649169921875
10.24545669555664,0.1096649169921875
10.256218910217285,0.1096649169921875
10.267001628875732,0.11056137084960938
10.277745962142944,0.11078262329101562
10.288509368896484,0.1109161376953125
10.299267530441284,0.1109161376953125
10.310026168823242,0.1109161376953125
10.32076096534729,0.1109161376953125
10.331511974334717,0.1109161376953125
10.34226942062378,0.1109161376953125
10.353029012680054,0.1109161376953125
10.363770961761475,0.1109161376953125
10.374512910842896,0.1109161376953125
10.385252952575684,0.1109161376953125
10.396009922027588,0.1109161376953125
10.406766653060913,0.1109161376953125
10.417526006698608,0.1109161376953125
10.428287982940674,0.11204910278320312
10.439043521881104,0.11204910278320312
10.449780464172363,0.11204910278320312
10.460529327392578,0.11204910278320312
10.471273183822632,0.11204910278320312
10.482041358947754,0.11204910278320312
10.492785930633545,0.11204910278320312
10.50356674194336,0.11290740966796875
10.514339923858643,0.11407089233398438
10.525105237960815,0.11482620239257812
10.535853862762451,0.11608505249023438
10.546602725982666,0.11633682250976562
10.557358741760254,0.11656570434570312
10.568113088607788,0.11835098266601562
10.578856468200684,0.11874771118164062
10.589598894119263,0.11975479125976562
10.600350379943848,0.1202392578125
10.611103773117065,0.12049102783203125
10.621861696243286,0.1207427978515625
10.632596254348755,0.1207427978515625
10.643359422683716,0.12168121337890625
10.654103755950928,0.1221923828125
10.664852619171143,0.123199462890625
10.67561960220337,0.123199462890625
10.686389684677124,0.12345123291015625
10.697147846221924,0.1237030029296875
10.707885265350342,0.1237030029296875
10.718645572662354,0.1237030029296875
10.72939658164978,0.1237030029296875
10.740145444869995,0.1237030029296875
10.750882625579834,0.1237030029296875
10.761618614196777,0.1237030029296875
10.772380590438843,0.1237030029296875
10.783193588256836,0.1237030029296875
10.793992757797241,0.1237030029296875
10.804760456085205,0.1237030029296875
10.81556224822998,0.1237030029296875
10.82633900642395,0.1237030029296875
10.837134599685669,0.1237030029296875
10.847913265228271,0.12462615966796875
10.858713388442993,0.12530136108398438
10.869513750076294,0.12555313110351562
10.880275964736938,0.12580490112304688
10.891032457351685,0.12605667114257812
10.901767253875732,0.12605667114257812
10.91251540184021,0.12605667114257812
10.92325735092163,0.12605667114257812
10.934005498886108,0.12605667114257812
10.944742202758789,0.12605667114257812
10.95549488067627,0.12605667114257812
10.966252088546753,0.12605667114257812
10.977000713348389,0.12605667114257812
10.987748622894287,0.12605667114257812
10.998494625091553,0.12605667114257812
11.00924038887024,0.12605667114257812
11.019989252090454,0.12605667114257812
11.030725479125977,0.12605667114257812
11.041472434997559,0.12605667114257812
11.05221176147461,0.12605667114257812
11.06296443939209,0.12605667114257812
11.073704719543457,0.12605667114257812
11.084457874298096,0.12605667114257812
11.095202445983887,0.12605667114257812
11.105950593948364,0.12605667114257812
11.11668086051941,0.12605667114257812
11.127428531646729,0.12605667114257812
11.138172626495361,0.12605667114257812
11.148902177810669,0.12605667114257812
11.159631252288818,0.12605667114257812
11.170382976531982,0.12605667114257812
11.181127309799194,0.12605667114257812
11.191857814788818,0.12605667114257812
11.202602624893188,0.12605667114257812
11.213353633880615,0.12605667114257812
11.224108695983887,0.12605667114257812
11.234840869903564,0.12605667114257812
11.245600461959839,0.12605667114257812
11.256352186203003,0.12605667114257812
11.267100811004639,0.12605667114257812
11.277828454971313,0.12605667114257812
11.288575887680054,0.12605667114257812
11.299319982528687,0.12605667114257812
11.310074806213379,0.12605667114257812
11.320804595947266,0.12605667114257812
11.33155345916748,0.12605667114257812
11.342315435409546,0.12605667114257812
11.353073120117188,0.12605667114257812
11.363810777664185,0.12605667114257812
11.374565839767456,0.12605667114257812
11.385313987731934,0.12605667114257812
11.396064043045044,0.12605667114257812
11.406809568405151,0.12605667114257812
11.417558431625366,0.12605667114257812
11.428306579589844,0.12605667114257812
11.439055681228638,0.12605667114257812
11.44980502128601,0.12605667114257812
11.460564136505127,0.12605667114257812
11.471322298049927,0.12605667114257812
11.482081413269043,0.12605667114257812
11.49281358718872,0.12605667114257812
11.503560066223145,0.12605667114257812
11.514307975769043,0.12605667114257812
11.525065183639526,0.12605667114257812
11.535794019699097,0.12605667114257812
11.546539783477783,0.12605667114257812
11.55729079246521,0.12605667114257812
11.568046808242798,0.12605667114257812
11.578788995742798,0.12656021118164062
11.589555025100708,0.12706375122070312
11.600308418273926,0.12706375122070312
11.611062049865723,0.12781906127929688
11.621793270111084,0.12781906127929688
11.63254427909851,0.12781906127929688
11.643290519714355,0.12781906127929688
11.654062986373901,0.12807083129882812
11.664806127548218,0.12882614135742188
11.675562381744385,0.12907791137695312
11.68630838394165,0.12958145141601562
11.697081089019775,0.13008499145507812
11.707824230194092,0.13033676147460938
11.718573570251465,0.13058853149414062
11.729336261749268,0.13058853149414062
11.740080833435059,0.13058853149414062
11.750814199447632,0.13058853149414062
11.761576890945435,0.13058853149414062
11.772323846817017,0.13058853149414062
11.78306531906128,0.13058853149414062
11.793805837631226,0.13058853149414062
11.804559230804443,0.13058853149414062
11.815319061279297,0.13058853149414062
11.826065063476562,0.13058853149414062
11.836792469024658,0.13058853149414062
11.847557783126831,0.13058853149414062
11.858312368392944,0.13058853149414062
11.86905813217163,0.13058853149414062
11.879786014556885,0.13058853149414062
11.890538692474365,0.13084030151367188
11.901299715042114,0.13109207153320312
11.912045001983643,0.13134384155273438
11.922786474227905,0.13134384155273438
11.933537721633911,0.13184738159179688
11.944312572479248,0.13217544555664062
11.955054998397827,0.134246826171875
11.965801000595093,0.134796142578125
11.976557493209839,0.13504791259765625
11.987313985824585,0.1352996826171875
11.998068571090698,0.1352996826171875
12.008816719055176,0.1352996826171875
12.019570350646973,0.13555145263671875
12.03032112121582,0.13605499267578125
12.041073322296143,0.13605499267578125
12.051817178726196,0.13640594482421875
12.062573671340942,0.1384735107421875
12.073323488235474,0.14044952392578125
12.084080457687378,0.14165878295898438
12.09483003616333,0.14335250854492188
12.105600833892822,0.14472198486328125
12.116365194320679,0.1449737548828125
12.127127647399902,0.1449737548828125
12.13787031173706,0.1449737548828125
12.14859652519226,0.1449737548828125
12.159345626831055,0.1449737548828125
12.170092582702637,0.1449737548828125
12.180835485458374,0.1449737548828125
12.19158124923706,0.1449737548828125
12.202336549758911,0.1449737548828125
12.213079690933228,0.1449737548828125
12.223816633224487,0.1449737548828125
12.234555721282959,0.1449737548828125
12.245307207107544,0.1449737548828125
12.25606083869934,0.1449737548828125
12.26679801940918,0.1449737548828125
12.277549743652344,0.1449737548828125
12.288303136825562,0.1449737548828125
12.299062490463257,0.14522552490234375
12.309812068939209,0.1458740234375
12.32056999206543,0.146270751953125
12.331369161605835,0.14698028564453125
12.342137098312378,0.147552490234375
12.352880716323853,0.14830780029296875
12.363625288009644,0.14906692504882812
12.374391317367554,0.14957046508789062
12.385167837142944,0.14977645874023438
12.395933151245117,0.15240859985351562
12.406692743301392,0.1538238525390625
12.417453527450562,0.154296875
12.428218603134155,0.15462875366210938
12.438974380493164,0.15462875366210938
12.44971227645874,0.15462875366210938
12.46047067642212,0.15462875366210938
12.471229076385498,0.15462875366210938
12.48199200630188,0.15462875366210938
12.492756605148315,0.15462875366210938
12.503506183624268,0.15462875366210938
12.514261722564697,0.15462875366210938
12.525026321411133,0.15462875366210938
12.535770416259766,0.15462875366210938
12.546595096588135,0.154876708984375
12.55734896659851,0.15512847900390625
12.568120002746582,0.15512847900390625
12.578883409500122,0.15512847900390625
12.589630126953125,0.15512847900390625
12.600386619567871,0.15512847900390625
12.611140251159668,0.15512847900390625
12.62187385559082,0.15512847900390625
12.632610082626343,0.15512847900390625
12.643357276916504,0.15512847900390625
12.65410327911377,0.15512847900390625
12.665006160736084,0.15512847900390625
12.675745487213135,0.15512847900390625
12.686500310897827,0.15512847900390625
12.697262287139893,0.15563201904296875
12.708021402359009,0.15643310546875
12.71877145767212,0.15643310546875
12.729529857635498,0.15726089477539062
12.74029541015625,0.15751266479492188
12.75105094909668,0.15807723999023438
12.76178503036499,0.15807723999023438
12.772534608840942,0.15807723999023438
12.7832772731781,0.15807723999023438
12.794026136398315,0.15807723999023438
12.804759740829468,0.15807723999023438
12.815508604049683,0.15807723999023438
12.826256036758423,0.15807723999023438
12.837000608444214,0.15807723999023438
12.847732305526733,0.15807723999023438
12.858483076095581,0.15807723999023438
12.869253396987915,0.15851974487304688
12.880004644393921,0.15851974487304688
12.890739440917969,0.15851974487304688
12.901485919952393,0.15851974487304688
12.912235021591187,0.15851974487304688
12.922986268997192,0.15851974487304688
12.933724164962769,0.15851974487304688
12.944481372833252,0.15851974487304688
12.955237627029419,0.15851974487304688
12.965992212295532,0.15851974487304688
12.976733684539795,0.15851974487304688
12.98749327659607,0.15851974487304688
12.998241662979126,0.15851974487304688
13.00899863243103,0.15851974487304688
13.019753217697144,0.15851974487304688
13.030516386032104,0.15851974487304688
13.041275024414062,0.15851974487304688
13.052040338516235,0.15851974487304688
13.06279444694519,0.15851974487304688
13.0735604763031,0.15877151489257812
13.084323406219482,0.1590576171875
13.095089673995972,0.16013336181640625
13.105835676193237,0.1603851318359375
13.116618156433105,0.16063690185546875
13.127382040023804,0.160888671875
13.138136863708496,0.16114044189453125
13.14889931678772,0.1616058349609375
13.15960693359375,0.16265487670898438
13.170363426208496,0.16306686401367188
13.181137323379517,0.16334915161132812
13.19188404083252,0.16334915161132812
13.20264196395874,0.16360092163085938
13.213427066802979,0.16460800170898438
13.224179029464722,0.16632080078125
13.234941005706787,0.16875076293945312
13.245699167251587,0.1692352294921875
13.256450653076172,0.16938400268554688
13.267195224761963,0.16938400268554688
13.277951717376709,0.16938400268554688
13.288683414459229,0.16938400268554688
13.29944634437561,0.16938400268554688
13.310203313827515,0.16938400268554688
13.320950984954834,0.16938400268554688
13.331708669662476,0.16938400268554688
13.342503547668457,0.16938400268554688
13.353254079818726,0.16938400268554688
13.364001750946045,0.16938400268554688
13.374740362167358,0.16938400268554688
13.385491847991943,0.16938400268554688
13.39625358581543,0.16938400268554688
13.407018423080444,0.16938400268554688
13.417770385742188,0.16938400268554688
13.428549528121948,0.16938400268554688
13.439322471618652,0.16938400268554688
13.450077533721924,0.16938400268554688
13.460812091827393,0.16938400268554688
13.471625804901123,0.1697845458984375
13.482420682907104,0.17029190063476562
13.493236541748047,0.17128753662109375
13.504034042358398,0.17155838012695312
13.514775514602661,0.1750030517578125
13.52558422088623,0.17560195922851562
13.536365032196045,0.17609786987304688
13.547163486480713,0.17609786987304688
13.557947874069214,0.17634963989257812
13.568697929382324,0.17660140991210938
13.57950234413147,0.17713546752929688
13.590755462646484,0.29676055908203125
13.602276802062988,0.6511116027832031
13.613703489303589,1.0125007629394531
13.62528133392334,1.3710365295410156
13.637266397476196,1.8470573425292969
13.649396181106567,2.105426788330078
13.661860227584839,2.2068214416503906
13.674147129058838,2.2089500427246094
13.686317205429077,2.2096023559570312
13.698440074920654,2.2125091552734375
13.71053147315979,2.2131500244140625
13.72254991531372,2.2152137756347656
13.734531879425049,2.2170944213867188
13.746493101119995,2.2175865173339844
13.758641958236694,2.2205772399902344
13.770626068115234,2.2213134765625
13.782592296600342,2.2238121032714844
13.794537544250488,2.225372314453125
13.806488990783691,2.2267379760742188
13.818448781967163,2.229534149169922
13.830368995666504,2.342761993408203
13.842278718948364,2.4529991149902344
13.854154586791992,2.4465103149414062
13.868391990661621,2.600433349609375
13.882555961608887,3.1061325073242188
13.896509885787964,3.472461700439453
13.91089677810669,3.3867149353027344
13.925376892089844,3.3949203491210938
13.939726114273071,3.4532623291015625
13.955121278762817,3.357940673828125
13.970029830932617,3.4997215270996094
13.985320806503296,3.8443832397460938
14.00063967704773,3.6685523986816406
14.015944480895996,3.7378692626953125
14.031189680099487,4.034660339355469
14.046717166900635,4.283111572265625
14.06184697151184,4.251029968261719
14.077066898345947,4.639488220214844
14.09341287612915,4.760128021240234
14.11197304725647,4.991600036621094
14.12715482711792,5.116130828857422
14.141799688339233,5.047786712646484
14.156112670898438,4.986289978027344
14.169785499572754,5.262393951416016
14.184807300567627,5.503593444824219
14.198449611663818,5.621402740478516
14.212462663650513,5.788013458251953
14.226274251937866,5.764533996582031
14.23971700668335,5.9095611572265625
14.253129243850708,5.973041534423828
14.266746520996094,6.055324554443359
14.280045747756958,6.144264221191406
14.293984651565552,6.279186248779297
14.30820083618164,6.285129547119141
14.321739196777344,6.488620758056641
14.335218667984009,6.491077423095703
14.349058389663696,6.549007415771484
14.36252498626709,6.618106842041016
14.375908851623535,6.604892730712891
14.389065504074097,6.7321014404296875
14.40319275856018,6.7398681640625
14.416873931884766,6.850677490234375
14.432466268539429,7.0062408447265625
14.44833779335022,6.90802001953125
14.462749242782593,6.800914764404297
14.479213237762451,6.853828430175781
14.493560075759888,6.9209136962890625
14.50968313217163,6.967021942138672
14.525858640670776,7.023445129394531
14.541796684265137,7.04241943359375
14.555999994277954,6.858669281005859
14.57164716720581,6.889274597167969
14.585952043533325,6.947517395019531
14.600751876831055,6.8756561279296875
14.615179538726807,6.998558044433594
14.631408452987671,7.110851287841797
14.644769191741943,6.9373931884765625
14.659404039382935,6.966102600097656
14.67349100112915,7.13177490234375
14.687563180923462,7.248283386230469
14.701201438903809,7.064754486083984
14.715167045593262,7.147808074951172
14.729003429412842,7.257106781005859
14.742261171340942,7.136920928955078
14.756288528442383,7.211883544921875
14.770029544830322,7.37774658203125
14.783357381820679,7.218143463134766
14.797796249389648,7.395183563232422
14.810965776443481,7.2971343994140625
14.824580907821655,7.302043914794922
14.838122844696045,7.24456787109375
14.851840734481812,7.274402618408203
14.866573572158813,7.283519744873047
14.879872798919678,7.135013580322266
14.893901109695435,7.286685943603516
14.908596515655518,7.327068328857422
14.92215347290039,7.240180969238281
14.935965538024902,7.30523681640625
14.948848962783813,7.23883056640625
14.964471817016602,7.251026153564453
14.97763967514038,7.272968292236328
14.99174189567566,7.3668212890625
15.005483865737915,7.445976257324219
15.02084493637085,7.4576263427734375
15.035156011581421,7.542156219482422
15.05003023147583,7.497627258300781
15.06414246559143,7.386013031005859
15.077934980392456,7.313014984130859
15.092369794845581,7.366764068603516
15.105794906616211,7.387763977050781
15.119802236557007,7.302833557128906
15.133228540420532,7.148735046386719
15.147463083267212,7.290191650390625
15.160675287246704,7.112892150878906
15.174320936203003,7.3766326904296875
15.187971115112305,7.328277587890625
15.201859474182129,7.267005920410156
15.215269327163696,7.335330963134766
15.228848934173584,7.456729888916016
15.242034435272217,7.430828094482422
15.255348443984985,7.273445129394531
15.269020318984985,7.242485046386719
15.282547950744629,7.270557403564453
15.295939207077026,7.210819244384766
15.309303998947144,7.366664886474609
15.322813749313354,7.428409576416016
15.336287021636963,7.339405059814453
15.349828243255615,7.146522521972656
15.363073348999023,7.276027679443359
15.376540184020996,7.370319366455078
15.390116930007935,7.476123809814453
15.40354585647583,7.485225677490234
15.416924238204956,7.332714080810547
15.430184125900269,7.3532867431640625
15.443504095077515,7.309825897216797
15.457310676574707,7.299610137939453
15.470741033554077,7.370815277099609
15.484127044677734,7.476940155029297
15.497842788696289,7.388713836669922
15.511557579040527,7.363716125488281
15.525691270828247,7.158103942871094
15.539139032363892,7.385501861572266
15.552427053451538,7.38336181640625
15.565566778182983,7.3338623046875
15.579092741012573,7.184482574462891
15.592702388763428,7.369541168212891
15.60610032081604,7.128955841064453
15.619402885437012,7.5000762939453125
15.63344120979309,7.571918487548828
15.646799087524414,7.291450500488281
15.660199642181396,7.263561248779297
15.673689842224121,7.326789855957031
15.687322616577148,7.413631439208984
15.700949907302856,7.233013153076172
15.714497566223145,7.293407440185547
15.728112697601318,7.353675842285156
15.741559505462646,7.411060333251953
15.755120992660522,7.410854339599609
15.769049644470215,7.439262390136719
15.782507181167603,7.334259033203125
15.796061754226685,7.291069030761719
15.80958890914917,7.179744720458984
15.82310175895691,7.3614349365234375
15.836313724517822,7.196338653564453
15.850143909454346,7.186237335205078
15.863684177398682,7.448677062988281
15.876985549926758,7.214801788330078
15.890487909317017,7.2757568359375
15.904254913330078,7.397861480712891
15.917739152908325,7.392620086669922
15.931363821029663,7.390651702880859
15.944848537445068,7.169403076171875
15.958869695663452,7.300895690917969
15.972248792648315,7.2972412109375
15.986592531204224,7.494686126708984
15.999924659729004,7.190158843994141
16.01339817047119,7.379016876220703
16.02680206298828,7.350154876708984
16.04024052619934,7.434654235839844
16.053755044937134,7.105251312255859
16.067328929901123,7.488037109375
16.080602884292603,7.40228271484375
16.094995260238647,7.088176727294922
16.10869288444519,7.345882415771484
16.122402906417847,7.311145782470703
16.135948181152344,7.4421234130859375
16.14966654777527,7.401954650878906
16.163527250289917,7.251407623291016
16.177342176437378,7.405757904052734
16.191185235977173,7.373176574707031
16.205119132995605,7.199310302734375
16.219101190567017,7.387725830078125
16.23293948173523,7.184642791748047
16.246880054473877,7.369171142578125
16.26069140434265,7.461544036865234
16.274489641189575,7.527229309082031
16.288808345794678,7.494941711425781
16.30258321762085,7.234161376953125
16.31755042076111,7.4457855224609375
16.331421613693237,7.493183135986328
16.345215320587158,7.3822174072265625
16.358572006225586,7.151813507080078
16.372512817382812,7.396049499511719
16.38634443283081,7.3940582275390625
16.40003991127014,7.374267578125
16.413505792617798,7.231517791748047
16.427022695541382,7.2636871337890625
16.440817832946777,7.392131805419922
16.454315423965454,7.456451416015625
16.467844247817993,7.324275970458984
16.481266260147095,7.196163177490234
16.49466323852539,7.393749237060547
16.50820016860962,7.4449310302734375
16.521690368652344,7.314159393310547
16.535374879837036,7.379436492919922
16.549046516418457,7.332347869873047
16.56246280670166,7.3909912109375
16.576765060424805,7.600929260253906
16.590773582458496,7.270854949951172
16.6044704914093,7.118892669677734
16.61782956123352,7.303718566894531
16.631582736968994,7.504726409912109
16.645046949386597,7.261600494384766
16.658514976501465,7.29638671875
16.672004222869873,7.375999450683594
16.68533420562744,7.430568695068359
16.69883370399475,7.562656402587891
16.7136447429657,7.303913116455078
16.727004289627075,7.333293914794922
16.740405082702637,7.213954925537109
16.753849744796753,7.392444610595703
16.766982316970825,7.295154571533203
16.780157327651978,7.337253570556641
16.793527364730835,7.253383636474609
16.806631326675415,7.2228240966796875
16.820751905441284,7.294300079345703
16.83465814590454,7.399055480957031
16.84808850288391,7.210746765136719
16.861398696899414,7.284934997558594
16.87461495399475,7.192604064941406
16.887994289398193,7.118549346923828
16.901466846466064,7.456962585449219
16.915184020996094,7.514488220214844
16.928410053253174,7.300758361816406
16.941657066345215,7.052043914794922
16.95522713661194,7.265636444091797
16.96868658065796,7.504611968994141
16.982571363449097,7.3182525634765625
16.99592113494873,7.288898468017578
17.009033679962158,7.405635833740234
17.022476196289062,7.279197692871094
17.03601360321045,7.303195953369141
17.049267530441284,7.383693695068359
17.06277585029602,7.371120452880859
17.076305150985718,7.199413299560547
17.08979344367981,7.372245788574219
17.103788375854492,7.299961090087891
17.117781162261963,7.392723083496094
17.131630897521973,7.253376007080078
17.145694255828857,7.474517822265625
17.159656524658203,7.232799530029297
17.17328429222107,7.358280181884766
17.187060356140137,7.324455261230469
17.20116639137268,7.432655334472656
17.214658498764038,7.359249114990234
17.227887392044067,7.3707122802734375
17.241249322891235,7.371589660644531
17.254838466644287,7.490077972412109
17.26858687400818,7.439777374267578
17.281587839126587,7.282680511474609
17.294718027114868,7.402233123779297
17.308185577392578,7.529197692871094
17.321547746658325,7.2050628662109375
17.336038827896118,7.409828186035156
17.34997272491455,7.463199615478516
17.363417148590088,7.5251617431640625
17.37670397758484,7.2770233154296875
17.390180110931396,7.200176239013672
17.404019117355347,7.4070587158203125
17.417665243148804,7.597038269042969
17.431360721588135,7.36883544921875
17.44448733329773,7.3327178955078125
17.457990646362305,7.3883514404296875
17.471394062042236,7.410083770751953
17.484827518463135,7.318996429443359
17.498368740081787,7.397083282470703
17.51186990737915,7.532024383544922
17.525218725204468,7.471466064453125
17.538668155670166,7.148708343505859
17.55255937576294,7.478130340576172
17.56639266014099,7.511287689208984
17.580204725265503,7.4495849609375
17.594350814819336,7.280647277832031
17.608203172683716,7.351329803466797
17.621747493743896,7.5804443359375
17.635680198669434,7.375389099121094
17.649823427200317,7.369361877441406
17.66351008415222,7.364055633544922
17.677368640899658,7.449058532714844
17.691176652908325,7.454734802246094
17.70512843132019,7.5654449462890625
17.719552040100098,7.614494323730469
17.733328819274902,7.594814300537109
17.747272968292236,7.386894226074219
17.761167526245117,7.3769683837890625
17.775140047073364,7.465553283691406
17.78929591178894,7.427684783935547
17.803311109542847,7.368595123291016
17.81704545021057,7.455036163330078
17.831113815307617,7.480308532714844
17.84516668319702,7.376167297363281
17.85959243774414,7.6313018798828125
17.873475551605225,7.170082092285156
17.8868887424469,7.303813934326172
17.900472402572632,7.5181884765625
17.91439723968506,7.5556182861328125
17.928731203079224,7.564319610595703
17.94251251220703,7.19622802734375
17.956324338912964,7.252910614013672
17.972620248794556,7.462959289550781
17.987976551055908,7.522541046142578
18.00205945968628,7.261661529541016
18.01609206199646,7.211643218994141
18.03014874458313,7.509273529052734
18.04421353340149,7.5501556396484375
18.058178901672363,7.592967987060547
18.072199821472168,7.333179473876953
18.08603000640869,7.425838470458984
18.09945821762085,7.335693359375
18.113280057907104,7.519142150878906
18.127201318740845,7.516254425048828
18.141138315200806,7.5734710693359375
18.15513038635254,7.422580718994141
18.168843746185303,7.337284088134766
18.182681560516357,7.472782135009766
18.196785926818848,7.618534088134766
18.210857629776,7.317119598388672
18.224406719207764,7.270854949951172
18.238344192504883,7.261463165283203
18.252136707305908,7.550319671630859
18.266109466552734,7.600025177001953
18.28046488761902,7.418235778808594
18.294318675994873,7.485187530517578
18.308311223983765,7.431427001953125
18.322335720062256,7.504261016845703
18.33645796775818,7.478359222412109
18.350703716278076,7.5343170166015625
18.364574670791626,7.4930877685546875
18.378254175186157,7.51568603515625
18.391899824142456,7.278041839599609
18.405664443969727,7.495563507080078
18.419742107391357,7.676158905029297
18.4344584941864,7.357765197753906
18.4484965801239,7.281589508056641
18.462076902389526,7.427055358886719
18.47584891319275,7.714588165283203
18.48997402191162,7.590969085693359
18.504114389419556,7.4708099365234375
18.51784896850586,7.712345123291016
18.531792640686035,7.465923309326172
18.54565739631653,7.569358825683594
18.55980920791626,7.757621765136719
18.574111700057983,7.465610504150391
18.588110208511353,7.622802734375
18.60204768180847,7.495372772216797
18.615625619888306,7.536590576171875
18.629677534103394,7.846248626708984
18.643248319625854,7.626228332519531
18.65707802772522,7.604759216308594
18.670462608337402,7.558502197265625
18.68446707725525,7.647861480712891
18.697908401489258,7.639995574951172
18.711963415145874,7.892784118652344
18.725889205932617,7.575794219970703
18.73979878425598,7.612659454345703
18.753693103790283,7.766132354736328
18.76775050163269,7.981964111328125
18.782170295715332,8.012889862060547
18.796255588531494,7.595054626464844
18.810487508773804,7.832416534423828
18.824533462524414,7.933544158935547
18.83855628967285,7.720054626464844
18.852240800857544,7.866218566894531
18.86619782447815,7.8527069091796875
18.879835844039917,7.9962310791015625
18.89376163482666,7.806362152099609
18.907588243484497,7.8768463134765625
18.921669244766235,8.169918060302734
18.935712814331055,8.040203094482422
18.94982409477234,7.784374237060547
18.963780403137207,7.886817932128906
18.977683067321777,8.099472045898438
18.991387605667114,8.18764877319336
19.00526237487793,7.933231353759766
19.01924180984497,8.029029846191406
19.033241510391235,8.128704071044922
19.047689199447632,8.022621154785156
19.06122064590454,8.066848754882812
19.075111865997314,7.95855712890625
19.088595628738403,8.101974487304688
19.101842880249023,8.055061340332031
19.115065097808838,8.0517578125
19.129062175750732,8.138729095458984
19.143102884292603,8.242801666259766
19.15666937828064,8.08523178100586
19.16999316215515,7.998729705810547
19.18312668800354,8.234184265136719
19.197010278701782,8.226512908935547
19.210733890533447,8.075660705566406
19.224579334259033,7.985584259033203
19.238256216049194,8.277149200439453
19.25216245651245,8.360816955566406
19.26569437980652,8.093284606933594
19.27925992012024,7.999870300292969
19.29311203956604,8.126060485839844
19.306983947753906,8.36678695678711
19.320599794387817,7.991462707519531
19.334253549575806,8.100589752197266
19.348142623901367,8.152130126953125
19.36191177368164,8.145748138427734
19.37594199180603,8.28009033203125
19.390073537826538,8.115058898925781
19.404154777526855,8.288711547851562
19.418476581573486,8.24273681640625
19.432172298431396,7.976539611816406
19.44619131088257,8.135730743408203
19.460330963134766,8.236629486083984
19.474477291107178,8.230716705322266
19.488229513168335,8.205310821533203
19.501977682113647,8.096355438232422
19.515782117843628,8.287544250488281
19.529691457748413,8.34354019165039
19.543671369552612,8.164634704589844
19.55817437171936,8.452075958251953
19.572277545928955,8.379840850830078
19.58613634109497,8.223831176757812
19.60013175010681,8.087493896484375
19.6138117313385,8.382694244384766
19.62782573699951,8.368537902832031
19.641870260238647,8.107292175292969
19.656008005142212,8.115058898925781
19.669912576675415,8.278091430664062
19.68382978439331,8.299980163574219
19.697781324386597,8.281608581542969
19.711662530899048,8.28635025024414
19.725658416748047,8.35666275024414
19.739649057388306,8.482894897460938
19.753430366516113,8.241680145263672
19.76737689971924,8.460590362548828
19.781388759613037,8.337512969970703
19.795275449752808,8.447818756103516
19.808972120285034,8.293731689453125
19.822604179382324,8.335636138916016
19.836297273635864,8.520809173583984
19.85004496574402,8.476261138916016
19.86373805999756,8.222187042236328
19.877452611923218,8.24911117553711
19.891269207000732,8.40243911743164
19.90500259399414,8.327255249023438
19.918879508972168,8.211166381835938
19.932804346084595,8.47393798828125
19.94685435295105,8.51871109008789
19.960739850997925,8.598793029785156
19.974504232406616,8.421131134033203
19.9881272315979,8.387752532958984
20.002153396606445,8.478687286376953
20.01612138748169,8.37643051147461
20.029865503311157,8.464313507080078
20.04378080368042,8.4307861328125
20.05756115913391,8.45590591430664
20.071160793304443,8.414695739746094
20.08449625968933,8.314800262451172
20.09851050376892,8.724830627441406
20.112224102020264,8.641754150390625
20.126091241836548,8.432239532470703
20.139860153198242,8.376026153564453
20.15346050262451,8.709358215332031
20.16730260848999,8.634891510009766
20.181180238723755,8.399944305419922
20.194841384887695,8.626350402832031
20.20877766609192,8.62972640991211
20.222569465637207,8.665328979492188
20.236536026000977,8.481254577636719
20.250468254089355,8.517478942871094
20.26425552368164,8.825870513916016
20.278494119644165,8.84832763671875
20.292254209518433,8.455570220947266
20.306034564971924,8.832080841064453
20.3200204372406,9.012947082519531
20.333804845809937,8.548362731933594
20.347455978393555,8.51259994506836
20.361092805862427,8.539234161376953
20.374658584594727,8.836902618408203
20.38847017288208,8.84567642211914
20.402501344680786,8.779098510742188
20.416064977645874,8.806930541992188
20.429872035980225,8.728633880615234
20.44378399848938,8.640308380126953
20.45802402496338,8.699146270751953
20.47187042236328,8.740398406982422
20.485646724700928,8.703472137451172
20.499558925628662,8.642894744873047
20.51348352432251,8.699935913085938
20.527223348617554,8.680648803710938
20.541141986846924,8.587512969970703
20.554964303970337,8.816719055175781
20.56868600845337,8.810333251953125
20.582674503326416,8.793834686279297
20.596558332443237,8.878894805908203
20.610653400421143,8.622295379638672
20.624372959136963,9.014724731445312
20.638195991516113,8.953697204589844
20.65295124053955,9.009037017822266
20.666622400283813,8.723079681396484
20.68007516860962,8.568248748779297
20.693819046020508,8.572086334228516
20.707754135131836,8.022464752197266
20.721719980239868,8.078380584716797
20.7356538772583,8.193473815917969
20.749670028686523,8.39706039428711
20.763377904891968,8.18203353881836
20.777575731277466,8.419063568115234
20.79179859161377,8.244709014892578
20.805661916732788,8.214340209960938
20.819435596466064,8.188034057617188
20.833329677581787,8.401756286621094
20.847203731536865,8.447944641113281
20.860905647277832,8.094329833984375
20.874510765075684,8.048683166503906
20.88840413093567,8.208580017089844
20.90215277671814,8.364521026611328
20.91593909263611,8.370574951171875
20.929789543151855,8.10390853881836
20.943780183792114,8.243942260742188
20.957632064819336,8.423404693603516
20.97173261642456,8.395671844482422
20.985257387161255,8.214618682861328
20.999109983444214,8.192825317382812
21.012748956680298,8.108078002929688
21.026421070098877,8.172504425048828
21.040504217147827,8.398845672607422
21.054558277130127,8.475589752197266
21.068655014038086,8.177845001220703
21.082413911819458,8.08932876586914
21.096148252487183,8.073150634765625
21.10984992980957,8.419265747070312
21.123841762542725,8.366321563720703
21.13766884803772,8.234382629394531
21.151591777801514,8.134140014648438
21.165467023849487,8.183441162109375
21.17918038368225,8.243492126464844
21.193637371063232,8.488208770751953
21.207447290420532,8.250289916992188
21.221061944961548,8.238014221191406
21.23475933074951,8.30996322631836
21.24866533279419,8.34585189819336
21.26236367225647,8.396255493164062
21.27599048614502,8.384231567382812
21.28960657119751,8.196701049804688
21.303394556045532,8.370071411132812
21.317219495773315,8.544296264648438
21.330952167510986,8.491004943847656
21.344774961471558,8.591697692871094
21.358484983444214,8.338935852050781
21.372196912765503,8.630592346191406
21.386157989501953,8.796333312988281
21.400044679641724,8.431526184082031
21.413856029510498,8.533191680908203
21.42742347717285,8.467086791992188
21.440876960754395,8.607044219970703
21.454240798950195,8.589313507080078
21.468072652816772,8.76309585571289
21.481962203979492,8.671028137207031
21.495701551437378,8.455951690673828
21.509546041488647,8.429084777832031
21.523111820220947,8.782562255859375
21.536741733551025,8.57986068725586
21.550482749938965,8.463024139404297
21.564212799072266,8.618480682373047
21.57775902748108,8.64993667602539
21.5915310382843,8.776668548583984
21.60525608062744,8.738948822021484
21.61919593811035,8.83279037475586
21.632687091827393,8.857597351074219
21.646581649780273,9.015445709228516
21.660242319107056,9.10342025756836
21.67454171180725,9.038810729980469
21.68895697593689,8.921375274658203
21.702664136886597,8.668498992919922
21.716339349746704,7.882835388183594
21.730111360549927,8.06058120727539
21.743736028671265,8.168685913085938
21.75702977180481,8.12801742553711
21.770323038101196,8.199787139892578
21.783939599990845,8.343338012695312
21.798121452331543,8.260692596435547
21.811591863632202,8.13888931274414
21.825393676757812,8.358299255371094
21.839160203933716,8.453968048095703
21.85271382331848,8.349052429199219
21.866454601287842,8.3846435546875
21.880199909210205,8.27288818359375
21.89431118965149,8.578056335449219
21.90812849998474,8.639190673828125
21.921792030334473,8.839580535888672
21.93563175201416,8.673133850097656
21.94948387145996,8.683605194091797
21.963245391845703,8.526969909667969
21.976937770843506,8.757152557373047
21.990793704986572,8.814998626708984
22.00470733642578,8.768863677978516
22.018434524536133,8.870525360107422
22.032392024993896,9.10659408569336
22.045992136001587,9.041191101074219
22.059828758239746,9.163864135742188
22.07351064682007,7.899620056152344
22.087666273117065,7.654701232910156
22.10132384300232,7.820594787597656
22.115222215652466,7.888965606689453
22.12896490097046,8.094364166259766
22.142807960510254,8.249073028564453
22.15719199180603,8.081851959228516
22.17135190963745,8.093864440917969
22.18508768081665,7.696964263916016
22.19890856742859,7.757511138916016
22.212477445602417,7.608192443847656
22.226240396499634,7.653717041015625
22.24002742767334,7.187419891357422
22.25378656387329,7.124988555908203
22.26739263534546,7.229820251464844
22.281488180160522,7.112575531005859
22.29491090774536,6.653598785400391
22.308477640151978,6.451080322265625
22.322041988372803,6.494762420654297
22.33575415611267,6.407947540283203
22.34920048713684,6.525218963623047
22.362748622894287,6.359169006347656
22.376271963119507,6.397556304931641
22.390657424926758,6.598030090332031
22.404892921447754,6.594635009765625
22.418383359909058,6.406291961669922
22.432068586349487,6.532772064208984
22.445554733276367,6.467002868652344
22.459235668182373,6.494789123535156
22.473073959350586,6.559501647949219
22.486698627471924,6.6201934814453125
22.500396966934204,6.477470397949219
22.51448917388916,6.5802154541015625
22.528547048568726,6.680572509765625
22.54271364212036,6.612030029296875
22.557096242904663,6.700752258300781
22.570908069610596,6.708995819091797
22.584890365600586,6.674571990966797
22.59901738166809,6.7416534423828125
22.613218307495117,6.792255401611328
22.62719702720642,6.791526794433594
22.64134907722473,6.6915130615234375
22.655583143234253,6.8857574462890625
22.66999650001526,6.267246246337891
22.683624029159546,6.142467498779297
22.697285890579224,6.25189208984375
22.71102738380432,6.235340118408203
22.724592924118042,6.153636932373047
22.738370895385742,6.139068603515625
22.752087354660034,6.2222442626953125
22.765742778778076,6.255649566650391
22.779386520385742,6.200653076171875
22.7929368019104,6.099113464355469
22.80626654624939,6.243183135986328
22.81984257698059,6.343334197998047
22.833781242370605,6.141742706298828
22.847651481628418,6.145595550537109
22.861295461654663,6.206672668457031
22.874874591827393,6.158855438232422
22.889123678207397,6.160888671875
22.902628898620605,6.258087158203125
22.91621494293213,6.408962249755859
22.9295916557312,6.134197235107422
22.9426052570343,6.262882232666016
22.955402851104736,6.365390777587891
22.96816921234131,6.289665222167969
22.98053789138794,6.459178924560547
22.992866277694702,6.298713684082031
23.00457215309143,6.3206939697265625
23.016279935836792,6.501125335693359
23.027895212173462,6.554534912109375
23.039541244506836,6.582740783691406
23.05125117301941,6.467807769775391
23.063018083572388,6.497306823730469
23.076783895492554,6.544059753417969
23.0901837348938,5.970001220703125
23.1029794216156,5.987678527832031
23.11555814743042,6.080257415771484
23.128085374832153,6.093235015869141
23.140566110610962,5.987461090087891
23.15365767478943,6.0825958251953125
23.16681146621704,6.159160614013672
23.17985987663269,6.268394470214844
23.193851232528687,6.04388427734375
23.20717692375183,6.074214935302734
23.220356941223145,6.122077941894531
23.233670949935913,6.114734649658203
23.246954917907715,6.1589202880859375
23.260392665863037,6.152503967285156
23.27368950843811,6.051322937011719
23.286970138549805,6.094108581542969
23.300708770751953,6.177371978759766
23.314443826675415,6.2103118896484375
23.32837224006653,6.160896301269531
23.34151864051819,6.170722961425781
23.355056285858154,6.233654022216797
23.368492364883423,6.160625457763672
23.382063388824463,6.2387847900390625
23.395359992980957,6.273777008056641
23.4086697101593,6.3154754638671875
23.421907663345337,6.253345489501953
23.435797691345215,6.368934631347656
23.449693202972412,6.438999176025391
23.462955474853516,6.453582763671875
23.476170778274536,6.378719329833984
23.489616632461548,6.35369873046875
23.50333046913147,6.383083343505859
23.51672911643982,6.423046112060547
23.530242919921875,6.597015380859375
23.54334330558777,6.521717071533203
23.557310342788696,6.622440338134766
23.57109570503235,6.7242584228515625
23.585116863250732,6.760913848876953
23.599050283432007,6.698726654052734
23.613136053085327,6.8203582763671875
23.626853704452515,6.209484100341797
23.640554904937744,6.2896270751953125
23.65407943725586,6.262905120849609
23.667625904083252,6.100910186767578
23.681138515472412,5.768775939941406
23.694669008255005,5.684051513671875
23.708213806152344,5.730033874511719
23.72169852256775,5.847023010253906
23.73617720603943,5.895671844482422
23.75016212463379,5.971302032470703
23.764719486236572,6.006282806396484
23.779294967651367,5.934104919433594
23.792768478393555,5.910820007324219
23.806251764297485,5.993587493896484
23.819769620895386,6.074974060058594
23.833200216293335,6.12713623046875
23.846349239349365,5.538726806640625
23.85926342010498,5.562068939208984
23.87190532684326,5.539302825927734
23.884500980377197,5.588741302490234
23.896770477294922,5.599880218505859
23.908615589141846,5.492771148681641
23.920365810394287,5.538688659667969
23.932140588760376,5.585803985595703
23.943887948989868,5.7364654541015625
23.955592393875122,5.7850189208984375
23.9673490524292,5.764072418212891
23.9790940284729,5.119380950927734
23.990843772888184,5.153709411621094
24.002597332000732,5.106475830078125
24.014341354370117,5.095802307128906
24.026097536087036,5.090366363525391
24.03782844543457,5.0901031494140625
24.04956865310669,5.065673828125
24.061304807662964,5.145023345947266
24.073044538497925,5.147960662841797
24.08477544784546,5.225376129150391
24.096524000167847,5.235176086425781
24.10827112197876,5.269523620605469
24.119911432266235,5.3487548828125
24.131659269332886,5.217380523681641
24.143394470214844,5.341407775878906
24.155166625976562,4.679725646972656
24.166903495788574,4.66754150390625
24.178579807281494,4.696998596191406
24.19029974937439,4.6856231689453125
24.201977491378784,4.715065002441406
24.21361494064331,4.7484130859375
24.225309133529663,4.8197174072265625
24.236989736557007,4.766639709472656
24.248633861541748,4.765132904052734
24.260430812835693,4.132637023925781
24.272178173065186,4.136814117431641
24.283801794052124,4.136814117431641
24.29557514190674,4.136814117431641
24.307289123535156,4.136814117431641
24.318989515304565,4.137046813964844
24.330612897872925,4.137126922607422
24.342318296432495,4.137126922607422
24.3539822101593,4.137134552001953
24.365614414215088,4.137134552001953
24.377325534820557,4.137134552001953
24.38901400566101,4.1372222900390625
24.400657415390015,4.1372222900390625
24.41236639022827,4.137226104736328
24.42404341697693,4.137458801269531
24.435670614242554,4.137462615966797
24.44738531112671,4.137462615966797
24.45907974243164,4.1374664306640625
24.470731496810913,4.1374664306640625
24.482446432113647,4.1374664306640625
24.49415349960327,4.1374664306640625
24.50580096244812,4.137672424316406
24.517524480819702,4.137672424316406
24.529242753982544,4.137672424316406
24.54090452194214,4.137672424316406
24.552486658096313,4.137672424316406
24.56416940689087,4.137672424316406
24.575836658477783,4.137672424316406
24.58748722076416,4.137672424316406
24.599181652069092,4.137672424316406
24.610846519470215,4.137672424316406
24.622523069381714,4.137672424316406
24.634233474731445,4.063442230224609
24.645992517471313,4.025932312011719
24.6576406955719,4.026069641113281
24.66935920715332,4.026069641113281
24.681045293807983,4.026069641113281
24.69268488883972,4.026069641113281
24.704419374465942,4.026069641113281
24.716236352920532,4.0260772705078125
24.727845668792725,4.0260772705078125
24.739523887634277,4.0260772705078125
24.751201629638672,4.026313781738281
24.762800455093384,4.026344299316406
24.774413108825684,4.029178619384766
24.78609013557434,4.029384613037109
24.797738075256348,4.029384613037109
24.80945873260498,4.029384613037109
24.8211567401886,4.029533386230469
24.832816123962402,4.029533386230469
24.8445405960083,4.067859649658203
24.856271028518677,4.125499725341797
24.867958307266235,4.103572845458984
24.87968945503235,4.082313537597656
24.891406774520874,4.103981018066406
24.90309429168701,4.135501861572266
24.914847373962402,4.179695129394531
24.926512002944946,4.10589599609375
24.938136100769043,4.11566162109375
24.949878215789795,4.212104797363281
24.961535215377808,4.217411041259766
24.9732666015625,4.254665374755859
24.984960556030273,4.247699737548828
24.99663257598877,4.288860321044922
25.00838327407837,4.320255279541016
25.020084857940674,4.302787780761719
25.031760215759277,4.326335906982422
25.043503522872925,4.363796234130859
25.055261850357056,4.352077484130859
25.066948652267456,4.334850311279297
25.07867693901062,4.374057769775391
25.09043002128601,4.3660888671875
25.102127075195312,4.3527679443359375
25.113788843154907,4.354621887207031
25.125499963760376,4.3485107421875
25.137272119522095,4.328765869140625
25.149029970169067,4.344352722167969
25.160763025283813,4.367183685302734
25.172513723373413,4.326869964599609
25.18427062034607,4.315151214599609
25.195968866348267,4.358264923095703
25.207643270492554,4.350452423095703
25.21929359436035,4.331031799316406
25.23103952407837,4.374397277832031
25.242736339569092,4.329929351806641
25.254689693450928,4.356422424316406
25.266515016555786,4.337043762207031
25.27839207649231,4.390239715576172
25.290106058120728,4.303443908691406
25.301836252212524,4.3485107421875
25.31347417831421,4.381858825683594
25.32516884803772,4.342750549316406
25.336830377578735,4.3390960693359375
25.348459005355835,4.380256652832031
25.36019992828369,4.329929351806641
25.371862173080444,4.3625335693359375
25.383507013320923,4.386116027832031
25.395405530929565,4.358024597167969
25.407111406326294,4.3410491943359375
25.41876530647278,4.346809387207031
25.430495738983154,4.342399597167969
25.442207098007202,4.3390960693359375
25.453872203826904,4.374397277832031
25.465506076812744,4.367183685302734
25.47720456123352,4.3644866943359375
25.488966703414917,4.265525817871094
25.50064516067505,4.280567169189453
25.51240062713623,4.218303680419922
25.52412462234497,4.2185516357421875
25.53579092025757,4.218162536621094
25.547539710998535,4.0801849365234375
25.559255599975586,4.127204895019531
25.571167707443237,4.158962249755859
25.58276677131653,4.106681823730469
25.594547986984253,4.107433319091797
25.60623264312744,4.143989562988281
25.61796259880066,4.100025177001953
25.629676580429077,4.088962554931641
25.641403198242188,4.130123138427734
25.653122901916504,4.1236419677734375
25.66482949256897,4.107872009277344
25.67642879486084,4.149478912353516
25.688085079193115,4.1392669677734375
25.6997127532959,4.206657409667969
25.71141219139099,4.171031951904297
25.723124980926514,4.188793182373047
25.734777212142944,4.244647979736328
25.74651026725769,4.313312530517578
25.75822377204895,4.311676025390625
25.769994258880615,4.352123260498047
25.78164577484131,4.362834930419922
25.793276071548462,4.442340850830078
25.80489230155945,4.466587066650391
25.816560983657837,4.481903076171875
25.82831573486328,4.437431335449219
25.84000015258789,4.495277404785156
25.85164737701416,4.5419769287109375
25.8633873462677,4.654117584228516
25.875093698501587,4.64178466796875
25.886752128601074,4.641895294189453
25.898391723632812,4.663669586181641
25.910020112991333,4.698673248291016
25.92176580429077,4.762035369873047
25.93347930908203,4.661811828613281
25.9451322555542,4.689167022705078
25.956828355789185,4.769874572753906
25.968498468399048,4.746692657470703
25.98021912574768,4.704586029052734
25.99190092086792,4.747001647949219
26.003523111343384,4.598415374755859
26.015230655670166,4.609184265136719
26.026966094970703,4.722972869873047
26.03865385055542,4.6887664794921875
26.050390005111694,4.609130859375
26.06209683418274,4.6493377685546875
26.073881149291992,4.695644378662109
26.08548855781555,4.553348541259766
26.097180128097534,4.4890899658203125
26.108892679214478,4.4940032958984375
26.120551824569702,4.531795501708984
26.13215136528015,4.593048095703125
26.143750190734863,4.621898651123047
26.15542483329773,4.424774169921875
26.167160749435425,4.439155578613281
26.17888355255127,4.578895568847656
26.191022396087646,4.5445098876953125
26.202766180038452,4.474567413330078
26.214504957199097,4.523433685302734
26.22616744041443,4.549114227294922
26.237822771072388,4.540493011474609
26.24946117401123,4.512012481689453
26.261132955551147,4.526336669921875
26.27282214164734,4.764545440673828
26.284425497055054,4.721527099609375
26.296305418014526,4.693019866943359
26.307958841323853,4.734317779541016
26.319592714309692,4.862148284912109
26.33125066757202,4.840904235839844
26.342967987060547,4.9163360595703125
26.354739665985107,5.088359832763672
26.366530895233154,5.053447723388672
26.378291606903076,5.107112884521484
26.390088319778442,5.051227569580078
26.401859760284424,5.112575531005859
26.41359233856201,5.144538879394531
26.42528748512268,5.275287628173828
26.437021255493164,5.15789794921875
26.44878101348877,5.071674346923828
26.460456609725952,5.24298095703125
26.472209453582764,5.347194671630859
26.483896493911743,5.1835784912109375
26.495525598526,5.270027160644531
26.507262468338013,5.293449401855469
26.518941164016724,5.179927825927734
26.5306875705719,5.442722320556641
26.542447090148926,5.405708312988281
26.554243803024292,5.267360687255859
26.565870761871338,5.4325408935546875
26.577526330947876,5.477622985839844
26.589253425598145,5.403209686279297
26.601036548614502,5.324848175048828
26.61272883415222,5.429107666015625
26.624480724334717,5.251323699951172
26.636122703552246,5.316577911376953
26.64788579940796,5.324504852294922
26.65963363647461,5.218173980712891
26.67130184173584,5.252620697021484
26.683032035827637,5.323886871337891
26.69470524787903,5.287895202636719
26.706385135650635,5.241245269775391
26.71800208091736,5.307140350341797
26.72968816757202,5.311187744140625
26.741438388824463,5.2686767578125
26.75304627418518,5.2129364013671875
26.764765977859497,5.145881652832031
26.776510000228882,5.2273101806640625
26.788262605667114,5.24560546875
26.800002098083496,5.179325103759766
26.811723947525024,5.2348480224609375
26.823513746261597,5.3107757568359375
26.835319995880127,5.244499206542969
26.846997022628784,5.147422790527344
26.85863733291626,5.291934967041016
26.870256185531616,5.306529998779297
26.8819317817688,5.246463775634766
26.893564224243164,5.265480041503906
26.905190467834473,5.262214660644531
26.9167959690094,5.426677703857422
26.928513526916504,5.302978515625
26.94018268585205,5.347362518310547
26.951953887939453,5.3448486328125
26.963669061660767,5.3713836669921875
26.975287437438965,5.443195343017578
26.9870388507843,5.482242584228516
26.998771905899048,5.433158874511719
27.01050853729248,5.4897613525390625
27.022205114364624,5.482521057128906
27.033909797668457,5.589336395263672
27.045581817626953,5.278263092041016
27.057191371917725,5.422657012939453
27.06893515586853,5.498897552490234
27.080683708190918,5.535343170166016
27.092433214187622,5.580883026123047
27.104222774505615,5.550868988037109
27.116014003753662,5.621269226074219
27.127723455429077,5.693012237548828
27.13945770263672,5.68914794921875
27.151225328445435,5.5387725830078125
27.162984371185303,5.627067565917969
27.174671173095703,5.674217224121094
27.186412572860718,5.728122711181641
27.19814395904541,5.860694885253906
27.209747552871704,5.721107482910156
27.221478939056396,5.886692047119141
27.233174800872803,5.919948577880859
27.24500060081482,5.824718475341797
27.25670075416565,5.779834747314453
27.268412828445435,5.9771575927734375
27.28015637397766,5.953151702880859
27.29181671142578,5.982769012451172
27.303426504135132,5.933055877685547
27.315175771713257,6.062419891357422
27.326900243759155,6.216785430908203
27.33853268623352,6.030609130859375
27.350198984146118,5.975189208984375
27.361849784851074,5.984779357910156
27.373544454574585,6.01873779296875
27.385149478912354,5.992427825927734
27.396856784820557,6.00634765625
27.40846276283264,6.156688690185547
27.420145511627197,6.219760894775391
27.43179988861084,6.182670593261719
27.44340181350708,6.126377105712891
27.455087184906006,6.161975860595703
27.466795682907104,6.250125885009766
27.47852849960327,6.171623229980469
27.490253448486328,6.307994842529297
27.501962661743164,6.1848907470703125
27.513609886169434,6.246547698974609
27.525237321853638,6.273170471191406
27.536834001541138,6.363983154296875
27.548500061035156,6.201850891113281
27.56018877029419,6.228778839111328
27.57193398475647,6.3582305908203125
27.583624601364136,6.103389739990234
27.59533381462097,6.175567626953125
27.607083559036255,6.131633758544922
27.61878204345703,6.152381896972656
27.630492687225342,6.145637512207031
27.642196893692017,6.1822509765625
27.653850317001343,6.137233734130859
27.665581703186035,6.063198089599609
27.67730450630188,6.2578582763671875
27.688934326171875,6.116455078125
27.700661420822144,6.1027984619140625
27.712365865707397,6.166866302490234
27.724059343338013,6.133632659912109
27.73577618598938,6.1240081787109375
27.74741506576538,5.965576171875
27.759076833724976,6.012165069580078
27.770801067352295,6.058917999267578
27.78242564201355,6.1331634521484375
27.794074535369873,6.065406799316406
27.805699348449707,6.023166656494141
27.81746244430542,6.231075286865234
27.82917618751526,6.133625030517578
27.840842485427856,6.132221221923828
27.852680921554565,6.168346405029297
27.864504098892212,6.11749267578125
27.876295804977417,6.3735198974609375
27.888065338134766,6.212272644042969
27.899767875671387,6.24609375
27.911426782608032,6.278728485107422
27.923133611679077,6.286502838134766
27.936105012893677,6.426124572753906
27.949093341827393,6.392082214355469
27.96224594116211,6.552391052246094
27.976351022720337,6.480499267578125
27.989829778671265,6.5064544677734375
28.003048419952393,6.370334625244141
28.016106367111206,6.521842956542969
28.029406547546387,6.488189697265625
28.042404413223267,6.317924499511719
28.055501461029053,6.35491943359375
28.06865119934082,6.481178283691406
28.081866025924683,6.30120849609375
28.096449613571167,6.490146636962891
28.109671115875244,6.3715667724609375
28.12306785583496,6.596584320068359
28.13641858100891,6.385887145996094
28.149909496307373,6.231006622314453
28.16333794593811,6.372028350830078
28.176644563674927,6.436103820800781
28.189992666244507,6.348018646240234
28.20312261581421,6.388324737548828
28.21630549430847,6.512153625488281
28.230490922927856,6.398754119873047
28.244209051132202,6.441795349121094
28.257617473602295,6.374408721923828
28.271026372909546,6.643074035644531
28.28435516357422,6.325969696044922
28.297812938690186,6.693367004394531
28.310986280441284,6.530017852783203
28.32449173927307,6.982734680175781
28.33805561065674,6.758609771728516
28.351434230804443,6.840263366699219
28.365066289901733,6.942966461181641
28.37829089164734,6.732688903808594
28.391859531402588,6.879329681396484
28.405219793319702,6.918010711669922
28.418564558029175,6.880168914794922
28.431990146636963,7.097286224365234
28.445331811904907,6.8444976806640625
28.458465099334717,6.903663635253906
28.47168231010437,7.176364898681641
28.485151767730713,7.0448455810546875
28.498419284820557,7.082859039306641
28.51182532310486,7.1060638427734375
28.525197982788086,7.481342315673828
28.538708686828613,7.243442535400391
28.552220821380615,7.175453186035156
28.565696954727173,7.2707672119140625
28.57927966117859,7.329975128173828
28.592534065246582,7.433460235595703
28.60601282119751,7.239147186279297
28.619559049606323,7.486972808837891
28.63274645805359,7.521759033203125
28.64614772796631,7.408916473388672
28.659465312957764,7.262519836425781
28.672838926315308,7.414192199707031
28.686129570007324,7.391132354736328
28.699466943740845,7.294429779052734
28.712773323059082,7.388763427734375
28.726130723953247,7.33099365234375
28.739620447158813,7.478034973144531
28.753047227859497,7.1783905029296875
28.766355752944946,7.062419891357422
28.779864072799683,7.334232330322266
28.793134927749634,7.405128479003906
28.806609869003296,7.363994598388672
28.820003747940063,7.275199890136719
28.833459615707397,7.3072509765625
28.846736907958984,7.478248596191406
28.86038064956665,7.414516448974609
28.873959064483643,7.332023620605469
28.887288331985474,7.259860992431641
28.900651931762695,7.1998291015625
28.914098739624023,7.351154327392578
28.927547216415405,7.356266021728516
28.941291332244873,7.375877380371094
28.95502758026123,7.222072601318359
28.968781232833862,7.213142395019531
28.982431173324585,7.564800262451172
28.996024131774902,7.392250061035156
29.009305477142334,7.353534698486328
29.022593021392822,7.2528533935546875
29.036126136779785,7.434986114501953
29.04942035675049,7.339435577392578
29.06298589706421,7.748664855957031
29.076156854629517,7.369232177734375
29.089656591415405,7.701992034912109
29.10310959815979,7.5531768798828125
29.116652727127075,7.727367401123047
29.12985396385193,7.560581207275391
29.14330244064331,7.7218475341796875
29.156924724578857,7.438587188720703
29.170644760131836,7.742580413818359
29.184152841567993,7.837520599365234
29.19786548614502,7.6247711181640625
29.211231470108032,7.5927886962890625
29.22490882873535,7.7277069091796875
29.238539934158325,7.598762512207031
29.252147674560547,7.787544250488281
29.26553702354431,7.585838317871094
29.279274702072144,7.748729705810547
29.29271173477173,7.576171875
29.306180238723755,7.47467041015625
29.31995964050293,7.841255187988281
29.333399057388306,7.6365509033203125
29.346981048583984,7.703525543212891
29.360541105270386,7.882270812988281
29.37386393547058,7.871303558349609
29.387004613876343,7.7558441162109375
29.400551557540894,7.616024017333984
29.41389226913452,7.665897369384766
29.42761754989624,7.738033294677734
29.441060781478882,7.5748138427734375
29.454803228378296,7.979610443115234
29.46828293800354,7.767120361328125
29.481725692749023,7.792930603027344
29.495279550552368,7.884132385253906
29.50888752937317,7.966426849365234
29.5221266746521,7.764995574951172
29.535617351531982,7.801715850830078
29.54918909072876,7.745048522949219
29.56245517730713,7.828716278076172
29.57584547996521,7.839408874511719
29.589045524597168,7.6191253662109375
29.60230016708374,7.849216461181641
29.615939378738403,7.970119476318359
29.6299045085907,7.804508209228516
29.64327073097229,7.791988372802734
29.656761407852173,7.765937805175781
29.670366048812866,7.951824188232422
29.683815479278564,7.691783905029297
29.697002172470093,7.593650817871094
29.710506439208984,8.078155517578125
29.72407817840576,7.821781158447266
29.737738847732544,8.145000457763672
29.75103259086609,7.784858703613281
29.764638900756836,7.904144287109375
29.778242588043213,7.9004364013671875
29.79219698905945,7.769962310791016
29.80571436882019,8.009689331054688
29.81911826133728,7.919395446777344
29.83255171775818,8.008831024169922
29.846062421798706,7.842018127441406
29.85964035987854,8.036338806152344
29.872944831848145,8.183208465576172
29.886465549468994,7.8085479736328125
29.899707078933716,7.811531066894531
29.9133563041687,8.116455078125
29.92701268196106,8.068069458007812
29.94016122817993,7.948638916015625
29.95351219177246,7.911735534667969
29.966877937316895,7.933559417724609
29.980563163757324,7.904148101806641
29.99409294128418,8.028030395507812
30.00761651992798,8.007728576660156
30.02111315727234,8.075180053710938
30.03469467163086,7.855278015136719
30.048064470291138,7.713104248046875
30.061631679534912,7.9163665771484375
30.075188398361206,8.056869506835938
30.08842921257019,8.11600112915039
30.10209321975708,7.762508392333984
30.115522623062134,8.015300750732422
30.129008769989014,8.077747344970703
30.142069816589355,7.790966033935547
30.155559301376343,8.034736633300781
30.169097423553467,7.956398010253906
30.182546854019165,8.09530258178711
30.195813417434692,8.024444580078125
30.209418535232544,7.991504669189453
30.22296977043152,8.124969482421875
30.236863613128662,7.9011383056640625
30.250176429748535,7.871273040771484
30.263758897781372,7.9041900634765625
30.2772274017334,8.120399475097656
30.290802001953125,8.116619110107422
30.304335117340088,7.8892364501953125
30.31764054298401,7.992805480957031
30.33101487159729,7.947349548339844
30.344510793685913,8.069351196289062
30.358238458633423,7.853504180908203
30.371562242507935,8.002426147460938
30.385043382644653,8.030998229980469
30.3982355594635,7.848323822021484
30.411543130874634,8.000144958496094
30.425045251846313,8.00601577758789
30.438791751861572,8.00955581665039
30.452200651168823,8.059879302978516
30.465699672698975,8.04327392578125
30.479135990142822,8.054618835449219
30.49270272254944,8.069454193115234
30.506391763687134,8.032943725585938
30.51986861228943,7.892112731933594
30.533312797546387,8.052490234375
30.546772718429565,8.05228042602539
30.560288906097412,7.946605682373047
30.57404112815857,8.046249389648438
30.58763074874878,7.905834197998047
30.600937128067017,8.074077606201172
30.6144757270813,8.019535064697266
30.628166437149048,8.097820281982422
30.641472816467285,8.041122436523438
30.654947757720947,8.011486053466797
30.668432474136353,8.291446685791016
30.68201494216919,8.122001647949219
30.695462703704834,7.942543029785156
30.708762168884277,8.116588592529297
30.72231388092041,8.166728973388672
30.7360577583313,8.25216293334961
30.74974036216736,8.236221313476562
30.763193607330322,8.24045181274414
30.77678894996643,8.074047088623047
30.79032015800476,8.133544921875
30.803797960281372,8.200042724609375
30.817177534103394,8.0177001953125
30.831591606140137,7.994468688964844
30.845288038253784,8.336631774902344
30.85882043838501,8.182853698730469
30.87226390838623,8.107231140136719
30.885852098464966,7.986747741699219
30.899282932281494,8.053348541259766
30.912477016448975,8.085079193115234
30.92600154876709,8.092376708984375
30.9393048286438,8.346027374267578
30.952839136123657,8.129974365234375
30.966142177581787,8.048599243164062
30.979501008987427,8.088729858398438
30.99308490753174,8.39300537109375
31.00683832168579,8.36807632446289
31.020222187042236,8.054702758789062
31.03358292579651,7.99566650390625
31.046977996826172,8.280826568603516
31.060335874557495,8.310596466064453
31.07376003265381,8.260395050048828
31.08721685409546,8.426769256591797
31.100936889648438,8.246490478515625
31.11420249938965,8.41995620727539
31.127630472183228,8.364315032958984
31.14128613471985,8.466163635253906
31.154838800430298,8.404106140136719
31.168259859085083,8.092445373535156
31.18139934539795,8.159351348876953
31.19480276107788,8.518135070800781
31.208184480667114,8.359161376953125
31.221604347229004,8.28531265258789
31.234906673431396,8.23617172241211
31.248487949371338,8.545734405517578
31.262025117874146,8.363639831542969
31.27531623840332,8.283699035644531
31.288877248764038,8.246612548828125
31.302561283111572,8.485397338867188
31.31624412536621,8.421882629394531
31.329867362976074,8.386608123779297
31.343308448791504,8.396862030029297
31.356481790542603,8.518939971923828
31.37008261680603,8.585895538330078
31.383796215057373,8.312068939208984
31.397274017333984,8.476154327392578
31.411038875579834,8.636646270751953
31.424731016159058,8.375064849853516
31.43833875656128,8.407638549804688
31.451738119125366,8.532573699951172
31.465176343917847,8.599929809570312
31.478604793548584,8.672264099121094
31.492276668548584,7.7588653564453125
31.50570297241211,8.06186294555664
31.51921558380127,8.00003433227539
31.532530784606934,7.883213043212891
31.545856714248657,7.875965118408203
31.559269905090332,7.893779754638672
31.57276678085327,7.924560546875
31.586148738861084,7.9004974365234375
31.599473476409912,7.9573211669921875
31.612660884857178,7.851768493652344
31.625791311264038,7.899143218994141
31.639297008514404,7.9893035888671875
31.65280246734619,7.794746398925781
31.665976524353027,8.079307556152344
31.67930817604065,8.185401916503906
31.692534923553467,7.979785919189453
31.705713033676147,8.022411346435547
31.71915364265442,8.12640380859375
31.732505559921265,8.068401336669922
31.745755910873413,8.18087387084961
31.75906491279602,8.292045593261719
31.77237367630005,7.961101531982422
31.785640001296997,8.273300170898438
31.79892134666443,8.109588623046875
31.812195777893066,8.046436309814453
31.825530767440796,8.215194702148438
31.839044094085693,8.107749938964844
31.85286235809326,8.131622314453125
31.866167068481445,8.083381652832031
31.87971043586731,8.22757339477539
31.89309310913086,8.257888793945312
31.90696406364441,8.241596221923828
31.9201021194458,8.074787139892578
31.933427333831787,8.250347137451172
31.94679617881775,8.170665740966797
31.959856510162354,8.230724334716797
31.972673892974854,8.42010498046875
31.985990524291992,8.297264099121094
31.999662160873413,8.57443618774414
32.012678146362305,8.32012939453125
32.02535700798035,8.50705337524414
32.038315534591675,8.587051391601562
32.051618576049805,8.552886962890625
32.06522274017334,8.524513244628906
32.0785391330719,8.36336898803711
32.092042684555054,8.668281555175781
32.10541319847107,8.704708099365234
32.1189022064209,8.598114013671875
32.13219332695007,8.574146270751953
32.14558458328247,8.667675018310547
32.1589789390564,8.737041473388672
32.172184467315674,7.941730499267578
32.185428857803345,7.727729797363281
32.198710441589355,8.00271224975586
32.212164878845215,8.020820617675781
32.226059913635254,8.103805541992188
32.23928713798523,8.110965728759766
32.25236797332764,7.9878082275390625
32.265686988830566,8.222526550292969
32.27899742126465,8.067367553710938
32.2924690246582,8.18441390991211
32.30573844909668,8.449718475341797
32.319135665893555,7.559074401855469
32.33236289024353,7.630107879638672
32.345452070236206,7.407783508300781
32.35844445228577,7.5229949951171875
32.371790647506714,7.602123260498047
32.38496017456055,7.680034637451172
32.39842700958252,7.5617523193359375
32.41162371635437,7.560005187988281
32.425551414489746,7.555454254150391
32.438843965530396,7.733295440673828
32.452218770980835,7.909599304199219
32.465516090393066,7.7627105712890625
32.478745222091675,7.6982879638671875
32.49190306663513,7.748828887939453
32.50537896156311,7.984375
32.518672466278076,7.633846282958984
32.53167486190796,7.655025482177734
32.54480814933777,7.725566864013672
32.55812191963196,7.742454528808594
32.571264028549194,7.7761688232421875
32.58456301689148,7.847511291503906
32.5978000164032,7.857112884521484
32.611191272735596,7.653053283691406
32.624640226364136,7.9359283447265625
32.63787221908569,7.8319854736328125
32.65098714828491,8.020225524902344
32.66422653198242,8.000411987304688
32.6771776676178,8.099178314208984
32.690425395965576,8.063514709472656
32.70381689071655,7.904170989990234
32.71717047691345,8.080646514892578
32.731269121170044,8.141342163085938
32.7445342540741,8.122493743896484
32.75779843330383,8.292556762695312
32.77121567726135,8.193206787109375
32.78443765640259,8.24111557006836
32.79767680168152,8.210464477539062
32.810760259628296,8.411907196044922
32.82404637336731,8.47543716430664
32.83763408660889,8.680545806884766
32.850812911987305,7.893741607666016
32.864078760147095,7.900005340576172
32.8772337436676,7.7427978515625
32.89034652709961,7.861324310302734
32.90370512008667,7.975627899169922
32.91682434082031,7.900703430175781
32.92983555793762,7.838226318359375
32.943251609802246,7.979759216308594
32.95653700828552,8.063972473144531
32.96982765197754,8.062187194824219
32.983070373535156,8.075634002685547
32.996570348739624,7.418460845947266
33.00973081588745,7.468982696533203
33.023008823394775,7.384067535400391
33.03621459007263,7.387275695800781
33.049593925476074,7.3865966796875
33.06279134750366,7.481922149658203
33.07583522796631,7.674766540527344
33.0890212059021,7.5010223388671875
33.103272676467896,7.5928955078125
33.11652207374573,7.676288604736328
33.12968039512634,7.732337951660156
33.14282202720642,7.937694549560547
33.15605807304382,7.238094329833984
33.1693320274353,7.125923156738281
33.182756185531616,7.03326416015625
33.19580817222595,7.2562713623046875
33.21011281013489,7.197715759277344
33.2243537902832,7.127002716064453
33.23741173744202,7.0683135986328125
33.25067329406738,7.114971160888672
33.263964891433716,7.261024475097656
33.277268409729004,7.392314910888672
33.2905170917511,7.345672607421875
33.30369710922241,7.167263031005859
33.31689405441284,7.128307342529297
33.3309531211853,7.323631286621094
33.34487533569336,7.419521331787109
33.359060287475586,7.314884185791016
33.372631311416626,7.2470855712890625
33.38593530654907,7.47467041015625
33.39890217781067,7.441486358642578
33.41225290298462,7.5840911865234375
33.42575740814209,7.50732421875
33.43893551826477,7.420925140380859
33.45222473144531,7.515651702880859
33.466169595718384,7.627655029296875
33.479437589645386,7.566749572753906
33.49255728721619,6.979694366455078
33.50564980506897,6.836544036865234
33.51883578300476,6.753242492675781
33.53207969665527,6.937107086181641
33.5453667640686,6.975547790527344
33.558682680130005,7.028896331787109
33.572181940078735,6.918903350830078
33.586345911026,6.921649932861328
33.60019826889038,6.9325714111328125
33.614601135253906,7.045742034912109
33.62878966331482,7.1664886474609375
33.64207458496094,6.996376037597656
33.65504765510559,6.990001678466797
33.6681272983551,7.029884338378906
33.68110275268555,7.230003356933594
33.69434571266174,7.015850067138672
33.707589864730835,6.4188232421875
33.72071695327759,6.4237518310546875
33.73394155502319,6.37274169921875
33.74798512458801,6.491065979003906
33.76211881637573,6.520458221435547
33.776302099227905,6.432624816894531
33.79044985771179,6.384784698486328
33.80369734764099,6.4051361083984375
33.81683850288391,6.492115020751953
33.83008313179016,6.621086120605469
33.843342542648315,6.463687896728516
33.856449365615845,6.278034210205078
33.86948204040527,6.348217010498047
33.88275456428528,6.527561187744141
33.89699673652649,6.524383544921875
33.91095542907715,6.308116912841797
33.925087451934814,6.3922576904296875
33.93916940689087,6.513721466064453
33.95318841934204,6.533245086669922
33.967021226882935,6.5480194091796875
33.98125910758972,6.571659088134766
33.99508857727051,6.361412048339844
34.009517669677734,6.413169860839844
34.02446460723877,6.450855255126953
34.038992404937744,6.517803192138672
34.05303597450256,6.426582336425781
34.06710505485535,6.470863342285156
34.08142042160034,6.474735260009766
34.09590983390808,6.372825622558594
34.11000370979309,6.5917816162109375
34.123905658721924,6.4605712890625
34.13804626464844,6.408245086669922
34.152249574661255,6.3412628173828125
34.16637182235718,6.4094085693359375
34.180625677108765,6.533760070800781
34.19477152824402,6.502742767333984
34.208662033081055,6.426704406738281
34.2227258682251,6.3173675537109375
34.236777544021606,6.492267608642578
34.25094175338745,6.668651580810547
34.264740228652954,6.409626007080078
34.278603076934814,6.454868316650391
34.29240942001343,6.375667572021484
34.30650472640991,6.455196380615234
34.32049608230591,6.3967742919921875
34.33462190628052,6.3845062255859375
34.349098443984985,6.492855072021484
34.36305356025696,6.4644317626953125
34.37688994407654,6.430686950683594
34.39093542098999,6.404506683349609
34.40494656562805,6.581989288330078
34.41891121864319,6.404518127441406
34.432899713516235,6.538688659667969
34.44670367240906,6.4796600341796875
34.460777044296265,6.503063201904297
34.4749071598053,6.499340057373047
34.48879408836365,6.617332458496094
34.503031492233276,6.623771667480469
34.51715326309204,6.637798309326172
34.53132176399231,6.587089538574219
34.54517126083374,6.6145172119140625
34.559353828430176,6.690086364746094
34.57332968711853,6.585365295410156
34.587297201156616,6.544075012207031
34.60128736495972,6.57513427734375
34.61538887023926,6.581096649169922
34.629424810409546,6.5749053955078125
34.643661975860596,6.611972808837891
34.65747141838074,6.680938720703125
34.67145538330078,6.558300018310547
34.68556237220764,6.7025146484375
34.69950294494629,6.610935211181641
34.71361064910889,6.704341888427734
34.72768807411194,6.716663360595703
34.74163055419922,6.611446380615234
34.755587100982666,6.5001068115234375
34.76969575881958,6.641071319580078
34.78385901451111,6.594871520996094
34.79799962043762,6.75848388671875
34.811962842941284,6.622856140136719
34.82600140571594,6.6139373779296875
34.840017557144165,6.590950012207031
34.85423994064331,6.88348388671875
34.86807131767273,6.822704315185547
34.882036447525024,6.6107940673828125
34.89625525474548,6.783672332763672
34.91085982322693,6.836185455322266
34.92509078979492,6.892757415771484
34.93940544128418,6.708660125732422
34.95350885391235,6.828376770019531
34.96745276451111,6.850124359130859
34.98165559768677,6.828887939453125
34.99589228630066,6.778984069824219
35.009737968444824,6.9474945068359375
35.02375912666321,6.131610870361328
35.03704571723938,6.17852783203125
35.050211668014526,6.1989898681640625
35.063446283340454,6.136859893798828
35.076295614242554,6.041271209716797
35.089483976364136,6.239803314208984
35.10251212120056,6.170768737792969
35.115785121917725,6.063636779785156
35.12998723983765,6.048839569091797
35.143139600753784,6.2674407958984375
35.15628147125244,6.226764678955078
35.169453859329224,6.136707305908203
35.182934522628784,6.219505310058594
35.1959228515625,6.150177001953125
35.20906448364258,6.181358337402344
35.221970319747925,6.118194580078125
35.23611831665039,6.173595428466797
35.25017476081848,6.033500671386719
35.262892961502075,5.912784576416016
35.27572202682495,6.007781982421875
35.28861618041992,6.051395416259766
35.30167293548584,6.077281951904297
35.31498646736145,6.126335144042969
35.32824492454529,6.023963928222656
35.34153366088867,5.982269287109375
35.35506248474121,6.151264190673828
35.36880040168762,6.053508758544922
35.382736682891846,6.161647796630859
35.39673733711243,6.171783447265625
35.41076421737671,6.177951812744141
35.42474389076233,6.232818603515625
35.43870520591736,6.308929443359375
35.4525511264801,6.085002899169922
35.46657609939575,6.329608917236328
35.48063325881958,6.262165069580078
35.49458432197571,6.282108306884766
35.50850534439087,6.2192230224609375
35.522388219833374,6.259799957275391
35.536381006240845,6.259769439697266
35.5504789352417,6.221584320068359
35.564850091934204,6.305286407470703
35.57867741584778,6.474971771240234
35.59268021583557,6.338104248046875
35.60651731491089,6.172878265380859
35.620211601257324,6.212505340576172
35.634082317352295,6.294376373291016
35.648101568222046,6.338542938232422
35.66206383705139,6.393218994140625
35.67636489868164,6.507404327392578
35.690115451812744,6.351222991943359
35.70331430435181,6.408958435058594
35.71624183654785,6.492149353027344
35.729048013687134,6.629310607910156
35.741612672805786,6.496612548828125
35.75420641899109,6.503604888916016
35.766714572906494,6.497215270996094
35.77916407585144,6.508003234863281
35.79145264625549,6.581783294677734
35.80372333526611,6.6213226318359375
35.815903425216675,6.645191192626953
35.82844424247742,6.7578277587890625
35.84206485748291,6.617893218994141
35.85521578788757,6.1171417236328125
35.868386030197144,5.960979461669922
35.88079571723938,6.09820556640625
35.89314842224121,5.906158447265625
35.905590534210205,5.893684387207031
35.91827988624573,5.9034423828125
35.93089437484741,5.988468170166016
35.94347620010376,6.001564025878906
35.956520318984985,6.155788421630859
35.96968197822571,6.101432800292969
35.983155488967896,5.93896484375
35.99679732322693,6.037906646728516
36.01018500328064,6.175804138183594
36.02373814582825,6.105472564697266
36.03712296485901,6.021778106689453
36.050652742385864,6.019721984863281
36.06433582305908,5.943729400634766
36.07701778411865,5.9939727783203125
36.08973288536072,6.034961700439453
36.10247302055359,5.983345031738281
36.1151008605957,6.004188537597656
36.12778186798096,6.2113800048828125
36.14067244529724,6.198600769042969
36.15362000465393,6.038082122802734
36.16706109046936,6.032886505126953
36.180760622024536,5.471118927001953
36.19465398788452,5.418025970458984
36.208330392837524,5.36761474609375
36.221972703933716,5.437675476074219
36.23566484451294,5.503143310546875
36.249523401260376,5.5244293212890625
36.26335906982422,5.536048889160156
36.277260303497314,5.557670593261719
36.29156041145325,5.613307952880859
36.305856466293335,5.6722564697265625
36.31975054740906,5.621009826660156
36.33384418487549,5.863025665283203
36.34755253791809,5.726551055908203
36.36201190948486,5.9058990478515625
36.374596118927,5.275840759277344
36.386834144592285,5.17877197265625
36.39892864227295,5.267677307128906
36.41082978248596,5.336585998535156
36.42265796661377,5.2600860595703125
36.4345326423645,5.280662536621094
36.44633984565735,5.3267822265625
36.45810031890869,5.381858825683594
36.469942569732666,5.331809997558594
36.4817054271698,5.322166442871094
36.49353837966919,5.384494781494141
36.505348682403564,5.401546478271484
36.51710367202759,5.417064666748047
36.528809547424316,5.3877716064453125
36.54056978225708,5.462409973144531
36.55233383178711,5.453742980957031
36.56416654586792,5.477626800537109
36.57586216926575,5.476703643798828
36.58749532699585,5.4661865234375
36.59911918640137,5.498996734619141
36.61071228981018,5.574787139892578
36.62239599227905,5.646907806396484
36.63408589363098,5.5959625244140625
36.645792722702026,5.666782379150391
36.65748047828674,5.7331695556640625
36.66909217834473,5.827217102050781
36.680938959121704,5.810115814208984
36.69254684448242,5.151771545410156
36.704195737838745,5.28045654296875
36.71604776382446,5.331935882568359
36.72770619392395,5.296108245849609
36.73932361602783,5.215785980224609
36.751004457473755,4.564216613769531
36.76263093948364,4.621288299560547
36.77423620223999,4.580898284912109
36.785874128341675,4.570037841796875
36.797459840774536,4.557415008544922
36.809191942214966,4.574497222900391
36.820876598358154,4.6210479736328125
36.83252263069153,4.593807220458984
36.84420418739319,4.650482177734375
36.855912923812866,4.707416534423828
36.86762881278992,4.5422821044921875
36.87937688827515,4.543231964111328
36.89106011390686,4.580837249755859
36.902703285217285,4.626209259033203
36.91446018218994,4.6743316650390625
36.926162242889404,4.6459808349609375
36.93803882598877,4.4898529052734375
36.94970083236694,4.060234069824219
36.96141576766968,4.027858734130859
36.9731023311615,4.046661376953125
36.9847457408905,4.091434478759766
36.996477127075195,4.108356475830078
37.008161306381226,4.064830780029297
37.01982402801514,4.138023376464844
37.031485080718994,4.1633758544921875
37.043187618255615,4.2047882080078125
37.05485129356384,4.194419860839844
37.06656098365784,4.222511291503906
37.078184843063354,3.5432701110839844
37.08984923362732,3.5432701110839844
37.1014986038208,3.5432701110839844
37.113200664520264,3.5432701110839844
37.124906063079834,3.5432701110839844
37.136515855789185,3.5432701110839844
37.14821529388428,3.5432701110839844
37.15989947319031,3.5432701110839844
37.17158102989197,3.5432701110839844
37.18328142166138,3.5432701110839844
37.19499611854553,3.5432701110839844
37.206722259521484,3.5432701110839844
37.21841621398926,3.5432701110839844
37.23016691207886,3.5432701110839844
37.241881370544434,3.5432701110839844
37.25349426269531,3.5432701110839844
37.26508331298828,3.5432701110839844
37.276819944381714,3.487579345703125
37.288575172424316,3.431549072265625
37.30024456977844,3.431549072265625
37.31188488006592,3.431549072265625
37.32360911369324,3.431549072265625
37.33534216880798,3.431549072265625
37.34699773788452,3.431549072265625
37.35862636566162,3.431549072265625
37.37028479576111,3.431549072265625
37.38194489479065,3.431549072265625
37.393555641174316,3.431549072265625
37.40521264076233,3.431549072265625
37.41687774658203,3.431549072265625
37.42849254608154,3.3197860717773438
37.440160036087036,3.3197860717773438
37.451791524887085,3.3197860717773438
37.463500022888184,3.3197860717773438
37.475199699401855,3.3197860717773438
37.48684215545654,3.3197860717773438
37.49845623970032,3.3197860717773438
37.51014733314514,3.3197860717773438
37.52179741859436,3.3197860717773438
37.5335009098053,3.3197860717773438
37.54518508911133,3.3197860717773438
37.556832790374756,3.3197860717773438
37.568471908569336,3.3197860717773438
37.58015513420105,3.3197860717773438
37.591803789138794,3.3197860717773438
37.603520154953,3.3197860717773438
37.61522388458252,3.3197860717773438
37.62682127952576,3.3197860717773438
37.638431549072266,3.3197860717773438
37.65004801750183,3.3197860717773438
37.66163396835327,3.3197860717773438
37.67324471473694,3.3197860717773438
37.68483805656433,3.3197860717773438
37.69643187522888,3.3197860717773438
37.7080397605896,3.3197860717773438
37.719630002975464,3.3197860717773438
37.7312228679657,3.3197860717773438
37.74281597137451,3.3197860717773438
37.754432916641235,3.3197860717773438
37.766028881073,3.3197860717773438
37.777618169784546,3.3197860717773438
37.789222240448,3.3197860717773438
37.800816774368286,3.3197860717773438
37.81241059303284,3.3197860717773438
37.8240110874176,3.3197860717773438
37.835601806640625,3.3197860717773438
37.84720730781555,3.3197860717773438
37.858811140060425,3.3197860717773438
37.870413064956665,3.3197860717773438
37.882012367248535,3.3197860717773438
37.89360189437866,3.3197860717773438
37.90520977973938,3.3197860717773438
37.9167959690094,3.3197860717773438
37.92838907241821,3.3197860717773438
37.939996004104614,3.3197860717773438
37.95159935951233,3.3197860717773438
37.963207960128784,3.3197860717773438
37.974809408187866,3.3197860717773438
37.986417293548584,3.3197860717773438
37.99801826477051,3.3197860717773438
38.00960183143616,3.3197860717773438
38.021206855773926,3.3197860717773438
38.0327935218811,3.3197860717773438
38.04439830780029,3.3197860717773438
38.056023359298706,3.3197860717773438
38.06763243675232,3.3197860717773438
38.07925581932068,3.3197860717773438
38.090853214263916,3.3197860717773438
38.10246419906616,3.3197860717773438
38.11408352851868,3.3197860717773438
38.1256959438324,3.3197860717773438
38.13729238510132,3.3197860717773438
38.148905992507935,3.3197860717773438
38.16048789024353,3.3197860717773438
38.17210006713867,3.3197860717773438
38.18368458747864,3.3197860717773438
38.195290088653564,3.3197860717773438
38.20687222480774,3.3197860717773438
38.2184476852417,3.3197860717773438
38.230048179626465,3.3197860717773438
38.24162983894348,3.3197860717773438
38.253228425979614,3.3197860717773438
38.26482343673706,3.3197860717773438
38.27644395828247,3.3197860717773438
38.28805494308472,3.3197860717773438
38.29966878890991,3.3197860717773438
38.311299562454224,3.3197860717773438
38.322887897491455,3.3197860717773438
38.33445954322815,3.3197860717773438
38.34608268737793,3.3197860717773438
38.35768413543701,3.3197860717773438
38.36930251121521,3.3197860717773438
38.38088417053223,3.3197860717773438
38.39244747161865,3.3197860717773438
38.4040584564209,3.3197860717773438
38.415648221969604,3.3197860717773438
38.4272837638855,3.3197860717773438
38.43888521194458,3.3197860717773438
38.45047855377197,3.3197860717773438
38.46208643913269,3.3197860717773438
38.47368836402893,3.3197860717773438
38.48529863357544,3.3197860717773438
38.496880531311035,3.3197860717773438
38.508456230163574,3.3197860717773438
38.520058393478394,3.3197860717773438
38.531644105911255,3.3197860717773438
38.54324507713318,3.3197860717773438
38.554837226867676,3.3197860717773438
38.56645393371582,3.3197860717773438
38.57805871963501,3.3197860717773438
38.589648723602295,3.3197860717773438
38.60126328468323,3.3197860717773438
38.6128511428833,3.3197860717773438
38.62444996833801,3.3197860717773438
38.636056661605835,3.3197860717773438
38.64764904975891,3.3197860717773438
38.659252643585205,3.3197860717773438
38.67084002494812,3.3197860717773438
38.68245267868042,3.3197860717773438
38.694058895111084,3.3197860717773438
38.70564937591553,3.3197860717773438
38.71726369857788,3.3197860717773438
38.72885584831238,3.3197860717773438
38.74045491218567,3.3197860717773438
38.75205683708191,3.3197860717773438
38.76364707946777,3.3197860717773438
38.77525997161865,3.3197860717773438
38.78685212135315,3.3197860717773438
38.79845213890076,3.3197860717773438
38.810060024261475,3.3197860717773438
38.82164716720581,3.3197860717773438
38.83326268196106,3.3197860717773438
38.844852685928345,3.3197860717773438
38.85646152496338,3.3197860717773438
38.868067502975464,3.3197860717773438
38.87965369224548,3.238666534423828
38.891250133514404,3.208026885986328
38.9028422832489,3.208026885986328
38.91443657875061,3.208026885986328
38.92605662345886,3.208026885986328
38.937684297561646,3.208026885986328
38.94930124282837,3.208026885986328
38.961058139801025,3.208026885986328
38.972676038742065,3.208026885986328
38.984302043914795,3.208026885986328
38.9959032535553,3.208026885986328
39.007461071014404,3.208026885986328
39.019070625305176,3.208026885986328
39.03067660331726,3.208026885986328
39.042293548583984,3.208026885986328
39.05388641357422,3.208026885986328
39.065470933914185,3.208026885986328
39.07708930969238,3.208026885986328
39.088690757751465,3.208026885986328
39.100316286087036,3.208026885986328
39.11193060874939,3.2080307006835938
39.12353181838989,3.2080307006835938
39.13513159751892,3.2080307006835938
39.14675712585449,3.2080307006835938
39.15836048126221,3.2080307006835938
39.17000961303711,3.2080307006835938
39.18163847923279,3.2080307006835938
39.193254709243774,3.2080307006835938
39.204856395721436,3.2080307006835938
39.21646189689636,3.2080307006835938
39.22806668281555,3.2080307006835938
39.239656925201416,3.2080307006835938
39.2512629032135,3.2080307006835938
39.262858152389526,3.2080307006835938
39.274444818496704,3.2080307006835938
39.286064863204956,3.2080307006835938
39.29780340194702,3.2080307006835938
39.309404373168945,3.2080307006835938
39.32104277610779,3.2080307006835938
39.33263301849365,3.2080307006835938
39.34423518180847,3.2080307006835938
39.35583209991455,3.2080307006835938
39.3674430847168,3.2080307006835938
39.37904334068298,3.2080307006835938
39.390631914138794,3.2080307006835938
39.40227293968201,3.2080307006835938
39.413870096206665,3.2080307006835938
39.425453901290894,3.2080307006835938
39.43705105781555,3.2080307006835938
39.44864892959595,3.2080307006835938
39.46025490760803,3.2080307006835938
39.471884965896606,3.2080307006835938
39.48348331451416,3.2080307006835938
39.4950909614563,3.2080307006835938
39.506683349609375,3.2080307006835938
39.51828360557556,3.2080307006835938
39.52986192703247,3.2080307006835938
39.54145002365112,3.2080307006835938
39.55304288864136,3.2080307006835938
39.564637660980225,3.2080307006835938
39.576231479644775,3.2080307006835938
39.587815046310425,3.2080307006835938
39.599419832229614,3.2080307006835938
39.61103343963623,3.2080307006835938
39.62260460853577,3.2080307006835938
39.63420581817627,3.2080307006835938
39.64582061767578,3.2080307006835938
39.657440423965454,3.2080307006835938
39.669052600860596,3.2080307006835938
39.68062663078308,3.2080307006835938
39.69222402572632,3.2080307006835938
39.70380926132202,3.2080307006835938
39.71540427207947,3.2080307006835938
39.72699499130249,3.2080307006835938
39.73858690261841,3.2080307006835938
39.7501904964447,3.2080307006835938
39.76179099082947,3.2080307006835938
39.77339458465576,3.2080307006835938
39.784995317459106,3.2080307006835938
39.79658007621765,3.2080307006835938
39.8081796169281,3.2080307006835938
39.81977677345276,3.2080307006835938
39.83136463165283,3.2080307006835938
39.84295701980591,3.2080307006835938
39.854544162750244,3.2080307006835938
39.866137742996216,3.2080307006835938
39.87771391868591,3.2080307006835938
39.8893187046051,3.2080307006835938
39.900927782058716,3.2080307006835938
39.91251611709595,3.2080307006835938
39.924108266830444,3.1337890625
39.935694217681885,3.0962753295898438
39.94729256629944,3.0962753295898438
39.9588782787323,3.0962753295898438
39.97044277191162,3.0962753295898438
39.982043981552124,3.0962753295898438
39.99362349510193,3.0962753295898438
40.005216121673584,3.0962753295898438
40.01682257652283,3.0962753295898438
40.02842426300049,3.0962753295898438
40.04001712799072,3.0962753295898438
40.05161166191101,3.0962753295898438
40.06320667266846,3.0962753295898438
40.07478952407837,3.0962753295898438
40.08638954162598,3.0962753295898438
40.098005533218384,3.0962753295898438
40.109596490859985,3.0962753295898438
40.121193647384644,3.0962753295898438
40.13280153274536,3.0962753295898438
40.14442038536072,2.9845123291015625
40.15639591217041,2.9845123291015625
40.168309688568115,2.9845123291015625
40.180206537246704,2.9845123291015625
40.19210433959961,2.9845123291015625
40.20399284362793,2.9845123291015625
40.21586894989014,2.9845123291015625
40.22772550582886,2.9845123291015625
40.23960065841675,2.9845123291015625
40.251484870910645,2.9845123291015625
40.26337218284607,2.9845123291015625
40.27529335021973,2.9845123291015625
40.287187337875366,2.9845123291015625
40.29907274246216,2.9845123291015625
40.31096339225769,2.9845123291015625
40.322840213775635,2.9845123291015625
40.33472228050232,2.9845123291015625
40.34661245346069,2.9845123291015625
40.358497858047485,2.9845123291015625
40.370389461517334,2.9845123291015625
40.38230299949646,2.9845123291015625
40.39419937133789,2.9845123291015625
40.40609645843506,2.9845123291015625
40.41799974441528,2.9845123291015625
40.42987370491028,2.9845123291015625
40.44174289703369,2.910266876220703
40.45363783836365,2.872753143310547
40.46554112434387,2.872753143310547
40.47742056846619,2.872753143310547
40.48932075500488,2.872753143310547
40.5012092590332,2.872753143310547
40.51309657096863,2.872753143310547
40.52498483657837,2.872753143310547
40.53685402870178,2.872753143310547
40.54873466491699,2.872753143310547
40.560619831085205,2.872753143310547
40.57250499725342,2.872753143310547
40.584404945373535,2.872753143310547
40.59630560874939,2.872753143310547
40.608211040496826,2.872753143310547
40.620112657547,2.872753143310547
40.63200283050537,2.872753143310547
40.643878698349,2.872753143310547
40.65573263168335,2.872753143310547
40.66762852668762,2.872753143310547
40.679527759552,2.872753143310547
40.69142174720764,2.872753143310547
40.70332908630371,2.872753143310547
40.7152259349823,2.872753143310547
40.72711634635925,2.872753143310547
40.73901176452637,2.872753143310547
40.750903844833374,2.872753143310547
40.76279282569885,2.872753143310547
40.774720191955566,2.872753143310547
40.78662371635437,2.872753143310547
40.79854464530945,2.872753143310547
40.81045937538147,2.872753143310547
40.82238459587097,2.872753143310547
40.8342866897583,2.872753143310547
40.846174240112305,2.872753143310547
40.85810303688049,2.872753143310547
40.870004653930664,2.872753143310547
40.88188028335571,2.872753143310547
40.893731117248535,2.872753143310547
40.9056179523468,2.872753143310547
40.9175238609314,2.872753143310547
40.92941904067993,2.872753143310547
40.94130730628967,2.872753143310547
40.95320415496826,2.872753143310547
40.9650936126709,2.872753143310547
40.97700238227844,2.872753143310547
40.98889088630676,2.872753143310547
41.000739336013794,2.872753143310547
41.012643337249756,2.872753143310547
41.02453947067261,2.872753143310547
41.036444425582886,2.872753143310547
41.04835796356201,2.872753143310547
41.060253381729126,2.872753143310547
41.072173833847046,2.872753143310547
41.08408451080322,2.872753143310547
41.095988750457764,2.872753143310547
41.107874631881714,2.872753143310547
41.119750022888184,2.872753143310547
41.131645917892456,2.872753143310547
41.14355444908142,2.872753143310547
41.15547704696655,2.872753143310547
41.167442083358765,2.872753143310547
41.179338693618774,2.872753143310547
41.19124174118042,2.872753143310547
41.203139305114746,2.872753143310547
41.21502947807312,2.872753143310547
41.22692513465881,2.872753143310547
41.2387969493866,2.7985076904296875
41.250709533691406,2.7609939575195312
41.2625937461853,2.7609939575195312
41.274498462677,2.7609939575195312
41.28639841079712,2.7609939575195312
41.2982702255249,2.7609939575195312
41.31014966964722,2.7609939575195312
41.32202363014221,2.7609939575195312
41.33389091491699,2.7609939575195312
41.34573984146118,2.7609939575195312
41.35762286186218,2.7609939575195312
41.369518756866455,2.7609939575195312
41.38141393661499,2.7609939575195312
41.393303871154785,2.7609939575195312
41.405184745788574,2.7609939575195312
41.41706657409668,2.7609939575195312
41.42894768714905,2.7609939575195312
41.440821170806885,2.760997772216797
41.4527063369751,2.760997772216797
41.464603900909424,2.760997772216797
41.476505756378174,2.6818275451660156
41.488404512405396,2.6492347717285156
41.50029993057251,2.6492347717285156
41.51218938827515,2.6492347717285156
41.52406907081604,2.6492347717285156
41.53594493865967,2.6492347717285156
41.547812700271606,2.6492347717285156
41.55969047546387,2.6492347717285156
41.571574449539185,2.6492347717285156
41.583468198776245,2.6492347717285156
41.595367193222046,2.6492347717285156
41.607292890548706,2.6492347717285156
41.61918878555298,2.6492347717285156
41.63107776641846,2.6492347717285156
41.642969846725464,2.6492347717285156
41.65484118461609,2.6492347717285156
41.66671919822693,2.6492347717285156
41.67860794067383,2.6492347717285156
41.690505027770996,2.6492347717285156
41.702396631240845,2.5954551696777344
41.71430850028992,2.5374717712402344
41.72626447677612,2.5374717712402344
41.738152742385864,2.5374717712402344
41.75004720687866,2.5374717712402344
41.76194667816162,2.5374717712402344
41.773820638656616,2.5374717712402344
41.78570199012756,2.5374717712402344
41.79759931564331,2.5374717712402344
41.80949330329895,2.5374717712402344
41.82138514518738,2.5374717712402344
41.833287715911865,2.5374717712402344
41.84517216682434,2.5374717712402344
41.8571252822876,2.425708770751953
41.86901235580444,2.425708770751953
41.88088059425354,2.425708770751953
41.89272713661194,2.425708770751953
41.90461039543152,2.425708770751953
41.91649150848389,2.425708770751953
41.92854428291321,0.17985153198242188
41.9404354095459,0.17985153198242188
41.95228099822998,0.17985153198242188
41.964102268218994,0.17985153198242188
41.97592258453369,0.17985153198242188
41.98779225349426,0.17985153198242188
41.99962019920349,0.17985153198242188
42.01146459579468,0.17985153198242188
42.02329659461975,0.17985153198242188
42.03512239456177,0.17985153198242188
42.046966791152954,0.17985153198242188
42.05881643295288,0.17985153198242188
42.070640325546265,0.17985153198242188
42.08249258995056,0.17985153198242188
42.09327220916748,0.177978515625
42.104036808013916,0.177978515625
42.11479616165161,0.177978515625
42.12563133239746,0.177978515625
42.13638710975647,0.177978515625
42.14713788032532,0.177978515625
42.15787982940674,0.177978515625
42.16862773895264,0.17801666259765625
42.179381132125854,0.17801666259765625
42.190134048461914,0.17801666259765625
42.2008752822876,0.17801666259765625
42.21161437034607,0.17801666259765625
42.222389221191406,0.17805099487304688
42.23314046859741,0.17815399169921875
42.2438759803772,0.17815399169921875
42.25462198257446,0.17815399169921875
42.26538848876953,0.17815399169921875
42.276139974594116,0.17815399169921875
42.286885261535645,0.17815399169921875
42.29763054847717,0.17815399169921875
42.30839490890503,0.17815399169921875
42.319159746170044,0.17816162109375
42.32990097999573,0.17816543579101562
42.34065127372742,0.17816543579101562
42.35141038894653,0.17816543579101562
42.3621723651886,0.17635726928710938
42.372912645339966,0.17635726928710938
42.383673429489136,0.17635726928710938
42.3944365978241,0.17635726928710938
42.405194997787476,0.17635726928710938
42.415945529937744,0.17635726928710938
42.426684856414795,0.17635726928710938
42.43745040893555,0.17635726928710938
42.448201417922974,0.17635726928710938
42.4589581489563,0.17635726928710938
42.4696991443634,0.17635726928710938
42.48046636581421,0.17635726928710938
42.49122405052185,0.17635726928710938
42.50198268890381,0.17635726928710938
42.51272916793823,0.17635726928710938
42.52349495887756,0.17635726928710938
42.53424882888794,0.17635726928710938
42.54500460624695,0.17635726928710938
42.55575442314148,0.17635726928710938
42.566508054733276,0.17635726928710938
42.57725644111633,0.17635726928710938
42.588008642196655,0.17635726928710938
42.598753213882446,0.17635726928710938
42.609516620635986,0.17635726928710938
42.62027144432068,0.17635726928710938
42.63102865219116,0.17635726928710938
42.641782999038696,0.17635726928710938
42.65253782272339,0.17635726928710938
42.66329288482666,0.17635726928710938
42.67404627799988,0.17635726928710938
42.68478798866272,0.17635726928710938
42.69553780555725,0.17635726928710938
42.70629024505615,0.17635726928710938
42.71704030036926,0.17635726928710938
42.72778296470642,0.17635726928710938
42.738542556762695,0.17635726928710938
42.74929356575012,0.0
42.76005172729492,0.0
42.770790815353394,0.0
42.78153467178345,0.0
