t_sec,rss_gib
0.00928950309753418,0.007354736328125
0.02104473114013672,0.009784698486328125
0.03237104415893555,0.010288238525390625
0.04396843910217285,0.010791778564453125
0.055388689041137695,0.011287689208984375
0.0667123794555664,0.014530181884765625
0.07802057266235352,0.01861572265625
0.08954262733459473,0.01952362060546875
0.10085415840148926,0.020111083984375
0.11228370666503906,0.021175384521484375
0.12380337715148926,0.0217437744140625
0.13501334190368652,0.02199554443359375
0.14622116088867188,0.022613525390625
0.15752172470092773,0.02286529541015625
0.16886210441589355,0.02286529541015625
0.1801605224609375,0.02286529541015625
0.19144320487976074,0.02286529541015625
0.20273852348327637,0.02286529541015625
0.21403980255126953,0.02286529541015625
0.22547149658203125,0.02286529541015625
0.23665833473205566,0.02286529541015625
0.24792146682739258,0.02286529541015625
0.25943684577941895,0.02286529541015625
0.2707245349884033,0.023876190185546875
0.2822916507720947,0.024211883544921875
0.293701171875,0.02527618408203125
0.30499935150146484,0.026035308837890625
0.3162050247192383,0.026454925537109375
0.32740283012390137,0.027164459228515625
0.3386847972869873,0.027164459228515625
0.3504302501678467,0.027164459228515625
0.3618440628051758,0.027164459228515625
0.3731389045715332,0.027164459228515625
0.38451671600341797,0.027164459228515625
0.39571619033813477,0.027164459228515625
0.4069023132324219,0.027164459228515625
0.4183204174041748,0.027164459228515625
0.4298083782196045,0.027164459228515625
0.4409959316253662,0.027164459228515625
0.4521911144256592,0.027164459228515625
0.46341824531555176,0.027164459228515625
0.4748952388763428,0.027164459228515625
0.48642849922180176,0.027164459228515625
0.49791836738586426,0.027164459228515625
0.5091114044189453,0.02729034423828125
0.5203976631164551,0.02729034423828125
0.5316023826599121,0.02729034423828125
0.5432002544403076,0.02729034423828125
0.5544912815093994,0.02729034423828125
0.5658161640167236,0.02729034423828125
0.5771176815032959,0.02729034423828125
0.5884051322937012,0.02729034423828125
0.5998837947845459,0.02729034423828125
0.6110959053039551,0.02729034423828125
0.6224596500396729,0.02729034423828125
0.6336371898651123,0.02729034423828125
0.6448409557342529,0.02729034423828125
0.6562316417694092,0.02729034423828125
0.6675698757171631,0.027309417724609375
0.6787805557250977,0.027309417724609375
0.6902821063995361,0.027309417724609375
0.7016308307647705,0.027309417724609375
0.712824821472168,0.027309417724609375
0.724006175994873,0.027309417724609375
0.7353448867797852,0.027309417724609375
0.7466166019439697,0.027309417724609375
0.7577979564666748,0.027309417724609375
0.7693328857421875,0.027309417724609375
0.780703067779541,0.027309417724609375
0.7922756671905518,0.027309417724609375
0.8035874366760254,0.027309417724609375
0.815049409866333,0.027645111083984375
0.826329231262207,0.027645111083984375
0.8377764225006104,0.027645111083984375
0.8490626811981201,0.027645111083984375
0.8606226444244385,0.027645111083984375
0.872098445892334,0.027645111083984375
0.883385419845581,0.027645111083984375
0.8948392868041992,0.027645111083984375
0.9061481952667236,0.027645111083984375
0.9176318645477295,0.027645111083984375
0.9289922714233398,0.027645111083984375
0.9401936531066895,0.027645111083984375
0.9514608383178711,0.027645111083984375
0.9626576900482178,0.027645111083984375
0.9741044044494629,0.027645111083984375
0.9856264591217041,0.027645111083984375
0.9969112873077393,0.028011322021484375
1.0083937644958496,0.028469085693359375
1.0196788311004639,0.02984619140625
1.0309667587280273,0.02984619140625
1.0424354076385498,0.02984619140625
1.0537323951721191,0.02984619140625
1.0652029514312744,0.02984619140625
1.0764942169189453,0.02984619140625
1.087942123413086,0.02984619140625
1.09922194480896,0.02984619140625
1.110412359237671,0.02984619140625
1.1217076778411865,0.02984619140625
1.1329798698425293,0.02984619140625
1.1442677974700928,0.02984619140625
1.1555554866790771,0.02984619140625
1.1670291423797607,0.03021240234375
1.1783194541931152,0.03021240234375
1.189605951309204,0.03021240234375
1.200890302658081,0.03021240234375
1.2123229503631592,0.03046417236328125
1.2236104011535645,0.0307159423828125
1.2349011898040771,0.03171539306640625
1.2461977005004883,0.03232574462890625
1.257638931274414,0.03304290771484375
1.2689716815948486,0.0345306396484375
1.2802643775939941,0.037570953369140625
1.2915472984313965,0.037990570068359375
1.3028368949890137,0.03800201416015625
1.3142709732055664,0.038593292236328125
1.325777530670166,0.03890228271484375
1.3374905586242676,0.03936767578125
1.349066972732544,0.040111541748046875
1.3605122566223145,0.040111541748046875
1.3720569610595703,0.040111541748046875
1.3833379745483398,0.040111541748046875
1.3946335315704346,0.040111541748046875
1.4062142372131348,0.040111541748046875
1.417407751083374,0.040111541748046875
1.4287033081054688,0.040111541748046875
1.4400503635406494,0.040111541748046875
1.4515397548675537,0.040111541748046875
1.4628243446350098,0.040111541748046875
1.4741642475128174,0.040111541748046875
1.4856946468353271,0.040111541748046875
1.4970614910125732,0.040111541748046875
1.5084075927734375,0.040111541748046875
1.5196998119354248,0.04073333740234375
1.5309851169586182,0.040866851806640625
1.5422885417938232,0.0413055419921875
1.5535738468170166,0.04151153564453125
1.564882516860962,0.041988372802734375
1.5762615203857422,0.044094085693359375
1.5875492095947266,0.044467926025390625
1.5988399982452393,0.045223236083984375
1.6101408004760742,0.046352386474609375
1.6214289665222168,0.04740142822265625
1.6329624652862549,0.04740142822265625
1.6441574096679688,0.04740142822265625
1.6554369926452637,0.04740142822265625
1.6667251586914062,0.04740142822265625
1.6780056953430176,0.04740142822265625
1.6893985271453857,0.04740142822265625
1.7009999752044678,0.04740142822265625
1.7121989727020264,0.04740142822265625
1.723395824432373,0.04740142822265625
1.7346711158752441,0.04740142822265625
1.7458746433258057,0.04740142822265625
1.7573494911193848,0.04740142822265625
1.7686707973480225,0.04740142822265625
1.7802045345306396,0.04740142822265625
1.7913925647735596,0.04740142822265625
1.802652359008789,0.0476531982421875
1.814051628112793,0.04833984375
1.8252308368682861,0.051666259765625
1.8364291191101074,0.052654266357421875
1.8477990627288818,0.053417205810546875
1.8590824604034424,0.0539093017578125
1.8703677654266357,0.054401397705078125
1.881807565689087,0.05544281005859375
1.893385887145996,0.057464599609375
1.9045963287353516,0.0585174560546875
1.9160418510437012,0.059722900390625
1.9273061752319336,0.059722900390625
1.9387404918670654,0.06169891357421875
1.9500861167907715,0.0641937255859375
1.9613776206970215,0.06458663940429688
1.9726605415344238,0.06479644775390625
1.983947515487671,0.06540298461914062
1.995551347732544,0.06679916381835938
2.0069522857666016,0.06757736206054688
2.018218994140625,0.06757736206054688
2.029700994491577,0.06757736206054688
2.0410687923431396,0.06757736206054688
2.052354097366333,0.06757736206054688
2.063555955886841,0.06757736206054688
2.0747547149658203,0.06757736206054688
2.0859434604644775,0.06757736206054688
2.0971319675445557,0.06757736206054688
2.1083688735961914,0.06757736206054688
2.11972975730896,0.06757736206054688
2.131007671356201,0.06757736206054688
2.142542600631714,0.06757736206054688
2.1540567874908447,0.06757736206054688
2.165339231491089,0.06757736206054688
2.176645517349243,0.06757736206054688
2.187938690185547,0.06768417358398438
2.199338436126709,0.06865310668945312
2.2108347415924072,0.06899261474609375
2.222302198410034,0.06922149658203125
2.2335801124572754,0.06978607177734375
2.2448837757110596,0.07166671752929688
2.2562923431396484,0.07280731201171875
2.2678520679473877,0.07305908203125
2.2793657779693604,0.0745697021484375
2.290717840194702,0.07503128051757812
2.302011251449585,0.07503128051757812
2.3133583068847656,0.07503128051757812
2.3248555660247803,0.07503128051757812
2.336155652999878,0.07503128051757812
2.3474442958831787,0.07503128051757812
2.358768939971924,0.07503128051757812
2.3700110912323,0.07503128051757812
2.3814938068389893,0.07503128051757812
2.3927366733551025,0.07503128051757812
2.404184103012085,0.07503128051757812
2.415370225906372,0.07503128051757812
2.426939010620117,0.07503128051757812
2.4386956691741943,0.07503128051757812
2.449993848800659,0.07503128051757812
2.461296796798706,0.07503128051757812
2.4726040363311768,0.07503128051757812
2.484172821044922,0.075836181640625
2.495600700378418,0.07646560668945312
2.506986379623413,0.07747650146484375
2.518432140350342,0.079742431640625
2.5297303199768066,0.08091354370117188
2.541022777557373,0.081939697265625
2.5523171424865723,0.0822296142578125
2.5638315677642822,0.0822296142578125
2.575132131576538,0.0822296142578125
2.5864174365997314,0.0822296142578125
2.5977017879486084,0.0822296142578125
2.6090352535247803,0.0822296142578125
2.6202898025512695,0.0822296142578125
2.631678819656372,0.0822296142578125
2.643129348754883,0.0822296142578125
2.654653310775757,0.0822296142578125
2.6659469604492188,0.0822296142578125
2.677321672439575,0.0822296142578125
2.6886112689971924,0.0822296142578125
2.699817657470703,0.0822296142578125
2.7112443447113037,0.08408737182617188
2.7226006984710693,0.08408737182617188
2.7340476512908936,0.08408737182617188
2.745620012283325,0.08408737182617188
2.757094621658325,0.08408737182617188
2.7683799266815186,0.08408737182617188
2.779672145843506,0.08408737182617188
2.7909672260284424,0.08495712280273438
2.802279233932495,0.08520889282226562
2.8137526512145996,0.08546066284179688
2.8250441551208496,0.08571243286132812
2.8364460468292236,0.08571243286132812
2.8479654788970947,0.08596420288085938
2.859257221221924,0.08596420288085938
2.8706841468811035,0.08596420288085938
2.882312774658203,0.08596420288085938
2.8936963081359863,0.08596420288085938
2.907167673110962,0.08596420288085938
2.9190053939819336,0.08596420288085938
2.9303507804870605,0.08678054809570312
2.941662073135376,0.0872802734375
2.953134059906006,0.088287353515625
2.964487075805664,0.08864974975585938
2.9757795333862305,0.08890151977539062
2.987243413925171,0.08890151977539062
2.998544216156006,0.08890151977539062
3.009838581085205,0.08890151977539062
3.021130323410034,0.08890151977539062
3.0324175357818604,0.08890151977539062
3.043717384338379,0.08890151977539062
3.0552170276641846,0.08890151977539062
3.0665862560272217,0.08890151977539062
3.0778696537017822,0.08890151977539062
3.0893521308898926,0.08890151977539062
3.1006858348846436,0.08890151977539062
3.112227439880371,0.08890151977539062
3.1236751079559326,0.08890151977539062
3.1352477073669434,0.08890151977539062
3.1465442180633545,0.08890151977539062
3.157876968383789,0.08890151977539062
3.1693942546844482,0.08890151977539062
3.180685043334961,0.08890151977539062
3.1920056343078613,0.08890151977539062
3.2034506797790527,0.08890151977539062
3.2147722244262695,0.08890151977539062
3.2260823249816895,0.08890151977539062
3.2373266220092773,0.08890151977539062
3.2486331462860107,0.08890151977539062
3.2599799633026123,0.08890151977539062
3.2715280055999756,0.08890151977539062
3.2828073501586914,0.08890151977539062
3.294142961502075,0.08890151977539062
3.3056490421295166,0.08890151977539062
3.3169400691986084,0.08890151977539062
3.3282310962677,0.08890151977539062
3.339721918106079,0.08890151977539062
3.351104974746704,0.08890151977539062
3.3623905181884766,0.08924484252929688
3.3736817836761475,0.08924484252929688
3.3850860595703125,0.08924484252929688
3.39638614654541,0.08924484252929688
3.4078192710876465,0.08924484252929688
3.4192023277282715,0.08924484252929688
3.430490255355835,0.08924484252929688
3.4419307708740234,0.08924484252929688
3.4533112049102783,0.08924484252929688
3.4648525714874268,0.08924484252929688
3.4762535095214844,0.08924484252929688
3.4874494075775146,0.08924484252929688
3.498732566833496,0.08924484252929688
3.5100255012512207,0.08924484252929688
3.5213239192962646,0.08924484252929688
3.532654285430908,0.08924484252929688
3.5439515113830566,0.08924484252929688
3.5552585124969482,0.08924484252929688
3.566599130630493,0.08924484252929688
3.5778846740722656,0.08924484252929688
3.58917236328125,0.08964157104492188
3.60070538520813,0.09010696411132812
3.612151861190796,0.0914459228515625
3.6238160133361816,0.09169769287109375
3.6351006031036377,0.09334945678710938
3.6463892459869385,0.09334945678710938
3.657960891723633,0.09334945678710938
3.669266939163208,0.09410476684570312
3.680673837661743,0.09510040283203125
3.6919515132904053,0.09560394287109375
3.703447103500366,0.095855712890625
3.7148122787475586,0.095855712890625
3.7263264656066895,0.095855712890625
3.7376062870025635,0.095855712890625
3.748929262161255,0.095855712890625
3.760215997695923,0.095855712890625
3.7715048789978027,0.095855712890625
3.783050298690796,0.095855712890625
3.794503688812256,0.095855712890625
3.806015968322754,0.095855712890625
3.8172824382781982,0.095855712890625
3.828742742538452,0.095855712890625
3.840085983276367,0.095855712890625
3.851616382598877,0.095855712890625
3.862894296646118,0.095855712890625
3.874220848083496,0.095855712890625
3.88551664352417,0.095855712890625
3.8968019485473633,0.0963592529296875
3.9081737995147705,0.0963592529296875
3.919451951980591,0.0963592529296875
3.930742025375366,0.0963592529296875
3.942157506942749,0.09711456298828125
3.953442335128784,0.0973663330078125
3.9647305011749268,0.097869873046875
3.976012945175171,0.0983734130859375
3.9872946739196777,0.0983734130859375
3.998753786087036,0.0983734130859375
4.010184288024902,0.0983734130859375
4.021529674530029,0.0983734130859375
4.033023357391357,0.0983734130859375
4.044297933578491,0.0983734130859375
4.055623769760132,0.0983734130859375
4.067120313644409,0.0983734130859375
4.078630447387695,0.0983734130859375
4.089808225631714,0.0983734130859375
4.101320505142212,0.0983734130859375
4.112607717514038,0.0983734130859375
4.1238853931427,0.0983734130859375
4.135170936584473,0.09912872314453125
4.14672327041626,0.09967422485351562
4.158004999160767,0.09967422485351562
4.169301986694336,0.10028457641601562
4.180862903594971,0.10053634643554688
4.192650318145752,0.10053634643554688
4.203954458236694,0.10103988647460938
4.2156476974487305,0.10129165649414062
4.2269532680511475,0.10154342651367188
4.238579511642456,0.10204696655273438
4.249867916107178,0.10255050659179688
4.261759281158447,0.10280227661132812
4.27305006980896,0.10305404663085938
4.284536123275757,0.10355758666992188
4.295902729034424,0.10355758666992188
4.307196855545044,0.10355758666992188
4.318812608718872,0.10355758666992188
4.330108404159546,0.10355758666992188
4.341384649276733,0.10355758666992188
4.352666854858398,0.10355758666992188
4.36395001411438,0.10355758666992188
4.37550950050354,0.10355758666992188
4.386929035186768,0.10355758666992188
4.398212194442749,0.10355758666992188
4.409489631652832,0.10355758666992188
4.420914888381958,0.10355758666992188
4.432465553283691,0.10355758666992188
4.4437644481658936,0.10355758666992188
4.4550652503967285,0.10355758666992188
4.466359376907349,0.10355758666992188
4.477638006210327,0.10355758666992188
4.48892068862915,0.10355758666992188
4.5002124309539795,0.10355758666992188
4.511505126953125,0.10355758666992188
4.52279257774353,0.10355758666992188
4.534080982208252,0.10355758666992188
4.545649766921997,0.10355758666992188
4.556926012039185,0.10355758666992188
4.568211793899536,0.10355758666992188
4.579495191574097,0.10355758666992188
4.591022968292236,0.10355758666992188
4.602571249008179,0.1037750244140625
4.614020824432373,0.1037750244140625
4.625308036804199,0.1037750244140625
4.636584043502808,0.1037750244140625
4.647867202758789,0.1037750244140625
4.659152984619141,0.1037750244140625
4.670547962188721,0.1037750244140625
4.682100772857666,0.1037750244140625
4.693386793136597,0.1037750244140625
4.704952716827393,0.1037750244140625
4.7162699699401855,0.1037750244140625
4.727734327316284,0.1037750244140625
4.739023923873901,0.1037750244140625
4.750438928604126,0.1037750244140625
4.761805057525635,0.1037750244140625
4.773102283477783,0.1037750244140625
4.784383296966553,0.1037750244140625
4.795938014984131,0.1037750244140625
4.807403087615967,0.1037750244140625
4.818865776062012,0.1037750244140625
4.830343008041382,0.1037750244140625
4.841635465621948,0.1037750244140625
4.853102684020996,0.1037750244140625
4.864390850067139,0.1037750244140625
4.875675439834595,0.1037750244140625
4.887204170227051,0.1037750244140625
4.898494243621826,0.1037750244140625
4.9097740650177,0.10427474975585938
4.921127557754517,0.10427474975585938
4.932422161102295,0.10452651977539062
4.943707704544067,0.10477828979492188
4.955101728439331,0.10528182983398438
4.966385364532471,0.10578536987304688
4.977665424346924,0.10603713989257812
4.989032030105591,0.10679244995117188
5.000334024429321,0.1092529296875
5.011765956878662,0.10950469970703125
5.023046016693115,0.11027908325195312
5.034323453903198,0.11078262329101562
5.045598983764648,0.11232757568359375
5.056873083114624,0.11232757568359375
5.068284273147583,0.11232757568359375
5.079782724380493,0.11232757568359375
5.0910704135894775,0.11232757568359375
5.102356195449829,0.11232757568359375
5.11364483833313,0.11232757568359375
5.124945402145386,0.11232757568359375
5.136367559432983,0.11232757568359375
5.147655963897705,0.11232757568359375
5.1589367389678955,0.11232757568359375
5.170230865478516,0.11232757568359375
5.181795597076416,0.11232757568359375
5.193079710006714,0.11232757568359375
5.204332113265991,0.11232757568359375
5.215797185897827,0.11232757568359375
5.227280616760254,0.11319732666015625
5.238680601119995,0.11441802978515625
5.249983787536621,0.11542510986328125
5.261464357376099,0.11643218994140625
5.272763729095459,0.11691665649414062
5.2840495109558105,0.11898040771484375
5.295323371887207,0.12022018432617188
5.306869268417358,0.12072372436523438
5.318156003952026,0.12097549438476562
5.329604387283325,0.12173080444335938
5.34089469909668,0.12243270874023438
5.35218071937561,0.12343978881835938
5.363635301589966,0.12369155883789062
5.374917507171631,0.12369155883789062
5.386206865310669,0.12369155883789062
5.397484540939331,0.12369155883789062
5.408879041671753,0.12369155883789062
5.420464277267456,0.12369155883789062
5.431827068328857,0.12369155883789062
5.4432666301727295,0.12369155883789062
5.454744100570679,0.12369155883789062
5.466296911239624,0.12369155883789062
5.477569580078125,0.12369155883789062
5.488838195800781,0.12369155883789062
5.500447750091553,0.12369155883789062
5.51172399520874,0.12369155883789062
5.5232994556427,0.12369155883789062
5.5348052978515625,0.12369155883789062
5.546080827713013,0.12369155883789062
5.557312965393066,0.12369155883789062
5.568846702575684,0.12369155883789062
5.580235242843628,0.12369155883789062
5.591783285140991,0.12369155883789062
5.603159189224243,0.12394332885742188
5.614443063735962,0.12394332885742188
5.625888824462891,0.12394332885742188
5.637253999710083,0.12394332885742188
5.648818254470825,0.12394332885742188
5.660218238830566,0.12394332885742188
5.6714959144592285,0.12394332885742188
5.682766675949097,0.12394332885742188
5.694240570068359,0.12394332885742188
5.705513000488281,0.12394332885742188
5.716788053512573,0.12394332885742188
5.728060960769653,0.12394332885742188
5.739328384399414,0.12394332885742188
5.750609397888184,0.12394332885742188
5.762165069580078,0.12394332885742188
5.773578643798828,0.12394332885742188
5.7848896980285645,0.12394332885742188
5.796380519866943,0.12394332885742188
5.807873249053955,0.124755859375
5.8193135261535645,0.12578964233398438
5.830706596374512,0.12629318237304688
5.8420069217681885,0.12629318237304688
5.853296518325806,0.12679672241210938
5.8645710945129395,0.12730026245117188
5.87584662437439,0.12805557250976562
5.887383460998535,0.12805557250976562
5.898779630661011,0.12805557250976562
5.9104228019714355,0.12805557250976562
5.9216954708099365,0.12805557250976562
5.932967662811279,0.12805557250976562
5.94449782371521,0.12805557250976562
5.955772638320923,0.12805557250976562
5.967047929763794,0.12805557250976562
5.978720188140869,0.12805557250976562
5.9900062084198,0.12805557250976562
6.001305103302002,0.12805557250976562
6.012585163116455,0.12805557250976562
6.023869037628174,0.12805557250976562
6.035428285598755,0.12805557250976562
6.04671573638916,0.12805557250976562
6.057997465133667,0.12805557250976562
6.0692760944366455,0.12805557250976562
6.080548048019409,0.12805557250976562
6.09199857711792,0.12805557250976562
6.103532314300537,0.12805557250976562
6.115004539489746,0.12855911254882812
6.126360177993774,0.12931442260742188
6.137635231018066,0.12956619262695312
6.149111747741699,0.13032150268554688
6.1606621742248535,0.13057327270507812
6.172138214111328,0.13132858276367188
6.183489084243774,0.13158035278320312
6.195006608963013,0.13183212280273438
6.206557035446167,0.13427352905273438
6.217830419540405,0.13427352905273438
6.229121685028076,0.13427352905273438
6.240626811981201,0.13427352905273438
6.251821279525757,0.13427352905273438
6.263134002685547,0.13427352905273438
6.274684906005859,0.13427352905273438
6.285968065261841,0.13427352905273438
6.297255992889404,0.13427352905273438
6.308542728424072,0.13427352905273438
6.3201234340667725,0.13427352905273438
6.331542015075684,0.13427352905273438
6.342827796936035,0.13427352905273438
6.354346990585327,0.13459014892578125
6.36562967300415,0.13497161865234375
6.376908779144287,0.13547515869140625
6.388204097747803,0.13547515869140625
6.3995583057403564,0.13547515869140625
6.41084361076355,0.1357269287109375
6.422386646270752,0.1357269287109375
6.433667898178101,0.13597869873046875
6.444946527481079,0.13597869873046875
6.456245183944702,0.13623046875
6.467522144317627,0.13648223876953125
6.478802442550659,0.13785171508789062
6.490080118179321,0.14003372192382812
6.501317977905273,0.14120864868164062
6.512603044509888,0.14191436767578125
6.524169683456421,0.14191436767578125
6.535451889038086,0.14191436767578125
6.546635866165161,0.14191436767578125
6.557816982269287,0.14191436767578125
6.569433212280273,0.14191436767578125
6.580615520477295,0.14191436767578125
6.591791391372681,0.14191436767578125
6.603276252746582,0.14191436767578125
6.614725828170776,0.14191436767578125
6.625903606414795,0.14191436767578125
6.637459993362427,0.14262771606445312
6.648949861526489,0.14262771606445312
6.660324335098267,0.14262771606445312
6.6718761920928955,0.14262771606445312
6.683166265487671,0.14262771606445312
6.694716453552246,0.14262771606445312
6.706176996231079,0.14262771606445312
6.7177770137786865,0.143646240234375
6.729051351547241,0.14503097534179688
6.740673303604126,0.14528274536132812
6.7521703243255615,0.14528274536132812
6.76371955871582,0.14578628540039062
6.775014877319336,0.14596939086914062
6.786310911178589,0.14596939086914062
6.797586679458618,0.14596939086914062
6.80904221534729,0.14596939086914062
6.820315599441528,0.14596939086914062
6.831605911254883,0.14596939086914062
6.842900037765503,0.14596939086914062
6.8543877601623535,0.14596939086914062
6.865944862365723,0.14596939086914062
6.877420425415039,0.14596939086914062
6.888967990875244,0.14596939086914062
6.900420904159546,0.14596939086914062
6.911625623703003,0.14596939086914062
6.923196792602539,0.14596939086914062
6.9344775676727295,0.14596939086914062
6.946051836013794,0.14596939086914062
6.957309246063232,0.14596939086914062
6.96858549118042,0.14596939086914062
6.979861497879028,0.14596939086914062
6.991150140762329,0.14596939086914062
7.0025763511657715,0.14686965942382812
7.014125108718872,0.14691925048828125
7.025636196136475,0.14748001098632812
7.036918878555298,0.14773178100585938
7.048201084136963,0.14773178100585938
7.059889316558838,0.14773178100585938
7.071208953857422,0.14773178100585938
7.082491159439087,0.14773178100585938
7.093775749206543,0.14773178100585938
7.105329513549805,0.14773178100585938
7.116606712341309,0.14773178100585938
7.127959489822388,0.14773178100585938
7.139578342437744,0.14773178100585938
7.151291608810425,0.14798355102539062
7.162836074829102,0.14798355102539062
7.174546003341675,0.14798355102539062
7.18583869934082,0.14798355102539062
7.197129487991333,0.14798355102539062
7.208629608154297,0.14798355102539062
7.21990704536438,0.14798355102539062
7.2311882972717285,0.14798355102539062
7.242466449737549,0.14798355102539062
7.253750562667847,0.14798355102539062
7.265035629272461,0.14798355102539062
7.276315450668335,0.14798355102539062
7.287597894668579,0.14798355102539062
7.2988691329956055,0.14798355102539062
7.310145378112793,0.14798355102539062
7.32143497467041,0.14798355102539062
7.332714557647705,0.14798355102539062
7.34403395652771,0.14798355102539062
7.355351686477661,0.14798355102539062
7.366903781890869,0.14798355102539062
7.3781960010528564,0.14798355102539062
7.389475345611572,0.14798355102539062
7.400769233703613,0.14798355102539062
7.412158012390137,0.14798355102539062
7.423577547073364,0.14798355102539062
7.434854745864868,0.14798355102539062
7.446141004562378,0.14798355102539062
7.457433223724365,0.14875030517578125
7.468721151351929,0.1492462158203125
7.480006217956543,0.15214920043945312
7.491292715072632,0.15398788452148438
7.502777099609375,0.15398788452148438
7.514058828353882,0.15398788452148438
7.5253143310546875,0.15398788452148438
7.536586284637451,0.15398788452148438
7.547959089279175,0.15398788452148438
7.559237241744995,0.15398788452148438
7.570738792419434,0.15398788452148438
7.582107782363892,0.15398788452148438
7.593395233154297,0.15398788452148438
7.604677677154541,0.15398788452148438
7.615963697433472,0.15398788452148438
7.6276679039001465,0.15398788452148438
7.63895320892334,0.15398788452148438
7.650241136550903,0.15398788452148438
7.661525726318359,0.15398788452148438
7.672807455062866,0.15398788452148438
7.684081554412842,0.15398788452148438
7.6953794956207275,0.15398788452148438
7.706657648086548,0.15398788452148438
7.7179577350616455,0.15446853637695312
7.729250431060791,0.15446853637695312
7.740530490875244,0.15446853637695312
7.75202751159668,0.15446853637695312
7.763312578201294,0.15446853637695312
7.774599552154541,0.15446853637695312
7.786094427108765,0.15446853637695312
7.797638893127441,0.15446853637695312
7.809062242507935,0.15446853637695312
7.82039213180542,0.15446853637695312
7.831664085388184,0.15446853637695312
7.842942953109741,0.1548309326171875
7.854234933853149,0.15558242797851562
7.865523338317871,0.15608596801757812
7.877078533172607,0.15681838989257812
7.888320446014404,0.157470703125
7.899603605270386,0.1582794189453125
7.910898923873901,0.15898895263671875
7.922188758850098,0.16010665893554688
7.933469295501709,0.16035842895507812
7.944748163223267,0.16035842895507812
7.956025123596191,0.16035842895507812
7.967308759689331,0.16035842895507812
7.978593349456787,0.16035842895507812
7.989880800247192,0.16035842895507812
8.001183271408081,0.16035842895507812
8.012462615966797,0.16035842895507812
8.02373719215393,0.16035842895507812
8.035007953643799,0.16035842895507812
8.0462965965271,0.16035842895507812
8.057589054107666,0.16035842895507812
8.069144248962402,0.16035842895507812
8.080431938171387,0.16035842895507812
8.091707706451416,0.16035842895507812
8.102983474731445,0.16035842895507812
8.114266157150269,0.16035842895507812
8.125546216964722,0.16061019897460938
8.136959791183472,0.16086196899414062
8.148534536361694,0.16111373901367188
8.159968614578247,0.16238021850585938
8.171559810638428,0.16329574584960938
8.18299150466919,0.16329574584960938
8.194461345672607,0.16329574584960938
8.205746173858643,0.16329574584960938
8.217121601104736,0.16329574584960938
8.228444814682007,0.16329574584960938
8.239937782287598,0.16329574584960938
8.251484155654907,0.16329574584960938
8.262760162353516,0.16329574584960938
8.274197816848755,0.16329574584960938
8.285477638244629,0.16329574584960938
8.296976327896118,0.16329574584960938
8.308357954025269,0.16329574584960938
8.319645881652832,0.16329574584960938
8.3311288356781,0.16329574584960938
8.342602491378784,0.16329574584960938
8.353884220123291,0.16329574584960938
8.365164518356323,0.16357803344726562
8.376546859741211,0.16382980346679688
8.388081789016724,0.16458511352539062
8.399498224258423,0.16508865356445312
8.41078495979309,0.16884231567382812
8.42227840423584,0.16946029663085938
8.433552980422974,0.1700286865234375
8.444859266281128,0.1700286865234375
8.456140995025635,0.1700286865234375
8.46741795539856,0.1700286865234375
8.47869062423706,0.1700286865234375
8.490236759185791,0.1700286865234375
8.501510858535767,0.1700286865234375
8.513065099716187,0.1700286865234375
8.524456262588501,0.1700286865234375
8.535982131958008,0.1700286865234375
8.547267436981201,0.1700286865234375
8.558714151382446,0.17038726806640625
8.570048570632935,0.17069244384765625
8.581333875656128,0.171661376953125
8.592617750167847,0.17517471313476562
8.604082584381104,0.17577743530273438
8.615316152572632,0.17627334594726562
8.626595973968506,0.17652511596679688
8.638158321380615,0.17652511596679688
8.649660348892212,0.17652511596679688
8.660943508148193,0.17677688598632812
8.6737802028656,0.2971649169921875
8.689038276672363,0.8937301635742188
8.701735258102417,1.19403076171875
8.713503122329712,1.1951217651367188
8.754931688308716,1.1951217651367188
8.766712427139282,1.1967430114746094
8.854975700378418,1.197723388671875
8.867081880569458,1.1986503601074219
8.954758644104004,1.2006492614746094
8.96675181388855,1.2023887634277344
9.055022239685059,1.2033729553222656
9.06689739227295,1.2053413391113281
9.154967784881592,1.2059707641601562
9.166895627975464,1.2076072692871094
9.178680419921875,1.2076072692871094
9.190422058105469,1.2076072692871094
9.20215892791748,1.2076072692871094
9.213882446289062,1.2076072692871094
9.225808382034302,1.2076072692871094
9.237725019454956,1.2076072692871094
9.249522686004639,1.2076072692871094
9.26149296760559,1.2348251342773438
9.27356505393982,1.4471588134765625
9.354787111282349,1.6506919860839844
9.367125034332275,1.6828269958496094
9.455127239227295,1.7999305725097656
9.467389583587646,1.8689384460449219
9.554975748062134,1.8942184448242188
9.566901206970215,1.6154594421386719
9.654899835586548,1.7283172607421875
9.66679835319519,1.8876953125
9.754639387130737,1.7351036071777344
9.766493082046509,1.8124313354492188
9.855051040649414,1.72137451171875
9.866985559463501,1.7974929809570312
9.955452919006348,1.7331352233886719
9.96741771697998,1.8659477233886719
10.054641485214233,1.9081611633300781
10.066911220550537,2.177722930908203
10.155559062957764,2.426280975341797
10.167489051818848,2.4121360778808594
10.254638671875,2.5887413024902344
10.266549348831177,2.3973464965820312
10.354761362075806,2.3747100830078125
10.366958856582642,2.5027847290039062
10.455046653747559,2.5004501342773438
10.466961860656738,2.531261444091797
10.5551118850708,2.4909706115722656
10.567133903503418,2.642536163330078
10.654916286468506,2.629962921142578
10.666832685470581,2.9043960571289062
10.754829168319702,3.1203651428222656
10.766713380813599,3.114215850830078
10.854940176010132,3.252483367919922
10.86693525314331,3.309558868408203
10.955444097518921,3.207386016845703
10.967442989349365,3.2087631225585938
11.054641723632812,3.3002662658691406
11.066560506820679,3.2329788208007812
11.154709577560425,3.328887939453125
11.166606426239014,3.3121910095214844
11.254628419876099,3.4410858154296875
11.266719818115234,3.1504249572753906
11.354638576507568,3.265697479248047
11.366604089736938,3.266265869140625
11.454634428024292,3.2667770385742188
11.466615676879883,3.2629547119140625
11.554797410964966,3.3485488891601562
11.566769123077393,3.4206771850585938
11.6547110080719,3.4750099182128906
11.66702651977539,3.520038604736328
11.75493311882019,3.6018638610839844
11.766714811325073,3.6185836791992188
11.85462498664856,3.360748291015625
11.866657733917236,3.56396484375
11.954819917678833,3.337574005126953
11.966919183731079,3.4605064392089844
12.055780172348022,3.5597877502441406
12.067667484283447,3.541606903076172
12.154786825180054,3.5933799743652344
12.166912078857422,3.5861968994140625
12.255676507949829,3.643260955810547
12.267595767974854,3.735565185546875
12.354664325714111,3.7703399658203125
12.367281675338745,3.755359649658203
12.454772233963013,3.797454833984375
12.466754913330078,3.834270477294922
12.555303812026978,3.830371856689453
12.567101240158081,3.9805641174316406
12.654814004898071,3.904521942138672
12.666704416275024,3.707427978515625
12.754829406738281,3.7371177673339844
12.766825437545776,3.747020721435547
12.854911804199219,3.5871200561523438
12.867305755615234,3.6521034240722656
12.954985618591309,3.6435279846191406
12.967503547668457,3.788532257080078
13.05477523803711,3.797924041748047
13.066742658615112,3.8746070861816406
13.155414819717407,3.7946929931640625
13.167327165603638,3.712818145751953
13.254777431488037,3.8125762939453125
13.266722917556763,3.590564727783203
13.354774236679077,3.7683563232421875
13.366663217544556,3.7794342041015625
13.454877138137817,3.7055816650390625
13.466845750808716,3.8076400756835938
13.555053949356079,3.8783912658691406
13.567262172698975,3.8524627685546875
13.655110120773315,3.7374649047851562
13.667199611663818,3.5797157287597656
13.754782438278198,3.7510108947753906
13.76698899269104,3.7796707153320312
13.855345964431763,3.7378883361816406
13.867414474487305,3.882781982421875
13.954741954803467,3.8984146118164062
13.966855525970459,3.7844810485839844
14.054851531982422,3.6618804931640625
14.066805601119995,3.745807647705078
14.154849767684937,3.722747802734375
14.166820764541626,3.602184295654297
14.255528688430786,3.8451080322265625
14.2674720287323,3.8078689575195312
14.354925155639648,3.859405517578125
14.367585182189941,3.7930908203125
14.454744100570679,3.775470733642578
14.466766834259033,3.6914710998535156
14.55501937866211,3.7410964965820312
14.567063808441162,3.6575088500976562
14.654995918273926,3.764812469482422
14.6675283908844,3.825916290283203
14.75468635559082,3.8648910522460938
14.766905307769775,3.639739990234375
14.85515809059143,3.595001220703125
14.867164373397827,3.7586402893066406
14.954761981964111,3.7976722717285156
14.966827630996704,3.846698760986328
15.054795742034912,3.9268264770507812
15.072702884674072,3.6687889099121094
15.159345388412476,3.7661590576171875
15.175932168960571,3.704822540283203
15.257465600967407,3.8138961791992188
15.269519329071045,3.9194488525390625
15.354666233062744,3.9002532958984375
15.366548299789429,3.6685028076171875
15.455280780792236,3.758960723876953
15.47240161895752,3.6896286010742188
15.558863639831543,3.7994461059570312
15.576438903808594,3.8205642700195312
15.657397985458374,3.6929359436035156
15.669399738311768,3.6524200439453125
15.754806518554688,3.743358612060547
15.767050743103027,3.822734832763672
15.854737758636475,3.7802391052246094
15.866824388504028,3.6781349182128906
15.954751253128052,3.6251678466796875
15.966650009155273,3.730152130126953
16.055949687957764,3.8479690551757812
16.073432207107544,3.8017539978027344
16.159147262573242,3.7457847595214844
16.175166606903076,3.7395401000976562
16.255276918411255,3.7268753051757812
16.267287969589233,3.8851318359375
16.35541605949402,3.9070587158203125
16.36735725402832,3.672992706298828
16.37932848930359,3.7789993286132812
16.455077171325684,3.7965774536132812
16.46703267097473,3.5661468505859375
16.555517196655273,3.7616004943847656
16.56743049621582,3.91412353515625
16.655220985412598,3.769256591796875
16.667171955108643,3.5926132202148438
16.679035902023315,3.5892601013183594
16.75504159927368,3.6207351684570312
16.766907930374146,3.7746543884277344
16.85508155822754,3.777484893798828
16.86704421043396,3.7575302124023438
16.95543336868286,3.6355819702148438
16.967409372329712,3.638629913330078
16.97934079170227,3.7179641723632812
16.991094827651978,3.7179641723632812
17.055392265319824,3.7271995544433594
17.067291975021362,3.875164031982422
17.154650688171387,3.7655372619628906
17.16679334640503,3.760040283203125
17.254984140396118,3.78802490234375
17.266990423202515,3.693744659423828
17.35535168647766,3.8666419982910156
17.36737823486328,3.8240280151367188
17.454777479171753,3.7149200439453125
17.46704077720642,3.744659423828125
17.55464196205139,3.7328529357910156
17.566974401474,3.762928009033203
17.655130863189697,3.8400840759277344
17.66706919670105,3.778430938720703
17.754972457885742,3.760059356689453
17.767019987106323,3.7103538513183594
17.85559368133545,3.7536163330078125
17.867602825164795,3.8270530700683594
17.879427909851074,3.7813644409179688
17.956161737442017,3.7616615295410156
17.96838402748108,3.741138458251953
18.054871320724487,3.7968292236328125
18.067302942276,3.6358718872070312
18.154638290405273,3.723297119140625
18.16670513153076,3.9263153076171875
18.254804372787476,3.8014488220214844
18.266724586486816,3.646526336669922
18.35512685775757,3.670635223388672
18.36712646484375,3.8274078369140625
18.45506525039673,3.9573631286621094
18.46699047088623,3.6494674682617188
18.55511713027954,3.7640342712402344
18.566985368728638,3.7726478576660156
18.655579805374146,3.874645233154297
18.66817021369934,3.747333526611328
18.75466561317444,3.6333656311035156
18.76656723022461,3.830951690673828
18.854785442352295,3.7362823486328125
18.866886615753174,3.7641525268554688
18.95478868484497,3.8182601928710938
18.966878652572632,3.836772918701172
19.055598497390747,3.7536544799804688
19.072898626327515,3.817279815673828
19.1593234539032,3.7547645568847656
19.175699710845947,3.82891845703125
19.254868030548096,3.8636436462402344
19.272181272506714,3.8011131286621094
19.35845947265625,3.6705856323242188
19.371601343154907,3.7925071716308594
19.45482087135315,3.8802757263183594
19.467067003250122,3.86822509765625
19.55464792251587,3.7070045471191406
19.572211980819702,3.6900291442871094
19.65847897529602,3.6405029296875
19.754810571670532,3.7508468627929688
19.772014141082764,3.8005638122558594
19.854942321777344,3.7125892639160156
19.87380337715149,3.6778793334960938
19.95868730545044,3.6841278076171875
20.05604600906372,3.8350601196289062
20.155059576034546,3.7166481018066406
20.173436641693115,3.7797584533691406
20.260836839675903,3.7578048706054688
20.354729175567627,3.9120750427246094
20.371505975723267,3.690502166748047
20.45919442176819,3.6910629272460938
20.47649908065796,3.8210182189941406
20.56072688102722,3.7790184020996094
20.577360153198242,3.7018661499023438
20.661664485931396,3.7382583618164062
20.67858600616455,3.685192108154297
20.760701656341553,3.740612030029297
20.77758264541626,3.7644081115722656
20.860307455062866,3.7332229614257812
20.877405166625977,3.6940765380859375
20.960705995559692,3.7457351684570312
21.05527973175049,3.7905197143554688
21.0722234249115,3.7516822814941406
21.159279346466064,3.688037872314453
21.17631196975708,3.7922706604003906
21.260933876037598,3.7461166381835938
21.35475468635559,3.6695327758789062
21.371732473373413,3.7207260131835938
21.459558725357056,3.7500953674316406
21.47648549079895,3.8734893798828125
21.56062912940979,3.7473983764648438
21.577521085739136,3.7255859375
21.66198968887329,3.7883377075195312
21.760785341262817,3.8116607666015625
21.85492205619812,3.6631851196289062
21.872169017791748,3.7489395141601562
21.96013379096985,4.021419525146484
21.97729253768921,3.624217987060547
22.06089210510254,3.670642852783203
22.07761311531067,3.8152542114257812
22.159374237060547,3.8631858825683594
22.176682949066162,3.7517623901367188
22.26087784767151,3.6941757202148438
22.35480308532715,3.672821044921875
22.372978925704956,3.861186981201172
22.461026191711426,3.9631309509277344
22.558391094207764,3.6188430786132812
22.575634956359863,3.7833251953125
22.660887002944946,3.8081207275390625
22.755319118499756,3.7290573120117188
22.77251887321472,3.666423797607422
22.859626531600952,3.7721519470214844
22.954764127731323,3.8436660766601562
22.973047494888306,3.7959213256835938
23.058588981628418,3.8065834045410156
23.075512409210205,3.754100799560547
23.160518407821655,3.7265090942382812
23.255114555358887,3.8429298400878906
23.27233076095581,3.8244476318359375
23.359285354614258,3.6811790466308594
23.376218557357788,3.757617950439453
23.461225032806396,3.7312660217285156
23.56034541130066,3.7312469482421875
23.654929637908936,3.7082290649414062
23.672181129455566,3.8808135986328125
23.758907556533813,3.917987823486328
23.85477876663208,3.7524490356445312
23.8725643157959,3.7094573974609375
23.95971965789795,3.804534912109375
24.054858207702637,3.8170509338378906
24.071531772613525,3.7411155700683594
24.1558198928833,3.7415122985839844
24.17266297340393,3.812946319580078
24.259772300720215,3.82513427734375
24.35484743118286,3.942779541015625
24.372096300125122,3.7793846130371094
24.458922147750854,3.743621826171875
24.554952383041382,3.8705978393554688
24.571937084197998,3.879039764404297
24.656667470932007,3.8280906677246094
24.66855812072754,3.788410186767578
24.755435466766357,3.8223609924316406
24.767413854599,3.948596954345703
24.854812383651733,3.8195114135742188
24.871912956237793,3.6764183044433594
24.959861755371094,3.6493492126464844
25.05507493019104,4.061687469482422
25.0713472366333,3.7769813537597656
25.15877604484558,3.6726112365722656
25.17544412612915,3.8948898315429688
25.261109113693237,4.097053527832031
25.277733325958252,3.7847938537597656
25.35890483856201,3.6111221313476562
25.375707149505615,3.8511581420898438
25.46110773086548,3.9372100830078125
25.47393822669983,3.9759292602539062
25.555397987365723,3.691692352294922
25.56764578819275,3.7084274291992188
25.65476417541504,3.892578125
25.66793966293335,3.9261131286621094
25.75523281097412,3.7988128662109375
25.767162084579468,3.748340606689453
25.855172157287598,3.8695449829101562
25.867663145065308,3.8276596069335938
25.95480227470398,3.8512306213378906
25.966697454452515,3.846466064453125
26.055477142333984,3.9209938049316406
26.067397117614746,3.7902183532714844
26.1548593044281,3.9265365600585938
26.166653156280518,3.7685012817382812
26.25480318069458,3.870330810546875
26.266706705093384,3.8100242614746094
26.35475778579712,3.9060821533203125
26.366857290267944,3.8277664184570312
26.45490336418152,3.8352203369140625
26.466963291168213,3.7061691284179688
26.555150985717773,3.8557167053222656
26.56710934638977,3.973857879638672
26.654910802841187,3.923980712890625
26.66686201095581,3.812053680419922
26.755032539367676,3.8942947387695312
26.76693320274353,3.8646392822265625
26.85521697998047,3.841114044189453
26.867544889450073,3.822795867919922
26.954777717590332,3.8573760986328125
26.96673893928528,3.9539146423339844
27.05566120147705,3.9710426330566406
27.067917823791504,3.779003143310547
27.1548113822937,4.014152526855469
27.16723108291626,3.990222930908203
27.25464701652527,4.076297760009766
27.26713252067566,3.8926773071289062
27.35460352897644,4.05755615234375
27.366487741470337,3.996715545654297
27.454654693603516,4.091800689697266
27.467056035995483,3.940868377685547
27.55544877052307,3.8701553344726562
27.567402362823486,3.9986000061035156
27.655076026916504,3.99530029296875
27.6669340133667,4.109367370605469
27.755541563034058,3.935779571533203
27.767807960510254,3.9759521484375
27.855015516281128,4.021121978759766
27.867408752441406,4.08428955078125
27.95477604866028,4.030246734619141
27.96669864654541,3.9092941284179688
28.05574870109558,4.000518798828125
28.067556619644165,4.0945281982421875
28.155413389205933,4.0335540771484375
28.168665885925293,4.219516754150391
28.257448434829712,4.160022735595703
28.274291276931763,4.198150634765625
28.35624623298645,4.159332275390625
28.368075609207153,4.1060943603515625
28.45500922203064,4.153003692626953
28.46691584587097,4.168083190917969
28.555062770843506,3.9854583740234375
28.56751298904419,4.196552276611328
28.654680252075195,4.20672607421875
28.667113542556763,4.227092742919922
28.755011796951294,4.291767120361328
28.76783847808838,4.121395111083984
28.85503315925598,4.140380859375
28.866985321044922,4.183357238769531
28.955647230148315,4.216266632080078
28.967432498931885,4.1460418701171875
29.054932594299316,4.084087371826172
29.06685471534729,4.2060546875
29.155221462249756,4.123992919921875
29.167147874832153,4.314891815185547
29.255430936813354,4.2635498046875
29.267754793167114,4.1691131591796875
29.354712963104248,4.144794464111328
29.367344856262207,4.311321258544922
29.45493769645691,4.352176666259766
29.46742606163025,4.210079193115234
29.554781675338745,4.235240936279297
29.566713571548462,4.339500427246094
29.65477156639099,4.229881286621094
29.666670322418213,4.139472961425781
29.754945278167725,4.28955078125
29.767335414886475,4.329624176025391
29.85532522201538,4.235294342041016
29.867722749710083,4.055633544921875
29.954895496368408,4.215625762939453
29.967681646347046,4.370399475097656
30.054829835891724,4.384696960449219
30.067562103271484,4.239017486572266
30.155297994613647,4.0697021484375
30.167266368865967,4.241233825683594
30.255068063735962,4.329627990722656
30.267455577850342,4.357532501220703
30.35468101501465,4.119197845458984
30.368125438690186,4.331123352050781
30.455435514450073,4.410808563232422
30.47160530090332,4.282085418701172
30.558255672454834,4.294242858886719
30.57134461402893,4.3184356689453125
30.654726266860962,4.2887725830078125
30.666624069213867,4.439792633056641
30.7547128200531,4.262805938720703
30.766614198684692,4.261768341064453
30.854640245437622,4.400360107421875
30.866673946380615,4.395084381103516
30.95462656021118,4.087371826171875
30.96662998199463,4.377708435058594
31.05461072921753,4.334438323974609
31.06645107269287,4.3846588134765625
31.154705286026,4.211936950683594
31.167519569396973,4.378273010253906
31.254767417907715,4.350189208984375
31.267348527908325,4.426799774169922
31.35474467277527,4.359683990478516
31.36893320083618,4.354358673095703
31.456897735595703,4.245780944824219
31.471922397613525,4.426033020019531
31.55826497077942,4.514305114746094
31.573416233062744,4.227695465087891
31.65755033493042,4.279838562011719
31.67315673828125,4.45562744140625
31.75776982307434,4.252971649169922
31.773101329803467,4.374340057373047
31.855777740478516,4.422077178955078
31.86819052696228,4.394939422607422
31.954625606536865,4.390708923339844
31.966482877731323,4.182422637939453
32.054839849472046,4.388130187988281
32.0705771446228,4.551513671875
32.15713858604431,4.264110565185547
32.169877767562866,4.231960296630859
32.25522208213806,4.388927459716797
32.26729440689087,4.326847076416016
32.35551905632019,4.376716613769531
32.36745476722717,4.298297882080078
32.45492696762085,4.286781311035156
32.46688652038574,4.376605987548828
32.55513143539429,4.380027770996094
32.56710147857666,4.3430023193359375
32.65528202056885,4.327239990234375
32.66733145713806,4.351173400878906
32.75502419471741,4.367733001708984
32.766961097717285,4.237937927246094
32.855345487594604,4.3253326416015625
32.86727213859558,4.352855682373047
32.9550838470459,4.588726043701172
32.96703052520752,4.388011932373047
33.05471444129944,4.264308929443359
33.067070960998535,4.281703948974609
33.15489959716797,4.314735412597656
33.16747188568115,4.532169342041016
33.255006313323975,4.269248962402344
33.26740527153015,4.177692413330078
33.35513186454773,4.382530212402344
33.36713409423828,4.388816833496094
33.45510911941528,4.38055419921875
33.46704387664795,4.328529357910156
33.55510759353638,4.3907012939453125
33.5670428276062,4.3362884521484375
33.655500411987305,4.415508270263672
33.66788458824158,4.265411376953125
33.75482678413391,4.366489410400391
33.76732349395752,4.45086669921875
33.855741024017334,4.308113098144531
33.8676860332489,4.315273284912109
33.95540237426758,4.246612548828125
33.96781063079834,4.375736236572266
34.055238008499146,4.288051605224609
34.06717896461487,4.371829986572266
34.15555667877197,4.425945281982422
34.16748905181885,4.402946472167969
34.25497364997864,4.287357330322266
34.26688623428345,4.346958160400391
34.355199098587036,4.277652740478516
34.3675422668457,4.398162841796875
34.45540690422058,4.43646240234375
34.46732258796692,4.370140075683594
34.55508255958557,4.2347259521484375
34.56705689430237,4.3991546630859375
34.65484118461609,4.260181427001953
34.66681170463562,4.488807678222656
34.755173444747925,4.324462890625
34.767094373703,4.280101776123047
34.85500621795654,4.322124481201172
34.867465019226074,4.251369476318359
34.95535063743591,4.45318603515625
34.96728277206421,4.428531646728516
35.05474066734314,4.168724060058594
35.06666445732117,4.284534454345703
35.15508460998535,4.3464202880859375
35.167036056518555,4.318946838378906
35.254918813705444,4.265052795410156
35.26684594154358,4.345237731933594
35.355117321014404,4.393344879150391
35.36701774597168,4.313449859619141
35.45536136627197,4.2498321533203125
35.467766523361206,4.411750793457031
35.555171728134155,4.409496307373047
35.56713652610779,4.366428375244141
35.65501141548157,4.348613739013672
35.667362451553345,4.3082122802734375
35.75486707687378,4.420433044433594
35.76726317405701,4.341377258300781
35.85495591163635,4.354095458984375
35.86687922477722,4.403148651123047
35.9552800655365,4.336452484130859
35.9674859046936,4.405277252197266
36.05573892593384,4.464546203613281
36.06802153587341,4.347419738769531
36.155481815338135,4.3978729248046875
36.167399406433105,4.451633453369141
36.25543522834778,4.452152252197266
36.267234802246094,4.5262908935546875
36.27906656265259,4.36895751953125
36.35493540763855,4.40020751953125
36.36688566207886,4.433216094970703
36.45516109466553,4.533958435058594
36.467148303985596,4.609607696533203
36.55533027648926,4.447059631347656
36.567288637161255,4.438861846923828
36.6546676158905,4.483821868896484
36.66711974143982,4.706363677978516
36.755454778671265,4.697055816650391
36.767263650894165,4.4416961669921875
36.854748487472534,4.515178680419922
36.866660833358765,4.47369384765625
36.9547815322876,4.502674102783203
36.966710805892944,4.547874450683594
37.055461406707764,4.681205749511719
37.067381143569946,4.528179168701172
37.15478849411011,4.528472900390625
37.16671276092529,4.626487731933594
37.25552988052368,4.413307189941406
37.26734733581543,4.57464599609375
37.35487174987793,4.406272888183594
37.3667893409729,4.500949859619141
37.45485973358154,4.527503967285156
37.46678423881531,4.539775848388672
37.55519938468933,4.6377716064453125
37.567421674728394,4.649417877197266
37.654784202575684,4.495723724365234
37.666749238967896,4.5441741943359375
37.754793882369995,4.616504669189453
37.76737308502197,4.6613006591796875
37.85479259490967,4.547069549560547
37.86728310585022,4.700416564941406
37.955445528030396,4.611541748046875
37.96736788749695,4.59027099609375
38.054983139038086,4.6773681640625
38.06725215911865,4.677268981933594
38.15501427650452,4.682392120361328
38.16694760322571,4.713005065917969
38.25598382949829,4.585975646972656
38.26788663864136,4.7390289306640625
38.35542392730713,4.840606689453125
38.36736226081848,4.003238677978516
38.4556450843811,4.097644805908203
38.46758317947388,4.025829315185547
38.555057764053345,4.0323944091796875
38.566956520080566,4.079914093017578
38.65536284446716,4.106941223144531
38.6673321723938,4.033302307128906
38.75465178489685,4.040088653564453
38.767152547836304,4.05487060546875
38.85487627983093,4.040889739990234
38.8667995929718,4.0829010009765625
38.954771518707275,4.0264892578125
38.96718144416809,4.032737731933594
39.05537438392639,4.129611968994141
39.06729006767273,4.230106353759766
39.155033588409424,4.154857635498047
39.166956424713135,4.098636627197266
39.254814863204956,4.153125762939453
39.266693115234375,4.258121490478516
39.35457921028137,4.274078369140625
39.36689209938049,4.22662353515625
39.45472550392151,4.401508331298828
39.46673941612244,4.429039001464844
39.554699420928955,4.531028747558594
39.566763162612915,4.431266784667969
39.65478587150574,4.489673614501953
39.66692233085632,4.542690277099609
39.75470852851868,4.54486083984375
39.766613483428955,4.465095520019531
39.85477876663208,4.5166778564453125
39.8720440864563,4.655158996582031
39.95876669883728,4.6021728515625
40.054991245269775,4.49896240234375
40.07274675369263,4.572757720947266
40.15894651412964,4.5105133056640625
40.25528335571289,4.500644683837891
40.272400856018066,4.545490264892578
40.35865521430969,4.6565704345703125
40.37566137313843,4.595043182373047
40.460426568984985,4.559986114501953
40.47704768180847,4.4908599853515625
40.55968165397644,4.643348693847656
40.65504002571106,4.698760986328125
40.67167067527771,4.627952575683594
40.75896596908569,4.812019348144531
40.775655031204224,4.802608489990234
40.859719038009644,4.820804595947266
40.955177783966064,5.004158020019531
40.97125768661499,4.975502014160156
41.05988812446594,4.9936065673828125
41.15560293197632,5.017498016357422
41.1721773147583,5.154376983642578
41.25839829444885,5.189483642578125
41.274532318115234,5.1599884033203125
41.35948896408081,5.150859832763672
41.375532150268555,5.350070953369141
41.45812511444092,5.37689208984375
41.473612546920776,5.341651916503906
41.55534029006958,5.382301330566406
41.56729555130005,4.804264068603516
41.65536952018738,3.3924293518066406
41.667299032211304,3.41046142578125
41.754971742630005,3.4578895568847656
41.76734375953674,3.4062347412109375
41.85493040084839,3.416919708251953
41.86685490608215,3.4426612854003906
41.95614051818848,3.374462127685547
41.968865394592285,3.282459259033203
42.055307388305664,3.4206809997558594
42.06721210479736,3.4504318237304688
42.154869556427,3.4044647216796875
42.16720986366272,3.4772987365722656
42.25544476509094,3.4653587341308594
42.267319440841675,3.461353302001953
42.35503792762756,3.4370651245117188
42.366926431655884,3.2976608276367188
42.45587348937988,3.3676414489746094
42.467631578445435,3.434101104736328
42.5548198223114,3.4692420959472656
42.56698775291443,3.537395477294922
42.65606093406677,3.5075645446777344
42.66793394088745,3.6112213134765625
42.75582695007324,3.5373687744140625
42.76802659034729,3.6329612731933594
42.854790925979614,3.562847137451172
42.86676096916199,3.6590499877929688
42.95543837547302,3.677074432373047
42.96735668182373,3.742877960205078
42.979188203811646,3.6645240783691406
43.054787397384644,3.688873291015625
43.066993951797485,3.834503173828125
43.15575432777405,3.124542236328125
43.167707681655884,3.016437530517578
43.17953181266785,3.164562225341797
43.25478410720825,3.1732254028320312
43.26667499542236,3.1946372985839844
43.35498642921448,3.1266822814941406
43.36689519882202,3.076366424560547
43.45494771003723,3.1090469360351562
43.46686387062073,3.1102218627929688
43.55490827560425,3.163158416748047
43.566770792007446,3.1163177490234375
43.65507173538208,3.07391357421875
43.666956663131714,3.1493568420410156
43.755067110061646,3.186328887939453
43.76693558692932,3.1563072204589844
43.85546278953552,3.0709381103515625
43.86756634712219,3.1196250915527344
43.95504021644592,3.133831024169922
43.96734666824341,3.096027374267578
44.054988861083984,3.1638870239257812
44.066899061203,3.1217498779296875
44.155526638031006,3.1825942993164062
44.16782879829407,3.1874771118164062
44.25547242164612,3.214336395263672
44.26779246330261,3.2530860900878906
44.279807806015015,3.3388900756835938
44.35651898384094,3.3673667907714844
44.368358850479126,3.3631324768066406
44.455477714538574,3.315929412841797
44.467264890670776,3.367107391357422
44.479363441467285,3.4221038818359375
44.55646634101868,3.4396820068359375
44.56831336021423,3.440868377685547
44.65479397773743,3.48199462890625
44.66714859008789,2.8336257934570312
44.67897081375122,2.861724853515625
44.755035638809204,2.8743820190429688
44.76735186576843,2.878204345703125
44.779212474823,2.9068069458007812
44.85476613044739,2.9212379455566406
44.86665630340576,2.9104270935058594
44.878483057022095,2.9052085876464844
44.95499801635742,2.9155616760253906
44.966901779174805,2.8988113403320312
44.97889065742493,2.9298477172851562
45.054887533187866,2.9479751586914062
45.06678009033203,2.9489822387695312
45.155465602874756,2.9873313903808594
45.16737198829651,3.0477981567382812
45.25477361679077,2.9840927124023438
45.266695737838745,3.0358352661132812
45.354878664016724,2.9803695678710938
45.367231369018555,3.043384552001953
45.45477557182312,3.105937957763672
45.466721057891846,3.092304229736328
45.555288553237915,3.05694580078125
45.567617893218994,2.9907379150390625
45.65475034713745,3.0597381591796875
45.666683197021484,3.1182403564453125
45.7548623085022,3.116413116455078
45.76683044433594,3.1873931884765625
45.855642318725586,3.1974868774414062
45.868059396743774,3.2029037475585938
45.95495367050171,3.1975479125976562
45.966933727264404,3.230865478515625
46.055349349975586,3.228992462158203
46.0675368309021,3.290668487548828
46.15508031845093,2.598308563232422
46.1670024394989,2.6701393127441406
46.1788227558136,2.621204376220703
46.25686717033386,2.637073516845703
46.26921010017395,2.684284210205078
46.35549831390381,2.6969261169433594
46.36769938468933,2.723743438720703
46.454832792282104,2.674480438232422
46.46673107147217,2.710979461669922
46.55538845062256,2.7489891052246094
46.567291021347046,2.8321304321289062
46.65463590621948,2.8215866088867188
46.66654062271118,2.8591232299804688
46.6783082485199,2.1516685485839844
46.754990577697754,2.152496337890625
46.76724672317505,2.1561813354492188
46.85477805137634,2.1564903259277344
46.86707639694214,2.1564903259277344
46.95488715171814,2.15667724609375
46.96666407585144,2.15667724609375
47.054935932159424,2.15667724609375
47.06683087348938,2.15667724609375
47.15534830093384,2.15667724609375
47.16751551628113,2.15667724609375
47.25477910041809,2.15667724609375
47.26667308807373,2.15667724609375
47.35501027107239,2.15667724609375
47.36747360229492,2.15667724609375
47.45559358596802,2.15667724609375
47.46747708320618,2.15667724609375
47.554770708084106,2.15667724609375
47.56713008880615,2.15667724609375
47.655959129333496,2.15667724609375
47.668012619018555,2.15667724609375
47.67975068092346,2.15667724609375
47.69176626205444,2.15667724609375
47.703813314437866,2.15667724609375
47.755295515060425,2.15667724609375
47.767595052719116,2.15667724609375
47.854774713516235,2.15667724609375
47.8666877746582,2.15667724609375
47.955538511276245,2.15667724609375
47.9673855304718,2.15667724609375
48.05475640296936,2.15667724609375
48.067054986953735,2.15667724609375
48.154985189437866,2.15667724609375
48.16734194755554,2.15667724609375
48.25477337837219,2.15667724609375
48.26667308807373,2.15667724609375
48.354790925979614,2.15667724609375
48.36674118041992,2.15667724609375
48.45538544654846,2.15667724609375
48.46715331077576,2.15667724609375
48.555362701416016,2.15667724609375
48.56773090362549,2.15667724609375
48.654754400253296,2.156829833984375
48.66671371459961,2.156829833984375
48.75541925430298,2.156829833984375
48.76722598075867,2.156829833984375
48.854753494262695,2.156829833984375
48.86685490608215,2.156829833984375
48.95537853240967,2.156829833984375
48.96728444099426,2.156829833984375
49.055527448654175,2.156829833984375
49.06729459762573,2.1569442749023438
49.15493893623352,2.1569442749023438
49.1669020652771,2.1569442749023438
49.25514221191406,2.1569442749023438
49.2670681476593,2.1569442749023438
49.35505294799805,2.1569442749023438
49.36741662025452,2.1569442749023438
49.4554328918457,2.1569442749023438
49.46719670295715,2.1569442749023438
49.5548210144043,2.1569442749023438
49.56672215461731,2.1569442749023438
49.65522623062134,2.1569442749023438
49.66705846786499,2.1569442749023438
49.75477051734924,2.1569442749023438
49.7669951915741,2.1569442749023438
49.85507273674011,2.1569442749023438
49.86690950393677,2.1569442749023438
49.95542120933533,2.1569442749023438
49.96732020378113,2.1569671630859375
50.055052280426025,2.1569671630859375
50.06695866584778,2.1569671630859375
50.155118465423584,2.1569671630859375
50.16741156578064,2.1569671630859375
50.25477838516235,2.1569671630859375
50.26667881011963,2.1569671630859375
50.354753732681274,2.1569671630859375
50.36706018447876,2.1569671630859375
50.45476818084717,2.1569671630859375
50.46712589263916,2.1569671630859375
50.554969787597656,2.1569671630859375
50.56689977645874,2.1569671630859375
50.654905796051025,2.1569671630859375
50.66725945472717,2.1569671630859375
50.75521492958069,2.1569671630859375
50.767183780670166,2.1569671630859375
50.77901792526245,2.1569671630859375
50.85503053665161,2.1569671630859375
50.86690902709961,2.1569671630859375
50.95498275756836,2.1569671630859375
50.967280626297,2.1569671630859375
51.055137395858765,2.1569671630859375
51.0674569606781,2.1569671630859375
51.15482044219971,2.1571578979492188
51.16671133041382,2.15728759765625
51.25475263595581,2.15728759765625
51.26666212081909,2.1574554443359375
51.35499382019043,2.1574554443359375
51.366923332214355,2.1574974060058594
51.454984188079834,2.1574974060058594
51.467365980148315,2.1574974060058594
51.55539631843567,2.1574974060058594
51.567206382751465,2.1574974060058594
51.6547474861145,2.1574974060058594
51.66668224334717,2.1574974060058594
51.754743814468384,2.1574974060058594
51.766488790512085,2.1574974060058594
51.85553002357483,2.1574974060058594
51.8673050403595,2.1574974060058594
51.95528244972229,2.1574974060058594
51.96717190742493,2.1574974060058594
52.05530643463135,2.1574974060058594
52.06704640388489,2.1574974060058594
52.15507102012634,2.1576766967773438
52.16691970825195,2.1576766967773438
52.25492596626282,2.1576766967773438
52.267210483551025,2.1576766967773438
52.3547682762146,2.1576766967773438
52.366684436798096,2.1576766967773438
52.455052614212036,2.1576766967773438
52.467344522476196,2.1576766967773438
52.55540895462036,2.1576766967773438
52.56717276573181,2.1576766967773438
52.654770374298096,2.1576766967773438
52.6675283908844,2.1576766967773438
52.755730390548706,2.1576766967773438
52.76783108711243,2.1576766967773438
52.854751110076904,2.1576766967773438
52.8666558265686,2.1576766967773438
52.954978466033936,2.1576766967773438
52.96677279472351,2.1576766967773438
53.054771184921265,2.1576766967773438
53.06701588630676,2.1576766967773438
53.15544295310974,2.1576766967773438
53.167359590530396,2.1576766967773438
53.25515174865723,2.1576766967773438
53.26694083213806,2.1576766967773438
53.27861452102661,2.1576766967773438
53.35489201545715,2.1576766967773438
53.3667733669281,2.1576766967773438
53.4547963142395,2.1576766967773438
53.467028856277466,2.1576766967773438
53.55509877204895,2.1580848693847656
53.56731176376343,2.1580848693847656
53.6547737121582,2.1580848693847656
53.666691064834595,2.1580848693847656
53.75550580024719,2.1580848693847656
53.76727485656738,2.1580848693847656
53.854743242263794,2.1580848693847656
53.86696648597717,2.1580848693847656
53.95530605316162,2.1580848693847656
53.96719837188721,2.1580848693847656
54.05510902404785,2.1580848693847656
54.06691932678223,2.1580848693847656
54.078683376312256,2.1580848693847656
54.15613317489624,2.1580848693847656
54.1679470539093,2.1580848693847656
54.25531554222107,2.1580848693847656
54.26759934425354,2.1580848693847656
54.3550865650177,2.1580848693847656
54.36736464500427,2.1580848693847656
54.45534873008728,2.1580848693847656
54.467331886291504,2.1580848693847656
54.55521583557129,2.1580848693847656
54.56760549545288,2.1580848693847656
54.655163288116455,2.1580848693847656
54.66710352897644,2.1580848693847656
54.75554656982422,2.1580848693847656
54.7673077583313,2.1580848693847656
54.77911949157715,2.1580848693847656
54.79092049598694,2.1580848693847656
54.855035066604614,2.1580848693847656
54.86691403388977,2.1580848693847656
54.95491051673889,2.1580848693847656
54.96679091453552,2.1580848693847656
55.05573630332947,2.1580848693847656
55.067617416381836,2.1580848693847656
55.155054807662964,2.1580848693847656
55.16690135002136,2.1580848693847656
55.254947662353516,2.1580848693847656
55.26682662963867,2.1580848693847656
55.35521459579468,2.1580848693847656
55.36715006828308,2.1580848693847656
55.45473074913025,2.1580848693847656
55.46666765213013,2.1580848693847656
55.55495548248291,2.1580848693847656
55.56689453125,2.1580848693847656
55.65525197982788,2.1580848693847656
55.66740608215332,2.1580848693847656
55.755234718322754,2.1580848693847656
55.767125844955444,2.1580848693847656
55.85477089881897,2.1580848693847656
55.8665452003479,2.1210174560546875
55.955509185791016,2.0466537475585938
55.96727657318115,2.0466537475585938
56.05476260185242,2.0466537475585938
56.06666326522827,2.0466537475585938
56.155153036117554,2.0466537475585938
56.16703510284424,2.0466537475585938
56.25478553771973,2.0466651916503906
56.26719689369202,2.0466651916503906
56.355077028274536,2.0466651916503906
56.367347717285156,2.0508995056152344
56.45482516288757,2.0508995056152344
56.46707534790039,2.0508995056152344
56.555081605911255,2.0508995056152344
56.567362546920776,2.0508995056152344
56.655121088027954,2.0508995056152344
56.66699719429016,2.0508995056152344
56.755425214767456,2.139972686767578
56.76723670959473,2.1006202697753906
56.85481357574463,2.1181983947753906
56.86671185493469,2.1675338745117188
56.95471525192261,2.1591262817382812
56.96659708023071,2.1622695922851562
57.05535435676575,2.1713409423828125
57.06716799736023,2.2542762756347656
57.15505814552307,2.263996124267578
57.166980028152466,2.253978729248047
57.256035566329956,2.297443389892578
57.267821073532104,2.3349456787109375
57.35506510734558,2.2934417724609375
57.36692500114441,2.3287429809570312
57.45610022544861,2.3699073791503906
57.46794080734253,2.3562355041503906
57.55571746826172,2.330699920654297
57.56760358810425,2.371868133544922
57.65477919578552,2.371868133544922
57.6668598651886,2.3526878356933594
57.755324363708496,2.3498802185058594
57.767104387283325,2.42340087890625
57.855061769485474,2.3421783447265625
57.86692500114441,2.3774795532226562
57.955435037612915,2.211669921875
57.967313289642334,2.1294631958007812
58.05553221702576,2.1096153259277344
58.06736731529236,2.0353164672851562
58.07946586608887,2.0255508422851562
58.15473461151123,2.0294570922851562
58.16661882400513,2.0136871337890625
58.25498080253601,2.0489883422851562
58.266932249069214,2.035541534423828
58.355525970458984,2.0143508911132812
58.36752676963806,2.0165138244628906
58.45533847808838,2.0975074768066406
58.467649698257446,2.0106773376464844
58.55508732795715,2.048267364501953
58.56702375411987,2.077709197998047
58.65516185760498,2.030792236328125
58.6675488948822,2.037303924560547
58.75495624542236,2.199199676513672
58.76723551750183,2.1617774963378906
58.85476279258728,2.1851844787597656
58.8668372631073,2.338085174560547
58.95508623123169,2.3070106506347656
58.96720004081726,2.2488670349121094
59.054929971694946,2.3558197021484375
59.06686186790466,2.4713897705078125
59.1549437046051,2.5943450927734375
59.16682314872742,2.5126190185546875
59.25520873069763,2.5743141174316406
59.267083168029785,2.691486358642578
59.35502600669861,2.8051605224609375
59.367331981658936,2.819671630859375
59.455079793930054,2.8861236572265625
59.4669885635376,2.8785247802734375
59.555495262145996,2.880748748779297
59.56738829612732,2.8462371826171875
59.65508556365967,2.8863487243652344
59.667051792144775,2.812286376953125
59.75489854812622,2.91229248046875
59.76729393005371,2.929157257080078
59.85498046875,2.8998260498046875
59.866896867752075,2.865875244140625
59.95522379875183,3.0069961547851562
59.9671311378479,2.9372291564941406
60.05551886558533,2.796600341796875
60.06729602813721,2.848285675048828
60.07906150817871,2.9004058837890625
60.15507483482361,2.9206924438476562
60.16694760322571,2.921802520751953
60.25507712364197,2.85028076171875
60.2670042514801,2.996837615966797
60.355931997299194,3.071674346923828
60.36804962158203,2.971080780029297
60.45504975318909,2.9527015686035156
60.46739387512207,2.937633514404297
60.55545425415039,3.040935516357422
60.56736207008362,3.0054779052734375
60.65477132797241,3.0871925354003906
60.66723990440369,3.114826202392578
60.75485134124756,3.1401329040527344
60.76719093322754,3.0814857482910156
60.85494327545166,3.1847267150878906
60.86685872077942,3.16693115234375
60.95518779754639,3.210479736328125
60.96708416938782,3.1874427795410156
61.05507707595825,3.168170928955078
61.06695890426636,3.1618003845214844
61.15558171272278,3.3141326904296875
61.16747999191284,3.185028076171875
61.25507307052612,3.120037078857422
61.26695156097412,3.22503662109375
61.354944467544556,3.290546417236328
61.36683464050293,3.2096595764160156
61.455153942108154,3.1838111877441406
61.46747899055481,3.18408203125
61.55506467819214,3.2010116577148438
61.56693696975708,3.2704010009765625
61.65540051460266,3.1500892639160156
61.667651891708374,3.076953887939453
61.7551474571228,3.209209442138672
61.76752543449402,2.9980316162109375
61.85535669326782,3.0724449157714844
61.867151737213135,3.0903663635253906
61.87894606590271,3.0823287963867188
61.95511865615845,3.1070480346679688
61.96698355674744,3.0372581481933594
62.055413246154785,2.9939727783203125
62.06731104850769,3.2238121032714844
62.15476870536804,3.0661277770996094
62.16713500022888,3.0337677001953125
62.25506901741028,3.09197998046875
62.2669620513916,3.064472198486328
62.35504484176636,3.026866912841797
62.36722278594971,3.0708274841308594
62.45493483543396,3.1540145874023438
62.46685600280762,3.1172027587890625
62.55499482154846,3.1796836853027344
62.567545652389526,3.121166229248047
62.65479612350464,3.22015380859375
62.66752910614014,3.125774383544922
62.75477409362793,2.9621505737304688
62.76720952987671,3.0591964721679688
62.855453968048096,3.147937774658203
62.867390394210815,3.1082534790039062
62.955076456069946,3.1955032348632812
62.96701264381409,3.373332977294922
63.055259704589844,3.0956268310546875
63.06754207611084,3.0957183837890625
63.15518617630005,3.3428878784179688
63.16711640357971,3.2833480834960938
63.2550847530365,3.120861053466797
63.26705002784729,3.119915008544922
63.355457067489624,3.255268096923828
63.36739134788513,3.1966896057128906
63.454877853393555,3.189319610595703
63.466782093048096,3.1270751953125
63.555047035217285,3.1304893493652344
63.566930532455444,3.3482666015625
63.655261754989624,3.1490097045898438
63.66722655296326,3.2430877685546875
63.75511860847473,3.3044586181640625
63.767022371292114,3.369049072265625
63.855754137039185,3.1294288635253906
63.86764931678772,3.264629364013672
63.95488715171814,3.289134979248047
63.96703577041626,3.3080596923828125
64.05492663383484,3.2240333557128906
64.0668375492096,3.3200302124023438
64.15567231178284,3.2914886474609375
64.16757273674011,3.47705078125
64.25521731376648,3.3879623413085938
64.26711869239807,3.2898483276367188
64.35508513450623,3.3531112670898438
64.36737275123596,3.5007972717285156
64.4550793170929,3.56805419921875
64.46700477600098,3.350688934326172
64.55596923828125,3.4947586059570312
64.56819081306458,3.5982627868652344
64.65500998497009,3.490314483642578
64.66752505302429,3.4896621704101562
64.75509810447693,3.5940284729003906
64.7670476436615,3.647602081298828
64.8550820350647,3.4327926635742188
64.86754393577576,3.549571990966797
64.9554762840271,3.6756553649902344
64.96789884567261,3.664520263671875
65.0549693107605,3.482330322265625
65.06688404083252,3.6468582153320312
65.15524506568909,3.690776824951172
65.16712737083435,3.6413803100585938
65.25505447387695,3.7421836853027344
65.26695847511292,3.7472686767578125
65.35529661178589,3.715686798095703
65.36726498603821,3.709156036376953
65.45477628707886,3.74090576171875
65.46670484542847,3.7865867614746094
65.5556046962738,3.723583221435547
65.56752276420593,3.8124046325683594
65.654953956604,3.8847732543945312
65.66684865951538,3.777374267578125
65.7557852268219,3.727436065673828
65.76768851280212,3.9482650756835938
65.85538673400879,3.9578781127929688
65.8675856590271,3.8027915954589844
65.95507884025574,3.6662063598632812
65.9669897556305,3.7723922729492188
66.05637431144714,3.8595237731933594
66.06825184822083,3.7072067260742188
66.1549186706543,3.735912322998047
66.1668348312378,3.862884521484375
66.25528717041016,3.901378631591797
66.26706314086914,3.8284072875976562
66.35507440567017,3.8661422729492188
66.3669285774231,3.8604393005371094
66.45540308952332,3.9155807495117188
66.46732497215271,3.72772216796875
66.55550837516785,3.7117080688476562
66.56741738319397,3.9450607299804688
66.57924842834473,3.8325462341308594
66.59100723266602,3.8325462341308594
66.65514159202576,3.8617630004882812
66.66743588447571,3.8172264099121094
66.75508499145508,3.665790557861328
66.76701140403748,3.784564971923828
66.85512804985046,3.958282470703125
66.8675127029419,3.813556671142578
66.9559679031372,3.7508811950683594
66.96793699264526,3.8479576110839844
67.05510067939758,3.889690399169922
67.06700778007507,4.033504486083984
67.15594959259033,3.723114013671875
67.16783881187439,3.8201675415039062
67.25502157211304,3.9447593688964844
67.26700520515442,3.9061546325683594
67.35598921775818,3.733592987060547
67.36789155006409,3.8374061584472656
67.4555299282074,3.8773155212402344
67.4674232006073,3.8854331970214844
67.55510807037354,3.8118057250976562
67.56702995300293,3.8000717163085938
67.65511679649353,3.7911224365234375
67.66757369041443,3.7593421936035156
67.75492763519287,3.7245101928710938
67.76690459251404,3.8650856018066406
67.8553831577301,3.7902183532714844
67.86727738380432,3.8184127807617188
67.9555139541626,3.71771240234375
67.967289686203,3.815319061279297
68.05500102043152,3.774158477783203
68.06693053245544,3.9212303161621094
68.1558575630188,3.885784149169922
68.16762280464172,3.7932510375976562
68.25497674942017,3.9222412109375
68.26688766479492,3.9309158325195312
68.3557288646698,3.676502227783203
68.36762285232544,3.8184471130371094
68.45519638061523,3.8289794921875
68.46711277961731,3.9011383056640625
68.55543875694275,3.826030731201172
68.56748700141907,3.7452735900878906
68.65479445457458,3.7787818908691406
68.66727209091187,3.8602867126464844
68.75486779212952,3.857929229736328
68.7673237323761,3.7963523864746094
68.85495567321777,3.7889366149902344
68.86690664291382,3.8456039428710938
68.95525217056274,3.7749557495117188
68.96796798706055,3.8407440185546875
69.05563235282898,4.007415771484375
69.06752967834473,3.8848648071289062
69.15510702133179,3.7215042114257812
69.16705060005188,3.8413658142089844
69.25530409812927,3.963390350341797
69.26711344718933,3.9494094848632812
69.3549211025238,3.7736587524414062
69.36792421340942,3.826610565185547
69.45525217056274,3.946746826171875
69.46718525886536,3.8757553100585938
69.55535411834717,3.726696014404297
69.56736731529236,3.80535888671875
69.65508079528809,3.9141616821289062
69.66702032089233,3.749553680419922
69.75578212738037,3.7592391967773438
69.76767611503601,3.9460105895996094
69.77948474884033,3.904193878173828
69.85623741149902,3.887371063232422
69.86807823181152,3.8500442504882812
69.95500040054321,3.8324012756347656
69.9669120311737,3.882396697998047
70.0556890964508,3.8347854614257812
70.06752681732178,3.8360328674316406
70.15510654449463,3.8125038146972656
70.16754412651062,3.9076156616210938
70.25507926940918,3.8171653747558594
70.2670385837555,4.03253173828125
70.35536026954651,3.910846710205078
70.36767911911011,3.854297637939453
70.45494651794434,3.796253204345703
70.46688103675842,3.9763717651367188
70.55517077445984,3.9390602111816406
70.5675413608551,3.8178024291992188
70.65500664710999,3.8619651794433594
70.6674656867981,3.936279296875
70.75511693954468,3.9918251037597656
70.76746726036072,3.9111061096191406
70.85550999641418,3.8976058959960938
70.86746501922607,3.8916358947753906
70.95491695404053,4.041194915771484
70.96710991859436,4.056491851806641
71.05526351928711,4.002483367919922
71.06755876541138,3.970439910888672
71.15507888793945,3.962779998779297
71.16693615913391,4.059413909912109
71.25536966323853,3.9641036987304688
71.26727938652039,4.134368896484375
71.35507535934448,3.935710906982422
71.36692452430725,4.063014984130859
71.45505213737488,3.995288848876953
71.46693301200867,4.093204498291016
71.55516219139099,3.9581069946289062
71.57234787940979,3.9828414916992188
71.65886902809143,4.022655487060547
71.67561292648315,4.031772613525391
71.7604238986969,4.142997741699219
71.77727699279785,4.1304779052734375
71.86115026473999,4.066715240478516
71.95901036262512,4.192630767822266
71.97606182098389,4.135097503662109
72.05994582176208,4.107994079589844
72.15515184402466,4.0922393798828125
72.1725549697876,4.102653503417969
72.25982093811035,4.280372619628906
72.35522103309631,4.121269226074219
72.37239670753479,4.088008880615234
72.45946979522705,4.195953369140625
72.47640323638916,3.974761962890625
72.56123113632202,4.132305145263672
72.6594250202179,4.0899200439453125
72.67660903930664,4.066799163818359
72.76107835769653,4.1576995849609375
72.85920262336731,4.135196685791016
72.87626338005066,4.086963653564453
72.96143126487732,4.069095611572266
73.05918598175049,4.0830841064453125
73.0759859085083,4.214336395263672
73.16022062301636,4.333797454833984
73.25544333457947,4.093097686767578
73.2727882862091,4.107666015625
73.3598108291626,4.205249786376953
73.4549822807312,4.050510406494141
73.4725239276886,4.135040283203125
73.56008553504944,4.208415985107422
73.57655239105225,4.091987609863281
73.66123700141907,4.116436004638672
73.75961232185364,4.146778106689453
73.85508108139038,4.138694763183594
73.87250995635986,4.143405914306641
73.95943999290466,4.134883880615234
74.05497145652771,4.163364410400391
74.07251262664795,4.139225006103516
74.1597547531128,4.153007507324219
74.17660665512085,4.1223602294921875
74.26072978973389,4.146007537841797
74.35524129867554,4.267242431640625
74.37262201309204,4.083217620849609
74.45927810668945,4.120262145996094
74.47619414329529,4.232837677001953
74.5604727268219,4.325466156005859
74.57697677612305,4.134944915771484
74.65870475769043,4.172096252441406
74.67569899559021,4.301242828369141
74.76131772994995,4.272636413574219
74.85924744606018,4.2039337158203125
74.87284922599792,4.2514190673828125
74.95532822608948,4.29180908203125
74.9677038192749,4.114109039306641
75.05510473251343,4.212429046630859
75.06700682640076,4.215019226074219
75.15527629852295,4.199737548828125
75.1675865650177,4.226284027099609
75.25475978851318,4.246509552001953
75.26733684539795,4.09918212890625
75.35503268241882,4.2454071044921875
75.36734700202942,4.292060852050781
75.45479941368103,4.231548309326172
75.46675181388855,4.151660919189453
75.55510687828064,4.139148712158203
75.56702160835266,4.232532501220703
75.65510654449463,4.241863250732422
75.66701316833496,4.211208343505859
75.7553186416626,4.161518096923828
75.76725959777832,4.179191589355469
75.8550136089325,4.278659820556641
75.8669319152832,4.2606201171875
75.95556235313416,4.240936279296875
75.96749091148376,4.083209991455078
76.05542159080505,4.325977325439453
76.06778192520142,4.178398132324219
76.15560531616211,4.0840301513671875
76.16751408576965,4.187965393066406
76.25491118431091,4.2562255859375
76.26684260368347,4.2739105224609375
76.355229139328,4.258476257324219
76.36714506149292,4.261924743652344
76.45507264137268,4.0902099609375
76.46697425842285,4.255184173583984
76.5553514957428,4.159175872802734
76.57256150245667,4.118404388427734
76.65952920913696,4.258125305175781
76.75496006011963,4.133277893066406
76.77197933197021,4.072044372558594
76.86020040512085,4.313056945800781
76.87737393379211,4.28973388671875
76.9604275226593,4.274707794189453
76.97709584236145,4.263523101806641
77.05923438072205,4.291667938232422
77.0761866569519,4.257030487060547
77.16066980361938,4.151538848876953
77.17734050750732,4.118663787841797
77.26086664199829,4.275703430175781
77.354989528656,4.1419677734375
77.37188577651978,4.2366943359375
77.4598696231842,4.118415832519531
77.47652316093445,4.339752197265625
77.56094765663147,4.214832305908203
77.65526127815247,4.037139892578125
77.67261743545532,4.215702056884766
77.75968194007874,4.293781280517578
77.77656483650208,4.253726959228516
77.86091160774231,4.225688934326172
77.95575833320618,4.1868133544921875
77.9732313156128,4.220741271972656
78.05957508087158,4.217739105224609
78.15525603294373,4.123725891113281
78.17228364944458,4.258106231689453
78.25938153266907,4.2559356689453125
78.27667236328125,4.301990509033203
78.36071276664734,4.245460510253906
78.45505619049072,4.170795440673828
78.47239708900452,4.2006378173828125
78.55924463272095,4.203151702880859
78.57631015777588,4.207000732421875
78.66087985038757,4.2147064208984375
78.7553231716156,4.267322540283203
78.77224636077881,4.192020416259766
78.85937738418579,4.2149658203125
78.9551990032196,4.238887786865234
78.97095727920532,4.084949493408203
79.05655193328857,4.236515045166016
79.06879591941833,4.265163421630859
79.15506720542908,4.346099853515625
79.16711163520813,4.130634307861328
79.25513124465942,4.206809997558594
79.26746034622192,4.273567199707031
79.3549063205719,4.304695129394531
79.36732721328735,4.2871246337890625
79.454913854599,4.265815734863281
79.4668505191803,4.246826171875
79.55506873130798,4.216239929199219
79.5669367313385,4.277759552001953
79.65548062324524,4.172630310058594
79.66778874397278,4.152797698974609
79.75553870201111,4.377246856689453
79.76776838302612,4.313945770263672
79.8552520275116,4.276950836181641
79.86720180511475,4.265171051025391
79.95500779151917,4.326435089111328
79.96723103523254,4.194664001464844
80.05477952957153,4.154304504394531
80.0669276714325,4.369037628173828
80.15540266036987,4.338123321533203
80.16729092597961,4.3404388427734375
80.25508451461792,4.261848449707031
80.26698875427246,4.254093170166016
80.35546088218689,4.1966400146484375
80.36769700050354,4.391639709472656
80.45495700836182,4.383880615234375
80.46687078475952,4.336345672607422
80.55505156517029,4.170238494873047
80.56746745109558,4.2786865234375
80.6552996635437,4.261116027832031
80.66721439361572,4.369972229003906
80.75507640838623,4.3628082275390625
80.76699304580688,4.412830352783203
80.85543203353882,4.303562164306641
80.86732697486877,4.423126220703125
80.95481204986572,4.385368347167969
80.96671462059021,4.458187103271484
81.05563974380493,4.334613800048828
81.06765627861023,4.366447448730469
81.15499067306519,4.451442718505859
81.16739058494568,4.363391876220703
81.25507235527039,4.360996246337891
81.26740097999573,4.448329925537109
81.35533905029297,4.403957366943359
81.36765122413635,4.3848876953125
81.45512366294861,4.253204345703125
81.46705603599548,4.477832794189453
81.55530977249146,4.337917327880859
81.56711077690125,4.373760223388672
81.65497350692749,4.1937255859375
81.66692161560059,4.402347564697266
81.75528597831726,4.304264068603516
81.76761603355408,4.431694030761719
81.85525155067444,4.426551818847656
81.86722254753113,4.4210968017578125
81.95542740821838,4.2953948974609375
81.96720504760742,4.343620300292969
82.05508756637573,4.346832275390625
82.06699132919312,4.460052490234375
82.1551685333252,4.298553466796875
82.167072057724,4.4103851318359375
82.25566554069519,4.3553924560546875
82.26809883117676,4.480926513671875
82.3551344871521,4.510292053222656
82.36705303192139,4.532501220703125
82.4550850391388,4.712821960449219
82.46700835227966,4.670021057128906
82.55539035797119,4.542385101318359
82.56714844703674,4.671173095703125
82.65553832054138,4.702915191650391
82.66750240325928,4.6951446533203125
82.75498914718628,4.7547607421875
82.76694631576538,4.7950592041015625
82.85562944412231,4.866523742675781
82.86780428886414,4.8866119384765625
82.95530867576599,4.9722442626953125
82.96707081794739,4.901679992675781
83.0551106929779,4.912200927734375
83.06754684448242,4.806785583496094
83.15488338470459,4.952861785888672
83.16728258132935,4.969043731689453
83.25495982170105,4.944938659667969
83.26724338531494,4.888156890869141
83.35510611534119,4.8741912841796875
83.36739349365234,4.888683319091797
83.45508289337158,4.954463958740234
83.46705651283264,4.986122131347656
83.55510449409485,5.004055023193359
83.56699323654175,4.924381256103516
83.65530896186829,4.919910430908203
83.66719484329224,4.8372955322265625
83.75494503974915,4.970218658447266
83.76693105697632,5.132728576660156
83.85544109344482,5.163982391357422
83.86735439300537,5.004081726074219
83.95512008666992,5.051361083984375
83.9669086933136,5.271183013916016
84.0548768043518,5.268970489501953
84.06696438789368,5.299579620361328
84.15509557723999,5.409847259521484
84.1670093536377,5.368385314941406
84.25518202781677,5.465457916259766
84.26711630821228,5.365390777587891
84.35499835014343,5.482879638671875
84.36738681793213,5.5391082763671875
84.45533442497253,5.630889892578125
84.46732568740845,5.699733734130859
84.55550360679626,5.7164306640625
84.56732511520386,5.607059478759766
84.65546584129333,5.745510101318359
84.66740465164185,5.772151947021484
84.75492715835571,5.003818511962891
84.76692032814026,5.022441864013672
84.85527658462524,4.437957763671875
84.86717629432678,4.306095123291016
84.95574641227722,4.450809478759766
84.96750283241272,3.7610130310058594
85.05479788780212,3.7973060607910156
85.06730031967163,3.850494384765625
85.15508532524109,3.697368621826172
85.16749262809753,3.6416854858398438
85.25485897064209,3.7714080810546875
85.26726055145264,3.7767257690429688
85.3549427986145,3.749591827392578
85.36686658859253,3.866119384765625
85.45589542388916,3.841724395751953
85.46806859970093,3.8795738220214844
85.5551381111145,3.8216400146484375
85.56702160835266,3.874988555908203
85.65556693077087,3.8975677490234375
85.66746258735657,3.9386062622070312
85.7548360824585,3.9880905151367188
85.7672700881958,3.880626678466797
85.85492205619812,3.907958984375
85.86734414100647,3.321758270263672
85.95521354675293,3.299205780029297
85.96712493896484,3.2615089416503906
86.05534267425537,3.2713394165039062
86.06730198860168,3.2762451171875
86.15510535240173,3.188854217529297
86.16740608215332,3.412494659423828
86.25570750236511,3.3063888549804688
86.26762342453003,3.2759933471679688
86.3548800945282,3.2472991943359375
86.36678743362427,3.297382354736328
86.45591020584106,3.2993736267089844
86.46780610084534,3.379047393798828
86.55531311035156,3.2486610412597656
86.56707668304443,3.3338279724121094
86.65507698059082,3.351917266845703
86.66693210601807,3.3160171508789062
86.75581741333008,3.341899871826172
86.76770067214966,3.3172607421875
86.85498094558716,3.395458221435547
86.86688733100891,3.4011306762695312
86.9551010131836,3.293872833251953
86.96697402000427,3.406635284423828
87.05591320991516,3.471385955810547
87.0677809715271,3.3855628967285156
87.15515112876892,3.393177032470703
87.16703486442566,3.4533042907714844
87.25508499145508,3.4179344177246094
87.2674207687378,3.4519081115722656
87.35486721992493,3.4523468017578125
87.36722898483276,3.4415283203125
87.45491909980774,3.473224639892578
87.46715569496155,3.4659996032714844
87.55499339103699,3.529937744140625
87.56689596176147,3.3852081298828125
87.65548014640808,3.4414710998535156
87.66739225387573,3.517406463623047
87.75508046150208,3.466022491455078
87.76741433143616,3.5248756408691406
87.85494184494019,3.507427215576172
87.86723518371582,3.5540008544921875
87.95489311218262,3.3972740173339844
87.96680498123169,3.397014617919922
88.05560851097107,3.46527099609375
88.06774759292603,3.4152565002441406
88.15508246421814,3.5441131591796875
88.16688776016235,3.517284393310547
88.25522780418396,3.541034698486328
88.26717495918274,3.4788780212402344
88.35512804985046,3.500011444091797
88.36708092689514,3.5742111206054688
88.45486879348755,3.5805740356445312
88.46724319458008,3.673748016357422
88.55495858192444,3.554889678955078
88.56689763069153,3.680389404296875
88.65481662750244,3.571216583251953
88.66677451133728,3.6699142456054688
88.75514626502991,3.7576904296875
88.76746916770935,3.7101593017578125
88.85495352745056,3.738922119140625
88.86697244644165,2.9587745666503906
88.95488977432251,3.058818817138672
88.9671139717102,3.021564483642578
89.05476117134094,2.977703094482422
89.06717896461487,3.058757781982422
89.15519976615906,3.0523948669433594
89.16698217391968,2.987010955810547
89.25552868843079,2.9746856689453125
89.26744437217712,2.992961883544922
89.3550775051117,3.0335311889648438
89.36738729476929,2.957469940185547
89.45513319969177,2.9497528076171875
89.46705174446106,3.014606475830078
89.55488061904907,3.0295639038085938
89.56715607643127,2.987010955810547
89.65497493743896,2.991912841796875
89.6668906211853,3.0075340270996094
89.75568127632141,3.003063201904297
89.76745939254761,2.992809295654297
89.8550660610199,3.0333938598632812
89.86694598197937,2.966705322265625
89.95543360710144,3.1022109985351562
89.96733379364014,3.015697479248047
90.05554676055908,3.0160865783691406
90.06739020347595,2.992359161376953
90.15477728843689,3.039775848388672
90.16674780845642,3.0768775939941406
90.25570487976074,2.942279815673828
90.26991558074951,3.0474090576171875
90.35674166679382,3.04791259765625
90.3699038028717,3.0069198608398438
90.45508122444153,3.0564727783203125
90.46694326400757,3.0585250854492188
90.5552773475647,3.044536590576172
90.56716227531433,3.0717697143554688
90.65489339828491,3.1197433471679688
90.6667959690094,3.1242446899414062
90.75503993034363,3.1512451171875
90.7669632434845,3.0826492309570312
90.8550956249237,3.1679611206054688
90.86742544174194,3.1520919799804688
90.95488953590393,3.1801834106445312
90.97046828269958,3.2510528564453125
91.05739784240723,3.223804473876953
91.07113265991211,3.1955642700195312
91.15490412712097,3.1819496154785156
91.16850209236145,3.23858642578125
91.25529980659485,3.181610107421875
91.26821684837341,3.1260223388671875
91.35463643074036,3.146839141845703
91.36805725097656,3.1229095458984375
91.45500040054321,3.1705894470214844
91.46939182281494,3.2177352905273438
91.55740237236023,3.280193328857422
91.57233619689941,3.130870819091797
91.65724158287048,3.1443557739257812
91.67145872116089,3.1765098571777344
91.75522470474243,3.2008132934570312
91.7692801952362,3.2209854125976562
91.85506105422974,3.1797142028808594
91.8679130077362,3.26995849609375
91.95550489425659,3.2520980834960938
91.9679388999939,3.2214088439941406
92.05559420585632,3.2884483337402344
92.06750440597534,3.257068634033203
92.15482687950134,3.3292999267578125
92.16673135757446,3.368701934814453
92.25490665435791,3.3326377868652344
92.26681113243103,3.3092002868652344
92.35483574867249,3.4063262939453125
92.366783618927,3.542675018310547
92.45546412467957,3.4096832275390625
92.4673388004303,3.507129669189453
92.55483198165894,3.0923843383789062
92.56672668457031,2.8248329162597656
92.65518426895142,2.8285865783691406
92.66778254508972,2.881877899169922
92.754958152771,2.9393463134765625
92.7669186592102,2.9146575927734375
92.85480046272278,2.927886962890625
92.86691522598267,2.9516754150390625
92.95536804199219,3.0147438049316406
92.96725487709045,2.91436767578125
93.05466508865356,2.900646209716797
93.06721663475037,2.9042015075683594
93.15476107597351,2.8788604736328125
93.16668891906738,2.8709030151367188
93.2548577785492,2.9082565307617188
93.26680064201355,2.8658714294433594
93.3546872138977,2.8917617797851562
93.36677742004395,2.9288673400878906
93.45510220527649,2.9086456298828125
93.467444896698,2.9057159423828125
93.55508017539978,2.8664817810058594
93.56743884086609,2.9079360961914062
93.6550772190094,2.9121551513671875
93.66794204711914,2.9810752868652344
93.75544953346252,2.9415855407714844
93.76735544204712,2.9864044189453125
93.85500597953796,3.035320281982422
93.86689233779907,3.051952362060547
93.95534348487854,3.0084877014160156
93.96724891662598,3.084392547607422
94.05477523803711,3.1209564208984375
94.06673097610474,3.1841468811035156
94.15516090393066,3.1777305603027344
94.16713070869446,3.213886260986328
94.25508379936218,2.5497665405273438
94.26700973510742,2.5575790405273438
94.35520029067993,2.5653915405273438
94.36743950843811,2.571399688720703
94.45498967170715,2.6209068298339844
94.46728515625,2.6484947204589844
94.55507469177246,2.646453857421875
94.56700801849365,2.669891357421875
94.65600085258484,2.6459121704101562
94.66829514503479,2.6049461364746094
94.75513315200806,2.579212188720703
94.76749777793884,2.6188926696777344
94.85487079620361,2.6403770446777344
94.86723732948303,2.622325897216797
94.9549503326416,2.6600570678710938
94.9672269821167,2.685943603515625
95.0551176071167,2.6791152954101562
95.0669960975647,2.6262359619140625
95.15566205978394,2.6026535034179688
95.16754150390625,2.64031982421875
95.2551167011261,2.642200469970703
95.2668809890747,2.697620391845703
95.35487532615662,2.6601715087890625
95.36678886413574,2.7030372619628906
95.45517182350159,2.7495651245117188
95.46707606315613,2.7664260864257812
95.55519032478333,2.7212600708007812
95.56694149971008,2.756561279296875
95.65520644187927,2.7957687377929688
95.66710114479065,2.8709793090820312
95.75507020950317,2.8647079467773438
95.76694917678833,2.8906631469726562
95.85500383377075,2.195293426513672
95.86689949035645,2.195293426513672
95.95503997802734,2.195293426513672
95.96691226959229,2.195293426513672
96.05556845664978,2.195293426513672
96.0674557685852,2.195293426513672
96.15506172180176,2.195293426513672
96.16738176345825,2.195293426513672
96.25551509857178,2.195293426513672
96.26742243766785,2.195293426513672
96.35507845878601,2.195293426513672
96.36699080467224,2.195293426513672
96.4551293849945,2.195293426513672
96.46699905395508,2.195293426513672
96.55590844154358,2.195293426513672
96.56777834892273,2.195293426513672
96.65515160560608,2.195293426513672
96.66704726219177,2.195293426513672
96.75507998466492,2.195293426513672
96.76701593399048,2.195293426513672
96.85552525520325,2.195293426513672
96.86740851402283,2.195293426513672
96.95482873916626,2.195293426513672
96.96668004989624,2.195293426513672
97.05492329597473,2.195293426513672
97.06682658195496,2.195293426513672
97.15508103370667,2.195293426513672
97.16693091392517,2.195293426513672
97.25530409812927,2.195293426513672
97.26738977432251,2.195293426513672
97.3550853729248,2.195293426513672
97.36699557304382,2.195293426513672
97.45533084869385,2.195293426513672
97.46722984313965,2.195293426513672
97.55475354194641,2.195293426513672
97.56676459312439,2.195293426513672
97.6548216342926,2.195293426513672
97.66677236557007,2.195293426513672
97.75500774383545,2.195293426513672
97.76843810081482,2.195293426513672
97.85515093803406,2.195293426513672
97.86771655082703,2.195293426513672
97.95515394210815,2.195293426513672
97.9670798778534,2.195293426513672
98.05488348007202,2.195293426513672
98.06728839874268,2.195293426513672
98.15495014190674,2.195293426513672
98.16687822341919,2.195293426513672
98.2557008266449,2.195293426513672
98.2675883769989,2.195293426513672
98.35503220558167,2.195293426513672
98.36760258674622,2.195293426513672
98.45508337020874,2.195293426513672
98.46700549125671,2.195293426513672
98.55547881126404,2.195293426513672
98.56737089157104,2.195293426513672
98.65493702888489,2.195293426513672
98.66685581207275,2.195293426513672
98.75550484657288,2.195293426513672
98.7674252986908,2.195293426513672
98.85507488250732,2.195293426513672
98.86693334579468,2.195293426513672
98.95568704605103,2.195293426513672
98.96755623817444,2.195293426513672
99.05543994903564,2.195293426513672
99.0673656463623,2.195293426513672
99.15478754043579,2.195293426513672
99.16738605499268,2.195293426513672
99.25497102737427,2.195293426513672
99.2668821811676,2.195293426513672
99.35522246360779,2.195293426513672
99.36747622489929,2.195293426513672
99.45506453514099,2.195293426513672
99.46687984466553,2.195293426513672
99.55574345588684,2.195293426513672
99.56764626502991,2.195293426513672
99.65487551689148,2.195293426513672
99.66730856895447,2.195293426513672
99.7549524307251,2.195293426513672
99.76689338684082,2.195293426513672
99.85518717765808,2.195293426513672
99.86707377433777,2.195293426513672
99.95505857467651,2.195293426513672
99.96693062782288,2.195293426513672
100.055504322052,2.195293426513672
100.06739974021912,2.195293426513672
100.15484809875488,2.195293426513672
100.16676616668701,2.195293426513672
100.25495648384094,2.195293426513672
100.26692533493042,2.195293426513672
100.35544276237488,2.195293426513672
100.36768841743469,2.195293426513672
100.45507717132568,2.195293426513672
100.46694803237915,2.195293426513672
100.55570220947266,2.195293426513672
100.56757164001465,2.195293426513672
100.65484428405762,2.195293426513672
100.6667730808258,2.195293426513672
100.75575113296509,2.195293426513672
100.76766896247864,2.195293426513672
100.85498261451721,2.195293426513672
100.8668200969696,2.195293426513672
100.9551465511322,2.195293426513672
100.96704316139221,2.195293426513672
101.05482459068298,2.195293426513672
101.06675791740417,2.195293426513672
101.15511059761047,2.195293426513672
101.16702222824097,2.141193389892578
101.25535678863525,1.9747428894042969
101.26725006103516,1.9717674255371094
101.27908611297607,1.9717674255371094
101.35497045516968,1.9717674255371094
101.36734390258789,1.9717674255371094
101.37918543815613,1.9717674255371094
101.45556569099426,1.9717674255371094
101.4674928188324,1.9717674255371094
101.47926235198975,1.9717674255371094
101.5550754070282,1.9717674255371094
101.56691431999207,1.9717674255371094
101.57921266555786,1.9717674255371094
101.65507745742798,1.9717674255371094
101.6669237613678,1.9717674255371094
101.67875123023987,1.9717674255371094
101.75567245483398,1.9717674255371094
101.76759481430054,1.9717674255371094
101.77929043769836,1.9717674255371094
101.85549855232239,1.9717674255371094
101.86725926399231,1.9717674255371094
101.87908124923706,1.9717674255371094
101.95501065254211,1.9717674255371094
101.96690487861633,1.9717674255371094
101.97873115539551,1.9717674255371094
102.05507493019104,1.9717674255371094
102.06692123413086,1.8922767639160156
102.07869529724121,1.8600044250488281
102.15513324737549,1.7482414245605469
102.1673629283905,1.7482414245605469
102.17920637130737,1.7482414245605469
102.19097542762756,1.7482414245605469
102.25531697273254,1.7482414245605469
102.26719880104065,1.7482414245605469
102.27903604507446,1.7482414245605469
102.29080748558044,1.7482414245605469
102.35491919517517,1.7482414245605469
102.36679220199585,1.7482414245605469
102.37862777709961,1.7482414245605469
102.39040756225586,1.7482414245605469
102.45497417449951,1.7482414245605469
102.46686053276062,1.7482414245605469
102.4786868095398,1.7482414245605469
102.49046039581299,1.7482414245605469
102.55506563186646,1.7482414245605469
102.56691884994507,1.7482414245605469
102.57922697067261,1.7482414245605469
102.59122061729431,1.7482414245605469
102.65549921989441,1.7482414245605469
102.667396068573,1.7482414245605469
102.6792323589325,1.7482414245605469
102.69101309776306,1.7482414245605469
102.75547289848328,1.7482414245605469
102.76739525794983,1.7482414245605469
102.77949929237366,1.7482414245605469
102.79126954078674,1.7482414245605469
102.85486769676208,1.7482414245605469
102.86677694320679,1.7482414245605469
102.87882685661316,1.7482414245605469
102.8907241821289,1.7482414245605469
102.95475625991821,1.7482414245605469
102.96689653396606,1.7482414245605469
102.9786696434021,1.7482414245605469
102.99066066741943,1.7482414245605469
103.05490303039551,1.7482414245605469
103.06714868545532,1.7482414245605469
103.07890605926514,1.7482414245605469
103.09093451499939,1.7482414245605469
103.1555609703064,1.7482414245605469
103.16744995117188,1.7482414245605469
103.17928075790405,1.7482414245605469
103.19105458259583,1.7482414245605469
103.25510454177856,1.7482414245605469
103.26704263687134,1.7482414245605469
103.27895402908325,1.7482414245605469
103.29085874557495,1.7482414245605469
103.35575771331787,1.7482414245605469
103.36751699447632,1.7482414245605469
103.37960958480835,1.7482414245605469
103.3913950920105,1.7482414245605469
103.45462560653687,1.7482414245605469
103.46649241447449,1.7482414245605469
103.47832608222961,1.7482414245605469
103.49010443687439,1.7482414245605469
103.55502343177795,1.6364784240722656
103.56691265106201,1.6364784240722656
103.5789532661438,1.6364784240722656
103.59097504615784,1.6364784240722656
103.60275864601135,1.6364784240722656
103.61457777023315,1.6364784240722656
103.65495586395264,1.6364784240722656
103.66697645187378,1.6364784240722656
103.67902183532715,1.6364784240722656
103.69098329544067,1.6364784240722656
103.7027337551117,1.6364784240722656
103.7146246433258,1.6364784240722656
103.75475025177002,1.6364784240722656
103.76667642593384,1.6364784240722656
103.77858877182007,1.6364784240722656
103.79053544998169,1.6364784240722656
103.80244708061218,1.6364784240722656
103.81452870368958,1.6364784240722656
103.85468626022339,1.6364784240722656
103.86665606498718,1.6364784240722656
103.87841057777405,1.6364784240722656
103.89043164253235,1.6364784240722656
103.90220141410828,1.6364784240722656
103.91394710540771,1.6364784240722656
103.95509743690491,1.6364784240722656
103.96690678596497,1.6364784240722656
103.97864627838135,1.6364784240722656
103.99058127403259,1.6364784240722656
104.00260281562805,1.6364784240722656
104.0143404006958,1.6364784240722656
104.05473780632019,1.6364784240722656
104.06650519371033,1.6364784240722656
104.07834720611572,1.6364784240722656
104.09007930755615,1.6364784240722656
104.1019995212555,1.6364784240722656
104.11385083198547,1.6364784240722656
104.15500354766846,1.6364784240722656
104.16693353652954,1.6364784240722656
104.17902421951294,1.6364784240722656
104.1908187866211,1.6364784240722656
104.20266699790955,1.6364784240722656
104.21455788612366,1.6364784240722656
104.25474524497986,1.6364784240722656
104.2665376663208,1.6364784240722656
104.2782940864563,1.6364784240722656
104.29004549980164,1.6364784240722656
104.30208587646484,1.6364784240722656
104.31400990486145,1.6364822387695312
104.3554220199585,1.6364822387695312
104.36719489097595,1.6364822387695312
104.37894010543823,1.6364822387695312
104.3908212184906,1.6364822387695312
104.40257358551025,1.6364822387695312
104.41433572769165,1.6364822387695312
104.45467591285706,1.6364822387695312
104.46663069725037,1.6364822387695312
104.47825574874878,1.6364822387695312
104.49028086662292,1.6364822387695312
104.5020489692688,1.6364822387695312
104.51378607749939,1.6364822387695312
104.55491137504578,1.6364822387695312
104.56669187545776,1.6364822387695312
104.57844424247742,1.6364822387695312
104.59046983718872,1.6364822387695312
104.60231232643127,1.6364822387695312
104.61403727531433,1.6364822387695312
104.65469884872437,1.6364822387695312
104.66651391983032,1.6364822387695312
104.67826771736145,1.6364822387695312
104.69001841545105,1.6364822387695312
104.70178484916687,1.6364822387695312
104.71359062194824,1.6364822387695312
104.75470805168152,1.6364822387695312
104.76650047302246,1.6364822387695312
104.77825617790222,1.6364822387695312
104.79001379013062,1.6364822387695312
104.80182671546936,1.6364822387695312
104.81359815597534,1.6364822387695312
104.8546576499939,1.6364822387695312
104.86643171310425,1.6364822387695312
104.87841701507568,1.6364822387695312
104.89018177986145,1.6364822387695312
104.90197992324829,1.6364822387695312
104.91372656822205,1.6364822387695312
104.95466566085815,1.6364822387695312
104.96644568443298,1.6364822387695312
104.9781904220581,1.6364822387695312
104.9900176525116,1.6364822387695312
105.00178146362305,1.6364822387695312
105.01353096961975,1.6364822387695312
105.05469059944153,1.6364822387695312
105.06645631790161,1.6364822387695312
105.07826638221741,1.6364822387695312
105.09013223648071,1.5247230529785156
105.10203838348389,1.5247230529785156
105.11377763748169,1.5247230529785156
105.1257917881012,1.5247230529785156
105.15456914901733,1.5247230529785156
105.1665940284729,1.5247230529785156
105.17834281921387,1.5247230529785156
105.19008660316467,1.5247230529785156
105.20206260681152,1.5247230529785156
105.2137668132782,1.5247230529785156
105.22577333450317,1.5247230529785156
105.23757934570312,1.5247230529785156
105.25457549095154,1.5247230529785156
105.26633358001709,1.5247230529785156
105.27806496620178,1.5247230529785156
105.28977036476135,1.5247230529785156
105.30138635635376,1.5247230529785156
105.31298995018005,1.5247230529785156
105.32486462593079,1.5247230529785156
105.33682322502136,1.5247230529785156
105.35478472709656,1.5247230529785156
105.36665678024292,1.5247230529785156
105.37856364250183,1.5247230529785156
105.39043116569519,1.5247230529785156
105.40212035179138,1.5247230529785156
105.41413712501526,1.5247230529785156
105.42620491981506,1.5247230529785156
105.43822717666626,1.5247230529785156
105.45456886291504,1.5247230529785156
105.46649551391602,1.5247230529785156
105.47813844680786,1.5247230529785156
105.48977279663086,1.5247230529785156
105.50164794921875,1.5247230529785156
105.51342344284058,1.5247230529785156
105.52523732185364,1.4139823913574219
105.53697490692139,1.4129600524902344
105.5486114025116,1.4129600524902344
105.5602719783783,1.4129600524902344
105.57203125953674,1.4129600524902344
105.58375310897827,1.4129600524902344
105.59565234184265,1.4129600524902344
105.60760855674744,1.4129600524902344
105.61936259269714,1.4129600524902344
105.63124322891235,1.4129600524902344
105.64298868179321,1.4129600524902344
105.65474796295166,1.4129600524902344
105.66649842262268,1.4129600524902344
105.67869710922241,1.4129600524902344
105.69045352935791,1.4129600524902344
105.7022933959961,1.4129600524902344
105.71420669555664,1.4129600524902344
105.72609615325928,1.4129600524902344
105.73784923553467,1.4129600524902344
105.74948334693909,1.4129600524902344
105.76130080223083,1.4129600524902344
105.7729229927063,1.4129600524902344
105.78453731536865,1.4129600524902344
105.79633402824402,1.4129600524902344
105.80794644355774,1.4129600524902344
105.81964492797852,1.4129600524902344
105.83126091957092,1.4129600524902344
105.84323787689209,1.4129600524902344
105.85525488853455,1.4129600524902344
105.86726140975952,1.4129600524902344
105.87899994850159,1.4129600524902344
105.89075469970703,1.3011970520019531
105.90251302719116,1.3011970520019531
105.91426753997803,1.3011970520019531
105.92603135108948,1.3011970520019531
105.93785548210144,1.3011970520019531
105.9499409198761,1.3011970520019531
105.96171021461487,0.17806243896484375
105.97321605682373,0.17810440063476562
105.98497462272644,0.17810440063476562
105.99644899368286,0.17810440063476562
106.00779891014099,0.17816162109375
106.0191113948822,0.17816162109375
106.0304205417633,0.17816162109375
106.041738986969,0.17818832397460938
106.05305647850037,0.17818832397460938
106.06448888778687,0.17824935913085938
106.07578587532043,0.17824935913085938
106.08709263801575,0.17826080322265625
106.09839606285095,0.17826080322265625
106.10983514785767,0.17645263671875
106.12129330635071,0.17645263671875
106.1327064037323,0.17645263671875
106.14401173591614,0.17645263671875
106.15533256530762,0.17645263671875
106.16675138473511,0.17645263671875
106.17833948135376,0.17645263671875
106.18979048728943,0.17645263671875
106.2013750076294,0.17645263671875
106.21275997161865,0.17645263671875
106.22429752349854,0.17645263671875
106.23550319671631,0.17645263671875
106.24673819541931,0.17645263671875
106.2583258152008,0.17645263671875
106.26975536346436,0.17645263671875
106.28127789497375,0.17645263671875
106.29272651672363,0.17645263671875
106.30423855781555,0.17645263671875
106.31560063362122,0.17645263671875
106.32702398300171,0.17645263671875
106.33837223052979,0.17645263671875
106.3496961593628,0.17645263671875
106.36102080345154,0.17645263671875
106.37236976623535,0.17865753173828125
106.38381433486938,0.0
