t_sec,rss_gib
0.006411314010620117,0.0051727294921875
0.017444372177124023,0.00789642333984375
0.028223037719726562,0.00966644287109375
0.038971900939941406,0.01016998291015625
0.049716949462890625,0.01067352294921875
0.060465097427368164,0.010982513427734375
0.07120776176452637,0.011356353759765625
0.08196663856506348,0.011356353759765625
0.09270453453063965,0.011356353759765625
0.10344457626342773,0.011356353759765625
0.11417508125305176,0.011356353759765625
0.12491226196289062,0.011356353759765625
0.13565707206726074,0.011356353759765625
0.14640116691589355,0.011356353759765625
0.15714263916015625,0.011356353759765625
0.16787981986999512,0.011356353759765625
0.17862510681152344,0.011356353759765625
0.18935012817382812,0.011356353759765625
0.20008563995361328,0.011356353759765625
0.21081852912902832,0.011356353759765625
0.22156000137329102,0.011356353759765625
0.23228669166564941,0.011356353759765625
0.24302458763122559,0.011356353759765625
0.25377893447875977,0.013111114501953125
0.26451969146728516,0.015743255615234375
0.2752528190612793,0.015743255615234375
0.285982608795166,0.015743255615234375
0.29672956466674805,0.015743255615234375
0.3074624538421631,0.015743255615234375
0.3181784152984619,0.015743255615234375
0.328904390335083,0.015743255615234375
0.33962321281433105,0.015743255615234375
0.35033106803894043,0.015743255615234375
0.36104464530944824,0.015743255615234375
0.3717653751373291,0.015743255615234375
0.382490873336792,0.015743255615234375
0.39319801330566406,0.015743255615234375
0.4039306640625,0.015743255615234375
0.4146554470062256,0.015743255615234375
0.42536306381225586,0.015743255615234375
0.43608784675598145,0.015743255615234375
0.4468116760253906,0.015743255615234375
0.4575366973876953,0.018627166748046875
0.468259334564209,0.019439697265625
0.4789917469024658,0.019916534423828125
0.4897167682647705,0.02123260498046875
0.50044846534729,0.021820068359375
0.5111775398254395,0.0223236083984375
0.5219144821166992,0.022998809814453125
0.5326344966888428,0.023937225341796875
0.5433530807495117,0.023937225341796875
0.5540566444396973,0.024219512939453125
0.5647881031036377,0.024219512939453125
0.575537919998169,0.024219512939453125
0.5862541198730469,0.024219512939453125
0.5970158576965332,0.024219512939453125
0.6077461242675781,0.024219512939453125
0.6184799671173096,0.024219512939453125
0.6291978359222412,0.024219512939453125
0.6399271488189697,0.024219512939453125
0.6506586074829102,0.024219512939453125
0.6613771915435791,0.024219512939453125
0.6720995903015137,0.024219512939453125
0.6828374862670898,0.024219512939453125
0.6935758590698242,0.024219512939453125
0.7043097019195557,0.024219512939453125
0.7150521278381348,0.024219512939453125
0.7257857322692871,0.024776458740234375
0.7365128993988037,0.025279998779296875
0.7472410202026367,0.026042938232421875
0.7579751014709473,0.026638031005859375
0.7687139511108398,0.0273284912109375
0.7794699668884277,0.028064727783203125
0.790203332901001,0.028484344482421875
0.8009355068206787,0.0302276611328125
0.8116629123687744,0.03047943115234375
0.8224024772644043,0.03047943115234375
0.8331503868103027,0.03047943115234375
0.8439173698425293,0.03047943115234375
0.8546490669250488,0.03047943115234375
0.8653559684753418,0.03047943115234375
0.8760819435119629,0.03047943115234375
0.8868117332458496,0.03047943115234375
0.8975386619567871,0.03047943115234375
0.9082551002502441,0.03047943115234375
0.9189910888671875,0.03047943115234375
0.9297266006469727,0.03047943115234375
0.9404613971710205,0.03047943115234375
0.9511797428131104,0.03047943115234375
0.9619364738464355,0.030731201171875
0.9726779460906982,0.03173828125
0.9834115505218506,0.03174591064453125
0.9941339492797852,0.03174591064453125
1.0048599243164062,0.03174591064453125
1.015594482421875,0.03174591064453125
1.0263242721557617,0.03174591064453125
1.03704833984375,0.03174591064453125
1.0477864742279053,0.03174591064453125
1.0585362911224365,0.03174591064453125
1.069246768951416,0.03174591064453125
1.0799920558929443,0.03174591064453125
1.0907132625579834,0.03174591064453125
1.1014404296875,0.03174591064453125
1.112175464630127,0.03174591064453125
1.1229147911071777,0.03174591064453125
1.1336450576782227,0.03174591064453125
1.1443560123443604,0.03174591064453125
1.1550884246826172,0.031993865966796875
1.165832281112671,0.0326690673828125
1.17657470703125,0.037120819091796875
1.1873083114624023,0.03745269775390625
1.1980524063110352,0.0378875732421875
1.2087950706481934,0.037906646728515625
1.2195384502410889,0.03815460205078125
1.23026704788208,0.038661956787109375
1.241004467010498,0.0393524169921875
1.2517414093017578,0.039875030517578125
1.262502908706665,0.04131317138671875
1.2732539176940918,0.04225921630859375
1.2839879989624023,0.042705535888671875
1.2947125434875488,0.0432586669921875
1.305450201034546,0.0432891845703125
1.316185474395752,0.04358673095703125
1.3269085884094238,0.043735504150390625
1.3376364707946777,0.043933868408203125
1.3483638763427734,0.04418182373046875
1.3590710163116455,0.04443359375
1.369809865951538,0.04518890380859375
1.3805487155914307,0.045787811279296875
1.3912692070007324,0.046844482421875
1.4020230770111084,0.046844482421875
1.412761926651001,0.046844482421875
1.4234960079193115,0.046844482421875
1.4342167377471924,0.046844482421875
1.444941520690918,0.046844482421875
1.4556703567504883,0.046844482421875
1.4664149284362793,0.046844482421875
1.4771416187286377,0.046844482421875
1.487886667251587,0.046844482421875
1.4986357688903809,0.046844482421875
1.5093567371368408,0.046844482421875
1.520085334777832,0.046844482421875
1.530817985534668,0.046844482421875
1.5415542125701904,0.046844482421875
1.5522642135620117,0.046844482421875
1.5629916191101074,0.046844482421875
1.573716163635254,0.046844482421875
1.584439992904663,0.046844482421875
1.5951666831970215,0.046844482421875
1.6058940887451172,0.046844482421875
1.6166191101074219,0.046844482421875
1.6273376941680908,0.046844482421875
1.638056993484497,0.046844482421875
1.6487884521484375,0.046844482421875
1.6595220565795898,0.046844482421875
1.6702373027801514,0.046844482421875
1.6809780597686768,0.046844482421875
1.6917338371276855,0.046844482421875
1.7024731636047363,0.046844482421875
1.7132041454315186,0.046844482421875
1.7239539623260498,0.046844482421875
1.7346982955932617,0.046844482421875
1.7454471588134766,0.046844482421875
1.756171464920044,0.046844482421875
1.7669124603271484,0.046844482421875
1.7776460647583008,0.046844482421875
1.788358211517334,0.04709625244140625
1.7990527153015137,0.04709625244140625
1.8097856044769287,0.04709625244140625
1.820519208908081,0.04709625244140625
1.8312299251556396,0.04709625244140625
1.8419671058654785,0.04709625244140625
1.8527119159698486,0.04709625244140625
1.863461971282959,0.04709625244140625
1.8741817474365234,0.04709625244140625
1.8849139213562012,0.04709625244140625
1.8956317901611328,0.04709625244140625
1.906348466873169,0.04709625244140625
1.9170575141906738,0.04709625244140625
1.9277784824371338,0.04709625244140625
1.9384996891021729,0.04709625244140625
1.9492199420928955,0.04709625244140625
1.9599435329437256,0.04709625244140625
1.970667839050293,0.04709625244140625
1.9813766479492188,0.04709625244140625
1.9920880794525146,0.04709625244140625
2.0028090476989746,0.04709625244140625
2.0135343074798584,0.04709625244140625
2.0242464542388916,0.04709625244140625
2.0349841117858887,0.04709625244140625
2.0457096099853516,0.04709625244140625
2.056433916091919,0.04709625244140625
2.067157030105591,0.04709625244140625
2.0778865814208984,0.04709625244140625
2.08862042427063,0.04709625244140625
2.099336624145508,0.04709625244140625
2.110046863555908,0.04709625244140625
2.1207711696624756,0.04709625244140625
2.1314902305603027,0.04709625244140625
2.1422035694122314,0.04709625244140625
2.1529247760772705,0.04709625244140625
2.1636533737182617,0.04709625244140625
2.1743671894073486,0.04709625244140625
2.1850855350494385,0.04709625244140625
2.1958200931549072,0.04709625244140625
2.2065556049346924,0.04709625244140625
2.21728777885437,0.04709625244140625
2.2280192375183105,0.0473480224609375
2.2387521266937256,0.04929351806640625
2.2494776248931885,0.04929351806640625
2.2601895332336426,0.04929351806640625
2.2709240913391113,0.04929351806640625
2.2816662788391113,0.04929351806640625
2.292402982711792,0.04929351806640625
2.3031153678894043,0.04929351806640625
2.3138468265533447,0.04929351806640625
2.3245675563812256,0.04929351806640625
2.3352770805358887,0.04929351806640625
2.3460092544555664,0.04929351806640625
2.3567349910736084,0.04929351806640625
2.367466926574707,0.05164337158203125
2.3781864643096924,0.05164337158203125
2.388923406600952,0.05164337158203125
2.3996613025665283,0.05164337158203125
2.4103963375091553,0.05164337158203125
2.4211223125457764,0.05164337158203125
2.4318606853485107,0.05265045166015625
2.4426052570343018,0.05265045166015625
2.453333854675293,0.05341339111328125
2.4640533924102783,0.05388641357421875
2.474789619445801,0.05438995361328125
2.48551869392395,0.05438995361328125
2.4962456226348877,0.05438995361328125
2.50698184967041,0.054630279541015625
2.5177054405212402,0.054630279541015625
2.528432607650757,0.054630279541015625
2.5391476154327393,0.054630279541015625
2.5498716831207275,0.054630279541015625
2.5606069564819336,0.054630279541015625
2.5713183879852295,0.054630279541015625
2.5820438861846924,0.054630279541015625
2.592773199081421,0.054630279541015625
2.6035029888153076,0.054630279541015625
2.6142117977142334,0.054630279541015625
2.624943733215332,0.054630279541015625
2.6356818675994873,0.054630279541015625
2.6464033126831055,0.054630279541015625
2.6571171283721924,0.054630279541015625
2.6678526401519775,0.055145263671875
2.6785926818847656,0.057048797607421875
2.6893231868743896,0.057941436767578125
2.7000677585601807,0.059139251708984375
2.7108054161071777,0.059627532958984375
2.7215449810028076,0.059627532958984375
2.7322731018066406,0.059627532958984375
2.743013620376587,0.059627532958984375
2.7537496089935303,0.059627532958984375
2.76448392868042,0.059627532958984375
2.7752158641815186,0.059627532958984375
2.7859506607055664,0.059627532958984375
2.796696901321411,0.059627532958984375
2.807429075241089,0.059627532958984375
2.818150520324707,0.059627532958984375
2.828890562057495,0.059627532958984375
2.8396332263946533,0.059627532958984375
2.8503777980804443,0.059627532958984375
2.8611161708831787,0.059627532958984375
2.8718550205230713,0.059627532958984375
2.8826005458831787,0.059627532958984375
2.8933238983154297,0.059627532958984375
2.9040544033050537,0.059627532958984375
2.914787530899048,0.059627532958984375
2.925520420074463,0.059627532958984375
2.936248540878296,0.059627532958984375
2.9469892978668213,0.059627532958984375
2.957728624343872,0.059627532958984375
2.968477964401245,0.059627532958984375
2.979200839996338,0.059627532958984375
2.9899280071258545,0.059627532958984375
3.0006744861602783,0.059627532958984375
3.011404037475586,0.059627532958984375
3.02211856842041,0.059627532958984375
3.032853841781616,0.059627532958984375
3.043584108352661,0.059627532958984375
3.054297685623169,0.059627532958984375
3.0650246143341064,0.059627532958984375
3.075754165649414,0.059627532958984375
3.0864789485931396,0.059627532958984375
3.0973312854766846,0.059627532958984375
3.108065366744995,0.059627532958984375
3.11879301071167,0.059627532958984375
3.1295244693756104,0.059627532958984375
3.1402387619018555,0.059627532958984375
3.150972366333008,0.059627532958984375
3.161707639694214,0.059627532958984375
3.172433853149414,0.059627532958984375
3.1831469535827637,0.059627532958984375
3.1938915252685547,0.059627532958984375
3.2046303749084473,0.06041717529296875
3.215366840362549,0.0616607666015625
3.226099967956543,0.061885833740234375
3.2368462085723877,0.061885833740234375
3.2475717067718506,0.061885833740234375
3.2583014965057373,0.061885833740234375
3.2690236568450928,0.061885833740234375
3.279766082763672,0.061885833740234375
3.2905139923095703,0.061885833740234375
3.30125093460083,0.061885833740234375
3.31198787689209,0.061885833740234375
3.3227217197418213,0.061885833740234375
3.3334567546844482,0.061885833740234375
3.344179630279541,0.061885833740234375
3.3549468517303467,0.061885833740234375
3.365675687789917,0.061885833740234375
3.3764171600341797,0.061885833740234375
3.387131929397583,0.061885833740234375
3.3978586196899414,0.061885833740234375
3.4085919857025146,0.06335067749023438
3.4193193912506104,0.06335067749023438
3.4300475120544434,0.06335067749023438
3.440784215927124,0.06335067749023438
3.4515163898468018,0.06335067749023438
3.46223521232605,0.06335067749023438
3.472961902618408,0.06335067749023438
3.483686923980713,0.06335067749023438
3.4944112300872803,0.06335067749023438
3.5051212310791016,0.06335067749023438
3.515852928161621,0.06335067749023438
3.5265772342681885,0.06335067749023438
3.537301778793335,0.06335067749023438
3.548036575317383,0.06335067749023438
3.558788776397705,0.06335067749023438
3.5695254802703857,0.06335067749023438
3.5802366733551025,0.06335067749023438
3.590961217880249,0.06335067749023438
3.601689338684082,0.06393814086914062
3.6124167442321777,0.06444931030273438
3.6231398582458496,0.06465530395507812
3.6338751316070557,0.06480789184570312
3.644599437713623,0.06607437133789062
3.6553151607513428,0.06657791137695312
3.666041851043701,0.06734085083007812
3.676769733428955,0.06744766235351562
3.687499761581421,0.06786346435546875
3.6982195377349854,0.06786346435546875
3.708963394165039,0.06786346435546875
3.7196977138519287,0.06786346435546875
3.730438232421875,0.06786346435546875
3.741161584854126,0.06786346435546875
3.751896619796753,0.06786346435546875
3.7626209259033203,0.06786346435546875
3.7733311653137207,0.06786346435546875
3.7840588092803955,0.06786346435546875
3.794790506362915,0.06786346435546875
3.805513381958008,0.06786346435546875
3.816242218017578,0.06786346435546875
3.826997756958008,0.06786346435546875
3.837736129760742,0.06786346435546875
3.848475933074951,0.06786346435546875
3.859193801879883,0.06786346435546875
3.869922161102295,0.06786346435546875
3.8806633949279785,0.06786346435546875
3.8913798332214355,0.06786346435546875
3.9021098613739014,0.06786346435546875
3.9128496646881104,0.06841659545898438
3.923577070236206,0.06875991821289062
3.9342989921569824,0.06939315795898438
3.945032835006714,0.0697479248046875
3.9557621479034424,0.07199478149414062
3.9664907455444336,0.07251739501953125
3.97721004486084,0.0727691650390625
3.9879417419433594,0.07386398315429688
3.998678207397461,0.0742034912109375
4.00941014289856,0.074676513671875
4.02012825012207,0.07494354248046875
4.030866384506226,0.0760955810546875
4.041602611541748,0.07664108276367188
4.0523247718811035,0.07712936401367188
4.0630574226379395,0.07738113403320312
4.073784351348877,0.07838821411132812
4.084526777267456,0.07982635498046875
4.095261812210083,0.080322265625
4.106028318405151,0.080322265625
4.1167755126953125,0.080322265625
4.127518892288208,0.080322265625
4.138247013092041,0.080322265625
4.148983716964722,0.080322265625
4.159713983535767,0.080322265625
4.170433759689331,0.080322265625
4.181159496307373,0.080322265625
4.191878795623779,0.080322265625
4.202609539031982,0.080322265625
4.213330030441284,0.080322265625
4.224039793014526,0.080322265625
4.234773874282837,0.080322265625
4.245495796203613,0.080322265625
4.256214380264282,0.080322265625
4.266939401626587,0.080322265625
4.27768874168396,0.0813751220703125
4.288424253463745,0.08189773559570312
4.2991554737091064,0.08382415771484375
4.309902906417847,0.08471298217773438
4.320641994476318,0.08471298217773438
4.331349849700928,0.08496475219726562
4.342062711715698,0.08521652221679688
4.352794647216797,0.08521652221679688
4.363517999649048,0.08546829223632812
4.374239444732666,0.08546829223632812
4.384985446929932,0.08572006225585938
4.395715713500977,0.08572006225585938
4.40644097328186,0.08572006225585938
4.417155981063843,0.08572006225585938
4.427887201309204,0.08572006225585938
4.43862247467041,0.08572006225585938
4.44934868812561,0.08572006225585938
4.460098028182983,0.08572006225585938
4.470839023590088,0.08572006225585938
4.481570482254028,0.08572006225585938
4.492290258407593,0.08572006225585938
4.503016948699951,0.08572006225585938
4.51375150680542,0.08572006225585938
4.524482727050781,0.08572006225585938
4.535205602645874,0.08572006225585938
4.545945405960083,0.08572006225585938
4.556704044342041,0.08572006225585938
4.567457675933838,0.08572006225585938
4.578167915344238,0.08572006225585938
4.588908910751343,0.08572006225585938
4.5996434688568115,0.08572006225585938
4.610360622406006,0.08621597290039062
4.6210856437683105,0.0865478515625
4.6318323612213135,0.0865478515625
4.642570972442627,0.0865478515625
4.653281927108765,0.0865478515625
4.664019584655762,0.0865478515625
4.674755573272705,0.0865478515625
4.685480117797852,0.0865478515625
4.696188449859619,0.0865478515625
4.706929922103882,0.0865478515625
4.717665672302246,0.0865478515625
4.728408575057983,0.0865478515625
4.739122629165649,0.0865478515625
4.749863862991333,0.0865478515625
4.760610580444336,0.0865478515625
4.771340370178223,0.08676910400390625
4.782068252563477,0.08676910400390625
4.79279899597168,0.08676910400390625
4.803544521331787,0.08676910400390625
4.814268112182617,0.08676910400390625
4.825002431869507,0.08676910400390625
4.835725545883179,0.08676910400390625
4.8464508056640625,0.08676910400390625
4.857168197631836,0.08676910400390625
4.867899417877197,0.08676910400390625
4.8786303997039795,0.08676910400390625
4.889350652694702,0.08676910400390625
4.900059461593628,0.08676910400390625
4.9107985496521,0.08676910400390625
4.921530723571777,0.08676910400390625
4.93224024772644,0.08676910400390625
4.9429755210876465,0.08676910400390625
4.953695058822632,0.08676910400390625
4.964438199996948,0.08676910400390625
4.975166320800781,0.08676910400390625
4.985893726348877,0.08676910400390625
4.996615648269653,0.08676910400390625
5.00733208656311,0.08676910400390625
5.018051624298096,0.08676910400390625
5.028774261474609,0.08676910400390625
5.039499521255493,0.08676910400390625
5.050223112106323,0.08729934692382812
5.0609450340271,0.08780288696289062
5.071687459945679,0.08805465698242188
5.082421779632568,0.08841705322265625
5.093138933181763,0.0886688232421875
5.10387659072876,0.08900833129882812
5.114607572555542,0.08940505981445312
5.125342130661011,0.08994293212890625
5.136059045791626,0.09059524536132812
5.146799325942993,0.09101486206054688
5.157541751861572,0.09101486206054688
5.168270111083984,0.09101486206054688
5.1790220737457275,0.09101486206054688
5.189759016036987,0.09101486206054688
5.200508117675781,0.09101486206054688
5.211231470108032,0.09101486206054688
5.221985101699829,0.09101486206054688
5.232728004455566,0.09101486206054688
5.243463039398193,0.09101486206054688
5.254173994064331,0.09101486206054688
5.264915704727173,0.09101486206054688
5.2756500244140625,0.09101486206054688
5.286376714706421,0.09101486206054688
5.297106981277466,0.09101486206054688
5.307844638824463,0.09101486206054688
5.3185858726501465,0.09101486206054688
5.329312801361084,0.09151840209960938
5.340050935745239,0.09151840209960938
5.3507819175720215,0.09250640869140625
5.36151909828186,0.09299468994140625
5.372291326522827,0.09299468994140625
5.3830177783966064,0.09299468994140625
5.393738269805908,0.09299468994140625
5.404475927352905,0.09391403198242188
5.415198564529419,0.09391403198242188
5.4259209632873535,0.09391403198242188
5.4366614818573,0.09391403198242188
5.447377920150757,0.09391403198242188
5.458099126815796,0.09391403198242188
5.468828916549683,0.09391403198242188
5.479561805725098,0.09391403198242188
5.490286111831665,0.09391403198242188
5.501020193099976,0.09391403198242188
5.511754274368286,0.09391403198242188
5.522481918334961,0.09391403198242188
5.533210277557373,0.09391403198242188
5.54393744468689,0.09391403198242188
5.554663419723511,0.09391403198242188
5.565399885177612,0.09391403198242188
5.576119661331177,0.09391403198242188
5.586857795715332,0.09391403198242188
5.597596883773804,0.09391403198242188
5.608316898345947,0.09391403198242188
5.6190505027771,0.09391403198242188
5.629774808883667,0.09391403198242188
5.640503644943237,0.09391403198242188
5.651221513748169,0.09391403198242188
5.661944150924683,0.09391403198242188
5.672678470611572,0.09391403198242188
5.683383226394653,0.09391403198242188
5.694118022918701,0.09391403198242188
5.704843044281006,0.09391403198242188
5.715571403503418,0.09391403198242188
5.726287364959717,0.09442901611328125
5.737026929855347,0.09493255615234375
5.747759819030762,0.095184326171875
5.7584943771362305,0.09543609619140625
5.769210577011108,0.09593963623046875
5.779938697814941,0.09593963623046875
5.790672302246094,0.09593963623046875
5.801414966583252,0.09593963623046875
5.812133073806763,0.09593963623046875
5.822872161865234,0.09593963623046875
5.833599805831909,0.09593963623046875
5.8443193435668945,0.09593963623046875
5.8550498485565186,0.09593963623046875
5.865784406661987,0.09593963623046875
5.876519203186035,0.09593963623046875
5.887230634689331,0.09593963623046875
5.897964715957642,0.09593963623046875
5.908703565597534,0.09593963623046875
5.9194252490997314,0.09593963623046875
5.9301512241363525,0.09593963623046875
5.940873861312866,0.09593963623046875
5.951601505279541,0.09593963623046875
5.962344169616699,0.09593963623046875
5.9730751514434814,0.09593963623046875
5.983811140060425,0.09593963623046875
5.994536876678467,0.09593963623046875
6.005244016647339,0.09593963623046875
6.015964984893799,0.09593963623046875
6.026684761047363,0.09593963623046875
6.037411451339722,0.09593963623046875
6.048125267028809,0.09593963623046875
6.058851957321167,0.09593963623046875
6.069590330123901,0.09593963623046875
6.080302000045776,0.09593963623046875
6.091028451919556,0.09593963623046875
6.101769685745239,0.09593963623046875
6.112495422363281,0.09593963623046875
6.1232078075408936,0.09593963623046875
6.133934020996094,0.09593963623046875
6.144653558731079,0.09593963623046875
6.1553637981414795,0.09593963623046875
6.166043758392334,0.09593963623046875
6.176778078079224,0.09593963623046875
6.18750524520874,0.09593963623046875
6.1982128620147705,0.09593963623046875
6.2089574337005615,0.09593963623046875
6.219691514968872,0.09593963623046875
6.230463266372681,0.09593963623046875
6.241175413131714,0.09593963623046875
6.251913547515869,0.09593963623046875
6.262651443481445,0.09593963623046875
6.273357629776001,0.09593963623046875
6.284084796905518,0.09593963623046875
6.294820785522461,0.09593963623046875
6.305547714233398,0.09593963623046875
6.316267967224121,0.09593963623046875
6.327020168304443,0.09593963623046875
6.337759017944336,0.09593963623046875
6.348499059677124,0.09593963623046875
6.3592259883880615,0.09593963623046875
6.369969606399536,0.09593963623046875
6.380704641342163,0.09593963623046875
6.391433954238892,0.09593963623046875
6.402169227600098,0.09593963623046875
6.412902355194092,0.09593963623046875
6.4236345291137695,0.09593963623046875
6.434422492980957,0.09593963623046875
6.4451515674591064,0.09593963623046875
6.4558820724487305,0.09593963623046875
6.466609954833984,0.09593963623046875
6.477334260940552,0.09593963623046875
6.488041400909424,0.09593963623046875
6.498764991760254,0.09593963623046875
6.509493112564087,0.09593963623046875
6.520202875137329,0.09593963623046875
6.530959844589233,0.09593963623046875
6.541718482971191,0.09593963623046875
6.552457809448242,0.09593963623046875
6.5631797313690186,0.09593963623046875
6.573913335800171,0.09593963623046875
6.584651470184326,0.09619140625
6.59535813331604,0.09619140625
6.60608172416687,0.09619140625
6.616811037063599,0.09619140625
6.627537727355957,0.09619140625
6.638242959976196,0.09619140625
6.648973703384399,0.09619140625
6.659701585769653,0.09619140625
6.6704418659210205,0.09619140625
6.681148290634155,0.09619140625
6.691879987716675,0.09619140625
6.702604532241821,0.09619140625
6.713320255279541,0.09619140625
6.724049806594849,0.09619140625
6.734782457351685,0.09619140625
6.745520114898682,0.09619140625
6.756250858306885,0.09619140625
6.766988754272461,0.09619140625
6.777740240097046,0.09619140625
6.788473129272461,0.09619140625
6.799194097518921,0.09619140625
6.809917449951172,0.09619140625
6.8206541538238525,0.09619140625
6.831383228302002,0.09619140625
6.842120170593262,0.09619140625
6.852840185165405,0.09619140625
6.863570690155029,0.09619140625
6.874283790588379,0.09619140625
6.885028839111328,0.09644317626953125
6.895755767822266,0.0966949462890625
6.9065024852752686,0.0966949462890625
6.917227506637573,0.0966949462890625
6.927974224090576,0.0966949462890625
6.938708066940308,0.09694671630859375
6.949450492858887,0.09745025634765625
6.960172653198242,0.0977020263671875
6.97091007232666,0.09820556640625
6.981669187545776,0.09820556640625
6.992432355880737,0.09896087646484375
7.0031514167785645,0.09926986694335938
7.013879060745239,0.09962844848632812
7.0246052742004395,0.09962844848632812
7.035322904586792,0.09988021850585938
7.046043157577515,0.09988021850585938
7.0567786693573,0.09988021850585938
7.067502975463867,0.09988021850585938
7.078229904174805,0.09988021850585938
7.08895468711853,0.09988021850585938
7.0996928215026855,0.09988021850585938
7.110422134399414,0.09988021850585938
7.121142148971558,0.09988021850585938
7.131876230239868,0.09988021850585938
7.142606019973755,0.09988021850585938
7.1533119678497314,0.09988021850585938
7.164039850234985,0.09988021850585938
7.174788236618042,0.09988021850585938
7.185518980026245,0.09988021850585938
7.196233510971069,0.09988021850585938
7.206960201263428,0.09988021850585938
7.217679738998413,0.09988021850585938
7.228452444076538,0.09988021850585938
7.239164113998413,0.09988021850585938
7.249886751174927,0.09988021850585938
7.260611295700073,0.09988021850585938
7.271323919296265,0.09988021850585938
7.2820539474487305,0.10013198852539062
7.292780876159668,0.10013198852539062
7.303501605987549,0.10013198852539062
7.3142266273498535,0.10013198852539062
7.324955463409424,0.10013198852539062
7.335686206817627,0.10013198852539062
7.346445560455322,0.10013198852539062
7.357171297073364,0.10013198852539062
7.367906808853149,0.10013198852539062
7.378657102584839,0.10013198852539062
7.389377117156982,0.10013198852539062
7.40009331703186,0.10013198852539062
7.410842657089233,0.10013198852539062
7.421568870544434,0.10013198852539062
7.43229866027832,0.10013198852539062
7.4430460929870605,0.10013198852539062
7.453784704208374,0.10013198852539062
7.464531183242798,0.10013198852539062
7.47524619102478,0.10013198852539062
7.4859840869903564,0.10013198852539062
7.496717691421509,0.10013198852539062
7.5074622631073,0.10013198852539062
7.518173456192017,0.10013198852539062
7.528897762298584,0.10013198852539062
7.539626598358154,0.10013198852539062
7.550335884094238,0.10013198852539062
7.561065673828125,0.10013198852539062
7.571794271469116,0.10013198852539062
7.582519769668579,0.10013198852539062
7.593231916427612,0.10013198852539062
7.603968858718872,0.10013198852539062
7.614706993103027,0.10013198852539062
7.625435829162598,0.10013198852539062
7.636158227920532,0.10013198852539062
7.646893739700317,0.10013198852539062
7.6576313972473145,0.10013198852539062
7.668355464935303,0.10038375854492188
7.679102659225464,0.10063552856445312
7.689836263656616,0.10088729858398438
7.70055890083313,0.10139083862304688
7.711268186569214,0.10164260864257812
7.7220072746276855,0.10164260864257812
7.732728958129883,0.10164260864257812
7.743468999862671,0.10164260864257812
7.754195213317871,0.10164260864257812
7.764927625656128,0.10164260864257812
7.7756569385528564,0.10164260864257812
7.786399602890015,0.10164260864257812
7.797106981277466,0.10164260864257812
7.807842016220093,0.10164260864257812
7.818572998046875,0.10164260864257812
7.829289674758911,0.10164260864257812
7.840029954910278,0.10164260864257812
7.850781679153442,0.10164260864257812
7.861530065536499,0.10164260864257812
7.872260093688965,0.10164260864257812
7.882997512817383,0.10164260864257812
7.893758296966553,0.10189437866210938
7.904490232467651,0.10189437866210938
7.915225267410278,0.10189437866210938
7.925957202911377,0.10189437866210938
7.936695337295532,0.10189437866210938
7.947418451309204,0.10189437866210938
7.958139419555664,0.10189437866210938
7.968876361846924,0.10189437866210938
7.979612350463867,0.10189437866210938
7.99034309387207,0.10189437866210938
8.001073360443115,0.10189437866210938
8.01180624961853,0.10189437866210938
8.022531509399414,0.10189437866210938
8.033257722854614,0.10189437866210938
8.044009923934937,0.10189437866210938
8.054739952087402,0.10189437866210938
8.065478324890137,0.10189437866210938
8.07619309425354,0.10189437866210938
8.08693528175354,0.10214614868164062
8.097658634185791,0.10214614868164062
8.108365774154663,0.10214614868164062
8.119041919708252,0.10214614868164062
8.129767894744873,0.10214614868164062
8.140494108200073,0.10214614868164062
8.151219367980957,0.10214614868164062
8.16195034980774,0.10264968872070312
8.172688484191895,0.10290145874023438
8.183425188064575,0.10315322875976562
8.194148302078247,0.10338211059570312
8.204874277114868,0.10338211059570312
8.215615034103394,0.10338211059570312
8.226317405700684,0.10338211059570312
8.237031698226929,0.10338211059570312
8.247752904891968,0.10338211059570312
8.25848937034607,0.10338211059570312
8.26919412612915,0.10338211059570312
8.279929876327515,0.10338211059570312
8.290663003921509,0.10338211059570312
8.301373958587646,0.10338211059570312
8.312099695205688,0.10338211059570312
8.32283091545105,0.10338211059570312
8.333557605743408,0.10338211059570312
8.344282627105713,0.10338211059570312
8.355002880096436,0.10338211059570312
8.365731239318848,0.10338211059570312
8.376464366912842,0.10338211059570312
8.387179374694824,0.10338211059570312
8.397899389266968,0.10338211059570312
8.408618211746216,0.10338211059570312
8.419324398040771,0.10338211059570312
8.43004846572876,0.10338211059570312
8.44077444076538,0.10338211059570312
8.451508283615112,0.10338211059570312
8.462242603302002,0.10338211059570312
8.472969770431519,0.10338211059570312
8.483691453933716,0.10338211059570312
8.49442172050476,0.10363006591796875
8.505130052566528,0.10363006591796875
8.51586127281189,0.10363006591796875
8.526584148406982,0.10363006591796875
8.537291288375854,0.10363006591796875
8.548020362854004,0.10363006591796875
8.55876636505127,0.10363006591796875
8.569509029388428,0.10363006591796875
8.58021855354309,0.10363006591796875
8.590951919555664,0.10363006591796875
8.601684808731079,0.10363006591796875
8.612415075302124,0.10363006591796875
8.623120307922363,0.10363006591796875
8.633845567703247,0.10363006591796875
8.644575834274292,0.10363006591796875
8.655283212661743,0.10363006591796875
8.666021585464478,0.1038818359375
8.676767587661743,0.1038818359375
8.687489986419678,0.1038818359375
8.698203563690186,0.1038818359375
8.708927154541016,0.1038818359375
8.71966028213501,0.1038818359375
8.730394124984741,0.1038818359375
8.741120100021362,0.1038818359375
8.75184440612793,0.1038818359375
8.762575387954712,0.1038818359375
8.773300170898438,0.1038818359375
8.784034013748169,0.1038818359375
8.794760942459106,0.1038818359375
8.805500984191895,0.1038818359375
8.81621766090393,0.1038818359375
8.826938390731812,0.1038818359375
8.83766222000122,0.1038818359375
8.84837031364441,0.1038818359375
8.859091520309448,0.1038818359375
8.869842290878296,0.1038818359375
8.880564451217651,0.1038818359375
8.891278266906738,0.1038818359375
8.90201449394226,0.1038818359375
8.912752389907837,0.1038818359375
8.923479080200195,0.1038818359375
8.934206485748291,0.1038818359375
8.944931030273438,0.1038818359375
8.955652713775635,0.1038818359375
8.96637749671936,0.10413360595703125
8.977101802825928,0.10413360595703125
8.987823486328125,0.10413360595703125
8.998554706573486,0.10413360595703125
9.009271621704102,0.10413360595703125
9.020005464553833,0.10413360595703125
9.030725002288818,0.10413360595703125
9.041460514068604,0.10413360595703125
9.05217170715332,0.10413360595703125
9.06290078163147,0.1043853759765625
9.073658227920532,0.1043853759765625
9.084406614303589,0.10463714599609375
9.095131874084473,0.104888916015625
9.105854034423828,0.104888916015625
9.116585731506348,0.104888916015625
9.127312183380127,0.104888916015625
9.138039112091064,0.104888916015625
9.148774862289429,0.104888916015625
9.159500122070312,0.104888916015625
9.170207262039185,0.104888916015625
9.180933237075806,0.104888916015625
9.191668272018433,0.104888916015625
9.202401638031006,0.104888916015625
9.213128566741943,0.104888916015625
9.223855972290039,0.104888916015625
9.234583377838135,0.104888916015625
9.245304584503174,0.104888916015625
9.256023406982422,0.104888916015625
9.266762256622314,0.104888916015625
9.27752685546875,0.104888916015625
9.288230180740356,0.104888916015625
9.298967838287354,0.104888916015625
9.309697151184082,0.104888916015625
9.32042121887207,0.104888916015625
9.33113694190979,0.104888916015625
9.341862201690674,0.104888916015625
9.35259199142456,0.104888916015625
9.363319635391235,0.10514068603515625
9.37404203414917,0.1053924560546875
9.384778022766113,0.1053924560546875
9.395511388778687,0.10564422607421875
9.4062340259552,0.1063995361328125
9.416984558105469,0.10700607299804688
9.427725553512573,0.10884857177734375
9.438463926315308,0.10884857177734375
9.449182748794556,0.10884857177734375
9.4599027633667,0.10884857177734375
9.470635652542114,0.10884857177734375
9.48136305809021,0.10884857177734375
9.49208402633667,0.10884857177734375
9.50281810760498,0.10884857177734375
9.513540029525757,0.10884857177734375
9.524256706237793,0.10884857177734375
9.53499174118042,0.10884857177734375
9.545710325241089,0.10884857177734375
9.556440353393555,0.10884857177734375
9.567158222198486,0.10884857177734375
9.57789421081543,0.10884857177734375
9.588616847991943,0.10884857177734375
9.599366188049316,0.10884857177734375
9.610108613967896,0.10884857177734375
9.620834112167358,0.10884857177734375
9.63155722618103,0.10884857177734375
9.64226484298706,0.10884857177734375
9.653001546859741,0.10884857177734375
9.663736581802368,0.109100341796875
9.674484968185425,0.109100341796875
9.685194730758667,0.109100341796875
9.695920467376709,0.109100341796875
9.706657648086548,0.109100341796875
9.717380285263062,0.109100341796875
9.728127479553223,0.109100341796875
9.73886752128601,0.109100341796875
9.749611854553223,0.109100341796875
9.76032018661499,0.109100341796875
9.771045923233032,0.109100341796875
9.781782150268555,0.109100341796875
9.792521953582764,0.109100341796875
9.803233861923218,0.109100341796875
9.813971042633057,0.109100341796875
9.82471776008606,0.109100341796875
9.835466861724854,0.109100341796875
9.846173763275146,0.109100341796875
9.85690450668335,0.109100341796875
9.867635726928711,0.109100341796875
9.878358602523804,0.109100341796875
9.889047622680664,0.109100341796875
9.899783372879028,0.109100341796875
9.910507917404175,0.109100341796875
9.921225786209106,0.109100341796875
9.931967735290527,0.109100341796875
9.942703485488892,0.109100341796875
9.953441619873047,0.10935211181640625
9.96416449546814,0.10935211181640625
9.974905014038086,0.10935211181640625
9.985635757446289,0.10935211181640625
9.996374368667603,0.10935211181640625
10.007094383239746,0.10935211181640625
10.017826795578003,0.10935211181640625
10.0285804271698,0.10935211181640625
10.03929853439331,0.10935211181640625
10.050028085708618,0.10935211181640625
10.060763120651245,0.10935211181640625
10.071493148803711,0.1098785400390625
10.082212924957275,0.110382080078125
10.092933654785156,0.11075210571289062
10.103661060333252,0.11075210571289062
10.114406108856201,0.11075210571289062
10.125128030776978,0.11075210571289062
10.135854244232178,0.11075210571289062
10.146592378616333,0.11075210571289062
10.157317876815796,0.11075210571289062
10.168056011199951,0.11075210571289062
10.178800582885742,0.11075210571289062
10.189543008804321,0.11075210571289062
10.200258255004883,0.11075210571289062
10.211004972457886,0.11075210571289062
10.221767902374268,0.11075210571289062
10.232508420944214,0.11075210571289062
10.243242502212524,0.11075210571289062
10.253984451293945,0.11194229125976562
10.264731645584106,0.11194229125976562
10.275465965270996,0.11194229125976562
10.286191701889038,0.11194229125976562
10.296914100646973,0.11194229125976562
10.307653665542603,0.11194229125976562
10.31837773323059,0.11194229125976562
10.329103708267212,0.11194229125976562
10.339855432510376,0.11194229125976562
10.350597858428955,0.11194229125976562
10.361330509185791,0.11194229125976562
10.372042894363403,0.11194229125976562
10.382784843444824,0.11194229125976562
10.39352536201477,0.11194229125976562
10.404244899749756,0.11335372924804688
10.414981842041016,0.11402130126953125
10.425716876983643,0.11402130126953125
10.4364652633667,0.11402130126953125
10.447178602218628,0.11402130126953125
10.457914590835571,0.11402130126953125
10.468650341033936,0.11402130126953125
10.479381084442139,0.11402130126953125
10.490122318267822,0.11402130126953125
10.500856637954712,0.11402130126953125
10.511598587036133,0.11402130126953125
10.522325038909912,0.11402130126953125
10.53305435180664,0.11402130126953125
10.543787956237793,0.11402130126953125
10.554518699645996,0.1142730712890625
10.565242767333984,0.1142730712890625
10.575968503952026,0.1142730712890625
10.586688995361328,0.11502838134765625
10.597431182861328,0.11603546142578125
10.60815715789795,0.1162872314453125
10.618881702423096,0.11825180053710938
10.6296226978302,0.11862945556640625
10.640346765518188,0.11963653564453125
10.651071548461914,0.12012100219726562
10.661795616149902,0.12037277221679688
10.672527313232422,0.12062454223632812
10.683263301849365,0.12062454223632812
10.694007873535156,0.12137985229492188
10.704743385314941,0.12207412719726562
10.71546721458435,0.12308120727539062
10.726199626922607,0.12308120727539062
10.736932516098022,0.12333297729492188
10.747652053833008,0.12333297729492188
10.758365631103516,0.12333297729492188
10.769075393676758,0.12333297729492188
10.779812812805176,0.12333297729492188
10.790547847747803,0.12333297729492188
10.801253080368042,0.12333297729492188
10.811986923217773,0.12333297729492188
10.822720050811768,0.12333297729492188
10.833460569381714,0.12333297729492188
10.844168663024902,0.12333297729492188
10.854889392852783,0.12333297729492188
10.865615129470825,0.12333297729492188
10.876327753067017,0.12333297729492188
10.887044429779053,0.12358474731445312
10.897781372070312,0.12358474731445312
10.908494472503662,0.12358474731445312
10.91919994354248,0.12358474731445312
10.92992877960205,0.12358474731445312
10.940662145614624,0.12358474731445312
10.951382398605347,0.12358474731445312
10.962108373641968,0.12408828735351562
10.972838401794434,0.12439727783203125
10.983562231063843,0.12517929077148438
10.994271993637085,0.12568283081054688
11.005019426345825,0.12593460083007812
11.015760660171509,0.12593460083007812
11.026484727859497,0.12593460083007812
11.037204027175903,0.12618637084960938
11.047943115234375,0.12668991088867188
11.058676958084106,0.12694168090820312
11.069393157958984,0.12719345092773438
11.080116510391235,0.12769699096679688
11.090839147567749,0.12769699096679688
11.101576566696167,0.12769699096679688
11.112297534942627,0.12769699096679688
11.123028755187988,0.12769699096679688
11.133758306503296,0.12769699096679688
11.1444993019104,0.12769699096679688
11.15522027015686,0.12769699096679688
11.165963888168335,0.12769699096679688
11.176697969436646,0.12769699096679688
11.187421798706055,0.12769699096679688
11.198142290115356,0.12769699096679688
11.208874940872192,0.12769699096679688
11.21960163116455,0.12769699096679688
11.230305671691895,0.12769699096679688
11.241039991378784,0.12769699096679688
11.251776456832886,0.12769699096679688
11.262512445449829,0.12769699096679688
11.273231267929077,0.12769699096679688
11.283968210220337,0.12769699096679688
11.294692039489746,0.12820053100585938
11.305423974990845,0.12895584106445312
11.316152095794678,0.12920761108398438
11.326884984970093,0.12945938110351562
11.337636709213257,0.12996292114257812
11.34836483001709,0.13021469116210938
11.359099864959717,0.13046646118164062
11.369829416275024,0.13097000122070312
11.380549669265747,0.13122177124023438
11.391277551651001,0.13122177124023438
11.40200686454773,0.13172531127929688
11.412729263305664,0.13197708129882812
11.423473596572876,0.13197708129882812
11.434194803237915,0.13197708129882812
11.444943904876709,0.13197708129882812
11.455663681030273,0.13197708129882812
11.466381311416626,0.13197708129882812
11.477111101150513,0.13197708129882812
11.487848281860352,0.13197708129882812
11.498575448989868,0.13197708129882812
11.509279012680054,0.13197708129882812
11.520027160644531,0.13197708129882812
11.530749320983887,0.13197708129882812
11.541487693786621,0.13197708129882812
11.552204370498657,0.13197708129882812
11.562924146652222,0.13197708129882812
11.573663473129272,0.13197708129882812
11.584412813186646,0.13197708129882812
11.59514045715332,0.13212966918945312
11.605875492095947,0.13421630859375
11.616611957550049,0.13454818725585938
11.627349615097046,0.13479995727539062
11.638046741485596,0.13479995727539062
11.648787260055542,0.13479995727539062
11.65953016281128,0.13479995727539062
11.670249700546265,0.13479995727539062
11.680983066558838,0.13479995727539062
11.691715717315674,0.13479995727539062
11.702453851699829,0.13479995727539062
11.713180303573608,0.13479995727539062
11.723902225494385,0.13479995727539062
11.734641075134277,0.13479995727539062
11.74535870552063,0.13479995727539062
11.756082534790039,0.13479995727539062
11.766802310943604,0.13505172729492188
11.777550458908081,0.13505172729492188
11.788265943527222,0.13505172729492188
11.798988342285156,0.13505172729492188
11.809718132019043,0.13505172729492188
11.820452451705933,0.13505172729492188
11.831159353256226,0.13505172729492188
11.841892957687378,0.13505172729492188
11.852622509002686,0.13505172729492188
11.863337516784668,0.13505172729492188
11.87406611442566,0.13505172729492188
11.884794235229492,0.13505172729492188
11.895533561706543,0.13505172729492188
11.906254529953003,0.13505172729492188
11.916977882385254,0.13505172729492188
11.927704572677612,0.13505172729492188
11.938449144363403,0.13505172729492188
11.949183702468872,0.13505172729492188
11.95991587638855,0.13505172729492188
11.970647096633911,0.13505172729492188
11.981351137161255,0.13505172729492188
11.992067813873291,0.13505172729492188
12.002791166305542,0.13505172729492188
12.013520002365112,0.13505172729492188
12.024224281311035,0.13505172729492188
12.034950971603394,0.13505172729492188
12.045796394348145,0.13505172729492188
12.056528329849243,0.13505172729492188
12.067240238189697,0.13505172729492188
12.07796025276184,0.13505172729492188
12.088691234588623,0.13505172729492188
12.099426984786987,0.13505172729492188
12.110145807266235,0.13505172729492188
12.120885133743286,0.13505172729492188
12.131607055664062,0.13505172729492188
12.142323017120361,0.13505172729492188
12.15304160118103,0.13505172729492188
12.163777351379395,0.13505172729492188
12.174509048461914,0.13505172729492188
12.185210943222046,0.13505172729492188
12.195939779281616,0.13505172729492188
12.206657409667969,0.13505172729492188
12.217411279678345,0.13505172729492188
12.22813606262207,0.13505172729492188
12.238886594772339,0.13505172729492188
12.249616146087646,0.13505172729492188
12.260334730148315,0.13505172729492188
12.271113395690918,0.13505172729492188
12.281834125518799,0.13505172729492188
12.292573690414429,0.13505172729492188
12.303285598754883,0.13505172729492188
12.3140230178833,0.13505172729492188
12.324750185012817,0.13505172729492188
12.335487604141235,0.13505172729492188
12.346204280853271,0.13505172729492188
12.356925249099731,0.13505172729492188
12.367657899856567,0.13505172729492188
12.378361463546753,0.13505172729492188
12.389110565185547,0.13505172729492188
12.39983868598938,0.13530349731445312
12.410585165023804,0.13530349731445312
12.421304941177368,0.13530349731445312
12.432039499282837,0.13530349731445312
12.442771434783936,0.13530349731445312
12.453510999679565,0.13530349731445312
12.464238166809082,0.13530349731445312
12.474979400634766,0.13530349731445312
12.485720157623291,0.13530349731445312
12.49646282196045,0.13530349731445312
12.50718641281128,0.13530349731445312
12.517913579940796,0.13530349731445312
12.528640031814575,0.13530349731445312
12.539379119873047,0.13530349731445312
12.550121307373047,0.13530349731445312
12.560848712921143,0.13530349731445312
12.571577548980713,0.13530349731445312
12.582298994064331,0.13530349731445312
12.593027114868164,0.13530349731445312
12.603758096694946,0.13530349731445312
12.614488363265991,0.13530349731445312
12.62522029876709,0.13530349731445312
12.635958909988403,0.13530349731445312
12.64669132232666,0.13530349731445312
12.65742301940918,0.13530349731445312
12.668134689331055,0.13530349731445312
12.678858518600464,0.13530349731445312
12.689589262008667,0.13530349731445312
12.70033574104309,0.13530349731445312
12.7110755443573,0.13530349731445312
12.721810340881348,0.13530349731445312
12.732540845870972,0.13530349731445312
12.743248701095581,0.13530349731445312
12.753983736038208,0.13530349731445312
12.764721393585205,0.13530349731445312
12.77546238899231,0.13530349731445312
12.786205530166626,0.13530349731445312
12.796951055526733,0.13530349731445312
12.807685852050781,0.13530349731445312
12.818424701690674,0.13530349731445312
12.829149007797241,0.13530349731445312
12.839866876602173,0.13530349731445312
12.850597143173218,0.13530349731445312
12.861311912536621,0.13530349731445312
12.872034311294556,0.13530349731445312
12.882781028747559,0.13530349731445312
12.893513679504395,0.13530349731445312
12.904235124588013,0.13530349731445312
12.914983749389648,0.13530349731445312
12.925709009170532,0.13530349731445312
12.936460971832275,0.13530349731445312
12.947189331054688,0.13530349731445312
12.957920789718628,0.13530349731445312
12.96866250038147,0.13530349731445312
12.979399681091309,0.13530349731445312
12.990128755569458,0.13530349731445312
13.000855922698975,0.13530349731445312
13.011594533920288,0.13530349731445312
13.022317171096802,0.13530349731445312
13.033051490783691,0.13530349731445312
13.043806314468384,0.13530349731445312
13.054554462432861,0.13530349731445312
13.065283060073853,0.13530349731445312
13.076019048690796,0.13530349731445312
13.08677363395691,0.13530349731445312
13.09750247001648,0.13530349731445312
13.10822343826294,0.13530349731445312
13.118962526321411,0.13530349731445312
13.129700899124146,0.13530349731445312
13.140441656112671,0.13530349731445312
13.151167154312134,0.13530349731445312
13.16189694404602,0.13530349731445312
13.172631025314331,0.13530349731445312
13.183357954025269,0.13530349731445312
13.194088697433472,0.13530349731445312
13.204831600189209,0.13530349731445312
13.215574979782104,0.13555526733398438
13.226291418075562,0.13555526733398438
13.23702073097229,0.13555526733398438
13.24775218963623,0.13555526733398438
13.258485794067383,0.13555526733398438
13.269204139709473,0.13555526733398438
13.279953002929688,0.13555526733398438
13.290685653686523,0.13555526733398438
13.301419496536255,0.13555526733398438
13.312129497528076,0.13555526733398438
13.322867631912231,0.13555526733398438
13.333601236343384,0.13555526733398438
13.344325065612793,0.13555526733398438
13.355046272277832,0.13555526733398438
13.3657865524292,0.13555526733398438
13.376534223556519,0.13555526733398438
13.387290716171265,0.13555526733398438
13.398024797439575,0.13555526733398438
13.408760070800781,0.13555526733398438
13.419485569000244,0.13555526733398438
13.430206775665283,0.13555526733398438
13.440949201583862,0.13555526733398438
13.451685428619385,0.13555526733398438
13.462409973144531,0.13555526733398438
13.47312593460083,0.13555526733398438
13.483850240707397,0.13555526733398438
13.494586944580078,0.13555526733398438
13.505309820175171,0.13555526733398438
13.51603627204895,0.13555526733398438
13.526765823364258,0.13555526733398438
13.537495613098145,0.13555526733398438
13.54820990562439,0.13555526733398438
13.558942794799805,0.13555526733398438
13.569671630859375,0.13555526733398438
13.580377340316772,0.13555526733398438
13.591092824935913,0.13555526733398438
13.601835250854492,0.13555526733398438
13.612571716308594,0.13580703735351562
13.62329626083374,0.13605880737304688
13.634032964706421,0.13625717163085938
13.644764423370361,0.13792800903320312
13.655507326126099,0.14020538330078125
13.666229009628296,0.14083480834960938
13.6769540309906,0.1432952880859375
13.687689065933228,0.1446533203125
13.698421478271484,0.14490509033203125
13.709134817123413,0.14540863037109375
13.7198965549469,0.14559555053710938
13.730632305145264,0.14559555053710938
13.741349697113037,0.14559555053710938
13.752070426940918,0.14559555053710938
13.762803792953491,0.14559555053710938
13.77353286743164,0.14559555053710938
13.784249067306519,0.14559555053710938
13.794983863830566,0.14559555053710938
13.805712461471558,0.14559555053710938
13.816441059112549,0.14559555053710938
13.827158451080322,0.14559555053710938
13.83788537979126,0.14559555053710938
13.84862208366394,0.14559555053710938
13.85934066772461,0.14559555053710938
13.870068073272705,0.14559555053710938
13.880795955657959,0.14624404907226562
13.89154052734375,0.14696121215820312
13.90226435661316,0.14754486083984375
13.913001537322998,0.14804840087890625
13.923744440078735,0.14881515502929688
13.934478044509888,0.14954757690429688
13.945204973220825,0.15003204345703125
13.955928564071655,0.152191162109375
13.966675043106079,0.15287017822265625
13.977418184280396,0.15413665771484375
13.988149881362915,0.15448379516601562
13.998881101608276,0.1549835205078125
14.009607553482056,0.1549835205078125
14.020328521728516,0.1549835205078125
14.031034708023071,0.1549835205078125
14.041759252548218,0.1549835205078125
14.052496433258057,0.1549835205078125
14.06321930885315,0.1549835205078125
14.07395052909851,0.1549835205078125
14.084681749343872,0.1549835205078125
14.095412015914917,0.1549835205078125
14.106133460998535,0.1549835205078125
14.11686372756958,0.1549835205078125
14.127591371536255,0.1549835205078125
14.138312816619873,0.1549835205078125
14.149044513702393,0.1549835205078125
14.159774780273438,0.1549835205078125
14.17051362991333,0.1549835205078125
14.181238889694214,0.155487060546875
14.191993713378906,0.15623092651367188
14.202726364135742,0.15647506713867188
14.213456630706787,0.1571044921875
14.224184036254883,0.1576080322265625
14.234918117523193,0.15829849243164062
14.245661973953247,0.15855026245117188
14.256400346755981,0.15943145751953125
14.267134428024292,0.15993499755859375
14.27786898612976,0.16043853759765625
14.288617610931396,0.16043853759765625
14.29933500289917,0.161102294921875
14.310073852539062,0.16218948364257812
14.32081151008606,0.16274642944335938
14.331555604934692,0.16312789916992188
14.342283010482788,0.16312789916992188
14.353024244308472,0.16312789916992188
14.363765716552734,0.16312789916992188
14.374501943588257,0.16312789916992188
14.38521957397461,0.16312789916992188
14.395955801010132,0.16312789916992188
14.406692743301392,0.16312789916992188
14.417418479919434,0.16312789916992188
14.42812705039978,0.16312789916992188
14.438889265060425,0.16312789916992188
14.449633359909058,0.16312789916992188
14.460355043411255,0.16312789916992188
14.471092700958252,0.16312789916992188
14.481833934783936,0.16312789916992188
14.492568492889404,0.16312789916992188
14.50328803062439,0.16312789916992188
14.514030933380127,0.16312789916992188
14.524780511856079,0.16312789916992188
14.53551697731018,0.16312789916992188
14.546236038208008,0.16312789916992188
14.556959867477417,0.16312789916992188
14.567704677581787,0.16312789916992188
14.578429222106934,0.16312789916992188
14.589167833328247,0.16312789916992188
14.599908113479614,0.16312789916992188
14.610642910003662,0.16312789916992188
14.6213538646698,0.16312789916992188
14.632075548171997,0.16312789916992188
14.642813682556152,0.16312789916992188
14.6535484790802,0.16312789916992188
14.664266347885132,0.16312789916992188
14.675015449523926,0.16312789916992188
14.685741186141968,0.16312789916992188
14.696472883224487,0.16312789916992188
14.70722222328186,0.16312789916992188
14.717959642410278,0.16312789916992188
14.72869348526001,0.16312789916992188
14.739426612854004,0.16312789916992188
14.750144004821777,0.16312789916992188
14.760876655578613,0.16312789916992188
14.77159857749939,0.16312789916992188
14.782306432723999,0.16312789916992188
14.793034553527832,0.16312789916992188
14.803773403167725,0.16312789916992188
14.814524412155151,0.16312789916992188
14.825254678726196,0.16312789916992188
14.835991859436035,0.16312789916992188
14.846729040145874,0.16312789916992188
14.85746455192566,0.16312789916992188
14.868195533752441,0.16312789916992188
14.87895154953003,0.16312789916992188
14.889693260192871,0.16312789916992188
14.900423049926758,0.16312789916992188
14.911141157150269,0.16312789916992188
14.921876192092896,0.16312789916992188
14.932608127593994,0.16312789916992188
14.943326234817505,0.16312789916992188
14.954043865203857,0.16312789916992188
14.964787483215332,0.16312789916992188
14.97551703453064,0.16312789916992188
14.98623776435852,0.16312789916992188
14.99696946144104,0.16312789916992188
15.007712125778198,0.16312789916992188
15.018443822860718,0.16312789916992188
15.029160022735596,0.16312789916992188
15.039895296096802,0.16312789916992188
15.050662994384766,0.16312789916992188
15.061404705047607,0.16312789916992188
15.072132587432861,0.16312789916992188
15.082869529724121,0.16312789916992188
15.093605756759644,0.16312789916992188
15.104324579238892,0.16312789916992188
15.115041017532349,0.16312789916992188
15.125776767730713,0.16337966918945312
15.136502265930176,0.16337966918945312
15.14721417427063,0.16337966918945312
15.157970905303955,0.16337966918945312
15.168704271316528,0.16337966918945312
15.179449081420898,0.16337966918945312
15.190177917480469,0.16337966918945312
15.200910806655884,0.16337966918945312
15.211654901504517,0.16337966918945312
15.222406387329102,0.16337966918945312
15.233142614364624,0.16337966918945312
15.243876457214355,0.16337966918945312
15.25462007522583,0.16337966918945312
15.26536250114441,0.16337966918945312
15.276093006134033,0.16337966918945312
15.286838054656982,0.16337966918945312
15.297579050064087,0.16337966918945312
15.308302879333496,0.16337966918945312
15.319029569625854,0.16337966918945312
15.329771280288696,0.16337966918945312
15.340506553649902,0.16337966918945312
15.351232051849365,0.16337966918945312
15.361979484558105,0.16337966918945312
15.37270998954773,0.16337966918945312
15.383464336395264,0.16337966918945312
15.394181251525879,0.16337966918945312
15.404922485351562,0.16337966918945312
15.41565203666687,0.16337966918945312
15.42640995979309,0.16337966918945312
15.437133312225342,0.16337966918945312
15.447864532470703,0.16337966918945312
15.45861029624939,0.16337966918945312
15.469334125518799,0.16337966918945312
15.480047464370728,0.16337966918945312
15.490786790847778,0.16337966918945312
15.501521110534668,0.16337966918945312
15.512232065200806,0.16337966918945312
15.52296495437622,0.16337966918945312
15.533700942993164,0.16337966918945312
15.544445037841797,0.16337966918945312
15.555170774459839,0.16337966918945312
15.565900087356567,0.16337966918945312
15.57662558555603,0.16337966918945312
15.587350845336914,0.16388320922851562
15.598077297210693,0.16463851928710938
15.608819007873535,0.16806793212890625
15.619548797607422,0.16838455200195312
15.630285739898682,0.16930389404296875
15.641021728515625,0.16956710815429688
15.651759624481201,0.17033767700195312
15.66249942779541,0.17119598388671875
15.673232078552246,0.17420578002929688
15.68397068977356,0.17496109008789062
15.694713354110718,0.17496109008789062
15.70544147491455,0.17496109008789062
15.71617865562439,0.17496109008789062
15.726901054382324,0.17496109008789062
15.737653970718384,0.17496109008789062
15.748375654220581,0.17496109008789062
15.759094953536987,0.17496109008789062
15.769829988479614,0.17496109008789062
15.780565738677979,0.17496109008789062
15.791280746459961,0.17530441284179688
15.80202054977417,0.17530441284179688
15.81275725364685,0.17530441284179688
15.823484897613525,0.17530441284179688
15.834208726882935,0.17530441284179688
15.844936847686768,0.17580032348632812
15.855671167373657,0.17605209350585938
15.86641788482666,0.17605209350585938
15.877140998840332,0.17655563354492188
15.887903451919556,0.176910400390625
15.899301052093506,0.4151496887207031
15.910764217376709,0.6690826416015625
15.921896934509277,0.6869621276855469
15.932948350906372,0.6871223449707031
15.943979501724243,0.6875991821289062
15.955001592636108,0.6880569458007812
15.966030836105347,0.6885337829589844
15.97882628440857,0.68902587890625
15.991968631744385,0.68927001953125
16.003029108047485,0.6900253295898438
16.014055013656616,0.6900253295898438
16.0250883102417,0.6910171508789062
16.036126375198364,0.6910171508789062
16.04714584350586,0.6913566589355469
16.058166980743408,0.6920433044433594
16.06921625137329,0.6925621032714844
16.08023953437805,0.7279281616210938
16.091254234313965,0.8338851928710938
16.102278470993042,0.8960380554199219
16.11330485343933,0.8134536743164062
16.12431502342224,0.8119277954101562
16.135345935821533,0.8115005493164062
16.14633345603943,0.8056411743164062
16.15735125541687,0.8153839111328125
16.168330192565918,0.912078857421875
16.17935085296631,0.967254638671875
16.190374851226807,0.8723983764648438
16.201411962509155,0.8650894165039062
16.21244478225708,0.8548202514648438
16.223477602005005,0.8475112915039062
16.234493017196655,0.9139175415039062
16.245522499084473,0.9241714477539062
16.256534337997437,1.016571044921875
16.267560243606567,1.0937271118164062
16.278576135635376,1.0990066528320312
16.289594411849976,1.0936508178710938
16.300641298294067,1.2034225463867188
16.311662197113037,1.2196044921875
16.32269549369812,1.2434005737304688
16.33372139930725,1.3217430114746094
16.344748973846436,1.3271865844726562
16.3557767868042,1.3823814392089844
16.366796731948853,1.4045753479003906
16.377821683883667,1.458740234375
16.388848781585693,1.5201034545898438
16.399860858917236,1.5832061767578125
16.410893440246582,1.5970993041992188
16.421932458877563,1.5816459655761719
16.43296766281128,1.5683250427246094
16.44398283958435,1.7172584533691406
16.455010890960693,1.7974624633789062
16.466025829315186,1.7271308898925781
16.477043390274048,1.7418975830078125
16.48807120323181,1.8064994812011719
16.499093294143677,1.8514022827148438
16.510128259658813,1.8022346496582031
16.521137237548828,1.8488655090332031
16.53216314315796,1.8098258972167969
16.54318881034851,1.9358673095703125
16.554208755493164,2.013519287109375
16.565226554870605,1.9335479736328125
16.576260089874268,1.9201011657714844
16.58728003501892,1.9357261657714844
16.598332166671753,1.9853096008300781
16.60935139656067,1.9796829223632812
16.62037968635559,1.9026412963867188
16.6314218044281,2.026599884033203
16.642442226409912,2.0048179626464844
16.653461933135986,1.9120025634765625
16.664488554000854,1.8769340515136719
16.675527334213257,2.005115509033203
16.68656849861145,2.0833282470703125
16.69760513305664,2.00994873046875
16.70863103866577,1.91619873046875
16.719653129577637,1.8744583129882812
16.730682373046875,1.9446983337402344
16.74170708656311,2.1356773376464844
16.752739191055298,2.0096588134765625
16.76376461982727,1.8209304809570312
16.774800300598145,2.0008773803710938
16.785826444625854,2.0428619384765625
16.796846866607666,2.0808868408203125
16.807872772216797,1.8724441528320312
16.81890106201172,1.9246902465820312
16.829920530319214,1.8930206298828125
16.840933322906494,2.0224456787109375
16.851943254470825,2.01190185546875
16.8629789352417,1.9528465270996094
16.87399983406067,1.9720573425292969
16.885027170181274,1.997833251953125
16.89604377746582,1.9781303405761719
16.907077312469482,1.9771728515625
16.91810178756714,1.873931884765625
16.92914366722107,1.9491996765136719
16.94017505645752,2.0345726013183594
16.951200246810913,1.9664878845214844
16.96221399307251,1.9315757751464844
16.97324538230896,1.9053459167480469
16.984270572662354,1.9544410705566406
16.99531054496765,2.0063323974609375
17.00632953643799,1.9114570617675781
17.017364978790283,1.8979263305664062
17.0283522605896,2.0243797302246094
17.039350032806396,1.9533462524414062
17.050357580184937,1.9024887084960938
17.061379432678223,2.014629364013672
17.072426080703735,1.9641456604003906
17.08344841003418,2.0002212524414062
17.094485998153687,1.8924827575683594
17.10550832748413,2.0116729736328125
17.11653780937195,1.9724693298339844
17.12756657600403,2.0618820190429688
17.13858413696289,1.9730949401855469
17.14962387084961,1.8758773803710938
17.160664796829224,1.9299087524414062
17.171690464019775,1.9904251098632812
17.182716369628906,2.0166015625
17.19373321533203,1.9231643676757812
17.204781770706177,1.9479179382324219
17.215868949890137,1.9903488159179688
17.226893186569214,1.974395751953125
17.23793125152588,2.0165023803710938
17.24895143508911,2.0434913635253906
17.259970664978027,1.9245071411132812
17.27100443840027,1.9781341552734375
17.282020568847656,1.9908599853515625
17.293039798736572,2.005504608154297
17.304073572158813,1.9801483154296875
17.315286874771118,1.9007682800292969
17.326313495635986,1.9223098754882812
17.337336778640747,1.9926986694335938
17.348350048065186,1.9336318969726562
17.359362363815308,1.9173583984375
17.37038230895996,1.9082221984863281
17.381427526474,1.9833793640136719
17.392467737197876,1.9457969665527344
17.403536558151245,1.9355201721191406
17.4145827293396,1.936370849609375
17.425614595413208,1.9244461059570312
17.436656713485718,1.9668083190917969
17.447686910629272,2.0085372924804688
17.458709955215454,1.9844131469726562
17.469727039337158,1.9764328002929688
17.4807710647583,1.8815155029296875
17.49179768562317,1.9925117492675781
17.502822875976562,1.9814300537109375
17.51384687423706,2.0000076293945312
17.524860382080078,1.9533500671386719
17.537830591201782,1.8626823425292969
17.551249265670776,1.9807472229003906
17.56377649307251,2.0465660095214844
17.576228618621826,1.8919792175292969
17.58856511116028,1.9309158325195312
17.60088086128235,1.9721908569335938
17.613252878189087,2.0290069580078125
17.625615119934082,1.9953346252441406
17.637814044952393,1.9559898376464844
17.648854732513428,1.9660491943359375
17.659895658493042,2.0008316040039062
17.670937061309814,2.0167465209960938
17.681965351104736,1.8454475402832031
17.692981243133545,1.9855155944824219
17.7039954662323,1.9410972595214844
17.715012311935425,2.041851043701172
17.72601628303528,2.0283203125
17.73702883720398,1.9829292297363281
17.748048782348633,1.9290771484375
17.759052515029907,1.9738349914550781
17.7700834274292,1.9504966735839844
17.78109383583069,1.9905624389648438
17.792107820510864,1.8389358520507812
17.803133249282837,1.9390869140625
17.814164400100708,2.026599884033203
17.825194597244263,2.07904052734375
17.836209058761597,1.93023681640625
17.84725308418274,1.8848533630371094
17.858302116394043,2.0139312744140625
17.869343280792236,1.9667549133300781
17.880350351333618,1.9487457275390625
17.891367197036743,1.8951187133789062
17.90233063697815,1.9326667785644531
17.913334846496582,1.9116439819335938
17.924344539642334,1.9541893005371094
17.935346603393555,1.9596710205078125
17.946350574493408,1.9912109375
17.957356214523315,1.8574028015136719
17.968371152877808,2.03082275390625
17.97940731048584,1.9634628295898438
17.990440130233765,1.9036483764648438
18.00147032737732,2.0048866271972656
18.012508392333984,1.9809455871582031
18.023534774780273,2.0219192504882812
18.03455352783203,1.9614791870117188
18.045570850372314,1.9078826904296875
18.056596040725708,1.8904495239257812
18.06761384010315,2.0063705444335938
18.078621864318848,2.1093101501464844
18.089643239974976,1.9880218505859375
18.10066819190979,1.8248367309570312
18.111682176589966,1.9669113159179688
18.122719526290894,2.0261154174804688
18.133739233016968,2.0821075439453125
18.144816398620605,1.9985580444335938
18.155855417251587,1.925262451171875
18.166894912719727,1.9299583435058594
18.177933931350708,1.9330329895019531
18.188981771469116,1.981597900390625
18.200011491775513,1.9383354187011719
18.211032390594482,2.0583724975585938
18.222047567367554,1.9754104614257812
18.233076810836792,1.9597892761230469
18.244121074676514,1.9957733154296875
18.255155086517334,2.0139999389648438
18.266202449798584,1.8717498779296875
18.27722930908203,1.929107666015625
18.288251161575317,2.0017776489257812
18.29927635192871,2.020477294921875
18.310306072235107,1.9232864379882812
18.321334838867188,1.9325485229492188
18.33235192298889,2.0163421630859375
18.34337043762207,1.9735374450683594
18.354408502578735,1.8871345520019531
18.365445137023926,2.0046005249023438
18.376492977142334,2.0703506469726562
18.387532472610474,1.9650382995605469
18.398568153381348,1.8059921264648438
18.409608364105225,1.9446563720703125
18.42065978050232,2.066448211669922
18.431705951690674,1.9560661315917969
18.442739248275757,2.028167724609375
18.453768253326416,1.9867172241210938
18.46480417251587,1.9108123779296875
18.475823879241943,1.9693756103515625
18.48685884475708,1.9047698974609375
18.497883319854736,2.0243453979492188
18.508910417556763,1.96856689453125
18.51994252204895,1.9013671875
18.53096580505371,1.9925918579101562
18.54199719429016,1.9791946411132812
18.553028345108032,1.93121337890625
18.56404972076416,2.0176162719726562
18.575080394744873,2.0887603759765625
18.586103916168213,1.9216728210449219
18.597118854522705,1.9568557739257812
18.60815715789795,1.9987716674804688
18.619175672531128,1.9077491760253906
18.630201816558838,2.0065574645996094
18.641226768493652,1.8801422119140625
18.652260780334473,2.0300979614257812
18.66332507133484,2.0373458862304688
18.674346685409546,1.9749870300292969
18.685362339019775,1.9396743774414062
18.696373462677002,1.9007301330566406
18.707359313964844,1.9783096313476562
18.718398571014404,1.9686241149902344
18.72943949699402,1.8841133117675781
18.740464687347412,1.9857673645019531
18.751495361328125,1.885009765625
18.762521743774414,2.0430145263671875
18.773545742034912,2.043720245361328
18.78459072113037,2.033855438232422
18.795616626739502,1.9565048217773438
18.80664300918579,1.9605598449707031
18.81767177581787,2.000782012939453
18.828696966171265,2.0403671264648438
18.839720010757446,1.9163551330566406
18.850762605667114,1.9284400939941406
18.8617901802063,1.9749336242675781
18.872824907302856,1.9330902099609375
18.883862733840942,1.9452056884765625
18.89489507675171,2.019500732421875
18.905922651290894,1.9508132934570312
18.916946411132812,1.9300765991210938
18.927971124649048,2.0584869384765625
18.939014434814453,2.0202789306640625
18.95003867149353,1.9126129150390625
18.96105980873108,1.9808349609375
18.97208523750305,2.0166015625
18.983100414276123,1.9262657165527344
18.994115352630615,1.9953079223632812
19.005154609680176,2.016254425048828
19.01618790626526,1.8785552978515625
19.02720022201538,2.0187110900878906
19.038207530975342,1.9890899658203125
19.049240350723267,1.95318603515625
19.060270309448242,1.8832550048828125
19.071303129196167,2.0258636474609375
19.08233141899109,1.9247589111328125
19.093343496322632,1.9401626586914062
19.1043541431427,1.9294853210449219
19.11533761024475,1.9789886474609375
19.126351594924927,1.9536094665527344
19.137357234954834,2.0121917724609375
19.14838218688965,2.0777015686035156
19.159427165985107,1.8959388732910156
19.170560836791992,1.9675674438476562
19.1816143989563,2.02069091796875
19.192643642425537,1.9461441040039062
19.203680992126465,2.059539794921875
19.214718341827393,1.998046875
19.22575616836548,2.0377197265625
19.236793279647827,1.9297142028808594
19.24782419204712,1.9855766296386719
19.25884699821472,2.0056076049804688
19.270028591156006,1.9565582275390625
19.28106141090393,1.9675064086914062
19.292088270187378,1.978485107421875
19.3031005859375,2.034954071044922
19.314139366149902,1.9626693725585938
19.32517123222351,2.088214874267578
19.336190700531006,2.0763626098632812
19.34721350669861,2.0645751953125
19.358243942260742,1.9306678771972656
19.369266510009766,2.061138153076172
19.38029146194458,2.0658607482910156
19.39132785797119,2.0954017639160156
19.402333736419678,2.120281219482422
19.413362979888916,1.9653587341308594
19.424400329589844,2.0535430908203125
19.43544340133667,2.1694183349609375
19.4464852809906,2.1330947875976562
19.457518815994263,2.035907745361328
19.468549728393555,2.1053543090820312
19.479564905166626,2.141265869140625
19.490594148635864,2.109729766845703
19.50162649154663,2.0931663513183594
19.51265048980713,2.1199951171875
19.523688316345215,2.0927772521972656
19.534712553024292,2.1200332641601562
19.545745134353638,2.1773719787597656
19.556777000427246,1.9845924377441406
19.567790269851685,2.1006851196289062
19.578823566436768,2.1178016662597656
19.589853286743164,2.123729705810547
19.600867748260498,2.0686912536621094
19.61188769340515,2.0901947021484375
19.622929334640503,2.0777053833007812
19.63395357131958,2.1687774658203125
19.644989490509033,2.1323928833007812
19.65601682662964,2.1357421875
19.66705060005188,2.1672935485839844
19.678069353103638,2.16015625
19.689099311828613,2.1812210083007812
19.70012092590332,2.2043838500976562
19.711151361465454,2.0754776000976562
19.72217869758606,2.1437644958496094
19.73321533203125,2.2137184143066406
19.744243144989014,2.0668563842773438
19.755268335342407,2.174102783203125
19.766313076019287,2.1442604064941406
19.77733612060547,2.067638397216797
19.78834629058838,2.1488113403320312
19.799331665039062,2.145275115966797
19.81033730506897,2.1481704711914062
19.821345567703247,2.0984039306640625
19.83236789703369,2.1521835327148438
19.843383073806763,2.126087188720703
19.854432344436646,2.136993408203125
19.86546540260315,2.181262969970703
19.87649178504944,2.2099037170410156
19.887535572052002,2.1499061584472656
19.898566007614136,2.0445785522460938
19.909600973129272,2.2215194702148438
19.920636892318726,2.2326316833496094
19.931674242019653,2.1897964477539062
19.94270634651184,2.1535301208496094
19.95373249053955,2.2560577392578125
19.96476697921753,2.214649200439453
19.975785732269287,2.1401596069335938
19.986825704574585,2.268329620361328
19.99785852432251,2.2246742248535156
20.008893728256226,2.1380615234375
20.01992416381836,2.2482223510742188
20.030946493148804,2.255634307861328
20.041961669921875,2.1911392211914062
20.0529887676239,2.1568641662597656
20.064010620117188,2.2050247192382812
20.075035572052002,2.3155288696289062
20.086145639419556,2.1448020935058594
20.097182989120483,2.2415122985839844
20.10820436477661,2.213489532470703
20.119218349456787,2.2912864685058594
20.130242347717285,2.274791717529297
20.14126467704773,2.25152587890625
20.152291774749756,2.2420806884765625
20.1633141040802,2.2151947021484375
20.174351930618286,2.192333221435547
20.185400009155273,2.165851593017578
20.196430444717407,2.2529067993164062
20.207465171813965,2.2730979919433594
20.218495845794678,2.2651023864746094
20.229525089263916,2.132984161376953
20.240559339523315,2.2446937561035156
20.25160026550293,2.236846923828125
20.262641668319702,2.2293739318847656
20.27368712425232,2.1731948852539062
20.28473711013794,2.2415771484375
20.29576015472412,2.2000274658203125
20.306808948516846,2.247203826904297
20.31786274909973,2.211902618408203
20.328906059265137,2.2554054260253906
20.339940547943115,2.2280807495117188
20.350963592529297,2.2901611328125
20.36199378967285,2.2449111938476562
20.373016834259033,2.233783721923828
20.384029150009155,2.26171875
20.395056009292603,2.2638320922851562
20.406073331832886,2.2092514038085938
20.41709280014038,2.3545188903808594
20.42811131477356,2.2465057373046875
20.439139366149902,2.1914596557617188
20.450183629989624,2.2305755615234375
20.46121120452881,2.2872962951660156
20.472238063812256,2.3352699279785156
20.48326015472412,2.2280120849609375
20.494277000427246,2.3485336303710938
20.50529670715332,2.27435302734375
20.516311407089233,2.2560195922851562
20.527352333068848,2.2363433837890625
20.538326740264893,2.364654541015625
20.54933190345764,2.232147216796875
20.560341835021973,2.1898651123046875
20.57137393951416,2.2979049682617188
20.58237385749817,2.336669921875
20.593374729156494,2.2520484924316406
20.604334831237793,2.1887168884277344
20.61534810066223,2.3123741149902344
20.626333236694336,2.2263259887695312
20.637337923049927,2.3135337829589844
20.64834713935852,2.28546142578125
20.659358978271484,2.2070465087890625
20.67037796974182,2.1901397705078125
20.68134617805481,2.2701263427734375
20.692365407943726,2.3420257568359375
20.703395128250122,2.192657470703125
20.71462631225586,2.275665283203125
20.725645065307617,2.2082061767578125
20.736664295196533,2.1968841552734375
20.747678518295288,2.3244895935058594
20.758702039718628,2.234973907470703
20.76971960067749,2.1495094299316406
20.780757904052734,2.2943572998046875
20.79178547859192,2.3109970092773438
20.802804946899414,2.3225059509277344
20.81383466720581,2.2375450134277344
20.824867248535156,2.2238998413085938
20.835892915725708,2.2860450744628906
20.846901416778564,2.2528114318847656
20.857917070388794,2.261157989501953
20.868937969207764,2.3427810668945312
20.87996244430542,2.2183380126953125
20.890984058380127,2.2258224487304688
20.90200901031494,2.2789573669433594
20.91303539276123,2.3873825073242188
20.924057483673096,2.2604026794433594
20.93507146835327,2.3057479858398438
20.94609308242798,2.147369384765625
20.957274913787842,2.2770423889160156
20.968304872512817,2.2587013244628906
20.979320764541626,2.2875213623046875
20.990426063537598,2.2097625732421875
21.0014591217041,2.1939620971679688
21.012476444244385,2.3068809509277344
21.023500204086304,2.2979736328125
21.034520864486694,2.2665786743164062
21.045578002929688,2.3074302673339844
21.05660057067871,2.261310577392578
21.06763219833374,2.2246360778808594
21.07880187034607,2.275768280029297
21.089823007583618,2.2344818115234375
21.10083532333374,2.3165321350097656
21.1118426322937,2.2749404907226562
21.122867822647095,2.2423858642578125
21.13388442993164,2.2939224243164062
21.14489483833313,2.3391075134277344
21.155912399291992,2.1386985778808594
21.166932821273804,2.2585525512695312
21.17794919013977,2.241199493408203
21.188960075378418,2.1896629333496094
21.19998049736023,2.236133575439453
21.21100664138794,2.33428955078125
21.22202706336975,2.2799644470214844
21.233057022094727,2.3349647521972656
21.244072914123535,2.2075881958007812
21.255086421966553,2.283092498779297
21.26611328125,2.296222686767578
21.277148723602295,2.261077880859375
21.28817129135132,2.197673797607422
21.29919409751892,2.195709228515625
21.310215950012207,2.2411117553710938
21.321218490600586,2.2541236877441406
21.33223009109497,2.299915313720703
21.343252420425415,2.2762413024902344
21.35426926612854,2.3091278076171875
21.365286588668823,2.3190879821777344
21.37631320953369,2.329486846923828
21.3873348236084,2.3902206420898438
21.39834475517273,2.350696563720703
21.409356832504272,2.3370895385742188
21.420374155044556,2.3695297241210938
21.431376934051514,2.3663253784179688
21.44241738319397,2.4328536987304688
21.453442811965942,2.403900146484375
21.464462280273438,2.4126052856445312
21.47548770904541,2.404743194580078
21.486512184143066,2.4204750061035156
21.497551441192627,2.5868606567382812
21.508583545684814,2.4513778686523438
21.51962375640869,2.474346160888672
21.530645847320557,2.485248565673828
21.5416738986969,2.4862823486328125
21.552701234817505,2.45635986328125
21.563769578933716,2.5369300842285156
21.574794054031372,2.4770545959472656
21.58582353591919,2.389251708984375
21.596837997436523,2.4054908752441406
21.607855081558228,2.3569259643554688
21.618874549865723,2.395488739013672
21.62989091873169,2.4967384338378906
21.64091467857361,2.4729080200195312
21.651929140090942,2.4711685180664062
21.662957191467285,2.4643936157226562
21.67398166656494,2.5556678771972656
21.684998750686646,2.5455551147460938
21.696027994155884,2.5394248962402344
21.707038164138794,2.524944305419922
21.718042612075806,2.5358428955078125
21.729066610336304,2.5951881408691406
21.740083932876587,2.6341400146484375
21.751099109649658,2.6676292419433594
21.762286901474,2.7362327575683594
21.773306369781494,2.7552146911621094
21.784316539764404,2.276458740234375
21.795345067977905,1.9317626953125
21.806330919265747,1.8958396911621094
21.81733226776123,2.0316200256347656
21.828327894210815,2.040332794189453
21.839336395263672,1.9949455261230469
21.85033893585205,1.9489707946777344
21.86154007911682,1.9980583190917969
21.872568368911743,1.9799423217773438
21.88359308242798,2.0338668823242188
21.89461350440979,1.9691734313964844
21.905632734298706,1.9247856140136719
21.91666030883789,1.9262809753417969
21.927690505981445,1.9612579345703125
21.93872046470642,2.0056724548339844
21.94993019104004,2.031627655029297
21.960936069488525,1.9524574279785156
21.971953630447388,2.0102806091308594
21.982975244522095,2.0372352600097656
21.993993043899536,1.9662017822265625
22.00501036643982,1.9345588684082031
22.016014337539673,1.9740715026855469
22.027034282684326,1.9684638977050781
22.038053035736084,1.9684638977050781
22.049062967300415,2.0335655212402344
22.06009340286255,2.023548126220703
22.071136713027954,1.9152946472167969
22.082155227661133,1.9691619873046875
22.093196153640747,2.004558563232422
22.1042160987854,1.9852485656738281
22.115253448486328,2.0246810913085938
22.126280784606934,1.9652557373046875
22.13730502128601,1.9799308776855469
22.148337841033936,2.0159225463867188
22.159345865249634,2.0059051513671875
22.170566082000732,1.9524040222167969
22.18159532546997,1.9583015441894531
22.19261932373047,2.0037879943847656
22.20363712310791,2.047100067138672
22.21466851234436,2.078746795654297
22.225696325302124,2.0093040466308594
22.236726760864258,1.9999351501464844
22.24775528907776,1.9522666931152344
22.25879955291748,2.0004234313964844
22.26982855796814,2.093006134033203
22.28085231781006,2.0886688232421875
22.291873455047607,2.01141357421875
22.302898168563843,2.02392578125
22.313920497894287,2.1011810302734375
22.324955224990845,2.0683822631835938
22.33598756790161,2.1316375732421875
22.347007274627686,2.04461669921875
22.358031034469604,2.055408477783203
22.36905860900879,2.0935440063476562
22.380080223083496,2.128894805908203
22.391109466552734,2.1776390075683594
22.402129650115967,2.0778541564941406
22.413142919540405,2.167774200439453
22.42415690422058,2.196422576904297
22.435168266296387,2.1655921936035156
22.446189641952515,2.1026382446289062
22.457213401794434,2.1501617431640625
22.468238353729248,2.11822509765625
22.479281902313232,2.1684341430664062
22.49029541015625,2.211589813232422
22.501304388046265,2.2431983947753906
22.512315273284912,2.1871109008789062
22.52333974838257,2.0785255432128906
22.534356832504272,2.085132598876953
22.545339584350586,2.1640892028808594
22.55635356903076,2.1936378479003906
22.567373275756836,2.134204864501953
22.578405618667603,2.0530662536621094
22.589431285858154,2.152660369873047
22.600477933883667,2.16534423828125
22.611514806747437,2.2135467529296875
22.622553825378418,2.250701904296875
22.633568048477173,2.1667098999023438
22.64460062980652,2.169727325439453
22.655633687973022,2.1159286499023438
22.66666531562805,2.122905731201172
22.677696704864502,2.1023635864257812
22.688733100891113,2.1468353271484375
22.699763774871826,2.156085968017578
22.71079111099243,2.2314491271972656
22.72181725502014,2.2374725341796875
22.73283863067627,2.1615028381347656
22.743866682052612,2.2383155822753906
22.75489068031311,2.2384605407714844
22.76592183113098,2.241130828857422
22.776936054229736,2.286884307861328
22.78796625137329,2.3345947265625
22.799004793167114,2.2440032958984375
22.810022830963135,2.363433837890625
22.821059703826904,2.4117965698242188
22.83207607269287,2.3541717529296875
22.84310555458069,2.4664764404296875
22.854119777679443,2.3902816772460938
22.86513638496399,2.4378433227539062
22.876166105270386,2.5622406005859375
22.887207746505737,1.8705902099609375
22.898247241973877,1.8677482604980469
22.90926957130432,1.9302940368652344
22.920294523239136,1.8656845092773438
22.931324243545532,1.8511695861816406
22.94234013557434,1.8853721618652344
22.953348398208618,1.8298263549804688
22.964374780654907,1.9058952331542969
22.975354433059692,1.8269996643066406
22.98639726638794,1.8670501708984375
22.99742865562439,1.7826766967773438
23.008461236953735,1.8793678283691406
23.019498348236084,1.8743476867675781
23.030539751052856,1.8394851684570312
23.04158926010132,1.8854026794433594
23.052626609802246,1.9117317199707031
23.063652515411377,1.8965225219726562
23.074697017669678,1.8436431884765625
23.08573293685913,1.8298263549804688
23.096755266189575,1.8553619384765625
23.1077938079834,1.9107704162597656
23.118826627731323,1.928985595703125
23.12984871864319,1.9301643371582031
23.140888690948486,1.9441452026367188
23.151929140090942,1.9098320007324219
23.162963390350342,1.9864921569824219
23.173989057540894,1.9859542846679688
23.185006856918335,2.0374832153320312
23.19603943824768,2.0559234619140625
23.207063913345337,2.064422607421875
23.218099117279053,2.1171951293945312
23.22912359237671,2.0877914428710938
23.240159034729004,2.1140975952148438
23.2511887550354,2.1591796875
23.26222038269043,2.181049346923828
23.2732515335083,2.2373313903808594
23.2842800617218,2.2597198486328125
23.29530620574951,2.2713356018066406
23.306325435638428,2.3133506774902344
23.317336559295654,1.8643836975097656
23.328347206115723,1.5768165588378906
23.33934187889099,1.5685043334960938
23.350358486175537,1.5749626159667969
23.361359357833862,1.5984001159667969
23.37237524986267,1.6318473815917969
23.383410453796387,1.6056022644042969
23.39443612098694,1.6278419494628906
23.40546679496765,1.6515235900878906
23.416502237319946,1.6155242919921875
23.427534103393555,1.5904884338378906
23.438559770584106,1.5685043334960938
23.449598789215088,1.5685043334960938
23.46061086654663,1.6069717407226562
23.47163152694702,1.631591796875
23.482669591903687,1.6644783020019531
23.493690252304077,1.6506843566894531
23.504737377166748,1.6879386901855469
23.51577591896057,1.6851348876953125
23.526808500289917,1.734954833984375
23.537822723388672,1.7539024353027344
23.5490505695343,1.7112770080566406
23.560062408447266,1.7426719665527344
23.571072816848755,1.7779731750488281
23.582099676132202,1.8473243713378906
23.593120574951172,1.8341484069824219
23.60413408279419,1.8631019592285156
23.615140914916992,1.1644401550292969
23.62614941596985,1.16845703125
23.63716220855713,1.16845703125
23.648173093795776,1.16845703125
23.659199953079224,1.16845703125
23.67022466659546,1.16845703125
23.681260108947754,1.16845703125
23.692279815673828,1.16845703125
23.703301668167114,1.16845703125
23.714307069778442,1.16845703125
23.725357055664062,1.16845703125
23.73637557029724,1.16845703125
23.747342586517334,1.16845703125
23.758350610733032,1.16845703125
23.769366025924683,1.16845703125
23.780380249023438,1.16845703125
23.791417837142944,1.16845703125
23.802441596984863,1.16845703125
23.813457489013672,1.16845703125
23.824477672576904,1.16845703125
23.83550524711609,1.16845703125
23.846550226211548,1.16845703125
23.857579469680786,1.16845703125
23.868601083755493,1.1686668395996094
23.879621505737305,1.1686668395996094
23.890639305114746,1.1686668395996094
23.901663064956665,1.1686668395996094
23.912689447402954,1.1686668395996094
23.92371439933777,1.1686668395996094
23.934734106063843,1.1686668395996094
23.945765733718872,1.1686668395996094
23.95679235458374,1.1686668395996094
23.967813968658447,1.1686668395996094
23.97881841659546,1.1686668395996094
23.98983120918274,1.1686668395996094
24.000845909118652,1.1686668395996094
24.011864185333252,1.1686668395996094
24.02287793159485,1.1686668395996094
24.033902406692505,1.1686668395996094
24.04490637779236,1.1686668395996094
24.055931091308594,1.1686668395996094
24.066954374313354,1.1686668395996094
24.077961444854736,1.1686668395996094
24.088976621627808,1.1686668395996094
24.100000381469727,1.1686668395996094
24.111020803451538,1.1686668395996094
24.122045516967773,1.1686668395996094
24.133071184158325,1.1686668395996094
24.1441011428833,1.1686668395996094
24.155129432678223,1.1686668395996094
24.166151523590088,1.1686668395996094
24.177168369293213,1.1686668395996094
24.188183069229126,1.1686668395996094
24.19919490814209,1.1686668395996094
24.210220336914062,1.168853759765625
24.22124719619751,1.1689491271972656
24.232271432876587,1.1689491271972656
24.243305683135986,1.1689491271972656
24.254324436187744,1.1689491271972656
24.26534104347229,1.1689491271972656
24.27636480331421,1.1689491271972656
24.287374258041382,1.1689491271972656
24.298383474349976,1.1689491271972656
24.30943012237549,1.1689491271972656
24.3204562664032,1.1689491271972656
24.331477165222168,1.1689491271972656
24.34250497817993,1.1689491271972656
24.353533267974854,1.1689491271972656
24.36455988883972,1.1689491271972656
24.37562084197998,1.1689491271972656
24.38663649559021,1.1689491271972656
24.397663831710815,1.1689491271972656
24.408690214157104,1.1689491271972656
24.41971206665039,1.1689491271972656
24.43073797225952,1.1689491271972656
24.441765546798706,1.1689491271972656
24.45278000831604,1.1689491271972656
24.463804721832275,1.1689491271972656
24.474814891815186,1.1689491271972656
24.48583459854126,1.1689491271972656
24.49685788154602,1.1689491271972656
24.507866859436035,1.1689491271972656
24.518877267837524,1.1689491271972656
24.529886960983276,1.1689491271972656
24.540898084640503,1.1689491271972656
24.551918983459473,1.1689491271972656
24.56293296813965,1.1689491271972656
24.573942184448242,1.1689491271972656
24.58496403694153,1.1689491271972656
24.5959734916687,1.1689491271972656
24.606976985931396,1.1689491271972656
24.617985010147095,1.1689491271972656
24.629002809524536,1.1689491271972656
24.640014171600342,1.1689491271972656
24.65102767944336,1.1689491271972656
24.66204261779785,1.1689491271972656
24.673054695129395,1.1689491271972656
24.68406867980957,1.1689491271972656
24.6950843334198,1.1689491271972656
24.706093072891235,1.1689491271972656
24.717104196548462,1.1689491271972656
24.728109121322632,1.1689491271972656
24.73916268348694,1.1689491271972656
24.75017285346985,1.1689491271972656
24.76119041442871,1.1689491271972656
24.77219843864441,1.1689491271972656
24.783205032348633,1.1689491271972656
24.794220685958862,1.1691398620605469
24.805236101150513,1.1691398620605469
24.816259622573853,1.1691398620605469
24.827275037765503,1.1691398620605469
24.838299989700317,1.1691398620605469
24.849303483963013,1.1691398620605469
24.860324144363403,1.1691398620605469
24.871328592300415,1.1691398620605469
24.88233757019043,1.1691398620605469
24.89335298538208,1.1691398620605469
24.9043607711792,1.1691398620605469
24.915377855300903,1.1691398620605469
24.926383018493652,1.1691398620605469
24.937408208847046,1.1691398620605469
24.948434114456177,1.1691398620605469
24.959458589553833,1.1691398620605469
24.970479726791382,1.1691398620605469
24.981499910354614,1.1691398620605469
24.992511749267578,1.1691398620605469
25.0035183429718,1.1691398620605469
25.01453185081482,1.1691398620605469
25.025550842285156,1.1691398620605469
25.03655982017517,1.1691398620605469
25.047566413879395,1.1691398620605469
25.058579683303833,1.1691398620605469
25.06959867477417,1.1691398620605469
25.08062195777893,1.1691398620605469
25.0916428565979,1.1691398620605469
25.102668523788452,1.1691398620605469
25.11370539665222,1.1691398620605469
25.124725341796875,1.1691398620605469
25.135741233825684,1.1691398620605469
25.146766424179077,1.1691398620605469
25.15780544281006,1.1691398620605469
25.168840885162354,1.1691398620605469
25.179866790771484,1.1691398620605469
25.190890312194824,1.1691398620605469
25.201914072036743,1.1691398620605469
25.212935209274292,1.1691398620605469
25.22394871711731,1.1691398620605469
25.234968423843384,1.1691398620605469
25.245980978012085,1.1691398620605469
25.25701117515564,1.1691398620605469
25.26804208755493,1.1691398620605469
25.279069423675537,1.1691398620605469
25.290084838867188,1.1691398620605469
25.30111074447632,1.1691398620605469
25.312132596969604,1.1691398620605469
25.323163270950317,1.1691398620605469
25.3341863155365,1.1691398620605469
25.34521174430847,1.1691398620605469
25.356223106384277,1.1691398620605469
25.367249965667725,1.1691398620605469
25.37830686569214,1.1691398620605469
25.389322757720947,1.1691398620605469
25.40034580230713,1.1691398620605469
25.411375999450684,1.1691398620605469
25.422418355941772,1.1691398620605469
25.433454275131226,1.1691398620605469
25.444482564926147,1.1691398620605469
25.455520629882812,1.1691398620605469
25.466540575027466,1.1691398620605469
25.47756028175354,1.1691398620605469
25.48859477043152,1.1691398620605469
25.49962878227234,1.1691398620605469
25.510660886764526,1.1691398620605469
25.521692037582397,1.1691398620605469
25.532737493515015,1.1693382263183594
25.543778657913208,1.0577125549316406
25.55480694770813,1.0577125549316406
25.565826416015625,1.0577125549316406
25.5768404006958,1.0577125549316406
25.587867736816406,1.0577125549316406
25.59889030456543,1.0577125549316406
25.609909772872925,1.0577316284179688
25.620951414108276,1.0577316284179688
25.63197112083435,1.0577316284179688
25.642990589141846,1.0580215454101562
25.654019594192505,1.0611648559570312
25.665041208267212,1.0611648559570312
25.67605686187744,1.0611648559570312
25.68707823753357,1.0611648559570312
25.69810390472412,1.0611648559570312
25.709116458892822,1.0611648559570312
25.72013235092163,1.0874481201171875
25.73114252090454,1.1484451293945312
25.74217653274536,1.1246604919433594
25.753188610076904,1.1051292419433594
25.7642080783844,1.1266136169433594
25.775216579437256,1.1780662536621094
25.786245107650757,1.1365242004394531
25.79727530479431,1.1428260803222656
25.808298349380493,1.2056999206542969
25.81931972503662,1.2843704223632812
25.830347776412964,1.2845726013183594
25.841360092163086,1.2685127258300781
25.852377891540527,1.3041648864746094
25.863407135009766,1.3375129699707031
25.874435663223267,1.3491325378417969
25.885472536087036,1.3220787048339844
25.896498441696167,1.3354606628417969
25.907521963119507,1.3688087463378906
25.918543577194214,1.4346961975097656
25.92956829071045,1.3335075378417969
25.940594911575317,1.3727149963378906
25.951619863510132,1.3602447509765625
25.9626362323761,1.3393669128417969
25.973658323287964,1.3785743713378906
25.98469567298889,1.4125175476074219
25.99571943283081,1.3941993713378906
26.00673818588257,1.3672065734863281
26.017760276794434,1.3822288513183594
26.028952836990356,1.4261894226074219
26.039970636367798,1.3393669128417969
26.050992250442505,1.3276481628417969
26.06200861930847,1.3609962463378906
26.073023557662964,1.4342308044433594
26.084045886993408,1.3317832946777344
26.095062494277954,1.3748970031738281
26.10609006881714,1.3612251281738281
26.11710524559021,1.3454551696777344
26.128125429153442,1.3866157531738281
26.139148712158203,1.3980751037597656
26.150160312652588,1.3750686645507812
26.161186933517456,1.3673553466796875
26.172212600708008,1.4029083251953125
26.18323588371277,1.4342422485351562
26.194251537322998,1.3909988403320312
26.205276012420654,1.3851890563964844
26.21629238128662,1.4207344055175781
26.22730326652527,1.3606491088867188
26.238320112228394,1.3969078063964844
26.249350786209106,1.4168281555175781
26.26037359237671,1.3865432739257812
26.271378993988037,1.3512420654296875
26.28241801261902,1.3904533386230469
26.293445825576782,1.422698974609375
26.30448055267334,1.33001708984375
26.315507650375366,1.3692283630371094
26.326555490493774,1.3992500305175781
26.3375825881958,1.3495521545410156
26.348613500595093,1.3397865295410156
26.359641075134277,1.3809471130371094
26.37067413330078,1.365325927734375
26.3817138671875,1.3606681823730469
26.392746210098267,1.3771476745605469
26.403783798217773,1.3907203674316406
26.414814233779907,1.3633766174316406
26.425849199295044,1.3456535339355469
26.436869859695435,1.3887672424316406
26.447909116744995,1.4207611083984375
26.45893383026123,1.3297843933105469
26.46994376182556,1.3670387268066406
26.480976581573486,1.4346275329589844
26.492005109786987,1.3495674133300781
26.503034114837646,1.3358955383300781
26.51405906677246,1.3653373718261719
26.525089025497437,1.4149093627929688
26.536112546920776,1.3848762512207031
26.547135591506958,1.3607864379882812
26.558159828186035,1.3987960815429688
26.569173574447632,1.3887863159179688
26.580193519592285,1.3696098327636719
26.591206073760986,1.3695106506347656
26.602226495742798,1.3614463806152344
26.613266468048096,1.3554420471191406
26.624292612075806,1.3887939453125
26.63529634475708,1.4123764038085938
26.646310329437256,1.349334716796875
26.657338857650757,1.3930511474609375
26.668354272842407,1.3615493774414062
26.679361820220947,1.4010086059570312
26.690377235412598,1.3924522399902344
26.70140290260315,1.3732757568359375
26.712435007095337,1.4090728759765625
26.723464488983154,1.3979568481445312
26.734492778778076,1.3830413818359375
26.745513200759888,1.3831939697265625
26.75654625892639,1.3729324340820312
26.767739057540894,1.3615646362304688
26.778762817382812,1.3770904541015625
26.789803981781006,1.4227523803710938
26.800827980041504,1.3300704956054688
26.811853408813477,1.3234634399414062
26.822877168655396,1.3614692687988281
26.83390474319458,1.4344749450683594
26.84491991996765,1.284332275390625
26.855937719345093,1.2825241088867188
26.866965293884277,1.2489738464355469
26.877984046936035,1.2261428833007812
26.889005184173584,1.267303466796875
26.900035619735718,1.2855682373046875
26.911070346832275,1.251678466796875
26.92209768295288,1.22589111328125
26.93312907218933,1.2793846130371094
26.944145917892456,1.2873420715332031
26.955172538757324,1.3004112243652344
26.96618628501892,1.2539939880371094
26.977206230163574,1.2514305114746094
26.988229751586914,1.2893714904785156
26.999265909194946,1.2769660949707031
27.010310888290405,1.2575340270996094
27.021327018737793,1.2950401306152344
27.032327890396118,1.2867317199707031
27.04335117340088,1.3187522888183594
27.054365396499634,1.368896484375
27.06537628173828,1.3857650756835938
27.076398611068726,1.3010826110839844
27.087434768676758,1.3876495361328125
27.098466634750366,1.40875244140625
27.109490633010864,1.3654861450195312
27.120519638061523,1.3656692504882812
27.13155221939087,1.4856948852539062
27.142579317092896,1.4661827087402344
27.15360927581787,1.4732437133789062
27.16464900970459,1.4720420837402344
27.175676584243774,1.4819526672363281
27.186707735061646,1.4659690856933594
27.197749853134155,1.4055023193359375
27.208778619766235,1.4632797241210938
27.21979260444641,1.4026908874511719
27.23081111907959,1.5056419372558594
27.24182939529419,1.5075950622558594
27.252853870391846,1.451171875
27.264759063720703,1.4730758666992188
27.27590012550354,1.3343276977539062
27.28693675994873,1.4286613464355469
27.29796552658081,1.3200340270996094
27.308977365493774,1.3472709655761719
27.320006132125854,1.3309288024902344
27.33103895187378,1.3429679870605469
27.34205722808838,1.4038047790527344
27.35310459136963,1.4079170227050781
27.364135265350342,1.3842849731445312
27.37515878677368,1.4164772033691406
27.386180877685547,1.518280029296875
27.39720344543457,1.368499755859375
27.40822744369507,1.466949462890625
27.419267654418945,1.533660888671875
27.430299520492554,1.4581947326660156
27.441352367401123,1.5246696472167969
27.452396869659424,1.6278724670410156
27.463420629501343,1.7493438720703125
27.474627256393433,1.5850181579589844
27.485666036605835,1.6885147094726562
27.496705770492554,1.7192764282226562
27.507736444473267,1.7689285278320312
27.518807888031006,1.7324676513671875
27.52984619140625,1.7893104553222656
27.540877103805542,1.7837638854980469
27.55191469192505,1.7962188720703125
27.56293296813965,1.8916893005371094
27.573951482772827,1.8926124572753906
27.584978103637695,1.8460540771484375
27.59600281715393,1.9299278259277344
27.60704779624939,1.9816780090332031
27.618080377578735,1.9409446716308594
27.629166841506958,1.9156570434570312
27.640193700790405,2.0075950622558594
27.651243448257446,1.93267822265625
27.662283182144165,1.9666633605957031
27.673325061798096,1.9825477600097656
27.684356451034546,2.0165443420410156
27.695382356643677,2.016193389892578
27.706425189971924,1.9948234558105469
27.71747398376465,2.0312271118164062
27.728504180908203,1.9888496398925781
27.739534378051758,1.9181289672851562
27.75056529045105,2.0100975036621094
27.761598825454712,1.9891090393066406
27.772634744644165,2.0552902221679688
27.783660411834717,2.0315818786621094
27.7946937084198,2.061859130859375
27.80573058128357,1.9794464111328125
27.81674838066101,1.9906578063964844
27.827805042266846,2.0758934020996094
27.838828325271606,1.9887123107910156
27.849866151809692,1.9863090515136719
27.86089062690735,1.9511070251464844
27.87195611000061,2.07037353515625
27.882991313934326,1.9657173156738281
27.894021034240723,1.9728431701660156
27.905056715011597,2.059062957763672
27.916082620620728,2.0457382202148438
27.92711639404297,1.9609527587890625
27.938150644302368,2.056293487548828
27.949178457260132,2.0043258666992188
27.96020793914795,1.9637641906738281
27.971243858337402,2.074626922607422
27.982272386550903,1.9686393737792969
27.99328899383545,1.9805450439453125
28.004318237304688,2.0667152404785156
28.015369653701782,1.9522972106933594
28.026414394378662,1.9867515563964844
28.037447214126587,2.0194473266601562
28.048495292663574,2.010089874267578
28.059547185897827,1.9415321350097656
28.070590019226074,2.0293655395507812
28.081620931625366,1.9923667907714844
28.092677354812622,1.9777412414550781
28.10372042655945,2.1101722717285156
28.114747524261475,2.0599098205566406
28.125793933868408,1.9115486145019531
28.136836528778076,1.9196510314941406
28.14788293838501,2.079437255859375
28.1589138507843,2.0253982543945312
28.16994571685791,1.9177589416503906
28.180988073349,2.088939666748047
28.192009925842285,2.075603485107422
28.20304560661316,1.9475479125976562
28.21406579017639,1.9886131286621094
28.225086450576782,2.073699951171875
28.23611807823181,1.9843101501464844
28.24715828895569,2.0181503295898438
28.25818681716919,2.1778182983398438
28.269207000732422,1.9898452758789062
28.28022599220276,1.9727249145507812
28.291423320770264,2.0353851318359375
28.302449703216553,2.0859413146972656
28.313471794128418,2.0170440673828125
28.324507474899292,2.046192169189453
28.335543394088745,2.0883026123046875
28.34656262397766,2.018993377685547
28.357581615447998,2.0195960998535156
28.368611812591553,2.012042999267578
28.379626035690308,2.075237274169922
28.39064908027649,2.0439414978027344
28.40185236930847,2.114471435546875
28.412888526916504,2.086650848388672
28.423932790756226,2.032695770263672
28.434955596923828,2.031116485595703
28.44596838951111,2.0842361450195312
28.457006454467773,2.0799407958984375
28.468038320541382,2.0440635681152344
28.479063987731934,2.0381126403808594
28.490089893341064,2.0693702697753906
28.501325607299805,2.033611297607422
28.51235604286194,2.068859100341797
28.523353576660156,2.0520782470703125
28.534364700317383,2.0937576293945312
28.54534387588501,2.098865509033203
28.55634617805481,2.1305885314941406
28.567339181900024,2.0834884643554688
28.578803777694702,2.0501441955566406
28.589860916137695,2.142719268798828
28.600891590118408,2.1502723693847656
28.611926555633545,2.094959259033203
28.622946739196777,2.018291473388672
28.633974075317383,2.147838592529297
28.644994497299194,2.0982704162597656
28.656035900115967,2.081737518310547
28.667067527770996,2.017192840576172
28.67809820175171,2.101757049560547
28.68912363052368,2.064849853515625
28.700151205062866,2.0730628967285156
28.711169958114624,2.1274452209472656
28.722201347351074,2.0860252380371094
28.733242750167847,2.120655059814453
28.74428677558899,2.2054100036621094
28.755308151245117,2.1107177734375
28.766343116760254,2.03350830078125
28.777352333068848,2.0855445861816406
28.788378477096558,2.0729293823242188
28.799405336380005,2.1205787658691406
28.810441732406616,2.1033554077148438
28.82146954536438,2.055278778076172
28.832493543624878,2.0762863159179688
28.843530416488647,2.115131378173828
28.854569673538208,2.1131744384765625
28.865597009658813,2.124492645263672
28.87664556503296,1.9876060485839844
28.8876736164093,2.0726356506347656
28.898701190948486,2.039173126220703
28.909728527069092,2.070964813232422
28.920751094818115,2.0964088439941406
28.931779146194458,2.0595474243164062
28.942816495895386,2.1109237670898438
28.95385217666626,1.9816398620605469
28.964872360229492,2.146625518798828
28.975911378860474,2.0343666076660156
28.986940145492554,2.0609474182128906
28.997981548309326,2.144672393798828
29.00900149345398,2.069225311279297
29.0200355052948,2.1045188903808594
29.031052112579346,2.081348419189453
29.042078018188477,2.0919837951660156
29.053105354309082,2.090106964111328
29.064127683639526,2.047832489013672
29.075160026550293,2.1319618225097656
29.086182355880737,2.067272186279297
29.097198724746704,2.0444297790527344
29.1082181930542,2.049549102783203
29.11927032470703,2.118297576904297
29.130302667617798,2.075927734375
29.14130926132202,2.107421875
29.15233278274536,2.139423370361328
29.163353204727173,2.084117889404297
29.174350023269653,2.1858596801757812
29.185337781906128,2.0574569702148438
29.196354866027832,2.092998504638672
29.20736837387085,2.1357650756835938
29.218401193618774,2.118053436279297
29.229424476623535,2.1281471252441406
29.24045181274414,2.0183868408203125
29.25148057937622,2.1442832946777344
29.262505531311035,2.1018714904785156
29.273530960083008,2.1251869201660156
29.284560680389404,2.055644989013672
29.295605421066284,2.0578575134277344
29.30664300918579,2.1474876403808594
29.317989826202393,2.0678062438964844
29.3290114402771,2.0418052673339844
29.34004020690918,2.044513702392578
29.35106658935547,2.067962646484375
29.36209273338318,2.0231246948242188
29.37310528755188,2.098236083984375
29.384151220321655,2.059551239013672
29.39518141746521,2.082775115966797
29.406205654144287,2.0820083618164062
29.41723108291626,2.1351051330566406
29.42829728126526,2.0699195861816406
29.43932271003723,2.126789093017578
29.45034885406494,2.1272010803222656
29.46137499809265,2.057445526123047
29.472403287887573,2.1047706604003906
29.483433961868286,2.081890106201172
29.494454860687256,2.0542030334472656
29.505499362945557,2.0943565368652344
29.51652765274048,2.089061737060547
29.527562856674194,2.0737266540527344
29.538583993911743,2.0837440490722656
29.549604415893555,2.045879364013672
29.560643196105957,2.0801467895507812
29.5716712474823,2.074920654296875
29.582704782485962,1.9842987060546875
29.59372591972351,2.0420074462890625
29.60475778579712,2.1356353759765625
29.61579704284668,2.0973052978515625
29.626825094223022,2.134716033935547
29.637866258621216,2.1355552673339844
29.648897409439087,2.134532928466797
29.659939289093018,2.0857696533203125
29.670970916748047,2.1245803833007812
29.68199896812439,2.214710235595703
29.69301700592041,2.0588912963867188
29.70404839515686,2.158306121826172
29.715073823928833,2.0986061096191406
29.726101636886597,2.1377220153808594
29.737130403518677,2.1344871520996094
29.748148918151855,2.1416702270507812
29.759180545806885,2.192218780517578
29.77021050453186,2.0392723083496094
29.781235933303833,2.1182823181152344
29.792266368865967,2.129405975341797
29.80329203605652,2.155742645263672
29.814313411712646,2.151531219482422
29.825361013412476,2.1234397888183594
29.836381673812866,2.140247344970703
29.847434043884277,2.1335182189941406
29.858470916748047,2.140605926513672
29.86950445175171,2.191425323486328
29.880571126937866,2.171550750732422
29.891613483428955,2.1830711364746094
29.902647018432617,2.163745880126953
29.913676500320435,2.1246986389160156
29.92469549179077,2.1286277770996094
29.93580412864685,2.130573272705078
29.94683814048767,2.136157989501953
29.95786738395691,2.202178955078125
29.96889352798462,2.194499969482422
29.979933738708496,2.1579246520996094
29.990974187850952,2.1557655334472656
30.002012252807617,2.1333084106445312
30.01304268836975,2.1304054260253906
30.02406883239746,2.178516387939453
30.035085439682007,2.204517364501953
30.046109437942505,2.1479225158691406
30.057127952575684,2.1255455017089844
30.068165063858032,2.2451210021972656
30.079190015792847,2.171001434326172
30.090216875076294,2.1546897888183594
30.101251363754272,2.1259918212890625
30.112271308898926,2.1590957641601562
30.123353719711304,2.1624755859375
30.134353399276733,2.1812667846679688
30.145349502563477,2.1577377319335938
30.156364679336548,2.1518630981445312
30.167397260665894,2.159088134765625
30.178422451019287,2.212677001953125
30.189439058303833,2.149272918701172
30.20046901702881,2.133930206298828
30.211490154266357,2.095897674560547
30.22252058982849,2.175262451171875
30.233549118041992,2.1207313537597656
30.24460244178772,2.1671524047851562
30.255654335021973,2.160980224609375
30.26669216156006,2.07025146484375
30.277849197387695,2.246753692626953
30.288856267929077,2.199840545654297
30.29987668991089,2.1159133911132812
30.310899019241333,2.056499481201172
30.32191038131714,2.1692161560058594
30.332923889160156,2.09588623046875
30.343930959701538,2.044780731201172
30.354940176010132,2.263652801513672
30.365956783294678,2.168689727783203
30.37698221206665,2.1148338317871094
30.38800621032715,2.068256378173828
30.399018049240112,2.2052574157714844
30.410038471221924,2.136615753173828
30.421063661575317,2.138072967529297
30.43209171295166,2.195636749267578
30.44311261177063,2.2116050720214844
30.45413565635681,2.1675071716308594
30.46514868736267,2.1572532653808594
30.476166248321533,2.181324005126953
30.487178564071655,2.2326316833496094
30.49819850921631,2.1875343322753906
30.509220361709595,2.278667449951172
30.520256996154785,2.266796112060547
30.531309127807617,2.1751136779785156
30.54233193397522,2.2364158630371094
30.553354501724243,2.238262176513672
30.56437635421753,2.309307098388672
30.575382947921753,2.2497215270996094
30.58642840385437,2.3833274841308594
30.597456455230713,2.3379974365234375
30.608473777770996,2.3272666931152344
30.619494199752808,2.3632125854492188
30.630507946014404,2.2862930297851562
30.641727924346924,2.3749046325683594
30.65275001525879,2.310321807861328
30.663795232772827,2.2739181518554688
30.67482900619507,2.2834854125976562
30.685862064361572,2.4153289794921875
30.696877002716064,2.3422508239746094
30.707892656326294,2.3338088989257812
30.718899965286255,2.3014068603515625
30.729917764663696,2.3647003173828125
30.7409451007843,2.3315773010253906
30.751970529556274,2.4027137756347656
30.762990474700928,2.3675460815429688
30.773995876312256,2.3903236389160156
30.78502106666565,2.404041290283203
30.796037197113037,2.5181846618652344
30.807055950164795,2.4279708862304688
30.81807518005371,2.379566192626953
30.82909059524536,2.524463653564453
30.840109825134277,2.4912338256835938
30.85114812850952,2.504039764404297
30.862154483795166,2.6290931701660156
30.873172283172607,2.5850830078125
30.8841872215271,2.6138954162597656
30.895214080810547,2.0032806396484375
30.906375646591187,1.9762382507324219
30.91734504699707,2.0101356506347656
30.92835259437561,1.8819541931152344
30.939350366592407,1.9207649230957031
30.950356006622314,1.9867134094238281
30.96136236190796,2.040313720703125
30.97237253189087,1.8430976867675781
30.983376264572144,1.9253730773925781
30.994340181350708,1.9900093078613281
31.00532865524292,1.9601593017578125
31.016342639923096,2.0130958557128906
31.02734613418579,1.9477996826171875
31.03836488723755,1.94879150390625
31.049372911453247,1.9739723205566406
31.060375928878784,2.036151885986328
31.071401357650757,2.0154457092285156
31.082425594329834,1.8964767456054688
31.093448877334595,1.9741401672363281
31.104475021362305,2.003520965576172
31.115487575531006,2.063007354736328
31.12651515007019,2.0329322814941406
31.13752579689026,2.0406150817871094
31.14854097366333,2.0553550720214844
31.159563779830933,2.048389434814453
31.170589923858643,2.012897491455078
31.181604385375977,2.015666961669922
31.192626237869263,2.0650291442871094
31.203638792037964,1.9425468444824219
31.21465516090393,2.045703887939453
31.225671768188477,2.0598106384277344
31.236698865890503,2.1060142517089844
31.247711181640625,2.01885986328125
31.258734941482544,1.9753379821777344
31.269755363464355,2.048297882080078
31.28077793121338,2.0487937927246094
31.29179096221924,1.980499267578125
31.30281400680542,2.0138511657714844
31.31381916999817,2.024738311767578
31.32485294342041,1.9842338562011719
31.335866928100586,1.9956703186035156
31.346888780593872,2.0240135192871094
31.357901573181152,2.0308265686035156
31.368927478790283,2.0000572204589844
31.37994122505188,2.046497344970703
31.390965938568115,2.0487937927246094
31.40198802947998,2.0177574157714844
31.41300129890442,2.023456573486328
31.424028873443604,2.040782928466797
31.435059547424316,2.051227569580078
31.44608736038208,2.088825225830078
31.457108736038208,1.9968299865722656
31.46814727783203,1.9635047912597656
31.479183197021484,2.055278778076172
31.490216493606567,2.0496177673339844
31.501235246658325,2.038158416748047
31.512248039245605,1.9559593200683594
31.523268699645996,2.0489845275878906
31.5342800617218,1.9574165344238281
31.54529333114624,2.0796852111816406
31.55630373954773,2.060016632080078
31.56731939315796,2.0342330932617188
31.578325748443604,1.959014892578125
31.589336395263672,2.053050994873047
31.600337743759155,2.0632972717285156
31.61135482788086,2.019207000732422
31.62235951423645,2.0288734436035156
31.633337020874023,1.9520530700683594
31.644350290298462,1.9796257019042969
31.655354976654053,2.044750213623047
31.666361570358276,2.138378143310547
31.677370071411133,2.02325439453125
31.688347816467285,1.9910163879394531
31.6994149684906,2.062915802001953
31.710436582565308,2.1403579711914062
31.72145414352417,1.9464492797851562
31.732460260391235,1.9475517272949219
31.743470907211304,2.0564002990722656
31.754491090774536,2.0715675354003906
31.765515327453613,1.9960174560546875
31.77653431892395,2.0472755432128906
31.78754448890686,2.099407196044922
31.798564672470093,2.0132369995117188
31.809593200683594,2.0437240600585938
31.82061457633972,1.9817428588867188
31.831647157669067,1.9968719482421875
31.842678546905518,1.939971923828125
31.85371494293213,1.9763526916503906
31.864728689193726,2.010051727294922
31.8757426738739,2.1009178161621094
31.886772394180298,2.028522491455078
31.897786140441895,1.9542427062988281
31.908814430236816,1.9875068664550781
31.919833183288574,2.083240509033203
31.930848121643066,2.0601463317871094
31.94185471534729,1.9425468444824219
31.952865839004517,2.0531654357910156
31.963881015777588,1.9627265930175781
31.974905252456665,2.0415916442871094
31.985931634902954,2.005084991455078
31.996962547302246,2.0056800842285156
32.00800800323486,2.0054359436035156
32.01904058456421,2.042194366455078
32.030075788497925,2.0457420349121094
32.041094064712524,2.099018096923828
32.05213165283203,2.084827423095703
32.06316137313843,2.108295440673828
32.0741868019104,2.084087371826172
32.085217237472534,2.0841064453125
32.09623074531555,2.126018524169922
32.10725927352905,2.2560462951660156
32.11828398704529,2.1814422607421875
32.1293203830719,2.1758766174316406
32.14033889770508,2.1719322204589844
32.15133833885193,2.299663543701172
32.16235589981079,2.3077735900878906
32.17336416244507,2.111034393310547
32.184409379959106,2.157764434814453
32.19543766975403,2.122314453125
32.20647740364075,2.24847412109375
32.21751284599304,2.1972885131835938
32.22854566574097,2.2006301879882812
32.23958468437195,2.17864990234375
32.25061631202698,2.285980224609375
32.26163673400879,2.2082443237304688
32.27266573905945,2.2244033813476562
32.283695936203,2.1694717407226562
32.29472613334656,2.1476402282714844
32.305758476257324,2.2121734619140625
32.316802740097046,2.2687644958496094
32.32784366607666,2.1922569274902344
32.33888602256775,2.199787139892578
32.34990859031677,2.3104515075683594
32.36095356941223,2.3255882263183594
32.371975898742676,2.399707794189453
32.38302516937256,2.3398513793945312
32.39404511451721,2.2687454223632812
32.40508198738098,2.3194847106933594
32.41610240936279,2.3839950561523438
32.42712068557739,2.4372100830078125
32.438146352767944,2.493724822998047
32.44917583465576,1.7403717041015625
32.46019721031189,1.7083740234375
32.47122621536255,1.8097457885742188
32.48227858543396,1.8145904541015625
32.493308544158936,1.7643280029296875
32.504379749298096,1.7501373291015625
32.51561689376831,1.6886177062988281
32.52664279937744,1.7282791137695312
32.537668228149414,1.7166061401367188
32.54868745803833,1.8179473876953125
32.55972075462341,1.7570953369140625
32.57074284553528,1.6884689331054688
32.581788301467896,1.7161026000976562
32.592811822891235,1.8140411376953125
32.60382890701294,1.78460693359375
32.615031480789185,1.667236328125
32.62605428695679,1.739044189453125
32.63710260391235,1.7397918701171875
32.648139238357544,1.700836181640625
32.65917181968689,1.7745895385742188
32.67019057273865,1.735382080078125
32.68121337890625,1.732574462890625
32.69225263595581,1.726470947265625
32.703280448913574,1.7136497497558594
32.71430826187134,1.752105712890625
32.72533702850342,1.7826309204101562
32.73635530471802,1.7621231079101562
32.747403383255005,1.7764892578125
32.75844740867615,1.6728401184082031
32.76947832107544,1.744049072265625
32.780502796173096,1.7700424194335938
32.79154133796692,1.7835006713867188
32.80258131027222,1.6822547912597656
32.8136146068573,1.729278564453125
32.82464623451233,1.734161376953125
32.83567976951599,1.8020782470703125
32.84670662879944,1.8305206298828125
32.85774827003479,1.6864128112792969
32.86878061294556,1.737091064453125
32.87980771064758,1.7693405151367188
32.89083957672119,1.7587203979492188
32.90188217163086,1.74615478515625
32.91290760040283,1.769683837890625
32.92393660545349,1.7094955444335938
32.934978008270264,1.7609176635742188
32.94600057601929,1.7711868286132812
32.95702934265137,1.722808837890625
32.96806240081787,1.7152557373046875
32.979095220565796,1.7777557373046875
32.99011969566345,1.7301101684570312
33.00115728378296,1.7169570922851562
33.012176513671875,1.75201416015625
33.023197412490845,1.8452911376953125
33.03424406051636,1.7094955444335938
33.04528212547302,1.723419189453125
33.05630373954773,1.7668838500976562
33.06733560562134,1.8188018798828125
33.07834553718567,1.6783485412597656
33.08936786651611,1.7180023193359375
33.10042929649353,1.7466888427734375
33.1114776134491,1.6722412109375
33.12253141403198,1.7476959228515625
33.133589029312134,1.7812995910644531
33.14462208747864,1.7813034057617188
33.15566968917847,1.7779998779296875
33.16669845581055,1.7677383422851562
33.177735567092896,1.716461181640625
33.188791036605835,1.78350830078125
33.19982051849365,1.730621337890625
33.210853815078735,1.7482070922851562
33.221890926361084,1.7159576416015625
33.23292350769043,1.746856689453125
33.24395203590393,1.7402725219726562
33.25498557090759,1.8316192626953125
33.26602005958557,1.7710189819335938
33.27707076072693,1.6889495849609375
33.28809881210327,1.760528564453125
33.29913091659546,1.761505126953125
33.31015872955322,1.8238067626953125
33.321181297302246,1.7811813354492188
33.33221387863159,1.6647796630859375
33.34324932098389,1.766387939453125
33.35427236557007,1.677398681640625
33.36529207229614,1.7784957885742188
33.376322507858276,1.7736587524414062
33.3873450756073,1.714752197265625
33.398356437683105,1.7178077697753906
33.4093816280365,1.7804489135742188
33.42041778564453,1.7867889404296875
33.43145418167114,1.7350311279296875
33.442474365234375,1.724517822265625
33.45351266860962,1.7459373474121094
33.46454453468323,1.6794509887695312
33.4755642414093,1.7520904541015625
33.486599922180176,1.7819290161132812
33.49762296676636,1.7156028747558594
33.508639335632324,1.6825065612792969
33.51967430114746,1.758575439453125
33.53071641921997,1.7903594970703125
33.541746854782104,1.76898193359375
33.55276703834534,1.6886177062988281
33.56379747390747,1.731231689453125
33.574843883514404,1.7280731201171875
33.58588099479675,1.691070556640625
33.59690999984741,1.7667770385742188
33.607959508895874,1.725616455078125
33.61900353431702,1.722808837890625
33.63002848625183,1.714752197265625
33.64105415344238,1.7466926574707031
33.65209674835205,1.746185302734375
33.66312551498413,1.7706832885742188
33.67413806915283,1.7504043579101562
33.68516159057617,1.765533447265625
33.69617795944214,1.7374420166015625
33.707194328308105,1.724517822265625
33.7182252407074,1.7522659301757812
33.72924089431763,1.8452911376953125
33.74026155471802,1.7458381652832031
33.75129675865173,1.7070465087890625
33.76233220100403,1.7483901977539062
33.77333974838257,1.7839431762695312
33.78436279296875,1.8491973876953125
33.79537796974182,1.7434501647949219
33.80641293525696,1.7072982788085938
33.81744647026062,1.708648681640625
33.828479051589966,1.6755523681640625
33.8395049571991,1.7465057373046875
33.850539684295654,1.7782440185546875
33.86157155036926,1.7284317016601562
33.87261152267456,1.7363357543945312
33.88363695144653,1.72076416015625
33.89466881752014,1.75030517578125
33.90569281578064,1.7881011962890625
33.91672396659851,1.75531005859375
33.927759647369385,1.7198562622070312
33.938796520233154,1.6866645812988281
33.94982624053955,1.6905708312988281
33.960850954055786,1.6927719116210938
33.97186732292175,1.7708816528320312
33.98289394378662,1.75982666015625
33.99391150474548,1.74224853515625
34.00492882728577,1.75006103515625
34.01594424247742,1.7563552856445312
34.02697443962097,1.7918167114257812
34.0380072593689,1.8008804321289062
34.04904794692993,1.8133544921875
34.06007218360901,1.8211669921875
34.07109785079956,1.8328857421875
34.082127809524536,1.8446044921875
34.0931601524353,1.85260009765625
34.10419249534607,1.8662338256835938
34.11521363258362,1.9143447875976562
34.12624764442444,1.9810028076171875
34.13727879524231,1.9949417114257812
34.14830923080444,1.9667816162109375
34.15933561325073,2.0024337768554688
34.170330286026,2.0297775268554688
34.18135643005371,2.009899139404297
34.19234490394592,2.008800506591797
34.20332932472229,1.9969253540039062
34.214338541030884,2.0263710021972656
34.225348234176636,2.0712928771972656
34.23635172843933,2.0831260681152344
34.24733829498291,2.096721649169922
34.258371353149414,2.143848419189453
34.269394636154175,2.1517486572265625
34.28043174743652,2.0731964111328125
34.291465282440186,2.0222702026367188
34.30249238014221,2.0077857971191406
34.31352972984314,2.0073814392089844
34.324565410614014,2.0478591918945312
34.3355975151062,2.1031265258789062
34.34665012359619,2.0973434448242188
34.35766792297363,2.1359024047851562
34.36868619918823,2.19085693359375
34.37971639633179,2.1281661987304688
34.390748739242554,2.1144943237304688
34.40178298950195,2.1837615966796875
34.41280770301819,2.1313323974609375
34.423837184906006,2.1635665893554688
34.43486833572388,2.196918487548828
34.44590497016907,2.24017333984375
34.45694541931152,2.190410614013672
34.46796727180481,2.220874786376953
34.47899508476257,2.2605934143066406
34.490039348602295,2.2974891662597656
34.50106906890869,2.2526283264160156
34.51208710670471,2.335773468017578
34.52311182022095,2.3784141540527344
34.534138202667236,2.3803443908691406
34.545161962509155,2.3817291259765625
34.55618691444397,2.4139556884765625
34.56722378730774,2.2174949645996094
34.57824110984802,1.7035675048828125
34.58945369720459,1.6312446594238281
34.60048317909241,1.6645927429199219
34.61152267456055,1.6998939514160156
34.62254810333252,1.7713394165039062
34.63356590270996,1.7220230102539062
34.64459681510925,1.5980415344238281
34.655622482299805,1.0764808654785156
34.66664934158325,1.0764808654785156
34.67768359184265,1.0764808654785156
34.6889271736145,1.0764808654785156
34.69996976852417,1.0764808654785156
34.71100425720215,1.0764808654785156
34.72203826904297,1.0764808654785156
34.733070611953735,1.0764808654785156
34.744096755981445,1.0764808654785156
34.75513482093811,1.0764808654785156
34.766165018081665,1.0764808654785156
34.7771852016449,1.0764808654785156
34.78822207450867,1.0764808654785156
34.799246311187744,1.0764808654785156
34.81027579307556,1.0764808654785156
34.82129502296448,1.0764808654785156
34.83230495452881,1.0764808654785156
34.84331774711609,1.0764808654785156
34.85437202453613,1.0764808654785156
34.86537265777588,1.0764808654785156
34.87637543678284,1.0764808654785156
34.88738298416138,1.0764808654785156
34.898417234420776,1.0764808654785156
34.90945219993591,1.0764808654785156
34.92048478126526,1.0764808654785156
34.931509494781494,1.0764808654785156
34.94254517555237,1.0764808654785156
34.95357704162598,1.0764808654785156
34.96460485458374,1.0764808654785156
34.97562384605408,1.0764808654785156
34.98665475845337,1.0764808654785156
34.99768686294556,1.0764808654785156
35.00872278213501,1.0764808654785156
35.01975154876709,1.0764808654785156
35.03079533576965,1.0764808654785156
35.04182529449463,1.0764808654785156
35.05285143852234,1.0764808654785156
35.06387782096863,1.0764808654785156
35.074901819229126,1.0764808654785156
35.08591818809509,1.0764808654785156
35.09693717956543,1.0764808654785156
35.10795187950134,1.0764808654785156
35.11898183822632,1.0764808654785156
35.13001370429993,1.0764808654785156
35.141024112701416,1.0764808654785156
35.15205097198486,1.0764808654785156
35.163076400756836,1.0764808654785156
35.17411494255066,1.0764808654785156
35.18515467643738,1.0764808654785156
35.196165323257446,1.0764808654785156
35.207197189331055,1.0764808654785156
35.21821165084839,1.0764808654785156
35.229230880737305,1.0764808654785156
35.24024319648743,1.0764808654785156
35.251256704330444,1.0764808654785156
35.26227617263794,1.0764808654785156
35.27330231666565,1.0764808654785156
35.28431844711304,1.0764808654785156
35.29534673690796,1.0764808654785156
35.306358098983765,1.0764808654785156
35.31735944747925,1.0764808654785156
35.32837533950806,1.0764808654785156
35.33937978744507,1.0764808654785156
35.35040807723999,1.0764808654785156
35.361430644989014,1.0764808654785156
35.37246251106262,1.0764808654785156
35.38348913192749,1.0764808654785156
35.39452266693115,1.0764808654785156
35.4055552482605,1.0764808654785156
35.41657376289368,1.0764808654785156
35.427597761154175,1.0764808654785156
35.43862581253052,1.0764808654785156
35.449650287628174,1.0764808654785156
35.46067142486572,1.0764808654785156
35.47169303894043,1.0764808654785156
35.48271155357361,1.0764808654785156
35.49373459815979,1.0764808654785156
35.50475788116455,1.0764808654785156
35.51578235626221,1.0764808654785156
35.52680444717407,1.0764808654785156
35.53782892227173,1.0764808654785156
35.54884910583496,1.0764808654785156
35.55986714363098,1.0764808654785156
35.57088899612427,1.0764808654785156
35.58191752433777,1.0764808654785156
35.592939615249634,1.0764808654785156
35.603962898254395,1.0764808654785156
35.61499071121216,1.0764808654785156
35.62601613998413,1.0764808654785156
35.63703751564026,1.0764808654785156
35.648069620132446,1.0764808654785156
35.65908169746399,1.0764808654785156
35.67009234428406,1.0764808654785156
35.68111276626587,1.0764808654785156
35.69213008880615,1.0764808654785156
35.70314931869507,1.0764808654785156
35.71416664123535,1.0764808654785156
35.72519111633301,1.0764808654785156
35.73621845245361,1.0764808654785156
35.74723768234253,1.0764808654785156
35.758262634277344,1.0764808654785156
35.76927471160889,1.0764808654785156
35.780290365219116,1.0764808654785156
35.791297912597656,1.0764808654785156
35.80232214927673,1.0764808654785156
35.81334161758423,1.0764808654785156
35.82434558868408,1.0764808654785156
35.835352420806885,1.0764808654785156
35.846362829208374,1.0764808654785156
35.85737729072571,1.0764808654785156
35.86841034889221,1.0764808654785156
35.87943387031555,1.0764808654785156
35.89045834541321,1.0764808654785156
35.90148186683655,1.0764808654785156
35.9124972820282,1.0764808654785156
35.92352533340454,1.0764808654785156
35.93455100059509,1.0764808654785156
35.945584297180176,1.0764808654785156
35.95660924911499,1.0764808654785156
35.96762776374817,1.0764808654785156
35.978652238845825,1.0764808654785156
35.989678144454956,1.0764808654785156
36.00069880485535,1.0764808654785156
36.01172113418579,1.0764808654785156
36.02273440361023,1.0764808654785156
36.033790826797485,1.0764808654785156
36.04480957984924,1.0764808654785156
36.055830240249634,1.0764808654785156
36.066847801208496,1.0764808654785156
36.07787799835205,1.0764808654785156
36.08892273902893,1.0764808654785156
36.09994888305664,1.0764808654785156
36.110981941223145,1.0764808654785156
36.12199568748474,1.0764808654785156
36.13302135467529,1.0764808654785156
36.14405393600464,1.0764808654785156
36.155081272125244,1.0764808654785156
36.16609716415405,1.0764808654785156
36.17711520195007,1.0764808654785156
36.18813705444336,1.0764808654785156
36.199156284332275,1.0764808654785156
36.21016883850098,1.0022430419921875
36.221184492111206,0.9647293090820312
36.23220992088318,0.9647293090820312
36.243223428726196,0.9647293090820312
36.254250288009644,0.9647293090820312
36.265278577804565,0.9647293090820312
36.2763090133667,0.9647293090820312
36.28733444213867,0.9647293090820312
36.298356771469116,0.9647293090820312
36.30937314033508,0.9647293090820312
36.32040023803711,0.9647293090820312
36.331414222717285,0.9647293090820312
36.342437744140625,0.9647293090820312
36.35346341133118,0.9647293090820312
36.36448550224304,0.9647293090820312
36.375505685806274,0.9647293090820312
36.38652944564819,0.9647293090820312
36.397560358047485,0.9647293090820312
36.408591747283936,0.9647293090820312
36.419623613357544,0.9647293090820312
36.43064618110657,0.9647293090820312
36.44166684150696,0.9647293090820312
36.45270109176636,0.9647293090820312
36.463725090026855,0.9647293090820312
36.4747531414032,0.9647293090820312
36.485780000686646,0.9647293090820312
36.496806144714355,0.9647293090820312
36.50784230232239,0.9647293090820312
36.518847703933716,0.9647293090820312
36.52988839149475,0.9647293090820312
36.540910720825195,0.9647293090820312
36.55193018913269,0.9647293090820312
36.562957525253296,0.9647293090820312
36.573968172073364,0.9647293090820312
36.58497738838196,0.9647293090820312
36.59599018096924,0.9647293090820312
36.60700821876526,0.9647293090820312
36.618040800094604,0.9647293090820312
36.62906527519226,0.9647293090820312
36.64008355140686,0.9647293090820312
36.65109157562256,0.9647293090820312
36.66212177276611,0.9647293090820312
36.673139572143555,0.9647293090820312
36.68415355682373,0.9647293090820312
36.69517397880554,0.9647293090820312
36.70619010925293,0.9647293090820312
36.71721863746643,0.9647293090820312
36.728227376937866,0.9647293090820312
36.739248514175415,0.9647293090820312
36.75028371810913,0.9647293090820312
36.76130986213684,0.9647293090820312
36.772327184677124,0.9647293090820312
36.783355474472046,0.9647293090820312
36.79437613487244,0.9647293090820312
36.80540084838867,0.9647293090820312
36.81642556190491,0.9647293090820312
36.82747220993042,0.9647293090820312
36.83849501609802,0.9647293090820312
36.8495397567749,0.9647293090820312
36.860578536987305,0.9647293090820312
36.87162446975708,0.9647293090820312
36.88266706466675,0.9647293090820312
36.89370632171631,0.9647293090820312
36.90472173690796,0.9647293090820312
36.91575264930725,0.9647293090820312
36.92677140235901,0.9647293090820312
36.937795877456665,0.9647293090820312
36.948843479156494,0.9647293090820312
36.95986986160278,0.9647293090820312
36.970887184143066,0.9647293090820312
36.98191833496094,0.9647293090820312
36.99293804168701,0.9647293090820312
37.0039541721344,0.9647293090820312
37.014981508255005,0.9647293090820312
37.02600431442261,0.9647293090820312
37.03701400756836,0.9647293090820312
37.04803490638733,0.9647293090820312
37.05906009674072,0.9647293090820312
37.07008099555969,0.9647293090820312
37.08110165596008,0.9647293090820312
37.092127323150635,0.9647293090820312
37.10315012931824,0.9647293090820312
37.11418390274048,0.9647293090820312
37.12519907951355,0.9647293090820312
37.1362144947052,0.9647293090820312
37.14723801612854,0.9647293090820312
37.15827417373657,0.9647293090820312
37.169283628463745,0.9647293090820312
37.180309772491455,0.9647293090820312
37.19131803512573,0.9647293090820312
37.20232892036438,0.9647293090820312
37.213348388671875,0.9647293090820312
37.22436022758484,0.9647293090820312
37.23536515235901,0.9647293090820312
37.246373653411865,0.9647293090820312
37.25741267204285,0.9647293090820312
37.2684428691864,0.9647293090820312
37.27948975563049,0.9647293090820312
37.290523052215576,0.9647293090820312
37.301568031311035,0.9647293090820312
37.31259870529175,0.9647293090820312
37.323625326156616,0.9647293090820312
37.33465313911438,0.9647293090820312
37.34566879272461,0.9647293090820312
37.35668754577637,0.9647293090820312
37.367709159851074,0.9647293090820312
37.37873911857605,0.9647293090820312
37.38975214958191,0.9647293090820312
37.40077805519104,0.9647293090820312
37.41180419921875,0.9647293090820312
37.422828674316406,0.9647293090820312
37.43384766578674,0.9647293090820312
37.444870471954346,0.9647293090820312
37.45590400695801,0.9647293090820312
37.46692109107971,0.9647293090820312
37.47794580459595,0.9647293090820312
37.4889657497406,0.9647293090820312
37.49998497962952,0.9647293090820312
37.51099514961243,0.9647293090820312
37.522018909454346,0.9647293090820312
37.533029556274414,0.9647293090820312
37.54405093193054,0.9647293090820312
37.55512762069702,0.9647293090820312
37.566176891326904,0.9647293090820312
37.57718634605408,0.9647293090820312
37.58820104598999,0.9647293090820312
37.59922194480896,0.9647293090820312
37.61024332046509,0.9647293090820312
37.621254205703735,0.9647293090820312
37.632304668426514,0.9647293090820312
37.64332103729248,0.9647293090820312
37.654335021972656,0.9647293090820312
37.66534113883972,0.9647293090820312
37.67635703086853,0.9647293090820312
37.68737459182739,0.9647293090820312
37.69834637641907,0.9647293090820312
37.70934510231018,0.9647293090820312
37.720353841781616,0.9647293090820312
37.731360912323,0.9647293090820312
37.7423677444458,0.9647293090820312
37.75337529182434,0.9647293090820312
37.76439690589905,0.9647293090820312
37.77541923522949,0.9647293090820312
37.786431074142456,0.9647293090820312
37.79744338989258,0.9647293090820312
37.80846619606018,0.9647293090820312
37.81949806213379,0.9647293090820312
37.83052134513855,0.9647293090820312
37.84154677391052,0.9647293090820312
37.852574825286865,0.9647293090820312
37.863600969314575,0.9647293090820312
37.874619245529175,0.9647293090820312
37.8856406211853,0.9647293090820312
37.89670491218567,0.9647293090820312
37.90772533416748,0.9647293090820312
37.91875386238098,0.9647293090820312
37.929779052734375,0.9647293090820312
37.940800189971924,0.9647293090820312
37.951828718185425,0.9647293090820312
37.96285128593445,0.9647293090820312
37.973872900009155,0.9647293090820312
37.98490238189697,0.9647293090820312
37.9959237575531,0.9647293090820312
38.006945848464966,0.9647293090820312
38.01795768737793,0.9647293090820312
38.02897596359253,0.9647293090820312
38.03998613357544,0.9647293090820312
38.05099391937256,0.9647293090820312
38.06200289726257,0.9647293090820312
38.07305073738098,0.9647293090820312
38.08406114578247,0.9647293090820312
38.095078468322754,0.9647293090820312
38.10609817504883,0.9647293090820312
38.11712074279785,0.9647293090820312
38.12813472747803,0.9647293090820312
38.139158487319946,0.9647293090820312
38.15017366409302,0.9647293090820312
38.16122388839722,0.9647293090820312
38.172242641448975,0.9647293090820312
38.1832754611969,0.9647293090820312
38.19428896903992,0.9647293090820312
38.205305099487305,0.9647293090820312
38.21632504463196,0.9647293090820312
38.22733163833618,0.9647293090820312
38.23834419250488,0.9647293090820312
38.24937987327576,0.9274864196777344
38.26043629646301,0.8529777526855469
38.27146053314209,0.8529777526855469
38.28247332572937,0.8529777526855469
38.29349422454834,0.8529777526855469
38.30450773239136,0.8529777526855469
38.31551814079285,0.7787437438964844
38.32657027244568,0.7412605285644531
38.33759665489197,0.7412605285644531
38.34862232208252,0.7412605285644531
38.359644174575806,0.7412605285644531
38.37067651748657,0.7412605285644531
38.38170504570007,0.7412605285644531
38.39272332191467,0.7412605285644531
38.40374994277954,0.7412605285644531
38.41477346420288,0.7412605285644531
38.425796031951904,0.7412605285644531
38.43681573867798,0.7412605285644531
38.447832107543945,0.7412605285644531
38.458847999572754,0.7412605285644531
38.46988368034363,0.7412605285644531
38.48089289665222,0.7412605285644531
38.49190330505371,0.7412605285644531
38.50297164916992,0.7412605285644531
38.51400661468506,0.17756271362304688
38.52503204345703,0.17756271362304688
38.536049127578735,0.17756271362304688
38.54678916931152,0.17756271362304688
38.557518005371094,0.17756271362304688
38.56825065612793,0.17756271362304688
38.57901906967163,0.17756271362304688
38.58973717689514,0.17756271362304688
38.60047173500061,0.17756271362304688
38.611188650131226,0.17761611938476562
38.62196612358093,0.17761611938476562
38.63268542289734,0.17761611938476562
38.64341711997986,0.17765426635742188
38.65413999557495,0.17765426635742188
38.664865493774414,0.17765426635742188
38.67558765411377,0.17765426635742188
38.68631625175476,0.17771530151367188
38.69703912734985,0.17771530151367188
38.70776724815369,0.17771530151367188
38.71849226951599,0.17772674560546875
38.729206800460815,0.17772674560546875
38.73992848396301,0.17772674560546875
38.75065064430237,0.1759185791015625
38.761372804641724,0.1759185791015625
38.77208852767944,0.1759185791015625
38.78281807899475,0.1759185791015625
38.79354953765869,0.1759185791015625
38.80427813529968,0.1759185791015625
38.81500959396362,0.1759185791015625
38.82573342323303,0.1759185791015625
38.83646512031555,0.1759185791015625
38.84717416763306,0.1759185791015625
38.857900619506836,0.0
38.86862778663635,0.0
38.87946438789368,0.0
