t_sec,rss_gib
0.013707637786865234,0.0074615478515625
0.024718761444091797,0.007877349853515625
0.0356905460357666,0.00959014892578125
0.04645538330078125,0.0098419189453125
0.05730128288269043,0.0098419189453125
0.06841516494750977,0.01009368896484375
0.07951617240905762,0.01059722900390625
0.0903615951538086,0.010906219482421875
0.10118770599365234,0.010906219482421875
0.11197471618652344,0.010906219482421875
0.12274432182312012,0.0117950439453125
0.1334986686706543,0.014286041259765625
0.14423823356628418,0.015926361083984375
0.1550126075744629,0.0188446044921875
0.16578912734985352,0.01934814453125
0.17655181884765625,0.01967620849609375
0.18731045722961426,0.020099639892578125
0.19807744026184082,0.020603179931640625
0.2088472843170166,0.0211639404296875
0.2196199893951416,0.02179718017578125
0.23038649559020996,0.02230072021484375
0.24115943908691406,0.022918701171875
0.2519195079803467,0.023731231689453125
0.2626793384552002,0.024097442626953125
0.27341628074645996,0.024097442626953125
0.2841770648956299,0.024097442626953125
0.29494690895080566,0.024097442626953125
0.30570030212402344,0.024097442626953125
0.31644296646118164,0.024097442626953125
0.32721567153930664,0.024097442626953125
0.3379783630371094,0.024097442626953125
0.34873485565185547,0.024097442626953125
0.3594677448272705,0.024097442626953125
0.3702127933502197,0.024097442626953125
0.380962610244751,0.024097442626953125
0.39171791076660156,0.024097442626953125
0.40245938301086426,0.024097442626953125
0.4132411479949951,0.024097442626953125
0.42398929595947266,0.024097442626953125
0.43474483489990234,0.024097442626953125
0.4454917907714844,0.024097442626953125
0.45622968673706055,0.024097442626953125
0.4669840335845947,0.024097442626953125
0.4777333736419678,0.024097442626953125
0.48846936225891113,0.024097442626953125
0.4992105960845947,0.024097442626953125
0.5099697113037109,0.024097442626953125
0.5207271575927734,0.024097442626953125
0.5314667224884033,0.024097442626953125
0.5422213077545166,0.024494171142578125
0.5529704093933105,0.025054931640625
0.5637285709381104,0.0255584716796875
0.5744705200195312,0.0255584716796875
0.5852208137512207,0.0255584716796875
0.5959653854370117,0.0255584716796875
0.6067192554473877,0.02648162841796875
0.6174631118774414,0.026859283447265625
0.6282131671905518,0.0274658203125
0.6389710903167725,0.027942657470703125
0.6497228145599365,0.02834320068359375
0.6604676246643066,0.028606414794921875
0.6712257862091064,0.029323577880859375
0.681999683380127,0.030445098876953125
0.6927540302276611,0.030696868896484375
0.7034988403320312,0.030948638916015625
0.7142574787139893,0.030948638916015625
0.7250187397003174,0.030948638916015625
0.7357683181762695,0.030948638916015625
0.7465014457702637,0.030948638916015625
0.757244348526001,0.030948638916015625
0.7679860591888428,0.030948638916015625
0.7787313461303711,0.030948638916015625
0.7894575595855713,0.030948638916015625
0.8002121448516846,0.030948638916015625
0.8109617233276367,0.030948638916015625
0.8217165470123291,0.030948638916015625
0.8324580192565918,0.030948638916015625
0.8432159423828125,0.030948638916015625
0.8539719581604004,0.030948638916015625
0.864729642868042,0.030948638916015625
0.8754847049713135,0.0316009521484375
0.8862314224243164,0.031955718994140625
0.8970029354095459,0.0324554443359375
0.9077587127685547,0.032501220703125
0.9184913635253906,0.032501220703125
0.9292292594909668,0.032501220703125
0.9399921894073486,0.032501220703125
0.9507384300231934,0.032501220703125
0.9614737033843994,0.032501220703125
0.9722075462341309,0.032501220703125
0.9829559326171875,0.032501220703125
0.9937090873718262,0.032501220703125
1.0044407844543457,0.032501220703125
1.0152018070220947,0.032749176025390625
1.025956392288208,0.032886505126953125
1.0367066860198975,0.032886505126953125
1.0474441051483154,0.032886505126953125
1.0581998825073242,0.032886505126953125
1.0689489841461182,0.032886505126953125
1.0797019004821777,0.032886505126953125
1.090439796447754,0.032886505126953125
1.1012041568756104,0.032886505126953125
1.111955165863037,0.032886505126953125
1.122706651687622,0.032886505126953125
1.1334447860717773,0.032886505126953125
1.1441893577575684,0.032886505126953125
1.1549527645111084,0.032886505126953125
1.165698528289795,0.032886505126953125
1.1764376163482666,0.032886505126953125
1.1871833801269531,0.032886505126953125
1.197932243347168,0.032886505126953125
1.2086827754974365,0.032886505126953125
1.2194185256958008,0.032886505126953125
1.230191946029663,0.032886505126953125
1.2409467697143555,0.033206939697265625
1.251704454421997,0.033504486083984375
1.2624483108520508,0.037364959716796875
1.2732062339782715,0.037517547607421875
1.2839646339416504,0.037960052490234375
1.2947285175323486,0.03797149658203125
1.3054625988006592,0.03797149658203125
1.3162074089050293,0.03797149658203125
1.32696533203125,0.03797149658203125
1.3377232551574707,0.03797149658203125
1.3484623432159424,0.03797149658203125
1.3592164516448975,0.03797149658203125
1.3699676990509033,0.03797149658203125
1.380716323852539,0.03797149658203125
1.3914504051208496,0.03797149658203125
1.4021997451782227,0.03797149658203125
1.4129586219787598,0.03797149658203125
1.423717737197876,0.038219451904296875
1.4344608783721924,0.038219451904296875
1.4452128410339355,0.038471221923828125
1.4559714794158936,0.03855133056640625
1.4667856693267822,0.038578033447265625
1.477550983428955,0.03887176513671875
1.4883015155792236,0.039279937744140625
1.4990665912628174,0.039981842041015625
1.5098326206207275,0.040477752685546875
1.520585060119629,0.041156768798828125
1.531332015991211,0.041530609130859375
1.5420918464660645,0.041530609130859375
1.5528547763824463,0.04178619384765625
1.563612937927246,0.042026519775390625
1.574352502822876,0.04229736328125
1.5851001739501953,0.042499542236328125
1.595853328704834,0.042633056640625
1.6066279411315918,0.04271697998046875
1.6173739433288574,0.04271697998046875
1.6281273365020752,0.04271697998046875
1.6388792991638184,0.04271697998046875
1.649627447128296,0.04271697998046875
1.6603598594665527,0.04271697998046875
1.6711087226867676,0.04271697998046875
1.6818575859069824,0.04271697998046875
1.6926147937774658,0.04271697998046875
1.7033519744873047,0.04271697998046875
1.7140982151031494,0.04271697998046875
1.724860668182373,0.04271697998046875
1.7356064319610596,0.04271697998046875
1.746340274810791,0.04271697998046875
1.7570970058441162,0.04286956787109375
1.7678592205047607,0.04286956787109375
1.7786076068878174,0.04286956787109375
1.789405107498169,0.04286956787109375
1.800180435180664,0.04286956787109375
1.8109333515167236,0.04286956787109375
1.8216924667358398,0.04286956787109375
1.8324329853057861,0.04286956787109375
1.8431990146636963,0.042881011962890625
1.853954553604126,0.042881011962890625
1.8647115230560303,0.042881011962890625
1.8754527568817139,0.042881011962890625
1.8862051963806152,0.042881011962890625
1.896956205368042,0.042881011962890625
1.907710313796997,0.042881011962890625
1.9184556007385254,0.0429534912109375
1.9292137622833252,0.043064117431640625
1.9399662017822266,0.043064117431640625
1.95072340965271,0.043254852294921875
1.961467981338501,0.0435028076171875
1.9722278118133545,0.04400634765625
1.9829905033111572,0.044528961181640625
1.9937465190887451,0.044910430908203125
2.0044965744018555,0.045665740966796875
2.0152242183685303,0.04621124267578125
2.025991678237915,0.04644012451171875
2.0367543697357178,0.04726409912109375
2.0474867820739746,0.04726409912109375
2.0582222938537598,0.04726409912109375
2.068966865539551,0.04726409912109375
2.0797104835510254,0.04726409912109375
2.0904452800750732,0.04726409912109375
2.1011948585510254,0.04726409912109375
2.1119425296783447,0.04726409912109375
2.1226909160614014,0.04726409912109375
2.133430242538452,0.04726409912109375
2.1441891193389893,0.04726409912109375
2.1549487113952637,0.047515869140625
2.1657116413116455,0.04776763916015625
2.1764590740203857,0.04833221435546875
2.1872072219848633,0.05117034912109375
2.197969675064087,0.052471160888671875
2.20874285697937,0.052722930908203125
2.219491481781006,0.053485870361328125
2.2302865982055664,0.053981781005859375
2.2410898208618164,0.053981781005859375
2.2518465518951416,0.053981781005859375
2.262603998184204,0.053981781005859375
2.2733469009399414,0.054409027099609375
2.284109354019165,0.054409027099609375
2.2948694229125977,0.054409027099609375
2.305633544921875,0.0546417236328125
2.316383123397827,0.055118560791015625
2.327162265777588,0.056262969970703125
2.3379244804382324,0.057048797607421875
2.348679780960083,0.057994842529296875
2.359424114227295,0.058200836181640625
2.3701839447021484,0.059429168701171875
2.3809397220611572,0.05973052978515625
2.3917040824890137,0.05973052978515625
2.402451515197754,0.0605316162109375
2.413215398788452,0.061252593994140625
2.423977851867676,0.06168365478515625
2.434751510620117,0.0635223388671875
2.445498466491699,0.06446075439453125
2.45626163482666,0.06461334228515625
2.467022657394409,0.06482696533203125
2.47778058052063,0.06496047973632812
2.4885308742523193,0.06551361083984375
2.4992949962615967,0.06664657592773438
2.510045051574707,0.06664657592773438
2.520798683166504,0.06664657592773438
2.5315473079681396,0.06664657592773438
2.5422847270965576,0.06664657592773438
2.553039789199829,0.06664657592773438
2.563795804977417,0.06664657592773438
2.5745689868927,0.06664657592773438
2.585305690765381,0.06664657592773438
2.596057653427124,0.06664657592773438
2.606808662414551,0.06664657592773438
2.617565631866455,0.06664657592773438
2.6283090114593506,0.06664657592773438
2.639068841934204,0.06664657592773438
2.649837017059326,0.06689834594726562
2.660618543624878,0.06715011596679688
2.6713576316833496,0.06715011596679688
2.6821277141571045,0.06715011596679688
2.6928763389587402,0.06715011596679688
2.703657388687134,0.06715011596679688
2.714431047439575,0.06715011596679688
2.7252557277679443,0.06715011596679688
2.7360401153564453,0.06715011596679688
2.7467904090881348,0.06715011596679688
2.757601022720337,0.067352294921875
2.7683613300323486,0.067352294921875
2.7791576385498047,0.067352294921875
2.7899551391601562,0.067352294921875
2.80070161819458,0.067352294921875
2.8114545345306396,0.067352294921875
2.822202682495117,0.067352294921875
2.832954168319702,0.067352294921875
2.843700885772705,0.067352294921875
2.8544328212738037,0.067352294921875
2.8651866912841797,0.06765365600585938
2.875947952270508,0.06775283813476562
2.886704921722412,0.06874465942382812
2.897451400756836,0.06908416748046875
2.9082162380218506,0.06908416748046875
2.918973445892334,0.06972122192382812
2.9297308921813965,0.06972122192382812
2.9404783248901367,0.06972122192382812
2.951227903366089,0.06972122192382812
2.9619743824005127,0.06972122192382812
2.972736358642578,0.06972122192382812
2.9834728240966797,0.06972122192382812
2.994213581085205,0.06972122192382812
3.0049688816070557,0.06972122192382812
3.015716552734375,0.06972122192382812
3.026475429534912,0.06972122192382812
3.0372207164764404,0.06972122192382812
3.047973155975342,0.06972122192382812
3.058746576309204,0.06972122192382812
3.0694785118103027,0.06972122192382812
3.080235481262207,0.06972122192382812
3.090994119644165,0.06972122192382812
3.101750612258911,0.06972122192382812
3.1124987602233887,0.06972122192382812
3.1232571601867676,0.06972122192382812
3.1340081691741943,0.06972122192382812
3.1447556018829346,0.06972122192382812
3.155510663986206,0.06988906860351562
3.166231155395508,0.07007980346679688
3.176990270614624,0.07227325439453125
3.1877503395080566,0.07239151000976562
3.198500394821167,0.0728912353515625
3.209246873855591,0.07314682006835938
3.220006227493286,0.07314682006835938
3.230767011642456,0.07436752319335938
3.241509199142456,0.07436752319335938
3.2522189617156982,0.07436752319335938
3.262970209121704,0.07436752319335938
3.2737245559692383,0.07436752319335938
3.284457206726074,0.07436752319335938
3.2952020168304443,0.07436752319335938
3.305957078933716,0.07436752319335938
3.3167076110839844,0.07436752319335938
3.3274471759796143,0.07436752319335938
3.3381974697113037,0.07436752319335938
3.348947286605835,0.07436752319335938
3.3597073554992676,0.07436752319335938
3.3704473972320557,0.07509613037109375
3.3812081813812256,0.07512664794921875
3.391984224319458,0.0753936767578125
3.4027345180511475,0.0753936767578125
3.4134654998779297,0.0753936767578125
3.42421817779541,0.0753936767578125
3.434969186782837,0.0753936767578125
3.4457123279571533,0.0753936767578125
3.45644211769104,0.0753936767578125
3.4671993255615234,0.0753936767578125
3.4779441356658936,0.0753936767578125
3.4886953830718994,0.0753936767578125
3.4994289875030518,0.0753936767578125
3.510183334350586,0.0753936767578125
3.520947217941284,0.0753936767578125
3.5317134857177734,0.075897216796875
3.5424554347991943,0.07654571533203125
3.553210735321045,0.07708740234375
3.563962936401367,0.07757568359375
3.5747244358062744,0.07757568359375
3.5854761600494385,0.07757568359375
3.5962157249450684,0.07757568359375
3.6069753170013428,0.07757568359375
3.6177217960357666,0.07757568359375
3.628453493118286,0.07757568359375
3.639216661453247,0.07757568359375
3.6499757766723633,0.07757568359375
3.6607823371887207,0.07757568359375
3.671532154083252,0.07757568359375
3.6822896003723145,0.07757568359375
3.693042755126953,0.07757568359375
3.703796625137329,0.07757568359375
3.714548110961914,0.07757568359375
3.7252883911132812,0.07757568359375
3.7360408306121826,0.07757568359375
3.7467925548553467,0.07757568359375
3.7575509548187256,0.07757568359375
3.7682998180389404,0.07757568359375
3.7790565490722656,0.07757568359375
3.789806604385376,0.07757568359375
3.800560712814331,0.07757568359375
3.8112916946411133,0.07757568359375
3.8220508098602295,0.07757568359375
3.8327958583831787,0.07757568359375
3.8435583114624023,0.07757568359375
3.8542943000793457,0.07757568359375
3.8650529384613037,0.0780792236328125
3.875807046890259,0.0780792236328125
3.8865532875061035,0.0780792236328125
3.897292137145996,0.0780792236328125
3.9080440998077393,0.0780792236328125
3.9187917709350586,0.0780792236328125
3.9295244216918945,0.0780792236328125
3.9402668476104736,0.0780792236328125
3.951014518737793,0.0780792236328125
3.9617629051208496,0.0780792236328125
3.9724955558776855,0.0780792236328125
3.9832303524017334,0.0780792236328125
3.993983745574951,0.0780792236328125
4.0047385692596436,0.0780792236328125
4.015476703643799,0.0780792236328125
4.02621603012085,0.0780792236328125
4.036970138549805,0.0780792236328125
4.047728061676025,0.0780792236328125
4.0584704875946045,0.0780792236328125
4.069246292114258,0.07989501953125
4.0800087451934814,0.08068466186523438
4.090764999389648,0.08150863647460938
4.101500749588013,0.08150863647460938
4.112249851226807,0.08208847045898438
4.123018980026245,0.08208847045898438
4.133777856826782,0.08401107788085938
4.144525051116943,0.08426284790039062
4.155274391174316,0.08517074584960938
4.166026830673218,0.08517074584960938
4.176775932312012,0.08542251586914062
4.187511682510376,0.08567428588867188
4.19824743270874,0.08567428588867188
4.208994388580322,0.08592605590820312
4.2197489738464355,0.08592605590820312
4.230483531951904,0.08617782592773438
4.241246938705444,0.08642959594726562
4.252023935317993,0.08699417114257812
4.262775659561157,0.08720779418945312
4.273522615432739,0.08798980712890625
4.284268617630005,0.0882415771484375
4.295012950897217,0.08849334716796875
4.305762767791748,0.08885574340820312
4.316495180130005,0.08910751342773438
4.327229976654053,0.08910751342773438
4.337973356246948,0.08910751342773438
4.3487255573272705,0.08910751342773438
4.359455108642578,0.08910751342773438
4.370190382003784,0.08910751342773438
4.380932569503784,0.08910751342773438
4.391696214675903,0.08910751342773438
4.402430772781372,0.08910751342773438
4.41318941116333,0.08910751342773438
4.423932790756226,0.08910751342773438
4.434690475463867,0.08910751342773438
4.445421934127808,0.08910751342773438
4.456175327301025,0.08910751342773438
4.466929912567139,0.08984375
4.477676630020142,0.08984375
4.488430976867676,0.09033203125
4.499183654785156,0.09087753295898438
4.50993537902832,0.09141159057617188
4.520697355270386,0.09166336059570312
4.5314390659332275,0.09191513061523438
4.542187929153442,0.09253311157226562
4.552936315536499,0.09287261962890625
4.563691139221191,0.09289169311523438
4.574431657791138,0.09336471557617188
4.585181951522827,0.09336471557617188
4.595946788787842,0.09336471557617188
4.606696367263794,0.09336471557617188
4.617437124252319,0.09412002563476562
4.628194808959961,0.09428787231445312
4.6389570236206055,0.09482192993164062
4.649722337722778,0.09507369995117188
4.66047215461731,0.09532546997070312
4.671224117279053,0.09557723999023438
4.6819846630096436,0.09557723999023438
4.692751884460449,0.09582901000976562
4.703496694564819,0.09608078002929688
4.714246034622192,0.09633255004882812
4.725002288818359,0.09633255004882812
4.735756158828735,0.09633255004882812
4.746506690979004,0.09633255004882812
4.75721287727356,0.09633255004882812
4.767980575561523,0.09633255004882812
4.778735637664795,0.09633255004882812
4.789544582366943,0.09633255004882812
4.800302505493164,0.09633255004882812
4.811061143875122,0.09633255004882812
4.821829319000244,0.09633255004882812
4.832596778869629,0.09633255004882812
4.84333610534668,0.09633255004882812
4.854095697402954,0.09633255004882812
4.864851474761963,0.09633255004882812
4.87560510635376,0.09633255004882812
4.88634729385376,0.09633255004882812
4.897100448608398,0.09633255004882812
4.90789794921875,0.09633255004882812
4.918646335601807,0.09633255004882812
4.929383993148804,0.09633255004882812
4.940141677856445,0.09633255004882812
4.950898885726929,0.09633255004882812
4.96164608001709,0.09633255004882812
4.972401142120361,0.09633255004882812
4.983172416687012,0.09633255004882812
4.99393367767334,0.09633255004882812
5.004703998565674,0.09633255004882812
5.015463352203369,0.09708786010742188
5.026225566864014,0.09708786010742188
5.036998748779297,0.09784317016601562
5.047763824462891,0.09784317016601562
5.058514833450317,0.09809494018554688
5.069288492202759,0.09834671020507812
5.080046653747559,0.09859848022460938
5.0908043384552,0.09885025024414062
5.101572513580322,0.09910202026367188
5.112321615219116,0.09966278076171875
5.123074531555176,0.09966278076171875
5.13383150100708,0.09966278076171875
5.144599676132202,0.1000213623046875
5.1553428173065186,0.1000213623046875
5.166121482849121,0.10027313232421875
5.176887035369873,0.10027313232421875
5.187650442123413,0.10027313232421875
5.198391675949097,0.10052490234375
5.209146499633789,0.10052490234375
5.219897985458374,0.10052490234375
5.2306482791900635,0.10077667236328125
5.241398572921753,0.10077667236328125
5.25216007232666,0.1010284423828125
5.26291298866272,0.1010284423828125
5.273662567138672,0.1010284423828125
5.284406900405884,0.1010284423828125
5.295156240463257,0.1010284423828125
5.305917263031006,0.1010284423828125
5.3166749477386475,0.1010284423828125
5.327415943145752,0.1010284423828125
5.33817720413208,0.1010284423828125
5.348928213119507,0.1010284423828125
5.359707355499268,0.1010284423828125
5.370452880859375,0.1010284423828125
5.381204128265381,0.1010284423828125
5.391957759857178,0.1010284423828125
5.4027018547058105,0.1010284423828125
5.413431882858276,0.1010284423828125
5.424177885055542,0.1010284423828125
5.434940814971924,0.1010284423828125
5.445703744888306,0.1010284423828125
5.45647668838501,0.1010284423828125
5.467220306396484,0.1010284423828125
5.477971315383911,0.1010284423828125
5.488728761672974,0.1010284423828125
5.49945855140686,0.1010284423828125
5.510198354721069,0.1010284423828125
5.520947217941284,0.1010284423828125
5.531698226928711,0.10128021240234375
5.542439222335815,0.10128021240234375
5.55320405960083,0.101531982421875
5.563969373703003,0.101531982421875
5.574726581573486,0.10178375244140625
5.585477113723755,0.1020355224609375
5.596232891082764,0.10228729248046875
5.6069958209991455,0.1025390625
5.617753267288208,0.10279083251953125
5.628516674041748,0.10279083251953125
5.639228105545044,0.1030426025390625
5.650000810623169,0.10329437255859375
5.660790205001831,0.103546142578125
5.671531677246094,0.103546142578125
5.682290554046631,0.10375595092773438
5.693057537078857,0.10375595092773438
5.7038047313690186,0.10375595092773438
5.714553356170654,0.10375595092773438
5.725359678268433,0.10375595092773438
5.736141204833984,0.10375595092773438
5.746889114379883,0.10375595092773438
5.7576704025268555,0.10375595092773438
5.768446683883667,0.10375595092773438
5.779231548309326,0.10375595092773438
5.790030241012573,0.10375595092773438
5.800834655761719,0.10375595092773438
5.811601877212524,0.10375595092773438
5.822336912155151,0.10375595092773438
5.833101511001587,0.10375595092773438
5.843849420547485,0.10375595092773438
5.854602098464966,0.10375595092773438
5.865339756011963,0.10375595092773438
5.8760986328125,0.10375595092773438
5.886839389801025,0.10375595092773438
5.89759373664856,0.10375595092773438
5.908332109451294,0.10375595092773438
5.919094562530518,0.10375595092773438
5.9298460483551025,0.10400390625
5.940605640411377,0.10400390625
5.951345205307007,0.10425567626953125
5.962097406387329,0.1045074462890625
5.972855806350708,0.1045074462890625
5.983621597290039,0.1045074462890625
5.994361400604248,0.10475921630859375
6.005258083343506,0.10475921630859375
6.016015529632568,0.105010986328125
6.026772737503052,0.105010986328125
6.037516355514526,0.10526275634765625
6.048215627670288,0.1055145263671875
6.058974266052246,0.10576629638671875
6.069734573364258,0.10601806640625
6.080482244491577,0.10601806640625
6.091230392456055,0.10626983642578125
6.101986408233643,0.1065216064453125
6.112738847732544,0.10677337646484375
6.123481035232544,0.107025146484375
6.134231090545654,0.10739517211914062
6.144996643066406,0.109222412109375
6.155747413635254,0.109222412109375
6.166488170623779,0.109222412109375
6.177231788635254,0.10947418212890625
6.187985181808472,0.10947418212890625
6.198744773864746,0.10947418212890625
6.209482431411743,0.10947418212890625
6.22022008895874,0.10947418212890625
6.230974435806274,0.10947418212890625
6.241723537445068,0.10947418212890625
6.252458095550537,0.10947418212890625
6.26319432258606,0.10947418212890625
6.273941516876221,0.10947418212890625
6.284691333770752,0.10947418212890625
6.295419692993164,0.10947418212890625
6.3061769008636475,0.10947418212890625
6.316918849945068,0.10947418212890625
6.327673673629761,0.10947418212890625
6.338407754898071,0.10947418212890625
6.349163055419922,0.10947418212890625
6.359908103942871,0.10947418212890625
6.370659589767456,0.10947418212890625
6.381392002105713,0.10947418212890625
6.392147541046143,0.10947418212890625
6.4029154777526855,0.10947418212890625
6.413657903671265,0.10947418212890625
6.42439341545105,0.10947418212890625
6.435155630111694,0.10947418212890625
6.445897817611694,0.10947418212890625
6.456644058227539,0.10947418212890625
6.467411041259766,0.10947418212890625
6.47817325592041,0.10947418212890625
6.488921880722046,0.10947418212890625
6.499668836593628,0.10947418212890625
6.510400056838989,0.10947418212890625
6.5211474895477295,0.10947418212890625
6.531896114349365,0.10947418212890625
6.542647123336792,0.10947418212890625
6.553391456604004,0.10947418212890625
6.564143657684326,0.10947418212890625
6.574884414672852,0.10947418212890625
6.585640907287598,0.10985565185546875
6.596384525299072,0.11049652099609375
6.60715913772583,0.110748291015625
6.617910861968994,0.11224365234375
6.628664493560791,0.11224365234375
6.639405012130737,0.11299896240234375
6.650187015533447,0.11369705200195312
6.660938501358032,0.11450958251953125
6.671701431274414,0.115264892578125
6.68244194984436,0.11627197265625
6.69319224357605,0.11627197265625
6.703952074050903,0.11627197265625
6.7146992683410645,0.11627197265625
6.725439071655273,0.11627197265625
6.736191749572754,0.11627197265625
6.746941804885864,0.11627197265625
6.757691144943237,0.11627197265625
6.7684431076049805,0.11627197265625
6.779188394546509,0.11627197265625
6.789947032928467,0.11627197265625
6.8006911277771,0.11627197265625
6.811434507369995,0.11627197265625
6.822180271148682,0.11627197265625
6.832934141159058,0.11627197265625
6.8436877727508545,0.11627197265625
6.854420185089111,0.11627197265625
6.865172863006592,0.11627197265625
6.875924110412598,0.11652374267578125
6.886683225631714,0.11675643920898438
6.897414445877075,0.11675643920898438
6.908167839050293,0.11675643920898438
6.918909311294556,0.11675643920898438
6.929653882980347,0.11675643920898438
6.940387010574341,0.11675643920898438
6.951137542724609,0.11675643920898438
6.961883783340454,0.11675643920898438
6.9726316928863525,0.11675643920898438
6.9833762645721436,0.11675643920898438
6.994128465652466,0.11675643920898438
7.004885911941528,0.11842727661132812
7.015644311904907,0.1188201904296875
7.026381731033325,0.1188201904296875
7.037130355834961,0.1188201904296875
7.047889947891235,0.1188201904296875
7.058647155761719,0.1188201904296875
7.0693957805633545,0.1188201904296875
7.080160617828369,0.1188201904296875
7.090905666351318,0.1188201904296875
7.101655006408691,0.1188201904296875
7.112391948699951,0.1188201904296875
7.123151779174805,0.1188201904296875
7.133904933929443,0.1188201904296875
7.144670009613037,0.11907196044921875
7.155412673950195,0.11907196044921875
7.166171550750732,0.11907196044921875
7.176923990249634,0.11907196044921875
7.187674045562744,0.11907196044921875
7.198418378829956,0.11907196044921875
7.2091755867004395,0.11907196044921875
7.21991753578186,0.11907196044921875
7.230663061141968,0.11907196044921875
7.241396427154541,0.11907196044921875
7.252147674560547,0.11907196044921875
7.262888669967651,0.11907196044921875
7.273669004440308,0.1198272705078125
7.284427881240845,0.1198272705078125
7.295167684555054,0.1198272705078125
7.305921316146851,0.1198272705078125
7.316669464111328,0.1198272705078125
7.3274149894714355,0.1198272705078125
7.338178396224976,0.1198272705078125
7.348933696746826,0.1198272705078125
7.359692335128784,0.1198272705078125
7.370440244674683,0.1198272705078125
7.38120698928833,0.1198272705078125
7.391963005065918,0.1198272705078125
7.402713298797607,0.1198272705078125
7.413451433181763,0.1198272705078125
7.424198627471924,0.1198272705078125
7.434960126876831,0.1198272705078125
7.445730209350586,0.1198272705078125
7.456464529037476,0.1198272705078125
7.467221021652222,0.1198272705078125
7.47797703742981,0.1198272705078125
7.4887471199035645,0.12005996704101562
7.499520778656006,0.12031173706054688
7.510280609130859,0.12031173706054688
7.52103590965271,0.12031173706054688
7.531803131103516,0.12031173706054688
7.542553424835205,0.12031173706054688
7.553287744522095,0.12031173706054688
7.564042568206787,0.12031173706054688
7.574787855148315,0.12031173706054688
7.585519552230835,0.12031173706054688
7.596258163452148,0.12031173706054688
7.607001543045044,0.12031173706054688
7.6177544593811035,0.12031173706054688
7.628488063812256,0.12031173706054688
7.639224290847778,0.12031173706054688
7.649973154067993,0.12031173706054688
7.660719156265259,0.12031173706054688
7.671467065811157,0.12031173706054688
7.682220458984375,0.12056350708007812
7.692977666854858,0.12081527709960938
7.7037317752838135,0.12081527709960938
7.714465379714966,0.12157058715820312
7.725220441818237,0.1222686767578125
7.735982418060303,0.122772216796875
7.746734380722046,0.1232757568359375
7.757472991943359,0.12352752685546875
7.768224477767944,0.123779296875
7.778976202011108,0.1245880126953125
7.789792537689209,0.12537765502929688
7.8005616664886475,0.12537765502929688
7.811329364776611,0.12537765502929688
7.822099924087524,0.12537765502929688
7.832862377166748,0.12537765502929688
7.843614816665649,0.12537765502929688
7.85434889793396,0.12537765502929688
7.865111589431763,0.12537765502929688
7.875861167907715,0.12537765502929688
7.886610746383667,0.12537765502929688
7.897341966629028,0.12537765502929688
7.908087730407715,0.12537765502929688
7.918841361999512,0.12537765502929688
7.92959451675415,0.12537765502929688
7.940335035324097,0.12537765502929688
7.951091289520264,0.12537765502929688
7.961840391159058,0.12537765502929688
7.972611427307129,0.12537765502929688
7.983346939086914,0.12537765502929688
7.994109392166138,0.12537765502929688
8.00485634803772,0.12537765502929688
8.015624523162842,0.12537765502929688
8.026355743408203,0.12537765502929688
8.037114143371582,0.12537765502929688
8.047871112823486,0.12537765502929688
8.058618783950806,0.12537765502929688
8.069366931915283,0.12537765502929688
8.080126523971558,0.12537765502929688
8.090871095657349,0.12537765502929688
8.101656913757324,0.12537765502929688
8.112389326095581,0.12537765502929688
8.123156785964966,0.12537765502929688
8.13390326499939,0.12537765502929688
8.14465594291687,0.12537765502929688
8.155402898788452,0.12537765502929688
8.166175127029419,0.12537765502929688
8.176930665969849,0.12537765502929688
8.187681198120117,0.12537765502929688
8.198429107666016,0.12537765502929688
8.209173440933228,0.12537765502929688
8.219924449920654,0.12537765502929688
8.230680227279663,0.12537765502929688
8.241411685943604,0.12537765502929688
8.252175331115723,0.12537765502929688
8.262927770614624,0.12537765502929688
8.27368688583374,0.12537765502929688
8.284435749053955,0.12537765502929688
8.295196771621704,0.12537765502929688
8.305948972702026,0.12537765502929688
8.316707372665405,0.12537765502929688
8.3274507522583,0.12537765502929688
8.338197469711304,0.12537765502929688
8.34894323348999,0.12537765502929688
8.359700679779053,0.12537765502929688
8.370458841323853,0.12537765502929688
8.381202459335327,0.12537765502929688
8.391980648040771,0.12562942504882812
8.402742862701416,0.12588119506835938
8.413479804992676,0.12588119506835938
8.42427682876587,0.12613296508789062
8.43513536453247,0.12613296508789062
8.445914268493652,0.12613296508789062
8.45668911933899,0.12613296508789062
8.467484712600708,0.12613296508789062
8.478229284286499,0.12613296508789062
8.489019870758057,0.12613296508789062
8.499852180480957,0.12613296508789062
8.5106041431427,0.12613296508789062
8.52135682106018,0.12613296508789062
8.532134771347046,0.12613296508789062
8.542888879776001,0.12613296508789062
8.55363416671753,0.12613296508789062
8.564365148544312,0.12613296508789062
8.57512354850769,0.12613296508789062
8.585877418518066,0.12638473510742188
8.596629858016968,0.12663650512695312
8.60736608505249,0.12688827514648438
8.618124723434448,0.12688827514648438
8.628887176513672,0.12688827514648438
8.6396324634552,0.12688827514648438
8.650373697280884,0.12688827514648438
8.661119937896729,0.12688827514648438
8.671865224838257,0.12688827514648438
8.68261456489563,0.12688827514648438
8.693353652954102,0.12688827514648438
8.704107999801636,0.12688827514648438
8.71484899520874,0.12688827514648438
8.725606679916382,0.12714004516601562
8.736346960067749,0.12714004516601562
8.747105121612549,0.12764358520507812
8.757855653762817,0.12789535522460938
8.768603086471558,0.12789535522460938
8.779337882995605,0.12789535522460938
8.790100336074829,0.12789535522460938
8.800856113433838,0.12814712524414062
8.811624526977539,0.12839889526367188
8.822367191314697,0.12865066528320312
8.833120584487915,0.12915420532226562
8.843879222869873,0.12915420532226562
8.854629278182983,0.12915420532226562
8.86536979675293,0.12915420532226562
8.876116275787354,0.12915420532226562
8.886862754821777,0.12915420532226562
8.897608041763306,0.12915420532226562
8.908345937728882,0.12915420532226562
8.919096231460571,0.12915420532226562
8.929836511611938,0.12915420532226562
8.940601110458374,0.12915420532226562
8.951348304748535,0.12915420532226562
8.96209979057312,0.12915420532226562
8.972851991653442,0.12915420532226562
8.983599424362183,0.12915420532226562
8.994346141815186,0.12940597534179688
9.00510859489441,0.12990951538085938
9.015862703323364,0.13016128540039062
9.026621580123901,0.13041305541992188
9.037372827529907,0.13041305541992188
9.048137426376343,0.13066482543945312
9.058895826339722,0.13116836547851562
9.069648742675781,0.13116836547851562
9.08039379119873,0.13142013549804688
9.09115219116211,0.13142013549804688
9.101908445358276,0.13167190551757812
9.112691402435303,0.13217544555664062
9.12343716621399,0.13235092163085938
9.134204626083374,0.13418960571289062
9.144951581954956,0.13418960571289062
9.155693054199219,0.13418960571289062
9.166425704956055,0.13418960571289062
9.17717719078064,0.13418960571289062
9.1879301071167,0.13418960571289062
9.198675870895386,0.13418960571289062
9.20940113067627,0.13418960571289062
9.220164775848389,0.13418960571289062
9.23091745376587,0.134521484375
9.241666078567505,0.1348876953125
9.252416610717773,0.1348876953125
9.263175249099731,0.13513946533203125
9.27394151687622,0.1353912353515625
9.284704685211182,0.1353912353515625
9.295452356338501,0.1353912353515625
9.306207418441772,0.13564300537109375
9.316988706588745,0.13564300537109375
9.32774543762207,0.135894775390625
9.338486671447754,0.135894775390625
9.349228143692017,0.135894775390625
9.359972953796387,0.135894775390625
9.370728254318237,0.135894775390625
9.381463766098022,0.135894775390625
9.392210483551025,0.135894775390625
9.402963161468506,0.135894775390625
9.413706064224243,0.135894775390625
9.42443585395813,0.135894775390625
9.435201644897461,0.135894775390625
9.44595718383789,0.135894775390625
9.456710815429688,0.135894775390625
9.467442989349365,0.135894775390625
9.478195190429688,0.135894775390625
9.488950490951538,0.135894775390625
9.49972653388977,0.135894775390625
9.510459899902344,0.135894775390625
9.521210193634033,0.135894775390625
9.531957864761353,0.135894775390625
9.542702913284302,0.135894775390625
9.553440570831299,0.135894775390625
9.564202785491943,0.135894775390625
9.574948787689209,0.135894775390625
9.585696458816528,0.135894775390625
9.596434593200684,0.135894775390625
9.607195854187012,0.13614654541015625
9.617953538894653,0.1363983154296875
9.628710269927979,0.13765335083007812
9.639458417892456,0.13865280151367188
9.650209426879883,0.14049911499023438
9.660965919494629,0.140960693359375
9.671719789505005,0.14207839965820312
9.682462215423584,0.143524169921875
9.693214893341064,0.14430618286132812
9.70397400856018,0.14486312866210938
9.714719772338867,0.14486312866210938
9.72546911239624,0.14511489868164062
9.736224889755249,0.14511489868164062
9.7469801902771,0.14511489868164062
9.757737159729004,0.14579391479492188
9.768479108810425,0.14579391479492188
9.779253005981445,0.14619064331054688
9.790019750595093,0.14619064331054688
9.800764799118042,0.14619064331054688
9.811495780944824,0.14619064331054688
9.822235107421875,0.14619064331054688
9.832988023757935,0.14619064331054688
9.843744993209839,0.14619064331054688
9.854480266571045,0.14619064331054688
9.865221738815308,0.14619064331054688
9.875979900360107,0.14619064331054688
9.886728286743164,0.14619064331054688
9.897473812103271,0.14619064331054688
9.908213138580322,0.14619064331054688
9.918978452682495,0.14619064331054688
9.929730892181396,0.14619064331054688
9.94045901298523,0.14619064331054688
9.951236963272095,0.14619064331054688
9.961975812911987,0.14619064331054688
9.972714900970459,0.14619064331054688
9.983445405960083,0.14619064331054688
9.994187116622925,0.14619064331054688
10.004938840866089,0.14619064331054688
10.0156888961792,0.14619064331054688
10.026431560516357,0.14619064331054688
10.037180662155151,0.14619064331054688
10.047935962677002,0.14644241333007812
10.058704137802124,0.14669418334960938
10.069446325302124,0.14696884155273438
10.080205917358398,0.14728927612304688
10.090966701507568,0.14779281616210938
10.101726770401001,0.14809417724609375
10.112494945526123,0.14854812622070312
10.123238563537598,0.1490478515625
10.13401198387146,0.1490478515625
10.144782304763794,0.15091705322265625
10.155525207519531,0.15221023559570312
10.166272163391113,0.15250015258789062
10.177025556564331,0.1537322998046875
10.187795162200928,0.1537322998046875
10.198568344116211,0.1537322998046875
10.209350824356079,0.1537322998046875
10.220108032226562,0.1537322998046875
10.230851888656616,0.1537322998046875
10.241604804992676,0.1537322998046875
10.25234317779541,0.1537322998046875
10.263092279434204,0.1537322998046875
10.273840427398682,0.1537322998046875
10.28459644317627,0.1537322998046875
10.295335054397583,0.1537322998046875
10.30609679222107,0.15420913696289062
10.31685996055603,0.15456390380859375
10.327609300613403,0.15456390380859375
10.33834433555603,0.15456390380859375
10.349107503890991,0.15456390380859375
10.359862089157104,0.15456390380859375
10.370609283447266,0.15456390380859375
10.381344318389893,0.15456390380859375
10.39209771156311,0.15456390380859375
10.402843475341797,0.15456390380859375
10.413588047027588,0.15456390380859375
10.424319505691528,0.15456390380859375
10.43507432937622,0.15506362915039062
10.445832014083862,0.15506362915039062
10.456590175628662,0.15556716918945312
10.467341661453247,0.15556716918945312
10.478105306625366,0.15606307983398438
10.488884449005127,0.15636825561523438
10.499643802642822,0.15656280517578125
10.510388612747192,0.157196044921875
10.521143674850464,0.15744781494140625
10.531898975372314,0.15795135498046875
10.54265308380127,0.1580047607421875
10.553398132324219,0.15845108032226562
10.564148426055908,0.15870285034179688
10.574897766113281,0.15895462036132812
10.585653066635132,0.15982818603515625
10.596390962600708,0.15982818603515625
10.60714316368103,0.15982818603515625
10.617892026901245,0.15982818603515625
10.628637552261353,0.15982818603515625
10.639364957809448,0.15982818603515625
10.650113344192505,0.15982818603515625
10.660857915878296,0.15982818603515625
10.671603918075562,0.15982818603515625
10.682333946228027,0.15982818603515625
10.693087577819824,0.15982818603515625
10.703838348388672,0.15982818603515625
10.714578866958618,0.15982818603515625
10.725318193435669,0.15982818603515625
10.736064195632935,0.15982818603515625
10.746808528900146,0.15982818603515625
10.757561445236206,0.15982818603515625
10.768319845199585,0.15982818603515625
10.77907109260559,0.15982818603515625
10.789836883544922,0.15982818603515625
10.800601720809937,0.15982818603515625
10.811338663101196,0.15982818603515625
10.822083711624146,0.15982818603515625
10.832829475402832,0.1600799560546875
10.843587875366211,0.1600799560546875
10.854331016540527,0.16033172607421875
10.86508321762085,0.16058349609375
10.875837802886963,0.16058349609375
10.886598825454712,0.16083526611328125
10.897336483001709,0.16127395629882812
10.908105373382568,0.16209793090820312
10.918860673904419,0.16260147094726562
10.929611444473267,0.16300582885742188
10.940349102020264,0.16300582885742188
10.951121091842651,0.16328811645507812
10.961886405944824,0.16328811645507812
10.97263240814209,0.16404342651367188
10.9833824634552,0.16429519653320312
10.994134664535522,0.16479873657226562
11.004885196685791,0.1649169921875
11.01563572883606,0.16841888427734375
11.026379108428955,0.16859054565429688
11.037132024765015,0.1690826416015625
11.047885179519653,0.16922378540039062
11.058635473251343,0.16962432861328125
11.06937289237976,0.16977691650390625
11.080132007598877,0.17038726806640625
11.090898275375366,0.17113876342773438
11.101645231246948,0.17140960693359375
11.112384557723999,0.17365264892578125
11.123139381408691,0.1749114990234375
11.133888006210327,0.1749114990234375
11.144633293151855,0.1749114990234375
11.155367136001587,0.1749114990234375
11.166113138198853,0.1749114990234375
11.176862478256226,0.1749114990234375
11.187620162963867,0.1749114990234375
11.198355913162231,0.1749114990234375
11.209104061126709,0.1749114990234375
11.219857931137085,0.1749114990234375
11.230610847473145,0.1749114990234375
11.241355895996094,0.1749114990234375
11.252114057540894,0.17559051513671875
11.262862920761108,0.17608642578125
11.273625612258911,0.17608642578125
11.2843918800354,0.17633819580078125
11.29514455795288,0.17633819580078125
11.305901527404785,0.17633819580078125
11.316658735275269,0.1765899658203125
11.32740831375122,0.1765899658203125
11.33820390701294,0.177093505859375
11.348965883255005,0.1771392822265625
11.3604097366333,0.4164848327636719
11.371792316436768,0.8935928344726562
11.383896112442017,1.1544837951660156
11.396068572998047,1.1918449401855469
11.407506227493286,1.192413330078125
11.418818712234497,1.1930809020996094
11.43013858795166,1.1937713623046875
11.44152045249939,1.1949501037597656
11.452865839004517,1.1956977844238281
11.46419644355774,1.1964492797851562
11.475572347640991,1.19744873046875
11.486945629119873,1.1979293823242188
11.498351573944092,1.1994247436523438
11.509767532348633,1.199920654296875
11.521162271499634,1.2007026672363281
11.532565116882324,1.2016830444335938
11.543946027755737,1.2030067443847656
11.555299043655396,1.2327919006347656
11.566640377044678,1.3486747741699219
11.577965259552002,1.4046401977539062
11.589293956756592,1.4739532470703125
11.603796243667603,1.5419692993164062
11.61829686164856,1.7754096984863281
11.633363008499146,1.7864990234375
11.64822769165039,1.8797340393066406
11.66266131401062,1.7803230285644531
11.677698850631714,1.90374755859375
11.692430019378662,1.8643150329589844
11.707108736038208,1.9292373657226562
11.7220938205719,1.9783515930175781
11.736945867538452,1.9459037780761719
11.751268148422241,2.0491905212402344
11.765251636505127,2.2148704528808594
11.779640913009644,2.2973289489746094
11.79352879524231,2.183025360107422
11.807486295700073,2.3448448181152344
11.82129955291748,2.3922271728515625
11.835041761398315,2.653583526611328
11.84852910041809,2.7917098999023438
11.862160682678223,2.9265060424804688
11.875784635543823,2.941059112548828
11.889451265335083,3.0181427001953125
11.903213739395142,3.171009063720703
11.917316198348999,3.2087936401367188
11.931171178817749,3.2403945922851562
11.944928884506226,3.3091049194335938
11.959294557571411,3.4376144409179688
11.973620414733887,3.407604217529297
11.987992525100708,3.6748390197753906
12.002323865890503,3.5719642639160156
12.016530513763428,3.599628448486328
12.029829025268555,3.6487159729003906
12.041216611862183,3.775665283203125
12.052548885345459,3.757232666015625
12.063872337341309,3.781646728515625
12.077664852142334,3.6724014282226562
12.091602087020874,3.715850830078125
12.105640888214111,3.748363494873047
12.119614601135254,3.8144454956054688
12.133181095123291,3.715709686279297
12.144866943359375,3.7501258850097656
12.156174898147583,3.6924819946289062
12.167474269866943,3.6761245727539062
12.17878770828247,3.7050323486328125
12.190094947814941,3.8023834228515625
12.201397895812988,3.8780670166015625
12.212709903717041,3.7943954467773438
12.224010944366455,3.739337921142578
12.23547911643982,3.7932052612304688
12.24681305885315,3.6324462890625
12.258126020431519,3.6150169372558594
12.269440174102783,3.8423080444335938
12.28075885772705,3.9380760192871094
12.29206132888794,3.9095458984375
12.303358316421509,3.648895263671875
12.314672946929932,3.8120803833007812
12.325992345809937,3.654003143310547
12.337297201156616,3.756683349609375
12.348605394363403,3.657398223876953
12.359915733337402,3.7315673828125
12.371218204498291,3.766620635986328
12.38254427909851,3.7649269104003906
12.3938729763031,3.697540283203125
12.405176639556885,3.6878089904785156
12.416485786437988,3.720043182373047
12.427780866622925,3.798980712890625
12.439080476760864,3.7274436950683594
12.450384378433228,3.5711631774902344
12.461698055267334,3.8119049072265625
12.472999572753906,3.707427978515625
12.484307765960693,3.8827552795410156
12.495617628097534,3.760059356689453
12.506927013397217,3.676666259765625
12.518226623535156,3.7857666015625
12.529547691345215,3.6928787231445312
12.540868520736694,3.7483673095703125
12.552164554595947,3.7318572998046875
12.563466548919678,3.7053375244140625
12.57480263710022,3.8558578491210938
12.586114406585693,3.8146934509277344
12.597411155700684,3.766712188720703
12.608721494674683,3.7469253540039062
12.620035648345947,3.779460906982422
12.631454229354858,3.7583770751953125
12.64276671409607,3.7611618041992188
12.654068946838379,3.7057952880859375
12.665374755859375,3.7329177856445312
12.676686525344849,3.750041961669922
12.68798542022705,3.787792205810547
12.699284553527832,3.835723876953125
12.710612058639526,3.6482696533203125
12.721924066543579,3.7786407470703125
12.733233451843262,3.649791717529297
12.74456524848938,3.8918533325195312
12.755890607833862,3.7255210876464844
12.767223119735718,3.865703582763672
12.778527736663818,3.694061279296875
12.78985333442688,3.7642669677734375
12.801162242889404,3.7914390563964844
12.812469005584717,3.839221954345703
12.823830366134644,3.699493408203125
12.835148572921753,3.68524169921875
12.846457958221436,3.873126983642578
12.857791185379028,3.771392822265625
12.869100093841553,3.6617279052734375
12.880418062210083,3.695087432861328
12.892170190811157,3.6752471923828125
12.903472900390625,3.7152099609375
12.91478943824768,3.8237953186035156
12.92609190940857,3.7827301025390625
12.937499046325684,3.744903564453125
12.950092077255249,3.829730987548828
12.963505029678345,3.7425537109375
12.976094245910645,3.6348533630371094
12.988554954528809,3.6465911865234375
13.00085711479187,3.739269256591797
13.013302087783813,3.832508087158203
13.025694847106934,3.720195770263672
13.038029909133911,3.6165122985839844
13.050655126571655,3.7678260803222656
13.06352949142456,3.9046287536621094
13.076426029205322,3.8147048950195312
13.089131355285645,3.8073196411132812
13.101712703704834,3.7094650268554688
13.114422798156738,3.674175262451172
13.127126216888428,3.8458518981933594
13.139964818954468,3.6950149536132812
13.152527809143066,3.7178001403808594
13.165176391601562,3.80682373046875
13.177571296691895,3.6220436096191406
13.190002202987671,3.7031631469726562
13.20251727104187,3.703510284423828
13.214871883392334,3.800823211669922
13.227111339569092,3.836627960205078
13.239471435546875,3.6359634399414062
13.251889705657959,3.815929412841797
13.265251398086548,3.7992591857910156
13.278281211853027,3.771465301513672
13.290703296661377,3.6008453369140625
13.303251266479492,3.702960968017578
13.3156156539917,3.747051239013672
13.328108072280884,3.9213905334472656
13.340599775314331,3.7024269104003906
13.35338807106018,3.685832977294922
13.365939617156982,3.8664932250976562
13.378410577774048,3.8261184692382812
13.391116857528687,3.596935272216797
13.403590679168701,3.717914581298828
13.41606879234314,3.7901458740234375
13.428423643112183,3.865009307861328
13.440850257873535,3.7035598754882812
13.452946901321411,3.7448272705078125
13.464266300201416,3.6789627075195312
13.475615739822388,3.821788787841797
13.48693561553955,3.6711502075195312
13.498433351516724,3.6537017822265625
13.509768962860107,3.7804031372070312
13.521084070205688,3.950389862060547
13.532398462295532,3.723949432373047
13.543737411499023,3.6370468139648438
13.55505108833313,3.787914276123047
13.566373586654663,3.821929931640625
13.57769513130188,3.8372879028320312
13.589009046554565,3.7142066955566406
13.60032606124878,3.8211441040039062
13.611664056777954,3.6904678344726562
13.622987270355225,3.6366119384765625
13.634305715560913,3.757740020751953
13.645632982254028,3.751636505126953
13.656943798065186,3.7903785705566406
13.668264865875244,3.899627685546875
13.679589033126831,3.806732177734375
13.690905809402466,3.6825180053710938
13.702223777770996,3.7177276611328125
13.713551044464111,3.7614479064941406
13.72486400604248,3.8565635681152344
13.736168622970581,3.677906036376953
13.747487545013428,3.6817054748535156
13.758791446685791,3.99151611328125
13.770116567611694,3.8553390502929688
13.781429767608643,3.730274200439453
13.792778968811035,3.72100830078125
13.804094552993774,3.7237930297851562
13.815409421920776,3.736682891845703
13.826746463775635,3.6386489868164062
13.838059425354004,3.88311767578125
13.849361181259155,3.731403350830078
13.860695600509644,3.787750244140625
13.872012615203857,3.9219131469726562
13.883715152740479,3.6188926696777344
13.895031213760376,3.7031326293945312
13.906338214874268,3.8719482421875
13.917659759521484,3.877605438232422
13.928968667984009,3.7171287536621094
13.940328121185303,3.7671470642089844
13.951664209365845,3.7339859008789062
13.96297550201416,3.7810630798339844
13.974311113357544,3.7076148986816406
13.98692536354065,3.9344139099121094
13.999412536621094,3.6882591247558594
14.012053966522217,3.728893280029297
14.024608850479126,3.7498855590820312
14.037415504455566,3.924457550048828
14.050007820129395,3.802082061767578
14.062473058700562,3.7418289184570312
14.07637882232666,3.6992149353027344
14.089098453521729,3.808094024658203
14.10191559791565,3.7855911254882812
14.114751815795898,3.8346176147460938
14.12744688987732,3.7359580993652344
14.140016078948975,3.6371078491210938
14.153095245361328,3.826557159423828
14.16580867767334,3.703227996826172
14.178492784500122,3.7477340698242188
14.19128704071045,3.6968841552734375
14.203761100769043,3.7369117736816406
14.216273307800293,3.7954673767089844
14.228781461715698,3.7762908935546875
14.241353273391724,3.7102622985839844
14.253907680511475,3.8292617797851562
14.266364336013794,3.7653236389160156
14.27901291847229,3.770862579345703
14.29157042503357,3.7326698303222656
14.304158210754395,3.6818504333496094
14.317863941192627,3.8630142211914062
14.330543279647827,3.6460533142089844
14.343312978744507,3.7667617797851562
14.35603928565979,3.8683395385742188
14.36869478225708,3.7348899841308594
14.381336212158203,3.747222900390625
14.394063472747803,3.7483749389648438
14.406822919845581,3.690929412841797
14.419588804244995,3.791229248046875
14.433351278305054,3.701751708984375
14.445952892303467,3.8131752014160156
14.458714962005615,3.6886215209960938
14.471380233764648,3.815460205078125
14.48409914970398,3.774871826171875
14.49661111831665,3.623779296875
14.509224891662598,3.758636474609375
14.521723985671997,3.6677780151367188
14.534456014633179,3.857452392578125
14.548147678375244,3.6974258422851562
14.561670064926147,3.6619873046875
14.573809146881104,3.7309226989746094
14.585176944732666,3.7748146057128906
14.597103118896484,3.8203048706054688
14.609135866165161,3.619281768798828
14.621381044387817,3.7048683166503906
14.633766651153564,3.791858673095703
14.646281719207764,3.664440155029297
14.658849716186523,3.6953277587890625
14.671465873718262,3.792835235595703
14.683995485305786,3.7912368774414062
14.696349382400513,3.5639305114746094
14.709928750991821,3.823253631591797
14.723219156265259,3.8465003967285156
14.7358078956604,3.735820770263672
14.748476028442383,3.7011642456054688
14.76099681854248,3.7125587463378906
14.773701190948486,3.7491226196289062
14.786292314529419,3.774120330810547
14.7988440990448,3.6093482971191406
14.811583995819092,3.7757415771484375
14.824367046356201,3.781078338623047
14.837133169174194,3.812175750732422
14.850731611251831,3.61041259765625
14.86454725265503,3.8030014038085938
14.877086162567139,3.740009307861328
14.88975477218628,3.7761154174804688
14.902430295944214,3.8573760986328125
14.915055513381958,3.7419776916503906
14.927575826644897,3.7880516052246094
14.940130233764648,3.7211875915527344
14.952964782714844,3.836231231689453
14.965516567230225,3.7353858947753906
14.979620218276978,3.774822235107422
14.99228310585022,3.7937545776367188
15.004897832870483,3.7174606323242188
15.017696142196655,3.6668777465820312
15.030234813690186,3.9000511169433594
15.042716264724731,3.7842178344726562
15.055269002914429,3.6597023010253906
15.067831993103027,3.801727294921875
15.080187559127808,3.951080322265625
15.09372353553772,3.733074188232422
15.106402397155762,3.585613250732422
15.119070291519165,3.7030601501464844
15.131839513778687,3.8963623046875
15.14449667930603,3.922504425048828
15.157054901123047,3.670074462890625
15.169475078582764,3.7788543701171875
15.182097434997559,3.8737030029296875
15.194820642471313,3.8349761962890625
15.207245111465454,3.6896438598632812
15.218644857406616,3.7421340942382812
15.229971647262573,3.919597625732422
15.241295099258423,3.8481674194335938
15.252632141113281,3.8429183959960938
15.263966798782349,3.8881454467773438
15.275282621383667,3.9374923706054688
15.286609411239624,3.830291748046875
15.297927379608154,3.8940391540527344
15.309253692626953,3.8430404663085938
15.32059383392334,3.9904861450195312
15.33191990852356,3.774425506591797
15.34323239326477,3.8362350463867188
15.3545560836792,3.8961868286132812
15.365864276885986,3.8606185913085938
15.377174854278564,3.8652000427246094
15.388493061065674,3.9878807067871094
15.399794816970825,3.8694419860839844
15.411108016967773,3.7965049743652344
15.422427654266357,3.8541183471679688
15.433759450912476,4.131111145019531
15.445076942443848,4.078639984130859
15.456399202346802,3.934844970703125
15.467724084854126,3.8258094787597656
15.479049444198608,4.092994689941406
15.490362644195557,3.992584228515625
15.501701831817627,4.104606628417969
15.513010740280151,3.9524993896484375
15.524322986602783,3.854999542236328
15.535645723342896,4.015689849853516
15.546965599060059,4.0920257568359375
15.55986499786377,4.026519775390625
15.574907064437866,4.049175262451172
15.587482690811157,4.083675384521484
15.600093603134155,4.176849365234375
15.612842321395874,3.8943862915039062
15.625484943389893,4.014289855957031
15.638118743896484,4.283699035644531
15.650678873062134,4.1002044677734375
15.663385391235352,4.064167022705078
15.676359176635742,4.191902160644531
15.689034938812256,4.365123748779297
15.701431035995483,4.1844940185546875
15.71410846710205,4.155517578125
15.726502180099487,4.155921936035156
15.739053964614868,4.236469268798828
15.751770973205566,4.220405578613281
15.764295101165771,4.162391662597656
15.776887893676758,4.0635528564453125
15.789530515670776,4.189144134521484
15.802273035049438,4.397026062011719
15.81475281715393,4.1195526123046875
15.827225923538208,4.137397766113281
15.839859247207642,4.267646789550781
15.85281491279602,4.203289031982422
15.865325689315796,4.091739654541016
15.87801456451416,4.266605377197266
15.89070177078247,4.241065979003906
15.903329133987427,4.147010803222656
15.91601300239563,4.345146179199219
15.928766965866089,4.334568023681641
15.94147539138794,4.1927642822265625
15.955062627792358,4.243804931640625
15.96749758720398,4.168087005615234
15.980150938034058,4.257663726806641
15.992657661437988,4.3052825927734375
16.005043268203735,4.418922424316406
16.017338275909424,4.2669525146484375
16.029731035232544,4.291435241699219
16.042442560195923,4.399318695068359
16.05491328239441,4.304168701171875
16.067209243774414,4.269878387451172
16.07911443710327,4.193248748779297
16.0905544757843,4.208179473876953
16.10283398628235,4.45074462890625
16.115316152572632,4.174709320068359
16.12781834602356,4.319023132324219
16.140355587005615,4.43719482421875
16.152928352355957,4.377235412597656
16.165391206741333,4.205898284912109
16.17787218093872,4.308315277099609
16.190351486206055,4.240085601806641
16.20297932624817,4.322151184082031
16.215710639953613,4.362846374511719
16.228476762771606,4.272380828857422
16.24095606803894,4.377964019775391
16.253598928451538,4.442085266113281
16.26621174812317,4.340633392333984
16.278894424438477,4.335109710693359
16.291489362716675,4.3152313232421875
16.304206371307373,4.332149505615234
16.316865921020508,4.3706817626953125
16.329565048217773,4.332237243652344
16.342100381851196,4.435794830322266
16.354673147201538,4.401973724365234
16.367244243621826,4.295166015625
16.379714727401733,4.309978485107422
16.3931725025177,4.344326019287109
16.405746936798096,4.3375396728515625
16.418288707733154,4.468921661376953
16.43067693710327,4.331462860107422
16.44326639175415,4.265827178955078
16.455825328826904,4.390323638916016
16.468485832214355,4.429576873779297
16.481072902679443,4.3097076416015625
16.493710041046143,4.40228271484375
16.5063898563385,4.388832092285156
16.51910710334778,4.306690216064453
16.53152370452881,4.238307952880859
16.544126987457275,4.3607177734375
16.556780576705933,4.404869079589844
16.56934356689453,4.314235687255859
16.581907033920288,4.393257141113281
16.59447193145752,4.4508819580078125
16.607980251312256,4.291172027587891
16.62047052383423,4.381122589111328
16.632994413375854,4.3363037109375
16.645542860031128,4.348026275634766
16.658055782318115,4.300289154052734
16.670373916625977,4.268913269042969
16.68295669555664,4.398429870605469
16.695427417755127,4.331920623779297
16.70810556411743,4.288684844970703
16.71975588798523,4.440670013427734
16.73107933998108,4.313575744628906
16.742393493652344,4.324638366699219
16.753727197647095,4.313648223876953
16.765055418014526,4.3859710693359375
16.776365280151367,4.373710632324219
16.78768515586853,4.320518493652344
16.798997163772583,4.385173797607422
16.810314416885376,4.289093017578125
16.821803092956543,4.228771209716797
16.833115577697754,4.532470703125
16.844415187835693,4.232395172119141
16.855741500854492,4.373832702636719
16.867053747177124,4.396125793457031
16.878373622894287,4.311473846435547
16.889689445495605,4.315494537353516
16.9010112285614,4.384029388427734
16.912330865859985,4.2811126708984375
16.9236798286438,4.41632080078125
16.93498945236206,4.360729217529297
16.946292638778687,4.276805877685547
16.957613945007324,4.2627410888671875
16.96891760826111,4.464099884033203
16.980225086212158,4.406230926513672
16.991549730300903,4.3068084716796875
17.00286626815796,4.231834411621094
17.01418685913086,4.332630157470703
17.025495767593384,4.366485595703125
17.03702163696289,4.503082275390625
17.048321962356567,4.3686676025390625
17.059648513793945,4.329925537109375
17.070958852767944,4.408809661865234
17.082260131835938,4.3044586181640625
17.093587636947632,4.251361846923828
17.104902744293213,4.391483306884766
17.11622166633606,4.345836639404297
17.127548217773438,4.344745635986328
17.13886332511902,4.345390319824219
17.150169372558594,4.198574066162109
17.16147756576538,4.263805389404297
17.172807693481445,4.464916229248047
17.18411874771118,4.517860412597656
17.19542098045349,4.406108856201172
17.206738710403442,4.279510498046875
17.218048334121704,4.357093811035156
17.22935938835144,4.331935882568359
17.240675687789917,4.4556732177734375
17.252026796340942,4.345317840576172
17.263362407684326,4.398223876953125
17.274680376052856,4.350116729736328
17.2860004901886,4.335216522216797
17.297309637069702,4.277679443359375
17.308623552322388,4.3980865478515625
17.319929599761963,4.3689727783203125
17.3312406539917,4.346996307373047
17.344127655029297,4.357368469238281
17.356720209121704,4.261329650878906
17.369279384613037,4.316741943359375
17.38186502456665,4.427730560302734
17.395241498947144,4.378654479980469
17.408429622650146,4.251766204833984
17.42150902748108,4.319538116455078
17.434515714645386,4.290927886962891
17.448707342147827,4.3697967529296875
17.461416959762573,4.373691558837891
17.474271297454834,4.495357513427734
17.486945867538452,4.388252258300781
17.499542474746704,4.367195129394531
17.512277841567993,4.336612701416016
17.5247859954834,4.339771270751953
17.53731918334961,4.3341064453125
17.5501549243927,4.3717803955078125
17.563052892684937,4.329002380371094
17.575572729110718,4.336494445800781
17.58814263343811,4.3795928955078125
17.600849628448486,4.356693267822266
17.61342978477478,4.392936706542969
17.625977993011475,4.221504211425781
17.6385977268219,4.464080810546875
17.651190042495728,4.5426788330078125
17.664589405059814,4.405315399169922
17.677997827529907,4.3939208984375
17.691448211669922,4.513580322265625
17.704878330230713,4.495887756347656
17.718236923217773,4.4965362548828125
17.730714797973633,4.4937896728515625
17.743189811706543,4.5635223388671875
17.75561785697937,4.549991607666016
17.768105030059814,4.681247711181641
17.780567169189453,4.506782531738281
17.793057918548584,4.608573913574219
17.80565047264099,4.699272155761719
17.81868290901184,4.616237640380859
17.831173181533813,4.739131927490234
17.843588829040527,4.766883850097656
17.855279207229614,4.717323303222656
17.866600513458252,4.700408935546875
17.877918481826782,4.869373321533203
17.88923192024231,4.976673126220703
17.900555849075317,4.904205322265625
17.91187334060669,4.899261474609375
17.923189401626587,4.983242034912109
17.934500694274902,4.957916259765625
17.945926666259766,5.058097839355469
17.957252264022827,4.924808502197266
17.968770503997803,5.098743438720703
17.980077981948853,5.242523193359375
17.99138903617859,5.090183258056641
18.00271224975586,5.179126739501953
18.01402258872986,4.552223205566406
18.025341033935547,4.605125427246094
18.03666114807129,4.577892303466797
18.048007249832153,4.684383392333984
18.060559034347534,4.484569549560547
18.073583364486694,4.621131896972656
18.086694478988647,4.6724090576171875
18.099719285964966,4.865386962890625
18.112252235412598,4.596714019775391
18.124841928482056,4.702816009521484
18.137280464172363,4.755176544189453
18.149691581726074,4.83148193359375
18.162331104278564,4.8880157470703125
18.174850940704346,4.896739959716797
18.18727397918701,4.972770690917969
18.19968318939209,4.290485382080078
18.213125467300415,4.281948089599609
18.226625680923462,4.490512847900391
18.240043878555298,4.264415740966797
18.253478288650513,4.3592529296875
18.267451286315918,3.6164474487304688
18.27987027168274,3.7277145385742188
18.292166471481323,3.712940216064453
18.304665088653564,3.798412322998047
18.317100286483765,3.7741928100585938
18.329514026641846,3.7602195739746094
18.341813325881958,3.898853302001953
18.354230880737305,3.8093719482421875
18.366662740707397,3.91705322265625
18.379952430725098,4.029209136962891
18.393322944641113,3.9770126342773438
18.405744314193726,3.7604522705078125
18.41814088821411,3.3366432189941406
18.430529356002808,3.4432525634765625
18.442909955978394,3.331615447998047
18.455281734466553,3.3399620056152344
18.467798471450806,3.4677772521972656
18.480181217193604,3.3227767944335938
18.49263072013855,3.4039344787597656
18.506556034088135,3.4490432739257812
18.519036531448364,3.3271217346191406
18.531413078308105,3.3318405151367188
18.543721914291382,3.3547134399414062
18.556199073791504,3.4191436767578125
18.56763982772827,3.4252395629882812
18.578966856002808,3.3836326599121094
18.590286016464233,3.372577667236328
18.601606845855713,3.3446426391601562
18.61293888092041,3.3004493713378906
18.624250411987305,3.45050048828125
18.635578393936157,3.4095726013183594
18.64690113067627,3.3734474182128906
18.658217668533325,3.485828399658203
18.66952657699585,3.4929351806640625
18.682575464248657,3.5726165771484375
18.694295406341553,3.5157623291015625
18.70563292503357,3.5773849487304688
18.71695351600647,3.562580108642578
18.728286504745483,3.613788604736328
18.73964548110962,3.7189903259277344
18.750978231430054,3.702850341796875
18.762405395507812,3.7450218200683594
18.773730754852295,3.768817901611328
18.78602933883667,3.462818145751953
18.798396348953247,3.2269363403320312
18.81077003479004,3.230182647705078
18.82313561439514,3.2338333129882812
18.83541464805603,3.2458114624023438
18.847781896591187,3.3094940185546875
18.860409021377563,3.4280052185058594
18.874314069747925,3.3098373413085938
18.88803243637085,3.226329803466797
18.901962280273438,3.3022079467773438
18.91544771194458,3.3578224182128906
18.928905487060547,3.377460479736328
18.94235324859619,3.252471923828125
18.9557466506958,3.2444000244140625
18.96914553642273,3.3060264587402344
18.98262596130371,3.3318939208984375
18.996015310287476,3.299896240234375
19.009832859039307,3.260242462158203
19.02352809906006,3.312702178955078
19.0357666015625,3.3093414306640625
19.04805588722229,3.3025894165039062
19.06039547920227,3.2990341186523438
19.073023796081543,3.361591339111328
19.085509777069092,3.3519058227539062
19.09778881072998,3.32147216796875
19.110229015350342,3.387939453125
19.12276029586792,3.4530487060546875
19.135212421417236,3.4753799438476562
19.149195194244385,3.4742584228515625
19.162975788116455,3.478961944580078
19.176767587661743,3.4293670654296875
19.19062304496765,3.5040931701660156
19.204159021377563,3.5217247009277344
19.217947721481323,3.6335182189941406
19.23159384727478,3.6610794067382812
19.24502158164978,3.6096458435058594
19.258764505386353,3.668804168701172
19.272315740585327,3.6255111694335938
19.28686213493347,3.2697982788085938
19.298707008361816,3.1039695739746094
19.31001591682434,3.106231689453125
19.321319341659546,3.1065444946289062
19.332860469818115,2.405963897705078
19.344931602478027,2.4354896545410156
19.357040405273438,2.4653091430664062
19.369288206100464,2.4411849975585938
19.381428480148315,2.410381317138672
19.393460750579834,2.410381317138672
19.40557599067688,2.410381317138672
19.417567014694214,2.410381317138672
19.429484844207764,2.410381317138672
19.441391706466675,2.410381317138672
19.453222513198853,2.373126983642578
19.46542239189148,2.4279823303222656
19.47760558128357,2.414154052734375
19.489843368530273,2.4097900390625
19.502193212509155,2.4771270751953125
19.514461278915405,2.4431381225585938
19.526551723480225,2.4118728637695312
19.538501739501953,2.4138259887695312
19.551254272460938,2.4157791137695312
19.563494443893433,2.4179763793945312
19.57483410835266,2.4199295043945312
19.586178064346313,2.4218826293945312
19.597503900527954,2.4238357543945312
19.60881209373474,2.4257888793945312
19.620151042938232,2.4277420043945312
19.631468057632446,2.4296951293945312
19.642807245254517,2.4316482543945312
19.654141187667847,2.4337158203125
19.6654634475708,2.4356689453125
19.676810264587402,2.4376220703125
19.688136339187622,2.4395751953125
19.6994571685791,2.4415283203125
19.71080994606018,2.4434814453125
19.722151279449463,2.4454345703125
19.733497142791748,2.4473876953125
19.74484348297119,2.4478302001953125
19.758317708969116,2.5047149658203125
19.771465063095093,2.488910675048828
19.784383058547974,2.4930953979492188
19.79719090461731,2.499134063720703
19.80978035926819,2.503040313720703
19.82222819328308,2.508899688720703
19.834601879119873,2.512805938720703
19.84657645225525,2.516712188720703
19.858014822006226,2.520618438720703
19.87107229232788,2.5521240234375
19.884814262390137,2.562297821044922
19.89812994003296,2.578022003173828
19.911468029022217,2.589740753173828
19.92551875114441,2.6133956909179688
19.937709093093872,2.5657119750976562
19.94983172416687,2.6054458618164062
19.9619300365448,2.6191177368164062
19.9740252494812,2.6334266662597656
19.98642063140869,2.6149024963378906
19.99885129928589,2.593708038330078
20.0111825466156,2.5245513916015625
20.023350715637207,2.5682640075683594
20.036561012268066,2.5838890075683594
20.04970693588257,2.5978050231933594
20.06302547454834,2.569835662841797
20.076438665390015,2.6054458618164062
20.08967685699463,2.6230239868164062
20.1031334400177,2.6586761474609375
20.116623640060425,2.574024200439453
20.13013458251953,2.5598526000976562
20.14356780052185,2.5598526000976562
20.15705132484436,2.6061325073242188
20.170459032058716,2.6308975219726562
20.18386697769165,2.67034912109375
20.197831869125366,2.6551284790039062
20.211698293685913,2.6767578125
20.22553038597107,2.7030105590820312
20.239304304122925,2.7090988159179688
20.253124952316284,2.7349090576171875
20.26718258857727,2.708221435546875
20.28058624267578,2.7355194091796875
20.29395341873169,2.7708206176757812
20.307408332824707,2.8521041870117188
20.32073950767517,2.8029708862304688
20.33394956588745,2.3740882873535156
20.346794366836548,2.1505699157714844
20.35891056060791,2.1505699157714844
20.37118148803711,2.154491424560547
20.383058547973633,2.1553192138671875
20.39457130432129,2.1553192138671875
20.40589690208435,2.1555404663085938
20.41720938682556,2.1555404663085938
20.4285147190094,2.1555404663085938
20.439775228500366,2.1555404663085938
20.4510555267334,2.1555404663085938
20.462321519851685,2.1555404663085938
20.473587036132812,2.1555404663085938
20.484851360321045,2.1555404663085938
20.496097326278687,2.1555404663085938
20.507330179214478,2.1555404663085938
20.518566370010376,2.1555404663085938
20.529791593551636,2.1555404663085938
20.54100227355957,2.1555404663085938
20.5522038936615,2.1555404663085938
20.5633864402771,2.1555404663085938
20.574708700180054,2.1555404663085938
20.586023330688477,2.1555404663085938
20.597347259521484,2.1555404663085938
20.608678102493286,2.1555404663085938
20.61998987197876,2.1555404663085938
20.63130807876587,2.1555404663085938
20.64263916015625,2.1555404663085938
20.653961420059204,2.1555404663085938
20.66528081893921,2.1555404663085938
20.67661142349243,2.15576171875
20.687922716140747,2.15576171875
20.699222803115845,2.15576171875
20.71055817604065,2.15576171875
20.72188377380371,2.15576171875
20.733192920684814,2.15576171875
20.7445068359375,2.15576171875
20.755819082260132,2.15576171875
20.76714253425598,2.15576171875
20.77847695350647,2.15576171875
20.789814949035645,2.15576171875
20.80113434791565,2.15576171875
20.812445402145386,2.15576171875
20.82377600669861,2.15576171875
20.835103273391724,2.15576171875
20.846412897109985,2.15576171875
20.857754707336426,2.15576171875
20.86906623840332,2.15576171875
20.88037919998169,2.15576171875
20.891722679138184,2.15576171875
20.90303874015808,2.15576171875
20.91435408592224,2.15576171875
20.925683975219727,2.15576171875
20.937007665634155,2.15576171875
20.948309421539307,2.15576171875
20.95964002609253,2.15576171875
20.97094988822937,2.15576171875
20.982244729995728,2.15576171875
20.993571043014526,2.15576171875
21.00488018989563,2.15576171875
21.016191005706787,2.15576171875
21.027493715286255,2.15576171875
21.03879976272583,2.15576171875
21.050096035003662,2.15576171875
21.061409950256348,2.1559371948242188
21.072739362716675,2.1559371948242188
21.084046602249146,2.1559371948242188
21.095352172851562,2.1559371948242188
21.10667634010315,2.1559371948242188
21.117990493774414,2.156158447265625
21.129294395446777,2.156158447265625
21.140620708465576,2.156158447265625
21.151933908462524,2.156158447265625
21.163243293762207,2.1563568115234375
21.174567699432373,2.1563568115234375
21.185898065567017,2.1563568115234375
21.197205543518066,2.1563568115234375
21.208511114120483,2.1563568115234375
21.21979832649231,2.1563568115234375
21.231104373931885,2.1563568115234375
21.242414712905884,2.1563568115234375
21.25375008583069,2.1563568115234375
21.265068769454956,2.1563568115234375
21.276376485824585,2.1563568115234375
21.287713050842285,2.1563568115234375
21.29902458190918,2.1563568115234375
21.310332536697388,2.1563568115234375
21.32166624069214,2.1563568115234375
21.332966089248657,2.1563568115234375
21.34427499771118,2.1563568115234375
21.355597972869873,2.1563568115234375
21.366907596588135,2.1563568115234375
21.378242015838623,2.1563568115234375
21.38960313796997,2.1563568115234375
21.40093231201172,2.1563568115234375
21.41223931312561,2.1563568115234375
21.423556566238403,2.1563682556152344
21.434864282608032,2.1563682556152344
21.446167707443237,2.1563682556152344
21.45749568939209,2.1563682556152344
21.468804359436035,2.1563682556152344
21.480124950408936,2.1563796997070312
21.491450786590576,2.1565818786621094
21.502780437469482,2.156585693359375
21.514106512069702,2.156585693359375
21.525424242019653,2.156585693359375
21.536746978759766,2.156585693359375
21.54806160926819,2.156585693359375
21.559398412704468,2.156585693359375
21.570749044418335,2.156585693359375
21.582075595855713,2.1565895080566406
21.593399047851562,2.1565895080566406
21.604724407196045,2.1565895080566406
21.616041898727417,2.1565933227539062
21.627352237701416,2.1565933227539062
21.63868546485901,2.156970977783203
21.649998426437378,2.156970977783203
21.661309480667114,2.156970977783203
21.672654390335083,2.156970977783203
21.683979034423828,2.156970977783203
21.6952908039093,2.156970977783203
21.706622838974,2.1569747924804688
21.717925786972046,2.1569747924804688
21.729220390319824,2.1569747924804688
21.740530014038086,2.1569747924804688
21.751864910125732,2.1569747924804688
21.763174057006836,2.1569786071777344
21.774481296539307,2.1569786071777344
21.785808801651,2.1569786071777344
21.797106981277466,2.1569786071777344
21.8084237575531,2.1569786071777344
21.81975817680359,2.1569786071777344
21.831073760986328,2.1569786071777344
21.84240198135376,2.04547119140625
21.8537437915802,2.04547119140625
21.865061283111572,2.04547119140625
21.87640404701233,2.04547119140625
21.88774847984314,2.04547119140625
21.899062871932983,2.0454750061035156
21.9103901386261,2.0454864501953125
21.92170214653015,2.045490264892578
21.93301773071289,2.045490264892578
21.944356441497803,2.047534942626953
21.95569109916687,2.0498504638671875
21.967001914978027,2.0498504638671875
21.978315353393555,2.0498504638671875
21.989640474319458,2.0498504638671875
22.000953674316406,1.9592094421386719
22.012269258499146,1.9383430480957031
22.023632526397705,1.8952789306640625
22.034968852996826,1.9377288818359375
22.046285390853882,1.8855743408203125
22.05762791633606,1.8677635192871094
22.0689435005188,1.895111083984375
22.080260753631592,1.9543914794921875
22.091618299484253,1.9343452453613281
22.102933406829834,1.9265327453613281
22.114241123199463,1.9487762451171875
22.125559329986572,2.03521728515625
22.136868238449097,2.045032501220703
22.14819025993347,2.0393447875976562
22.159501314163208,1.9675254821777344
22.17082166671753,2.002819061279297
22.182137489318848,2.0381011962890625
22.193446159362793,2.0713462829589844
22.20479655265808,2.1066513061523438
22.21612238883972,2.203704833984375
22.22745132446289,2.2451324462890625
22.238810300827026,2.173725128173828
22.25014853477478,2.2861251831054688
22.2614905834198,2.196453094482422
22.272835969924927,2.2346343994140625
22.28415274620056,2.355609893798828
22.295471668243408,2.4515228271484375
22.306817293167114,2.454578399658203
22.318137168884277,2.5265464782714844
22.32945728302002,2.446929931640625
22.340792894363403,2.534259796142578
22.35211420059204,2.660442352294922
22.363419771194458,2.63702392578125
22.37474513053894,2.6163902282714844
22.386072158813477,2.7595787048339844
22.3973970413208,2.7285118103027344
22.408734560012817,2.6971168518066406
22.420078992843628,2.8295555114746094
22.431402444839478,2.935504913330078
22.44272255897522,2.8247032165527344
22.454294681549072,2.856647491455078
22.46566414833069,3.0186805725097656
22.476988554000854,2.8344154357910156
22.488301753997803,2.9359169006347656
22.499622106552124,3.030193328857422
22.51094079017639,2.9714126586914062
22.522247552871704,2.9729232788085938
22.533565282821655,3.0451316833496094
22.544880867004395,3.002971649169922
22.556192874908447,3.036426544189453
22.567739486694336,3.05413818359375
22.57906436920166,3.0366783142089844
22.59038472175598,2.918323516845703
22.601705074310303,2.9165077209472656
22.613030910491943,2.84649658203125
22.6243417263031,2.8994789123535156
22.63567352294922,3.006481170654297
22.6469943523407,2.9441375732421875
22.65831232070923,2.8712425231933594
22.66964101791382,2.9538345336914062
22.680957078933716,2.990985870361328
22.692272901535034,2.8065567016601562
22.703606843948364,2.9197425842285156
22.714916229248047,3.004871368408203
22.726232528686523,2.78997802734375
22.737553358078003,2.8815231323242188
22.748879194259644,2.9774246215820312
22.760199546813965,2.8417701721191406
22.77151393890381,2.9265594482421875
22.78285026550293,3.1173477172851562
22.79416561126709,2.9484405517578125
22.8054780960083,2.8315811157226562
22.816806316375732,2.9577980041503906
22.82812190055847,3.074249267578125
22.839425802230835,2.927173614501953
22.850762605667114,2.9529876708984375
22.862077474594116,3.0120925903320312
22.873389959335327,2.9863815307617188
22.884716987609863,3.0993614196777344
22.896031141281128,3.1385459899902344
22.907349109649658,3.078044891357422
22.918681621551514,3.1791229248046875
22.9299955368042,3.1898574829101562
22.94131374359131,3.0574188232421875
22.952696800231934,3.10003662109375
22.964027643203735,3.2693824768066406
22.97537398338318,3.089916229248047
22.98671269416809,3.1395187377929688
22.998242616653442,3.2025222778320312
23.009586095809937,3.1848106384277344
23.020907163619995,3.2470474243164062
23.032226085662842,3.215045928955078
23.043569803237915,3.2281265258789062
23.05489420890808,3.0761184692382812
23.06621766090393,3.068828582763672
23.077532529830933,3.1064682006835938
23.08885669708252,2.8813934326171875
23.100173234939575,2.9408836364746094
23.111491680145264,3.091411590576172
23.122803449630737,2.991973876953125
23.13412070274353,2.9368858337402344
23.14544439315796,3.0454635620117188
23.15679168701172,2.9455299377441406
23.16810441017151,3.0219573974609375
23.179415464401245,3.0774688720703125
23.19072961807251,2.9672698974609375
23.20204734802246,2.8928260803222656
23.213388204574585,3.0195045471191406
23.224727392196655,3.0150108337402344
23.2360417842865,3.0128211975097656
23.247355937957764,3.039947509765625
23.258692741394043,3.2190818786621094
23.270007133483887,3.048267364501953
23.281323432922363,3.0962142944335938
23.29265308380127,3.1429977416992188
23.303970098495483,3.095287322998047
23.315460205078125,3.2210693359375
23.32678985595703,3.3615798950195312
23.338114738464355,3.3119735717773438
23.349429845809937,3.348552703857422
23.360763549804688,3.5980148315429688
23.37208890914917,3.34765625
23.383408546447754,3.3213653564453125
23.394734859466553,3.4119415283203125
23.40605330467224,3.4524574279785156
23.417375087738037,3.5664901733398438
23.428704023361206,3.6405906677246094
23.440030336380005,3.5381393432617188
23.4513680934906,3.5010719299316406
23.462698459625244,3.7256736755371094
23.47401523590088,3.637554168701172
23.485331058502197,3.5585365295410156
23.496667861938477,3.5913124084472656
23.507986783981323,3.701732635498047
23.51929807662964,3.727466583251953
23.530624628067017,3.5627174377441406
23.541958332061768,3.6630325317382812
23.55327558517456,3.603778839111328
23.56461453437805,3.716411590576172
23.575934648513794,3.7093505859375
23.58725357055664,3.6027488708496094
23.598588705062866,3.515705108642578
23.609920740127563,3.723163604736328
23.62123990058899,3.7204437255859375
23.63258671760559,3.6426048278808594
23.6439106464386,3.612567901611328
23.655232667922974,3.5150146484375
23.666564226150513,3.6631317138671875
23.677894830703735,3.7304344177246094
23.6892032623291,3.5583343505859375
23.70052218437195,3.6321372985839844
23.711795806884766,3.688373565673828
23.723124742507935,3.5749053955078125
23.734441995620728,3.6286697387695312
23.74577283859253,3.6433563232421875
23.757367610931396,3.6349868774414062
23.768962144851685,3.7162742614746094
23.780521869659424,3.6232757568359375
23.792086601257324,3.6204681396484375
23.803632974624634,3.6304168701171875
23.815150499343872,3.6445159912109375
23.826674699783325,3.6843719482421875
23.838177919387817,3.6584548950195312
23.84967851638794,3.645618438720703
23.86100959777832,3.5903892517089844
23.87232208251953,3.6831817626953125
23.88365387916565,3.6268844604492188
23.895071029663086,3.6199722290039062
23.906383514404297,3.6112060546875
23.917725086212158,3.780994415283203
23.92905044555664,3.7755699157714844
23.940378427505493,3.5079307556152344
23.95176339149475,3.6701507568359375
23.963083744049072,3.687335968017578
23.97439980506897,3.6314125061035156
23.985727071762085,3.5540924072265625
23.99704146385193,3.6449241638183594
24.008368015289307,3.523571014404297
24.019700527191162,3.6761245727539062
24.03101921081543,3.6993141174316406
24.04235029220581,3.7134628295898438
24.053694486618042,3.483745574951172
24.065019845962524,3.6777381896972656
24.076323747634888,3.6707382202148438
24.087652921676636,3.595569610595703
24.098962783813477,3.6049880981445312
24.110278844833374,3.6025772094726562
24.12162709236145,3.7094459533691406
24.132951736450195,3.586467742919922
24.14426851272583,3.6283798217773438
24.15560483932495,3.609264373779297
24.16692066192627,3.7310256958007812
24.178229331970215,3.6869773864746094
24.189835786819458,3.5670394897460938
24.201448440551758,3.516510009765625
24.213037729263306,3.7694473266601562
24.22464156150818,3.6636009216308594
24.23620891571045,3.6243133544921875
24.247786045074463,3.5742568969726562
24.259331941604614,3.6921043395996094
24.270890712738037,3.653667449951172
24.282430410385132,3.653827667236328
24.29396367073059,3.541595458984375
24.305482149124146,3.587574005126953
24.316999435424805,3.7785186767578125
24.328497886657715,3.6081161499023438
24.339972496032715,3.534107208251953
24.351437091827393,3.7511329650878906
24.36291241645813,3.6401519775390625
24.37438678741455,3.6518287658691406
24.385855197906494,3.681629180908203
24.397287845611572,3.475860595703125
24.408753156661987,3.5797691345214844
24.420186042785645,3.6746292114257812
24.431620597839355,3.6422386169433594
24.443031311035156,3.617961883544922
24.45441961288452,3.660888671875
24.46583104133606,3.7616500854492188
24.47736620903015,3.647003173828125
24.48877215385437,3.5990943908691406
24.500110864639282,3.686077117919922
24.51147437095642,3.760845184326172
24.52285671234131,3.6765708923339844
24.534212827682495,3.597705841064453
24.545556783676147,3.7159042358398438
24.556885242462158,3.741474151611328
24.568208932876587,3.5775794982910156
24.57952642440796,3.7031631469726562
24.590784311294556,3.5844345092773438
24.602084159851074,3.617504119873047
24.613384246826172,3.687267303466797
24.62467098236084,3.7901763916015625
24.635945796966553,3.7915306091308594
24.647207736968994,3.7381935119628906
24.65846824645996,3.6872825622558594
24.669723987579346,3.8160743713378906
24.680964469909668,3.689281463623047
24.69219398498535,3.6816635131835938
24.703407287597656,3.782573699951172
24.714640140533447,3.7622604370117188
24.725834846496582,3.756145477294922
24.737027883529663,3.859954833984375
24.74820828437805,3.7374496459960938
24.759382009506226,3.7818222045898438
24.770555019378662,3.7746009826660156
24.78171682357788,3.7098655700683594
24.79287028312683,3.779277801513672
24.804015159606934,3.7462196350097656
24.815145015716553,3.9631690979003906
24.826291799545288,3.9632415771484375
24.837414026260376,3.8167495727539062
24.84853172302246,3.8231124877929688
24.859660625457764,3.9533843994140625
24.870782613754272,3.846893310546875
24.881903648376465,3.7796058654785156
24.893022775650024,3.9125022888183594
24.904141902923584,3.8223037719726562
24.915258646011353,3.8666610717773438
24.9263756275177,3.81884765625
24.937501907348633,3.9103775024414062
24.94860291481018,3.794322967529297
24.95972442626953,3.8888587951660156
24.970844745635986,3.949840545654297
24.981975317001343,3.6532020568847656
24.993088006973267,3.8973159790039062
25.004213094711304,3.8737869262695312
25.015336275100708,3.8135986328125
25.026453971862793,3.857776641845703
25.037585735321045,3.8931007385253906
25.048715114593506,3.731212615966797
25.059837818145752,3.9173126220703125
25.070953845977783,3.8935203552246094
25.082069396972656,3.7623367309570312
25.093181610107422,3.878894805908203
25.104304552078247,3.8413429260253906
25.115421295166016,4.019535064697266
25.126566410064697,3.7826156616210938
25.137787342071533,3.8287429809570312
25.148930311203003,3.955780029296875
25.16004204750061,3.886615753173828
25.171170711517334,3.9183807373046875
25.182286977767944,3.821178436279297
25.193403720855713,3.8418197631835938
25.204524993896484,3.9239883422851562
25.215604066848755,3.796131134033203
25.226725578308105,3.820362091064453
25.237844228744507,3.9701080322265625
25.248959064483643,3.771465301513672
25.260258197784424,3.914722442626953
25.27137589454651,3.7988548278808594
25.282498121261597,3.8776092529296875
25.293605089187622,3.8238906860351562
25.304728984832764,3.902172088623047
25.315847158432007,3.7882423400878906
25.326969861984253,3.8865013122558594
25.338098764419556,3.769268035888672
25.349222421646118,3.8619537353515625
25.360366106033325,3.8558273315429688
25.37148404121399,3.8767471313476562
25.382590293884277,3.7868270874023438
25.393717288970947,3.8207969665527344
25.404845714569092,3.8649749755859375
25.415969848632812,3.9418601989746094
25.427082777023315,3.7551651000976562
25.438203811645508,3.8829689025878906
25.449326038360596,3.926013946533203
25.460447549819946,3.7492027282714844
25.47158694267273,3.7888755798339844
25.4827082157135,3.9267311096191406
25.4938223361969,3.697235107421875
25.504936456680298,3.8475112915039062
25.516055583953857,3.8981285095214844
25.52716565132141,3.7964553833007812
25.53827691078186,3.8841705322265625
25.549390077590942,3.889667510986328
25.560499906539917,3.9068450927734375
25.571600437164307,3.9136695861816406
25.582730770111084,3.8926010131835938
25.593852519989014,3.9026832580566406
25.60497283935547,3.8105087280273438
25.616087913513184,3.7491722106933594
25.62719702720642,3.98565673828125
25.638309955596924,3.9621658325195312
25.64942502975464,3.8572616577148438
25.66055202484131,3.835399627685547
25.67167377471924,3.8616180419921875
25.68279480934143,3.8590927124023438
25.693913459777832,3.8509254455566406
25.705034255981445,3.899333953857422
25.716151475906372,3.8572235107421875
25.7272732257843,3.84576416015625
25.738388776779175,3.9818115234375
25.74950337409973,3.8852386474609375
25.76060199737549,3.8185653686523438
25.77172589302063,3.85186767578125
25.783040761947632,3.962329864501953
25.794528245925903,3.8657302856445312
25.80585551261902,3.9449729919433594
25.817172050476074,3.883678436279297
25.828487873077393,3.9066200256347656
25.839858531951904,3.9231185913085938
25.85100817680359,4.011924743652344
25.862155437469482,3.9841270446777344
25.87329077720642,3.8948440551757812
25.884412050247192,3.9043617248535156
25.895573616027832,3.849285125732422
25.906689167022705,3.8786888122558594
25.917815685272217,3.895740509033203
25.92894148826599,4.067161560058594
25.94006037712097,3.8654441833496094
25.951187133789062,3.9636268615722656
25.962304830551147,3.9609222412109375
25.973450183868408,3.765674591064453
25.9845769405365,3.837158203125
25.995705604553223,3.73297119140625
26.006833791732788,3.8853111267089844
26.01794981956482,3.83319091796875
26.029064416885376,3.7438507080078125
26.040176391601562,3.9088516235351562
26.051292419433594,3.8791656494140625
26.062414407730103,3.7190628051757812
26.07355046272278,3.840526580810547
26.084705591201782,3.9487075805664062
26.095866441726685,3.783519744873047
26.10723304748535,3.834247589111328
26.118427515029907,3.85076904296875
26.1295964717865,3.8196640014648438
26.14075016975403,3.8871002197265625
26.151903867721558,3.8795166015625
26.16412377357483,3.9327964782714844
26.176392793655396,3.9205322265625
26.18865132331848,3.9213790893554688
26.200905084609985,3.846080780029297
26.214328289031982,4.04022216796875
26.22649097442627,3.8863258361816406
26.238821506500244,3.928424835205078
26.251214504241943,3.9596328735351562
26.263489961624146,4.032020568847656
26.275940656661987,4.0701751708984375
26.28827738761902,3.8663330078125
26.300856113433838,4.120113372802734
26.313146829605103,4.093360900878906
26.325587272644043,4.068477630615234
26.338082313537598,4.136463165283203
26.35155701637268,4.116809844970703
26.3641939163208,4.249309539794922
26.376853466033936,4.306358337402344
26.38926076889038,4.1490631103515625
26.401828289031982,4.194377899169922
26.414340257644653,4.360324859619141
26.427405834197998,4.216091156005859
26.43991708755493,4.055065155029297
26.452445030212402,4.307781219482422
26.4651837348938,4.2437896728515625
26.477784633636475,4.189933776855469
26.49019765853882,4.077487945556641
26.502819538116455,4.261531829833984
26.515323400497437,4.293407440185547
26.528455018997192,4.195106506347656
26.541003704071045,4.289852142333984
26.553625345230103,4.1900177001953125
26.566139936447144,4.287815093994141
26.578486919403076,4.2411956787109375
26.590809106826782,4.170841217041016
26.60323166847229,4.152862548828125
26.615599155426025,4.22906494140625
26.62785768508911,4.312053680419922
26.641196727752686,4.242927551269531
26.65357279777527,4.37567138671875
26.666056871414185,4.332939147949219
26.678510665893555,4.371814727783203
26.691093921661377,4.327426910400391
26.703652381896973,4.298164367675781
26.716156244277954,4.314670562744141
26.728492975234985,4.425270080566406
26.74100160598755,4.2925567626953125
26.754382610321045,4.337581634521484
26.766904592514038,4.395183563232422
26.779227018356323,4.529815673828125
26.791746139526367,4.5610504150390625
26.804632663726807,4.542598724365234
26.81609582901001,4.316963195800781
26.827410221099854,4.4698944091796875
26.838743209838867,4.545299530029297
26.85006046295166,4.429840087890625
26.86137557029724,4.395713806152344
26.872707843780518,4.451286315917969
26.884026288986206,4.509521484375
26.895331859588623,4.456874847412109
26.90666389465332,4.511207580566406
26.917973279953003,4.502666473388672
26.929304599761963,4.564395904541016
26.940633535385132,4.664432525634766
26.95194411277771,4.616634368896484
26.963253259658813,4.656948089599609
26.97458028793335,4.772403717041016
26.985899209976196,4.729789733886719
26.997213125228882,4.777458190917969
27.008709192276,4.8624267578125
27.020091772079468,4.790863037109375
27.031424045562744,4.836071014404297
27.04300594329834,5.004238128662109
27.05432891845703,4.427848815917969
27.065661191940308,4.368221282958984
27.07697820663452,4.276317596435547
27.088287353515625,4.245780944824219
27.099599838256836,4.365150451660156
27.11090636253357,4.358909606933594
27.122217893600464,4.328304290771484
27.133527517318726,4.383586883544922
27.14480233192444,4.469058990478516
27.15613555908203,4.508907318115234
27.167455196380615,4.3289642333984375
27.178783893585205,4.512775421142578
27.190147876739502,4.359851837158203
27.201449632644653,4.352333068847656
27.212778568267822,4.380207061767578
27.2240891456604,4.509300231933594
27.235405206680298,4.3080902099609375
27.24672269821167,4.398399353027344
27.258041381835938,4.485683441162109
27.26935076713562,4.612346649169922
27.28066611289978,4.362617492675781
27.291977882385254,4.336006164550781
27.303311586380005,4.4711456298828125
27.31464719772339,4.498180389404297
27.325960874557495,4.644073486328125
27.33728051185608,4.592861175537109
27.348599195480347,4.639793395996094
27.359920501708984,4.610328674316406
27.37124752998352,4.726688385009766
27.382564067840576,4.641788482666016
27.393887281417847,4.797203063964844
27.405195951461792,4.834636688232422
27.416521787643433,4.895877838134766
27.427824020385742,4.901195526123047
27.439132690429688,4.193111419677734
27.450439929962158,3.4210472106933594
27.461756467819214,3.5437774658203125
27.473068237304688,3.5294456481933594
27.484374284744263,3.507923126220703
27.495694398880005,3.4739112854003906
27.507009983062744,3.5199241638183594
27.51831555366516,3.5912208557128906
27.529643058776855,3.4994544982910156
27.54095482826233,3.4525794982910156
27.55228018760681,3.487640380859375
27.563615083694458,3.5867271423339844
27.57498550415039,3.542469024658203
27.586381673812866,3.5380630493164062
27.597707986831665,3.6396751403808594
27.609015703201294,3.5170745849609375
27.62032961845398,3.5361061096191406
27.631654977798462,3.502758026123047
27.64296579360962,3.468212127685547
27.65427327156067,3.527599334716797
27.665600776672363,3.5607376098632812
27.676910638809204,3.50506591796875
27.688234090805054,3.529651641845703
27.699578285217285,3.560070037841797
27.710893630981445,3.4976539611816406
27.722200393676758,3.4817161560058594
27.733510732650757,3.512622833251953
27.744795560836792,3.4882774353027344
27.756103515625,3.523548126220703
27.76741123199463,3.525836944580078
27.77873134613037,3.5176849365234375
27.79004430770874,3.4468727111816406
27.801345109939575,3.569469451904297
27.812678813934326,3.629261016845703
27.823988914489746,3.491802215576172
27.835292100906372,3.4868736267089844
27.84661555290222,3.463054656982422
27.857927799224854,3.5675086975097656
27.869235515594482,3.6020545959472656
27.880552768707275,3.5795555114746094
27.89186692237854,3.4067726135253906
27.90317678451538,3.535419464111328
27.9144868850708,3.5921897888183594
27.925811767578125,3.506816864013672
27.9371235370636,3.535755157470703
27.94883441925049,3.4134864807128906
27.961450576782227,3.539684295654297
27.973865747451782,3.44830322265625
27.986347198486328,3.515228271484375
27.998791217803955,3.5732269287109375
28.01120948791504,3.4990005493164062
28.02351975440979,3.5982437133789062
28.035834550857544,3.375316619873047
28.048341512680054,3.6024169921875
28.061638593673706,3.503265380859375
28.074990272521973,3.5671844482421875
28.088489055633545,3.6501541137695312
28.101887226104736,3.449535369873047
28.11532950401306,3.4877395629882812
28.12876319885254,3.6077613830566406
28.14210820198059,3.5095176696777344
28.155440092086792,3.466846466064453
28.16868019104004,3.4686622619628906
28.181997060775757,3.5930442810058594
28.195348501205444,3.5490150451660156
28.208532333374023,3.4774742126464844
28.2218496799469,3.4728622436523438
28.235286235809326,3.600421905517578
28.248656272888184,3.493091583251953
28.26197648048401,3.5558319091796875
28.275211811065674,3.5377159118652344
28.288411140441895,3.513721466064453
28.301831483840942,3.603351593017578
28.315248250961304,3.5230445861816406
28.328704595565796,3.557598114013672
28.342169046401978,3.55853271484375
28.355854511260986,3.554454803466797
28.36928153038025,3.4488258361816406
28.382725477218628,3.545093536376953
28.39599609375,3.5247230529785156
28.4093074798584,3.496227264404297
28.422713041305542,3.5122032165527344
28.435992002487183,3.4017601013183594
28.449273109436035,3.5141258239746094
28.46267557144165,3.5085220336914062
28.474323987960815,3.5559959411621094
28.485665798187256,3.622028350830078
28.49697208404541,3.4358596801757812
28.508323907852173,3.521007537841797
28.519674062728882,3.540454864501953
28.53099489212036,3.5175132751464844
28.54230308532715,3.5597877502441406
28.553635835647583,3.530376434326172
28.564969539642334,3.4704017639160156
28.577252626419067,3.498058319091797
28.589634895324707,3.6308860778808594
28.602020502090454,3.4408226013183594
28.614375591278076,3.606281280517578
28.62674617767334,3.507404327392578
28.639066696166992,3.594501495361328
28.65141010284424,3.452068328857422
28.665248155593872,3.5163803100585938
28.678681135177612,3.716388702392578
28.69225549697876,3.564605712890625
28.705650091171265,3.6083221435546875
28.71877884864807,3.6708946228027344
28.7321560382843,3.766582489013672
28.746315717697144,3.61431884765625
28.758546829223633,3.686737060546875
28.77081274986267,3.7326202392578125
28.783124685287476,3.7512283325195312
28.79541325569153,3.698986053466797
28.807780027389526,3.5996475219726562
28.820164918899536,3.6757278442382812
28.83250617980957,3.6015853881835938
28.844829320907593,3.7624969482421875
28.858153343200684,3.772014617919922
28.871588706970215,3.7141342163085938
28.88505506515503,3.6711387634277344
28.898409128189087,3.6969070434570312
28.911829948425293,3.713665008544922
28.92523503303528,3.622669219970703
28.938394784927368,3.647247314453125
28.951674938201904,3.6950454711914062
28.9649395942688,3.7464256286621094
28.9781334400177,3.6722412109375
28.991472005844116,3.8279151916503906
29.004878997802734,3.7893753051757812
29.018157482147217,3.7647933959960938
29.032089233398438,3.753673553466797
29.04539656639099,3.8126144409179688
29.05873990058899,3.9224624633789062
29.072168827056885,3.9303627014160156
29.085554599761963,3.8796005249023438
29.09889030456543,3.946857452392578
29.111148834228516,3.2294044494628906
29.123356580734253,3.252239227294922
29.135666370391846,3.2944869995117188
29.147927045822144,3.2752685546875
29.160161018371582,3.2918930053710938
29.172452688217163,3.3347549438476562
29.18475103378296,3.3233871459960938
29.197039365768433,3.3221435546875
29.209346055984497,3.3499832153320312
29.221742630004883,3.400634765625
29.23408532142639,3.4605331420898438
29.246443271636963,3.346759796142578
29.25880789756775,3.4392051696777344
29.271111965179443,3.456890106201172
29.283458471298218,3.482982635498047
29.29580545425415,3.3188095092773438
29.30958843231201,3.38330078125
29.322970390319824,3.459697723388672
29.336271286010742,3.482433319091797
29.349411487579346,3.4141159057617188
29.36270546913147,3.3600425720214844
29.376044511795044,3.4007034301757812
29.389331102371216,3.390026092529297
29.40267038345337,3.399250030517578
29.416198253631592,3.5245590209960938
29.429518222808838,3.4644508361816406
29.442972898483276,3.459941864013672
29.4563250541687,3.483531951904297
29.469709873199463,3.5171661376953125
29.483289003372192,3.487689971923828
29.495458364486694,3.5183448791503906
29.50781226158142,3.683319091796875
29.52018904685974,3.6210365295410156
29.53244376182556,3.2402610778808594
29.544700384140015,2.960296630859375
29.556962728500366,2.9365272521972656
29.569060802459717,2.924518585205078
29.581122636795044,2.8923873901367188
29.595008850097656,2.967578887939453
29.60872197151184,2.979480743408203
29.621643781661987,2.8954010009765625
29.634410858154297,3.0082626342773438
29.64738416671753,2.9710769653320312
29.660631895065308,2.97894287109375
29.67382001876831,2.931171417236328
29.686978101730347,2.9704055786132812
29.70015263557434,2.9290122985839844
29.71382761001587,2.9409713745117188
29.72763729095459,3.0095748901367188
29.742055416107178,3.0240440368652344
29.753849983215332,3.036285400390625
29.765382766723633,3.0037879943847656
29.776705741882324,3.0109786987304688
29.78801155090332,3.0891571044921875
29.799323558807373,3.1327972412109375
29.81063485145569,3.1501388549804688
29.821945190429688,3.1029739379882812
29.833248138427734,3.1698379516601562
29.846208095550537,3.1910858154296875
29.85867166519165,3.2570419311523438
29.871103048324585,3.317596435546875
29.88345694541931,3.3574066162109375
29.896061182022095,3.3643951416015625
29.908464670181274,3.3766555786132812
29.920950412750244,3.4673004150390625
29.93352699279785,3.4344100952148438
29.94680643081665,3.381591796875
29.960378885269165,3.2351760864257812
29.97375464439392,3.3450393676757812
29.98755645751953,3.3232383728027344
30.000991344451904,3.3964309692382812
30.014337062835693,3.3643341064453125
30.02775764465332,3.4293212890625
30.041069269180298,3.3667526245117188
30.054592609405518,3.4057769775390625
30.068228483200073,3.3585052490234375
30.081904888153076,3.270397186279297
30.095664501190186,3.3476791381835938
30.10920238494873,3.3510513305664062
30.122822761535645,3.346973419189453
30.13637948036194,3.418956756591797
30.149930000305176,3.4535675048828125
30.163336992263794,3.4296798706054688
30.177433252334595,3.5107383728027344
30.191463708877563,3.4630813598632812
30.205584287643433,3.486865997314453
30.21918773651123,3.506847381591797
30.232784509658813,3.536590576171875
30.24678659439087,3.612903594970703
30.26053237915039,3.6373634338378906
30.273993015289307,3.5454025268554688
30.28764247894287,3.588390350341797
30.30108332633972,3.5739402770996094
30.31465220451355,3.680042266845703
30.328243732452393,3.7216033935546875
30.342042207717896,3.7933387756347656
30.35560393333435,3.717845916748047
30.36933398246765,3.8618507385253906
30.382635593414307,3.6653366088867188
30.39420509338379,3.2005462646484375
30.405646800994873,2.518749237060547
30.41696572303772,2.4541893005371094
30.42827343940735,2.4770851135253906
30.4396071434021,2.4562034606933594
30.450932264328003,2.485149383544922
30.462241172790527,2.459758758544922
30.473565340042114,2.418598175048828
30.484890937805176,2.4857521057128906
30.496190786361694,2.487102508544922
30.50749945640564,2.461711883544922
30.51879096031189,2.420551300048828
30.53010654449463,2.4877052307128906
30.541409969329834,2.4741783142089844
30.552730321884155,2.494182586669922
30.564035654067993,2.422504425048828
30.57534694671631,2.455352783203125
30.586668729782104,2.5095863342285156
30.597994804382324,2.5294532775878906
30.609298706054688,2.4720802307128906
30.620633363723755,2.418346405029297
30.631948232650757,2.4551963806152344
30.64324975013733,2.4907569885253906
30.654564142227173,2.4653663635253906
30.66587781906128,2.428112030029297
30.67717933654785,2.492298126220703
30.68849492073059,2.5173988342285156
30.699799060821533,2.455352783203125
30.71110701560974,2.4584083557128906
30.72241735458374,2.492198944091797
30.733741521835327,2.5017738342285156
30.745048999786377,2.4790382385253906
30.756357192993164,2.4584083557128906
30.767693519592285,2.4518051147460938
30.779000759124756,2.38916015625
30.790303230285645,2.3361358642578125
30.801618337631226,2.3577651977539062
30.812928915023804,2.342681884765625
30.82423210144043,2.3716888427734375
30.83557105064392,2.380847930908203
30.8468976020813,2.3435935974121094
30.85819911956787,2.3324813842773438
30.869502305984497,2.3580169677734375
30.880787134170532,2.4180984497070312
30.892090559005737,2.3076248168945312
30.9034104347229,2.373992919921875
30.914724826812744,2.3643722534179688
30.926026582717896,2.3443450927734375
30.937331676483154,2.3202590942382812
30.94865083694458,2.349700927734375
30.960049152374268,2.3900146484375
30.971365690231323,2.383014678955078
30.982699394226074,2.3435897827148438
30.994999647140503,2.3446083068847656
31.007384777069092,2.3772850036621094
31.01978302001953,2.3526344299316406
31.032097339630127,2.381420135498047
31.04445791244507,2.3636207580566406
31.056777238845825,2.3363037109375
31.070521593093872,2.3479995727539062
31.08424663543701,2.3978271484375
31.0979642868042,2.3714370727539062
31.111580848693848,2.32635498046875
31.123857259750366,2.3479995727539062
31.13619875907898,2.3017044067382812
31.148499250411987,2.246002197265625
31.160855770111084,2.224628448486328
31.173250913619995,2.1344833374023438
31.18559193611145,2.1899185180664062
31.197901964187622,2.09478759765625
31.210252285003662,2.1565170288085938
31.22406768798828,2.0911331176757812
31.23641800880432,2.1504745483398438
31.248796701431274,2.1782150268554688
31.261152267456055,2.120075225830078
31.273484468460083,2.1368026733398438
31.285838842391968,2.1645431518554688
31.298197269439697,2.149871826171875
31.31053066253662,2.1186599731445312
31.32288694381714,2.147918701171875
31.33656072616577,2.1566696166992188
31.3502995967865,2.124481201171875
31.363964080810547,2.0911331176757812
31.378063917160034,2.1504745483398438
31.390408992767334,2.151824951171875
31.4027898311615,2.1656417846679688
31.415151119232178,2.1128692626953125
31.42753267288208,2.1384048461914062
31.43999481201172,2.12042236328125
31.45239233970642,2.155914306640625
31.46484661102295,2.1379013061523438
31.47712206840515,2.11041259765625
31.489474773406982,2.1398544311523438
31.50260281562805,2.1664962768554688
31.514222621917725,2.1918869018554688
31.52552819252014,2.15692138671875
31.5370614528656,2.11041259765625
31.549354553222656,2.1418075561523438
31.56164526939392,2.1645431518554688
31.573891401290894,2.1437606811523438
31.586117029190063,2.12042236328125
31.598387479782104,2.155731201171875
31.61057996749878,2.1695480346679688
31.622826099395752,2.1184768676757812
31.636688709259033,2.140106201171875
31.649815559387207,2.0952911376953125
31.662121534347534,2.120075225830078
31.674397468566895,2.1821212768554688
31.68672275543213,2.120075225830078
31.699073553085327,2.1309432983398438
31.711371421813965,2.1581802368164062
31.723751306533813,2.1423110961914062
31.736030340194702,2.1128692626953125
31.748385429382324,2.1423110961914062
31.762624263763428,2.1584320068359375
31.7766056060791,2.1305923461914062
31.7907395362854,2.10260009765625
31.804824590682983,2.1573257446289062
31.819329500198364,2.1684494018554688
31.833332061767578,2.1790618896484375
31.84744119644165,2.1165237426757812
31.861395597457886,2.1203231811523438
31.87601089477539,2.1008987426757812
31.890019416809082,2.156768798828125
31.904136896133423,2.1704025268554688
31.918156623840332,2.142059326171875
31.931998252868652,2.1028518676757812
31.945995330810547,2.120075225830078
31.960160732269287,2.1743087768554688
31.974257946014404,2.145965576171875
31.988662481307983,2.1008987426757812
32.00097680091858,2.130340576171875
32.01333785057068,2.1581802368164062
32.0257248878479,2.138153076171875
32.03808355331421,2.1189117431640625
32.05042767524719,2.1462173461914062
32.06270909309387,2.1619873046875
32.07507872581482,2.11236572265625
32.087342500686646,2.130084991455078
32.10139203071594,2.1087112426757812
32.11530423164368,2.120574951171875
32.12945818901062,2.1762619018554688
32.141905784606934,2.120574951171875
32.15341305732727,2.151824951171875
32.16481804847717,2.0930862426757812
32.17688965797424,2.1564788818359375
32.18912363052368,2.1782150268554688
32.201395988464355,2.1566696166992188
32.21360468864441,2.1250839233398438
32.225863456726074,2.15692138671875
32.238256216049194,2.1801681518554688
32.25186109542847,2.151824951171875
32.265517234802246,2.1211776733398438
32.279993534088135,2.142059326171875
32.29535412788391,2.1918869018554688
32.309001207351685,2.0972442626953125
32.32263231277466,2.1227798461914062
32.33614134788513,2.09283447265625
32.34851861000061,2.120075225830078
32.360919713974,2.1860275268554688
32.37327599525452,2.120075225830078
32.385550022125244,2.1211776733398438
32.397911071777344,2.1566696166992188
32.41018223762512,2.1222763061523438
32.42247271537781,2.09088134765625
32.43480610847473,2.1203231811523438
32.44717478752136,2.1506195068359375
32.45952653884888,2.1300888061523438
32.47195267677307,2.1048049926757812
32.486103773117065,2.122528076171875
32.500983476638794,2.1743087768554688
32.51502323150635,2.1851730346679688
32.52839994430542,2.1231307983398438
32.541943073272705,2.1571731567382812
32.55541777610779,2.1446151733398438
32.56876993179321,2.1723556518554688
32.58220887184143,2.1573257446289062
32.595887660980225,2.1348495483398438
32.60953211784363,2.1743087768554688
32.62382102012634,2.120075225830078
32.637330055236816,2.119915008544922
32.651623010635376,2.0828208923339844
32.665568351745605,2.1348876953125
32.67956304550171,2.1201248168945312
32.69344449043274,2.0972442626953125
32.70747232437134,2.1575241088867188
32.721062660217285,2.1344985961914062
32.73441028594971,2.1227760314941406
32.747530937194824,2.1247291564941406
32.76047658920288,2.1286354064941406
32.773319482803345,2.1325416564941406
32.785008668899536,2.1325416564941406
32.79633402824402,2.1344947814941406
32.80767273902893,2.1364479064941406
32.8190393447876,2.1384010314941406
32.83039140701294,2.1403541564941406
32.84190630912781,2.066112518310547
32.85322642326355,2.030590057373047
32.86459183692932,2.0327529907226562
32.87593126296997,2.0347061157226562
32.88725256919861,2.0366592407226562
32.898592948913574,2.0386123657226562
32.90992474555969,2.0386123657226562
32.92127299308777,2.0405654907226562
32.93261432647705,2.0425186157226562
32.94394540786743,2.0444717407226562
32.955302476882935,2.0444717407226562
32.96667528152466,2.0489158630371094
32.97799301147461,2.0940818786621094
32.989306688308716,2.086071014404297
33.000641107559204,2.089977264404297
33.01196265220642,2.093883514404297
33.02327299118042,2.097789764404297
33.03460764884949,2.103649139404297
33.04595422744751,2.107555389404297
33.05729913711548,2.111461639404297
33.06865477561951,2.115367889404297
33.080052852630615,2.119274139404297
33.092694997787476,2.1201210021972656
33.106284856796265,2.1609268188476562
33.11829209327698,2.1767807006835938
33.13025212287903,2.1924057006835938
33.14255499839783,2.16058349609375
33.15482974052429,2.1984100341796875
33.16703248023987,2.2120819091796875
33.179243326187134,2.2257537841796875
33.191625118255615,2.2592697143554688
33.2039258480072,2.158885955810547
33.21792387962341,2.1859779357910156
33.23184943199158,2.150676727294922
33.2454092502594,2.168750762939453
33.25883102416992,2.1103591918945312
33.272499322891235,2.10040283203125
33.2862274646759,2.0761756896972656
33.29967188835144,2.0964279174804688
33.31293869018555,2.1120529174804688
33.3267285823822,2.13787841796875
33.34085726737976,2.109527587890625
33.35488295555115,2.0825424194335938
33.36915373802185,2.0456275939941406
33.38309645652771,2.060901641845703
33.39705181121826,2.0800399780273438
33.41117477416992,2.1009750366210938
33.425010442733765,2.105785369873047
33.43896484375,2.1557998657226562
33.45279622077942,2.0867462158203125
33.46695017814636,2.1516342163085938
33.481006383895874,2.159656524658203
33.49508213996887,2.1761398315429688
33.507288694381714,2.1610031127929688
33.51868557929993,2.1934471130371094
33.53005409240723,2.211883544921875
33.541404008865356,2.169261932373047
33.552735567092896,2.2107696533203125
33.56405544281006,2.2182350158691406
33.57536053657532,2.2320518493652344
33.58667993545532,2.2816238403320312
33.59800696372986,2.3228759765625
33.609509229660034,2.273212432861328
33.62147855758667,2.277862548828125
33.63376426696777,2.3432540893554688
33.6457679271698,1.6359825134277344
33.65760684013367,1.6359825134277344
33.669278621673584,1.6359825134277344
33.680827617645264,1.6359825134277344
33.69230937957764,1.6359825134277344
33.70376634597778,1.6359825134277344
33.7153434753418,1.6359825134277344
33.72687268257141,1.6359825134277344
33.73834943771362,1.6359825134277344
33.74979782104492,1.6359825134277344
33.76119518280029,1.6359825134277344
33.77259278297424,1.6359825134277344
33.78399729728699,1.6359825134277344
33.79537343978882,1.6359825134277344
33.80675911903381,1.6359825134277344
33.818124771118164,1.6359825134277344
33.8294780254364,1.6359825134277344
33.84082579612732,1.6359825134277344
33.852166414260864,1.6359825134277344
33.86350703239441,1.6359825134277344
33.874815225601196,1.6359825134277344
33.88615846633911,1.6359825134277344
33.89749836921692,1.6359825134277344
33.908817529678345,1.6359825134277344
33.92018413543701,1.6359825134277344
33.931551933288574,1.6359825134277344
33.94289517402649,1.6359825134277344
33.95423364639282,1.6359825134277344
33.965590715408325,1.6359825134277344
33.97693085670471,1.6359825134277344
33.988261222839355,1.6359825134277344
33.999600410461426,1.6359825134277344
34.01093769073486,1.6359825134277344
34.02228593826294,1.6359825134277344
34.03363013267517,1.6359825134277344
34.0452446937561,1.6359825134277344
34.05685019493103,1.6359825134277344
34.06844520568848,1.6359825134277344
34.08004903793335,1.6359825134277344
34.09164381027222,1.5244979858398438
34.10320019721985,1.5242385864257812
34.11481165885925,1.4124794006347656
34.126354694366455,1.4124794006347656
34.13791584968567,1.4124794006347656
34.14946007728577,1.4124794006347656
34.16099500656128,1.4124794006347656
34.17250037193298,1.4124794006347656
34.183955669403076,1.4124794006347656
34.1954231262207,1.4124794006347656
34.206865310668945,1.4124794006347656
34.21829319000244,1.4124794006347656
34.22972273826599,1.4124794006347656
34.241140842437744,1.4124794006347656
34.25255465507507,1.4124794006347656
34.26394057273865,1.4124794006347656
34.27532339096069,1.4124794006347656
34.286720275878906,1.4124794006347656
34.298088788986206,1.4124794006347656
34.309433698654175,1.4124794006347656
34.32078528404236,1.4124794006347656
34.33211421966553,1.4124794006347656
34.34346795082092,1.4124794006347656
34.35478353500366,1.4124794006347656
34.36610245704651,1.4124794006347656
34.37739562988281,1.4124794006347656
34.388699531555176,1.4124794006347656
34.39996266365051,1.4124794006347656
34.411224365234375,1.4124794006347656
34.422478914260864,1.4124794006347656
34.43372917175293,1.4124794006347656
34.44496560096741,1.4124794006347656
34.45618724822998,1.4124794006347656
34.46740508079529,1.4124794006347656
34.47862124443054,1.4124794006347656
34.48983311653137,1.4124794006347656
34.501020431518555,1.4124794006347656
34.51218795776367,1.4124794006347656
34.52336144447327,1.4124794006347656
34.534520626068115,1.4124794006347656
34.545632123947144,1.4124794006347656
34.556769132614136,1.4124794006347656
34.567901372909546,1.4124794006347656
34.579041481018066,1.4124794006347656
34.59017300605774,1.4124794006347656
34.60128474235535,1.4124794006347656
34.61241054534912,1.4124794006347656
34.623571157455444,1.4124794006347656
34.634721994400024,1.4124794006347656
34.645853757858276,1.4124794006347656
34.656970500946045,1.4124794006347656
34.66808533668518,1.4124794006347656
34.67920684814453,1.4124794006347656
34.69032073020935,1.4124794006347656
34.701425313949585,1.4124794006347656
34.71254253387451,1.4124794006347656
34.7236762046814,1.4124794006347656
34.734798192977905,1.4124794006347656
34.7459454536438,1.4124794006347656
34.757126331329346,1.4124794006347656
34.768240213394165,1.4124794006347656
34.7793607711792,1.4124794006347656
34.790488481521606,1.4124794006347656
34.80159330368042,1.4124794006347656
34.81270360946655,1.4124794006347656
34.82381224632263,1.4124794006347656
34.8349347114563,1.4124794006347656
34.84604811668396,1.4124794006347656
34.857160329818726,1.4124794006347656
34.86828804016113,1.4124794006347656
34.87941908836365,1.4124794006347656
34.890568017959595,1.4124794006347656
34.90169358253479,1.4124794006347656
34.91281223297119,1.4124794006347656
34.923930406570435,1.4124794006347656
34.935038566589355,1.4124794006347656
34.94614863395691,1.4124794006347656
34.95726299285889,1.4124794006347656
34.96837282180786,1.4124794006347656
34.97949457168579,1.4124794006347656
34.990588665008545,1.4124794006347656
35.00169849395752,1.4124794006347656
35.01280903816223,1.4124794006347656
35.023916482925415,1.4124794006347656
35.03504276275635,1.4124794006347656
35.04616022109985,1.4124794006347656
35.057273864746094,1.4124794006347656
35.06839203834534,1.4124794006347656
35.079524755477905,1.4124794006347656
35.09062051773071,1.4124794006347656
35.10175085067749,1.4124794006347656
35.11287212371826,1.4124794006347656
35.123995542526245,1.4124794006347656
35.13511419296265,1.4124794006347656
35.14623188972473,1.4124794006347656
35.15735459327698,1.4124794006347656
35.16848278045654,1.4124794006347656
35.17961287498474,1.4124794006347656
35.19073128700256,1.4124794006347656
35.201860666275024,1.4124794006347656
35.21299386024475,1.4124794006347656
35.22412037849426,1.4124794006347656
35.23524355888367,1.4124794006347656
35.2463538646698,1.4124794006347656
35.257487773895264,1.4124794006347656
35.268609285354614,1.4124794006347656
35.279725313186646,1.4124794006347656
35.29085111618042,1.4124794006347656
35.30197072029114,1.4124794006347656
35.31308603286743,1.4124794006347656
35.32422494888306,1.4124794006347656
35.33535170555115,1.4124794006347656
35.3464617729187,1.4124794006347656
35.357582807540894,1.4124794006347656
35.36870050430298,1.4124794006347656
35.37982964515686,1.4124794006347656
35.39094948768616,1.4124794006347656
35.40206050872803,1.4124794006347656
35.413179874420166,1.4124794006347656
35.42429327964783,1.4124794006347656
35.43540906906128,1.4124794006347656
35.44656491279602,1.4124794006347656
35.45769143104553,1.4124794006347656
35.468822717666626,1.4124794006347656
35.47994804382324,1.4124794006347656
35.4910671710968,1.4124794006347656
35.502185344696045,1.4124794006347656
35.513304471969604,1.4124794006347656
35.5244197845459,1.4124794006347656
35.535550594329834,1.4124794006347656
35.54668712615967,1.4124794006347656
35.557817459106445,1.4124794006347656
35.56893539428711,1.4124794006347656
35.58007764816284,1.4124794006347656
35.59121608734131,1.4124794006347656
35.602367639541626,1.4124794006347656
35.61350202560425,1.4124794006347656
35.62458920478821,1.4124794006347656
35.635711669921875,1.4124794006347656
35.64682364463806,1.4124794006347656
35.65795373916626,1.4124794006347656
35.66907286643982,1.4124794006347656
35.68020725250244,1.4124794006347656
35.691346645355225,1.4124794006347656
35.70249676704407,1.4124794006347656
35.71360778808594,1.4124794006347656
35.724740982055664,1.4124794006347656
35.73587727546692,1.4124794006347656
35.7470908164978,1.4124794006347656
35.758312463760376,1.4124794006347656
35.76948165893555,1.4124794006347656
35.78064942359924,1.4124794006347656
35.79181623458862,1.4124794006347656
35.802980184555054,1.4124794006347656
35.81415295600891,1.4124794006347656
35.82526636123657,1.4124794006347656
35.836424112319946,1.4124794006347656
35.847553730010986,1.4124794006347656
35.85867190361023,1.4124794006347656
35.869789838790894,1.4124794006347656
35.880900859832764,1.4124794006347656
35.892008543014526,1.4124794006347656
35.90313124656677,1.4124794006347656
35.91424751281738,1.4124794006347656
35.925353050231934,1.4124794006347656
35.936461210250854,1.4124794006347656
35.94760990142822,1.4124794006347656
35.95873951911926,1.4124794006347656
35.96986269950867,1.4124794006347656
35.98098158836365,1.4124794006347656
35.99211049079895,1.4124794006347656
36.00322103500366,1.4124794006347656
36.01434898376465,1.4124794006347656
36.02546548843384,1.4124794006347656
36.03658843040466,1.4124794006347656
36.04771566390991,1.4124794006347656
36.05883717536926,1.4124794006347656
36.069955587387085,1.4124794006347656
36.08108949661255,1.4124794006347656
36.0922327041626,1.4124794006347656
36.10337996482849,1.4124794006347656
36.11449861526489,1.4124794006347656
36.12560963630676,1.4124794006347656
36.1367461681366,1.4124794006347656
36.14786958694458,1.4124794006347656
36.158984661102295,1.4124794006347656
36.17009711265564,1.4124794006347656
36.181220054626465,1.4124794006347656
36.192322969436646,1.4124794006347656
36.20344519615173,1.4124794006347656
36.21456837654114,1.4124794006347656
36.22569561004639,1.4124794006347656
36.236818075180054,1.4124794006347656
36.247941970825195,1.4124794006347656
36.25905442237854,1.4124794006347656
36.27017378807068,1.4124794006347656
36.28129267692566,1.4124794006347656
36.29240393638611,1.4124794006347656
36.303515911102295,1.4124794006347656
36.314632415771484,1.4124794006347656
36.32575273513794,1.4124794006347656
36.33687162399292,1.4124794006347656
36.34800148010254,1.4124794006347656
36.359110832214355,1.4124794006347656
36.37021732330322,1.4124794006347656
36.38132643699646,1.4124794006347656
36.39243030548096,1.4124794006347656
36.40355443954468,1.4124794006347656
36.41468834877014,1.4124794006347656
36.4258074760437,1.4124794006347656
36.436928272247314,1.4124794006347656
36.448057889938354,1.4124794006347656
36.45916724205017,1.4124794006347656
36.47028851509094,1.4124794006347656
36.48141074180603,1.4124794006347656
36.49252533912659,1.4124794006347656
36.50359487533569,1.4124794006347656
36.51470685005188,1.4124794006347656
36.52582097053528,1.4124794006347656
36.53693723678589,1.4124794006347656
36.54804706573486,1.4124794006347656
36.55916404724121,1.4124794006347656
36.57028102874756,1.4124794006347656
36.5814528465271,1.4124794006347656
36.59256434440613,1.4124794006347656
36.60367441177368,1.4124794006347656
36.61479425430298,1.4124794006347656
36.625906467437744,1.4124794006347656
36.63702058792114,1.4124794006347656
36.6481237411499,1.4124794006347656
36.65925598144531,1.4124794006347656
36.6703827381134,1.4124794006347656
36.68149948120117,1.4124794006347656
36.692636489868164,1.4124794006347656
36.70375156402588,1.4124794006347656
36.71487522125244,1.4124794006347656
36.72600507736206,1.4124794006347656
36.737115144729614,1.4124794006347656
36.74824905395508,1.4124794006347656
36.75936031341553,1.4124794006347656
36.77048397064209,1.4124794006347656
36.78160238265991,1.4124794006347656
36.792731523513794,1.4124794006347656
36.803847789764404,1.4124794006347656
36.814985275268555,1.4124794006347656
36.826194763183594,1.4124794006347656
36.83736705780029,1.4124794006347656
36.84852647781372,1.4124794006347656
36.85961365699768,1.4124794006347656
36.87074375152588,1.4124794006347656
36.881882667541504,1.4124794006347656
36.89301800727844,1.4124794006347656
36.904149293899536,1.4124794006347656
36.915268659591675,1.4124794006347656
36.926390409469604,1.4124794006347656
36.93749475479126,1.4124794006347656
36.94861578941345,1.4124794006347656
36.95974087715149,1.4124794006347656
36.97085738182068,1.4124794006347656
36.98197817802429,1.4124794006347656
36.99309754371643,1.4124794006347656
37.00422143936157,1.4124794006347656
37.01534557342529,1.4124794006347656
37.02646255493164,1.4124794006347656
37.03759288787842,1.4124794006347656
37.04871320724487,1.4124794006347656
37.05982494354248,1.4124794006347656
37.0709502696991,1.4124794006347656
37.08206272125244,1.4124794006347656
37.09319543838501,1.4124794006347656
37.10432410240173,1.4124794006347656
37.11544704437256,1.4124794006347656
37.12657403945923,1.4124794006347656
37.137691497802734,1.4124794006347656
37.14889693260193,1.4124794006347656
37.16001486778259,1.4124794006347656
37.17113637924194,1.4124794006347656
37.182265520095825,1.4124794006347656
37.19338655471802,1.4124794006347656
37.204500675201416,1.4124794006347656
37.215593338012695,1.4124794006347656
37.226722955703735,1.4124794006347656
37.23784685134888,1.4124794006347656
37.24897646903992,1.4124794006347656
37.260095834732056,1.4124794006347656
37.27122163772583,1.4124794006347656
37.28235054016113,1.4124794006347656
37.29351019859314,1.4124794006347656
37.304600954055786,1.4124794006347656
37.31572103500366,1.4124794006347656
37.32684659957886,1.4124794006347656
37.337963581085205,1.4124794006347656
37.3490846157074,1.4124794006347656
37.360198736190796,1.4124794006347656
37.371320486068726,1.4124794006347656
37.38243246078491,1.4124794006347656
37.39354920387268,1.4124794006347656
37.40466547012329,1.4124794006347656
37.41582107543945,1.4124794006347656
37.42695426940918,1.4124794006347656
37.43809413909912,1.4124794006347656
37.449223279953,1.4124794006347656
37.4603476524353,1.4124794006347656
37.471471071243286,1.4124794006347656
37.482592821121216,1.4124794006347656
37.4937047958374,1.4124794006347656
37.50485873222351,1.4124794006347656
37.5159809589386,1.4124794006347656
37.527095317840576,1.4124794006347656
37.53822040557861,1.4124794006347656
37.54932951927185,1.4124794006347656
37.56043100357056,1.4124794006347656
37.571547985076904,1.4124794006347656
37.58267045021057,1.4124794006347656
37.59380030632019,1.4124794006347656
37.604910373687744,1.3382453918457031
37.61623740196228,1.3007316589355469
37.627565145492554,1.3007316589355469
37.638882637023926,0.177825927734375
37.650081396102905,0.177825927734375
37.66077780723572,0.1778411865234375
37.671462535858154,0.1778411865234375
37.682228803634644,0.1778411865234375
37.692880153656006,0.1778411865234375
37.70363092422485,0.1778411865234375
37.714367151260376,0.17790603637695312
37.725117921829224,0.17790603637695312
37.735865354537964,0.17790603637695312
37.74663233757019,0.17792892456054688
37.75738286972046,0.17798614501953125
37.768139362335205,0.17798614501953125
37.778894901275635,0.17798614501953125
37.7896625995636,0.17798614501953125
37.80040383338928,0.17798614501953125
37.8111686706543,0.17798614501953125
37.82194209098816,0.17799758911132812
37.832704067230225,0.17799758911132812
37.84345459938049,0.17799758911132812
37.854212045669556,0.17618942260742188
37.86496901512146,0.17618942260742188
37.87573027610779,0.17618942260742188
37.8864803314209,0.17618942260742188
37.897223234176636,0.17618942260742188
37.90797710418701,0.17618942260742188
37.918734073638916,0.17618942260742188
37.92946934700012,0.17618942260742188
37.94021391868591,0.17618942260742188
37.95097303390503,0.17618942260742188
37.96173119544983,0.17618942260742188
37.97247290611267,0.17618942260742188
37.983214378356934,0.17618942260742188
37.99396061897278,0.17618942260742188
38.0047242641449,0.17618942260742188
38.015474796295166,0.0
38.02622628211975,0.0
38.0369815826416,0.0
