t_sec,rss_gib
0.0070095062255859375,0.005252838134765625
0.01781606674194336,0.00798797607421875
0.028574705123901367,0.00868988037109375
0.03932356834411621,0.00868988037109375
0.05005693435668945,0.00868988037109375
0.06076931953430176,0.00868988037109375
0.07150506973266602,0.00868988037109375
0.08224868774414062,0.00868988037109375
0.09297323226928711,0.00868988037109375
0.10369110107421875,0.00868988037109375
0.11442041397094727,0.00868988037109375
0.12514448165893555,0.00868988037109375
0.13586783409118652,0.00868988037109375
0.14659690856933594,0.00868988037109375
0.15732836723327637,0.00868988037109375
0.1680600643157959,0.00868988037109375
0.1787858009338379,0.00868988037109375
0.1895308494567871,0.009754180908203125
0.20025992393493652,0.009754180908203125
0.21098637580871582,0.009754180908203125
0.22169995307922363,0.009754180908203125
0.2324371337890625,0.009754180908203125
0.24317288398742676,0.009754180908203125
0.25388455390930176,0.009754180908203125
0.2646019458770752,0.009754180908203125
0.2753267288208008,0.009754180908203125
0.28606176376342773,0.009754180908203125
0.2967796325683594,0.009754180908203125
0.3075077533721924,0.009754180908203125
0.3182392120361328,0.009754180908203125
0.32898378372192383,0.010005950927734375
0.3397216796875,0.010257720947265625
0.35045337677001953,0.010257720947265625
0.36118316650390625,0.010257720947265625
0.371906042098999,0.010257720947265625
0.38262462615966797,0.010257720947265625
0.3933556079864502,0.010257720947265625
0.40408754348754883,0.010257720947265625
0.4148087501525879,0.010257720947265625
0.42554402351379395,0.010257720947265625
0.43628406524658203,0.010257720947265625
0.44701051712036133,0.010257720947265625
0.4577171802520752,0.010257720947265625
0.4684455394744873,0.010257720947265625
0.47919368743896484,0.010257720947265625
0.4899110794067383,0.010257720947265625
0.5006229877471924,0.010257720947265625
0.5113565921783447,0.010257720947265625
0.5220909118652344,0.010257720947265625
0.5328094959259033,0.010257720947265625
0.5435428619384766,0.010257720947265625
0.5542929172515869,0.010257720947265625
0.5650191307067871,0.010257720947265625
0.575737714767456,0.010257720947265625
0.5864715576171875,0.010257720947265625
0.5971908569335938,0.010257720947265625
0.6079130172729492,0.010257720947265625
0.618628978729248,0.010257720947265625
0.62935471534729,0.010257720947265625
0.640073299407959,0.010257720947265625
0.6508123874664307,0.010257720947265625
0.6615438461303711,0.010257720947265625
0.6722657680511475,0.010509490966796875
0.6830000877380371,0.01107025146484375
0.6937224864959717,0.01107025146484375
0.7044656276702881,0.014591217041015625
0.7152023315429688,0.017642974853515625
0.7259330749511719,0.019199371337890625
0.7366724014282227,0.0198516845703125
0.7474234104156494,0.0198516845703125
0.758167028427124,0.0198516845703125
0.7688813209533691,0.0198516845703125
0.7795960903167725,0.0198516845703125
0.7903354167938232,0.0198516845703125
0.801062822341919,0.0198516845703125
0.8117804527282715,0.0198516845703125
0.8225083351135254,0.0198516845703125
0.8332371711730957,0.0198516845703125
0.8439610004425049,0.0198516845703125
0.8546876907348633,0.0198516845703125
0.8654301166534424,0.0198516845703125
0.8761563301086426,0.0198516845703125
0.8868825435638428,0.0198516845703125
0.8976030349731445,0.0198516845703125
0.9083254337310791,0.0198516845703125
0.9190549850463867,0.0198516845703125
0.92976975440979,0.0201873779296875
0.9405162334442139,0.0214996337890625
0.9512507915496826,0.02208709716796875
0.9619877338409424,0.02208709716796875
0.9727096557617188,0.02208709716796875
0.9834446907043457,0.02208709716796875
0.9941732883453369,0.02208709716796875
1.004899501800537,0.02208709716796875
1.0156376361846924,0.02208709716796875
1.026378870010376,0.02208709716796875
1.0371196269989014,0.02208709716796875
1.0478434562683105,0.02208709716796875
1.0585792064666748,0.02208709716796875
1.0693080425262451,0.02208709716796875
1.0800511837005615,0.02208709716796875
1.0907728672027588,0.02208709716796875
1.1015057563781738,0.02208709716796875
1.11224365234375,0.02208709716796875
1.12296724319458,0.02208709716796875
1.1336872577667236,0.02208709716796875
1.144428014755249,0.02208709716796875
1.155151128768921,0.02208709716796875
1.1658687591552734,0.02208709716796875
1.176598310470581,0.02208709716796875
1.187323808670044,0.0223388671875
1.1980476379394531,0.0223388671875
1.208763837814331,0.0223388671875
1.219486951828003,0.0223388671875
1.2302072048187256,0.0223388671875
1.2409262657165527,0.0223388671875
1.2516484260559082,0.0223388671875
1.262371301651001,0.0223388671875
1.273103952407837,0.0223388671875
1.2838268280029297,0.0223388671875
1.2945656776428223,0.0223388671875
1.3052966594696045,0.0223388671875
1.3160181045532227,0.0223388671875
1.3267333507537842,0.0223388671875
1.3374719619750977,0.02259063720703125
1.3482098579406738,0.02326202392578125
1.3589296340942383,0.024196624755859375
1.3696565628051758,0.024539947509765625
1.3804008960723877,0.0254058837890625
1.3911287784576416,0.0254058837890625
1.4018540382385254,0.0254058837890625
1.412583589553833,0.0254058837890625
1.4233119487762451,0.0254058837890625
1.4340438842773438,0.0254058837890625
1.4447689056396484,0.0254058837890625
1.455503225326538,0.0254058837890625
1.4662377834320068,0.0254058837890625
1.4770002365112305,0.0254058837890625
1.4877257347106934,0.0254058837890625
1.4984588623046875,0.0254058837890625
1.5091807842254639,0.0254058837890625
1.5198955535888672,0.0254058837890625
1.5306150913238525,0.0254058837890625
1.5413415431976318,0.0254058837890625
1.5520963668823242,0.0254058837890625
1.5628108978271484,0.0254058837890625
1.573552131652832,0.02565765380859375
1.5842738151550293,0.02565765380859375
1.5950074195861816,0.02565765380859375
1.6057209968566895,0.02565765380859375
1.6164467334747314,0.02565765380859375
1.6271724700927734,0.02565765380859375
1.637885570526123,0.02565765380859375
1.648597240447998,0.02565765380859375
1.6593363285064697,0.02565765380859375
1.6700568199157715,0.02565765380859375
1.6807715892791748,0.02565765380859375
1.69150710105896,0.02565765380859375
1.7022430896759033,0.02565765380859375
1.7129852771759033,0.02565765380859375
1.7237043380737305,0.02565765380859375
1.7344310283660889,0.02565765380859375
1.745152473449707,0.02565765380859375
1.755863904953003,0.02565765380859375
1.766592264175415,0.02565765380859375
1.777327060699463,0.026401519775390625
1.78806734085083,0.026401519775390625
1.79878830909729,0.026401519775390625
1.8095195293426514,0.026401519775390625
1.8202476501464844,0.026401519775390625
1.8309741020202637,0.026401519775390625
1.8417017459869385,0.026821136474609375
1.8524372577667236,0.027011871337890625
1.8631811141967773,0.027011871337890625
1.8739256858825684,0.027011871337890625
1.8846445083618164,0.0273590087890625
1.8953735828399658,0.0273590087890625
1.9061088562011719,0.0273590087890625
1.9168126583099365,0.0273590087890625
1.9275386333465576,0.0273590087890625
1.9382731914520264,0.0273590087890625
1.9489946365356445,0.0273590087890625
1.9597172737121582,0.0273590087890625
1.970444679260254,0.0273590087890625
1.9811742305755615,0.0273590087890625
1.9918951988220215,0.0273590087890625
2.002622365951538,0.0273590087890625
2.0133602619171143,0.0273590087890625
2.0241031646728516,0.0273590087890625
2.034834384918213,0.0273590087890625
2.0455803871154785,0.0273590087890625
2.056314468383789,0.0273590087890625
2.0670456886291504,0.0273590087890625
2.077768564224243,0.0273590087890625
2.088500738143921,0.0273590087890625
2.099254608154297,0.0273590087890625
2.109990119934082,0.0273590087890625
2.120734930038452,0.0273590087890625
2.131469249725342,0.0275421142578125
2.142209053039551,0.0275421142578125
2.152921676635742,0.0275421142578125
2.1636505126953125,0.0275421142578125
2.1743850708007812,0.0275421142578125
2.1851160526275635,0.0275421142578125
2.195843458175659,0.0275421142578125
2.206575870513916,0.0275421142578125
2.217320203781128,0.0275421142578125
2.22806715965271,0.0275421142578125
2.2387969493865967,0.0275421142578125
2.2495386600494385,0.0275421142578125
2.260266065597534,0.0275421142578125
2.271005868911743,0.027557373046875
2.281726360321045,0.027557373046875
2.2924559116363525,0.027557373046875
2.303180456161499,0.027557373046875
2.3138844966888428,0.027557373046875
2.3246097564697266,0.027557373046875
2.3353376388549805,0.027557373046875
2.3460588455200195,0.027557373046875
2.3567662239074707,0.027557373046875
2.367490291595459,0.027557373046875
2.3782153129577637,0.027557373046875
2.388950824737549,0.027557373046875
2.399669885635376,0.027557373046875
2.4103949069976807,0.027557373046875
2.4211246967315674,0.027557373046875
2.4318394660949707,0.027557373046875
2.442559003829956,0.02840423583984375
2.4533002376556396,0.02843475341796875
2.4640491008758545,0.02843475341796875
2.47477388381958,0.028697967529296875
2.4855077266693115,0.028850555419921875
2.49623703956604,0.028850555419921875
2.5069780349731445,0.028850555419921875
2.517716646194458,0.028850555419921875
2.528451919555664,0.028850555419921875
2.539179801940918,0.028850555419921875
2.549898386001587,0.028850555419921875
2.5606601238250732,0.028850555419921875
2.571403980255127,0.028850555419921875
2.582146406173706,0.028850555419921875
2.592860698699951,0.028850555419921875
2.6035871505737305,0.028850555419921875
2.614323616027832,0.028850555419921875
2.625061273574829,0.028850555419921875
2.6357741355895996,0.028850555419921875
2.6465184688568115,0.028850555419921875
2.6572484970092773,0.028850555419921875
2.667985200881958,0.028850555419921875
2.6786978244781494,0.028850555419921875
2.68943190574646,0.028850555419921875
2.7001662254333496,0.028850555419921875
2.7108864784240723,0.028850555419921875
2.7215933799743652,0.028850555419921875
2.732316255569458,0.028850555419921875
2.7430498600006104,0.028850555419921875
2.7537577152252197,0.028850555419921875
2.7644941806793213,0.028850555419921875
2.775226354598999,0.028850555419921875
2.7859532833099365,0.028850555419921875
2.796677589416504,0.028850555419921875
2.8074042797088623,0.029644012451171875
2.818143367767334,0.029644012451171875
2.829009532928467,0.029644012451171875
2.83974027633667,0.029644012451171875
2.850477457046509,0.029644012451171875
2.861212968826294,0.029644012451171875
2.871920585632324,0.029644012451171875
2.8826630115509033,0.029644012451171875
2.8933956623077393,0.029644012451171875
2.9041225910186768,0.029644012451171875
2.914853572845459,0.030147552490234375
2.9255847930908203,0.03050994873046875
2.936309337615967,0.03050994873046875
2.947042226791382,0.03076171875
2.957764148712158,0.03101348876953125
2.9685070514678955,0.03101348876953125
2.9792418479919434,0.03101348876953125
2.9899606704711914,0.03101348876953125
3.0006821155548096,0.03101348876953125
3.0114104747772217,0.03101348876953125
3.0221383571624756,0.03101348876953125
3.0328590869903564,0.03101348876953125
3.043593645095825,0.03101348876953125
3.054327964782715,0.03101348876953125
3.0650670528411865,0.03101348876953125
3.0757858753204346,0.03101348876953125
3.086519956588745,0.03101348876953125
3.0972471237182617,0.03101348876953125
3.107970952987671,0.03101348876953125
3.1186811923980713,0.03101348876953125
3.129408121109009,0.03101348876953125
3.1401405334472656,0.03101348876953125
3.1508657932281494,0.03101348876953125
3.161607265472412,0.03101348876953125
3.1723456382751465,0.03101348876953125
3.1830756664276123,0.03101348876953125
3.1937990188598633,0.03101348876953125
3.2045326232910156,0.03101348876953125
3.2152657508850098,0.03101348876953125
3.2260115146636963,0.03101348876953125
3.2367212772369385,0.03101348876953125
3.247448682785034,0.03101348876953125
3.258183002471924,0.03101348876953125
3.2688920497894287,0.03101348876953125
3.2796127796173096,0.03101348876953125
3.290339946746826,0.03101348876953125
3.3010659217834473,0.03101348876953125
3.311800003051758,0.03101348876953125
3.322531223297119,0.03101348876953125
3.333256483078003,0.03101348876953125
3.3439788818359375,0.03101348876953125
3.354700803756714,0.03101348876953125
3.365436315536499,0.03101348876953125
3.3761725425720215,0.03101348876953125
3.386883020401001,0.03101348876953125
3.3975934982299805,0.03101348876953125
3.408324718475342,0.03101348876953125
3.419058084487915,0.03101348876953125
3.429776906967163,0.03101348876953125
3.440516710281372,0.03101348876953125
3.451284885406494,0.03101348876953125
3.462005853652954,0.03101348876953125
3.4727253913879395,0.03101348876953125
3.4834728240966797,0.03101348876953125
3.494202136993408,0.03101348876953125
3.5049502849578857,0.03101348876953125
3.5156819820404053,0.03101348876953125
3.5264205932617188,0.03101348876953125
3.5371499061584473,0.03101348876953125
3.5478713512420654,0.03101348876953125
3.5585994720458984,0.03101348876953125
3.569321870803833,0.03101348876953125
3.5800678730010986,0.03101348876953125
3.5907936096191406,0.03101348876953125
3.601522445678711,0.03101348876953125
3.61226749420166,0.03101348876953125
3.6229946613311768,0.03101348876953125
3.6337175369262695,0.03101348876953125
3.6444644927978516,0.03101348876953125
3.655212640762329,0.03101348876953125
3.6659324169158936,0.03101348876953125
3.6766879558563232,0.03101348876953125
3.6874215602874756,0.03101348876953125
3.698155403137207,0.03101348876953125
3.708874225616455,0.03101348876953125
3.7195963859558105,0.03101348876953125
3.7303311824798584,0.03101348876953125
3.7410707473754883,0.03101348876953125
3.7517831325531006,0.03101348876953125
3.7625043392181396,0.03101348876953125
3.7732393741607666,0.03101348876953125
3.783964157104492,0.03101348876953125
3.794684410095215,0.03101348876953125
3.805426597595215,0.03101348876953125
3.81619930267334,0.031192779541015625
3.826917886734009,0.031650543212890625
3.8376400470733643,0.03173828125
3.8483693599700928,0.032718658447265625
3.85909366607666,0.032718658447265625
3.869809865951538,0.03369140625
3.8805341720581055,0.03369140625
3.8912720680236816,0.03369140625
3.9020063877105713,0.03369140625
3.912735939025879,0.03369140625
3.923466682434082,0.03369140625
3.9342026710510254,0.03369140625
3.944920063018799,0.03369140625
3.9556374549865723,0.03369140625
3.966374635696411,0.035427093505859375
3.9770991802215576,0.035427093505859375
3.9878125190734863,0.035427093505859375
3.9985623359680176,0.035427093505859375
4.0092973709106445,0.035427093505859375
4.020042419433594,0.035427093505859375
4.030766725540161,0.035427093505859375
4.041509628295898,0.03556060791015625
4.052243709564209,0.03556060791015625
4.062971591949463,0.035701751708984375
4.073698997497559,0.03582763671875
4.084447622299194,0.035831451416015625
4.095174551010132,0.036365509033203125
4.105891704559326,0.03659820556640625
4.116609573364258,0.03668212890625
4.127345561981201,0.036792755126953125
4.138089656829834,0.036865234375
4.148841381072998,0.036865234375
4.159579753875732,0.037441253662109375
4.170308828353882,0.037441253662109375
4.1810338497161865,0.037441253662109375
4.191751003265381,0.037693023681640625
4.2024760246276855,0.037693023681640625
4.213212728500366,0.037944793701171875
4.223928689956665,0.037944793701171875
4.234653949737549,0.037944793701171875
4.2453932762146,0.037944793701171875
4.25612735748291,0.037944793701171875
4.2668774127960205,0.037944793701171875
4.277604103088379,0.037944793701171875
4.288341522216797,0.037944793701171875
4.299074172973633,0.037944793701171875
4.309790134429932,0.037944793701171875
4.32053542137146,0.037944793701171875
4.331274032592773,0.037944793701171875
4.342012643814087,0.037944793701171875
4.35274338722229,0.037944793701171875
4.363499164581299,0.037944793701171875
4.374228239059448,0.038196563720703125
4.384957313537598,0.038448333740234375
4.395668983459473,0.038547515869140625
4.406400918960571,0.038547515869140625
4.417153835296631,0.038547515869140625
4.4278669357299805,0.038547515869140625
4.438585519790649,0.038547515869140625
4.449322462081909,0.038547515869140625
4.460047245025635,0.038547515869140625
4.4707932472229,0.038547515869140625
4.481533050537109,0.038547515869140625
4.492264032363892,0.038547515869140625
4.502998352050781,0.038547515869140625
4.513732194900513,0.038547515869140625
4.524475574493408,0.038547515869140625
4.535199165344238,0.038547515869140625
4.54591703414917,0.038547515869140625
4.556594371795654,0.038547515869140625
4.567337989807129,0.038547515869140625
4.578089237213135,0.038547515869140625
4.588806390762329,0.03887176513671875
4.599541187286377,0.03887176513671875
4.610265254974365,0.03887176513671875
4.621003150939941,0.03887176513671875
4.6317219734191895,0.03887176513671875
4.64245080947876,0.03887176513671875
4.653195858001709,0.039264678955078125
4.663921117782593,0.039768218994140625
4.674647808074951,0.039768218994140625
4.68538236618042,0.039768218994140625
4.6961164474487305,0.039768218994140625
4.706832408905029,0.039768218994140625
4.717573881149292,0.039768218994140625
4.728315830230713,0.039768218994140625
4.739055395126343,0.039768218994140625
4.749772310256958,0.039768218994140625
4.7605273723602295,0.039768218994140625
4.771271705627441,0.039768218994140625
4.7820048332214355,0.039768218994140625
4.79273796081543,0.039768218994140625
4.803472280502319,0.039768218994140625
4.814234018325806,0.039768218994140625
4.8249733448028564,0.039768218994140625
4.835698366165161,0.039768218994140625
4.846447467803955,0.039768218994140625
4.857193470001221,0.039882659912109375
4.8679118156433105,0.039882659912109375
4.878644227981567,0.039882659912109375
4.889381170272827,0.039882659912109375
4.900110244750977,0.039882659912109375
4.910821914672852,0.039882659912109375
4.921576023101807,0.039882659912109375
4.932308197021484,0.039882659912109375
4.943037986755371,0.039882659912109375
4.953763008117676,0.039882659912109375
4.964504957199097,0.039882659912109375
4.975237131118774,0.039882659912109375
4.985960960388184,0.039882659912109375
4.996675252914429,0.039882659912109375
5.007404088973999,0.039882659912109375
5.018148183822632,0.039882659912109375
5.028861045837402,0.039882659912109375
5.039587020874023,0.039882659912109375
5.050325155258179,0.039882659912109375
5.061058044433594,0.039882659912109375
5.071774244308472,0.039882659912109375
5.082499265670776,0.039882659912109375
5.093225955963135,0.039882659912109375
5.103945970535278,0.039882659912109375
5.114656209945679,0.039882659912109375
5.1253886222839355,0.039882659912109375
5.136109828948975,0.039882659912109375
5.1468284130096436,0.039882659912109375
5.157571077346802,0.039882659912109375
5.168290853500366,0.039882659912109375
5.179026365280151,0.039882659912109375
5.189744234085083,0.039882659912109375
5.20048189163208,0.039882659912109375
5.211216688156128,0.039882659912109375
5.221956014633179,0.039882659912109375
5.232683897018433,0.039882659912109375
5.243432998657227,0.039882659912109375
5.254170656204224,0.039882659912109375
5.264913082122803,0.039882659912109375
5.275635719299316,0.039882659912109375
5.286365985870361,0.040130615234375
5.297105073928833,0.040496826171875
5.30785870552063,0.040744781494140625
5.318626642227173,0.040866851806640625
5.329390048980713,0.0411529541015625
5.340329647064209,0.041271209716796875
5.351060390472412,0.041393280029296875
5.361777067184448,0.041393280029296875
5.372520208358765,0.04155731201171875
5.383250951766968,0.04155731201171875
5.39398980140686,0.04155731201171875
5.404721021652222,0.041996002197265625
5.415443658828735,0.0420074462890625
5.426164627075195,0.0420074462890625
5.436872720718384,0.0420074462890625
5.447589874267578,0.0420074462890625
5.458326578140259,0.0420074462890625
5.469064950942993,0.0420074462890625
5.47978138923645,0.0420074462890625
5.490524530410767,0.0420074462890625
5.501258850097656,0.0420074462890625
5.511976718902588,0.0420074462890625
5.522690534591675,0.0420074462890625
5.5334312915802,0.0420074462890625
5.54415225982666,0.0420074462890625
5.554869174957275,0.0420074462890625
5.565597772598267,0.0420074462890625
5.576343297958374,0.0420074462890625
5.587069034576416,0.0420074462890625
5.597801685333252,0.0420074462890625
5.608528137207031,0.0420074462890625
5.619253158569336,0.0420074462890625
5.629973888397217,0.0420074462890625
5.640679597854614,0.0420074462890625
5.651402950286865,0.0420074462890625
5.66212797164917,0.0420074462890625
5.6728410720825195,0.0420074462890625
5.6835572719573975,0.0420074462890625
5.694293975830078,0.0420074462890625
5.705023527145386,0.0420074462890625
5.715752124786377,0.0420074462890625
5.726486682891846,0.0420074462890625
5.7372095584869385,0.0420074462890625
5.74792218208313,0.0420074462890625
5.758657455444336,0.042255401611328125
5.769387722015381,0.042255401611328125
5.7801289558410645,0.042507171630859375
5.79084324836731,0.042507171630859375
5.801579475402832,0.042507171630859375
5.812304258346558,0.042507171630859375
5.823029041290283,0.042758941650390625
5.833745241165161,0.0428314208984375
5.844468832015991,0.0428314208984375
5.85519552230835,0.043079376220703125
5.865911245346069,0.043079376220703125
5.876591920852661,0.043079376220703125
5.887348413467407,0.043079376220703125
5.898085355758667,0.043079376220703125
5.908797979354858,0.043079376220703125
5.919542074203491,0.043079376220703125
5.930273056030273,0.043079376220703125
5.9410059452056885,0.043079376220703125
5.9517247676849365,0.043079376220703125
5.962449789047241,0.043079376220703125
5.973176717758179,0.043079376220703125
5.983895778656006,0.043079376220703125
5.994614362716675,0.043079376220703125
6.005346298217773,0.043079376220703125
6.016085386276245,0.043079376220703125
6.026795148849487,0.043079376220703125
6.037532091140747,0.043079376220703125
6.04826807975769,0.043079376220703125
6.058997631072998,0.043079376220703125
6.069724082946777,0.043079376220703125
6.080467462539673,0.043079376220703125
6.09120512008667,0.043079376220703125
6.101912498474121,0.043079376220703125
6.112622261047363,0.043079376220703125
6.123356819152832,0.043079376220703125
6.1340765953063965,0.043079376220703125
6.1447954177856445,0.043079376220703125
6.15554141998291,0.043079376220703125
6.166269302368164,0.043079376220703125
6.177010774612427,0.043079376220703125
6.187746047973633,0.043079376220703125
6.198472023010254,0.043079376220703125
6.209211111068726,0.043079376220703125
6.219919443130493,0.043079376220703125
6.23064661026001,0.043079376220703125
6.2414116859436035,0.043079376220703125
6.252138376235962,0.043079376220703125
6.262848854064941,0.043079376220703125
6.273593187332153,0.043079376220703125
6.28432559967041,0.043079376220703125
6.295049428939819,0.043079376220703125
6.305766344070435,0.043079376220703125
6.316493988037109,0.043079376220703125
6.327221155166626,0.043079376220703125
6.3379480838775635,0.043079376220703125
6.348663091659546,0.043079376220703125
6.359391689300537,0.043079376220703125
6.370117664337158,0.043079376220703125
6.380839109420776,0.043079376220703125
6.391571283340454,0.043079376220703125
6.402303695678711,0.043079376220703125
6.413034915924072,0.043079376220703125
6.423754453659058,0.043079376220703125
6.434491872787476,0.043079376220703125
6.445220708847046,0.043079376220703125
6.4559314250946045,0.043079376220703125
6.4666478633880615,0.043079376220703125
6.4773850440979,0.043079376220703125
6.488134384155273,0.043079376220703125
6.498852014541626,0.043079376220703125
6.509582996368408,0.043079376220703125
6.520343780517578,0.043079376220703125
6.531068325042725,0.043079376220703125
6.541780948638916,0.043079376220703125
6.552515268325806,0.043079376220703125
6.563242673873901,0.043079376220703125
6.573976755142212,0.043079376220703125
6.584684371948242,0.043079376220703125
6.595427989959717,0.043079376220703125
6.606152534484863,0.043079376220703125
6.6168622970581055,0.043079376220703125
6.627588510513306,0.043079376220703125
6.638324499130249,0.043079376220703125
6.649048805236816,0.043079376220703125
6.659783840179443,0.043331146240234375
6.670519828796387,0.04351806640625
6.681273460388184,0.04351806640625
6.691997051239014,0.043788909912109375
6.70274543762207,0.043788909912109375
6.71348237991333,0.043788909912109375
6.724222898483276,0.043788909912109375
6.734961748123169,0.044254302978515625
6.74568772315979,0.04434967041015625
6.756410121917725,0.04434967041015625
6.767134666442871,0.04434967041015625
6.777858734130859,0.04434967041015625
6.788583278656006,0.04434967041015625
6.799320459365845,0.04434967041015625
6.810047149658203,0.04434967041015625
6.8207573890686035,0.04434967041015625
6.831495523452759,0.04434967041015625
6.842218637466431,0.04434967041015625
6.852930545806885,0.04434967041015625
6.863672971725464,0.044528961181640625
6.874406099319458,0.0445709228515625
6.8851494789123535,0.044708251953125
6.895863771438599,0.044773101806640625
6.906588554382324,0.044773101806640625
6.917318344116211,0.044773101806640625
6.928047180175781,0.044773101806640625
6.938763380050659,0.044956207275390625
6.949502229690552,0.044956207275390625
6.960235357284546,0.044956207275390625
6.97095799446106,0.044956207275390625
6.981671094894409,0.044956207275390625
6.992411851882935,0.044956207275390625
7.003149747848511,0.044956207275390625
7.013857364654541,0.044956207275390625
7.024585008621216,0.044956207275390625
7.035340070724487,0.044956207275390625
7.046064138412476,0.044956207275390625
7.05677056312561,0.044956207275390625
7.067511796951294,0.044956207275390625
7.07823634147644,0.044956207275390625
7.088975667953491,0.044956207275390625
7.0996904373168945,0.044956207275390625
7.110426664352417,0.044956207275390625
7.1211724281311035,0.044956207275390625
7.131911039352417,0.044956207275390625
7.1426310539245605,0.044956207275390625
7.1533544063568115,0.044956207275390625
7.164079666137695,0.044956207275390625
7.174790620803833,0.044956207275390625
7.185511827468872,0.044956207275390625
7.196239233016968,0.044956207275390625
7.2069621086120605,0.044956207275390625
7.2176759243011475,0.044956207275390625
7.228411912918091,0.044956207275390625
7.239148139953613,0.044956207275390625
7.249856233596802,0.044956207275390625
7.260585069656372,0.044956207275390625
7.271307706832886,0.044956207275390625
7.282029390335083,0.044956207275390625
7.292757272720337,0.04520416259765625
7.30349326133728,0.04520416259765625
7.3142101764678955,0.04520416259765625
7.324929475784302,0.04520416259765625
7.335662364959717,0.04520416259765625
7.346402168273926,0.04520416259765625
7.357130527496338,0.04520416259765625
7.367856979370117,0.04520416259765625
7.378582715988159,0.04520416259765625
7.389305353164673,0.04520416259765625
7.400035858154297,0.0454559326171875
7.410756826400757,0.04570770263671875
7.421495199203491,0.04595947265625
7.432229042053223,0.04605865478515625
7.442954778671265,0.04605865478515625
7.453676700592041,0.046436309814453125
7.464409589767456,0.04656982421875
7.475141525268555,0.046573638916015625
7.485876560211182,0.047115325927734375
7.496617078781128,0.047367095947265625
7.50734543800354,0.047367095947265625
7.518078565597534,0.047367095947265625
7.52881383895874,0.047367095947265625
7.539535760879517,0.047367095947265625
7.550267934799194,0.047367095947265625
7.561003923416138,0.047618865966796875
7.571733474731445,0.047618865966796875
7.582465648651123,0.047618865966796875
7.593194961547852,0.047618865966796875
7.60390567779541,0.047618865966796875
7.614640951156616,0.047618865966796875
7.62536883354187,0.047618865966796875
7.636099338531494,0.047618865966796875
7.646819829940796,0.047618865966796875
7.6575541496276855,0.047618865966796875
7.668278455734253,0.047618865966796875
7.679012060165405,0.047618865966796875
7.689735651016235,0.047618865966796875
7.700467109680176,0.047618865966796875
7.711198329925537,0.047618865966796875
7.7219061851501465,0.047618865966796875
7.732627630233765,0.047618865966796875
7.743370294570923,0.047618865966796875
7.754096746444702,0.04779052734375
7.764812231063843,0.047794342041015625
7.775555849075317,0.047794342041015625
7.7862794399261475,0.047885894775390625
7.7970147132873535,0.047885894775390625
7.807742595672607,0.0479583740234375
7.8184731006622314,0.0479583740234375
7.829193353652954,0.0479583740234375
7.8399131298065186,0.0479583740234375
7.8506364822387695,0.0479583740234375
7.8613739013671875,0.0479583740234375
7.872112035751343,0.0479583740234375
7.882818698883057,0.0479583740234375
7.893552780151367,0.0479583740234375
7.904275178909302,0.0479583740234375
7.915002346038818,0.0479583740234375
7.925753355026245,0.0479583740234375
7.936495780944824,0.0479583740234375
7.947222709655762,0.0480804443359375
7.9579503536224365,0.0480804443359375
7.968675851821899,0.0480804443359375
7.979414463043213,0.0480804443359375
7.990139007568359,0.0480804443359375
8.000977039337158,0.0480804443359375
8.011690855026245,0.0480804443359375
8.022414684295654,0.0480804443359375
8.03316044807434,0.0480804443359375
8.043890714645386,0.0480804443359375
8.05461835861206,0.0480804443359375
8.065378665924072,0.0480804443359375
8.076117515563965,0.0480804443359375
8.086827516555786,0.0480804443359375
8.097556829452515,0.0480804443359375
8.108288049697876,0.0480804443359375
8.119019746780396,0.0480804443359375
8.129733324050903,0.0480804443359375
8.140464782714844,0.0480804443359375
8.151187181472778,0.0480804443359375
8.16191291809082,0.0480804443359375
8.172616243362427,0.0480804443359375
8.18334150314331,0.049098968505859375
8.194081783294678,0.049098968505859375
8.204806327819824,0.050052642822265625
8.215550184249878,0.050052642822265625
8.226295948028564,0.050052642822265625
8.237021684646606,0.050052642822265625
8.247734308242798,0.050052642822265625
8.258456468582153,0.050052642822265625
8.269184589385986,0.0500946044921875
8.279907464981079,0.05126953125
8.290629863739014,0.051425933837890625
8.301356077194214,0.051425933837890625
8.312088966369629,0.051425933837890625
8.32279896736145,0.051425933837890625
8.333523988723755,0.051425933837890625
8.34424614906311,0.051425933837890625
8.354974746704102,0.051425933837890625
8.365681171417236,0.051425933837890625
8.376423835754395,0.051425933837890625
8.38714599609375,0.051425933837890625
8.397857666015625,0.051425933837890625
8.40857744216919,0.051425933837890625
8.419311285018921,0.051425933837890625
8.430042028427124,0.051425933837890625
8.440765619277954,0.05165863037109375
8.45150637626648,0.05165863037109375
8.462246894836426,0.052371978759765625
8.47298526763916,0.052440643310546875
8.48373532295227,0.052440643310546875
8.494474411010742,0.052440643310546875
8.50521969795227,0.052440643310546875
8.515952587127686,0.052440643310546875
8.526681423187256,0.052440643310546875
8.537417650222778,0.052440643310546875
8.548163414001465,0.052440643310546875
8.55887246131897,0.052440643310546875
8.569612264633179,0.052642822265625
8.580345630645752,0.052642822265625
8.5910804271698,0.052642822265625
8.601803302764893,0.052642822265625
8.612541675567627,0.052642822265625
8.623283624649048,0.052642822265625
8.634023904800415,0.052642822265625
8.644756078720093,0.052642822265625
8.655494689941406,0.052642822265625
8.666223049163818,0.052642822265625
8.676945686340332,0.052642822265625
8.687654733657837,0.052642822265625
8.698394775390625,0.052642822265625
8.709119319915771,0.052642822265625
8.719847917556763,0.052642822265625
8.730588436126709,0.052642822265625
8.741330862045288,0.052642822265625
8.752060651779175,0.052642822265625
8.76276969909668,0.052642822265625
8.773504734039307,0.052642822265625
8.784245252609253,0.052642822265625
8.794980525970459,0.052642822265625
8.805705785751343,0.052642822265625
8.81644868850708,0.052642822265625
8.827184677124023,0.052928924560546875
8.837903261184692,0.053112030029296875
8.848611116409302,0.053401947021484375
8.859357357025146,0.053401947021484375
8.870103597640991,0.053646087646484375
8.880826711654663,0.05385589599609375
8.891565322875977,0.05385589599609375
8.902298927307129,0.05385589599609375
8.913035154342651,0.05385589599609375
8.9237539768219,0.05385589599609375
8.934488773345947,0.05385589599609375
8.945247888565063,0.05385589599609375
8.955991268157959,0.05385589599609375
8.966741800308228,0.05385589599609375
8.977477312088013,0.05385589599609375
8.988202333450317,0.05385589599609375
8.998907804489136,0.05385589599609375
9.009631872177124,0.05385589599609375
9.020372152328491,0.05385589599609375
9.031096458435059,0.05385589599609375
9.041815757751465,0.05385589599609375
9.052554368972778,0.05385589599609375
9.063296794891357,0.05385589599609375
9.074015140533447,0.05385589599609375
9.084733009338379,0.05385589599609375
9.095460176467896,0.05385589599609375
9.106178522109985,0.05385589599609375
9.11689567565918,0.05385589599609375
9.127627611160278,0.05385589599609375
9.138368129730225,0.05385589599609375
9.149086952209473,0.05385589599609375
9.15980339050293,0.05385589599609375
9.170541763305664,0.05385589599609375
9.181299924850464,0.05385589599609375
9.192049264907837,0.05385589599609375
9.202775955200195,0.05385589599609375
9.213510990142822,0.05385589599609375
9.224238157272339,0.05385589599609375
9.234962701797485,0.05385589599609375
9.245680570602417,0.05385589599609375
9.256414890289307,0.05385589599609375
9.267146587371826,0.05385589599609375
9.277873277664185,0.05385589599609375
9.288607120513916,0.05385589599609375
9.299346685409546,0.05385589599609375
9.31011962890625,0.05385589599609375
9.320827960968018,0.05385589599609375
9.331551313400269,0.05385589599609375
9.342283725738525,0.05385589599609375
9.353012323379517,0.05385589599609375
9.36373257637024,0.05385589599609375
9.374480724334717,0.05385589599609375
9.385204792022705,0.05385589599609375
9.395910024642944,0.05385589599609375
9.406630754470825,0.05385589599609375
9.417388200759888,0.05385589599609375
9.428122520446777,0.05385589599609375
9.438826084136963,0.05385589599609375
9.44956350326538,0.05385589599609375
9.46028995513916,0.05385589599609375
9.471009254455566,0.05385589599609375
9.481728076934814,0.05385589599609375
9.492464065551758,0.05385589599609375
9.503181219100952,0.05385589599609375
9.513895273208618,0.05385589599609375
9.52461838722229,0.05385589599609375
9.535376071929932,0.05385589599609375
9.54609751701355,0.05385589599609375
9.556803226470947,0.05385589599609375
9.567541122436523,0.05385589599609375
9.578266143798828,0.05385589599609375
9.588984251022339,0.0543060302734375
9.599708557128906,0.0543060302734375
9.610429525375366,0.0543060302734375
9.621148109436035,0.0543060302734375
9.631869077682495,0.0543060302734375
9.64258098602295,0.0543060302734375
9.653311729431152,0.0543060302734375
9.664042711257935,0.0543060302734375
9.67475175857544,0.0543060302734375
9.685476541519165,0.0543060302734375
9.696203708648682,0.0543060302734375
9.70694899559021,0.0543060302734375
9.717668294906616,0.0543060302734375
9.72839641571045,0.0543060302734375
9.739118099212646,0.0543060302734375
9.749823331832886,0.0543060302734375
9.76055359840393,0.0543060302734375
9.771275043487549,0.0543060302734375
9.781997919082642,0.0543060302734375
9.79273271560669,0.0543060302734375
9.80348253250122,0.0543060302734375
9.814204931259155,0.0543060302734375
9.824944734573364,0.0543060302734375
9.835669755935669,0.0543060302734375
9.84641718864441,0.0543060302734375
9.857149600982666,0.0543060302734375
9.86787748336792,0.0543060302734375
9.878596067428589,0.0543060302734375
9.88933777809143,0.05455780029296875
9.90006971359253,0.05455780029296875
9.910789728164673,0.05455780029296875
9.921523094177246,0.054988861083984375
9.932246208190918,0.055118560791015625
9.942968845367432,0.055210113525390625
9.953683376312256,0.055294036865234375
9.964412927627563,0.055294036865234375
9.975138187408447,0.055294036865234375
9.985862970352173,0.05600738525390625
9.996583461761475,0.05600738525390625
10.007315158843994,0.05600738525390625
10.01802682876587,0.05600738525390625
10.028733491897583,0.05600738525390625
10.03946852684021,0.05600738525390625
10.050207376480103,0.05600738525390625
10.060912847518921,0.05600738525390625
10.07162857055664,0.05600738525390625
10.082372665405273,0.05600738525390625
10.093092441558838,0.05600738525390625
10.103803396224976,0.05600738525390625
10.114536046981812,0.05600738525390625
10.12525200843811,0.05600738525390625
10.13597321510315,0.05600738525390625
10.146684169769287,0.05600738525390625
10.157409191131592,0.05600738525390625
10.168144226074219,0.05600738525390625
10.178872108459473,0.05600738525390625
10.189590215682983,0.05600738525390625
10.200320482254028,0.05600738525390625
10.211038827896118,0.05600738525390625
10.221746444702148,0.05600738525390625
10.232478618621826,0.05600738525390625
10.244677066802979,0.05600738525390625
10.255430936813354,0.05600738525390625
10.266165256500244,0.05600738525390625
10.276877164840698,0.05600738525390625
10.287590503692627,0.05600738525390625
10.298322200775146,0.05600738525390625
10.30904746055603,0.05600738525390625
10.31975793838501,0.05600738525390625
10.330482006072998,0.05600738525390625
10.34121036529541,0.05600738525390625
10.351918935775757,0.05612945556640625
10.3625967502594,0.05612945556640625
10.373318195343018,0.05612945556640625
10.384060382843018,0.056499481201171875
10.394785642623901,0.05689239501953125
10.405518054962158,0.0572662353515625
10.41626501083374,0.05780029296875
10.427002191543579,0.05780029296875
10.437724828720093,0.05780029296875
10.44845700263977,0.05780029296875
10.459203958511353,0.05780029296875
10.469918251037598,0.058048248291015625
10.48064661026001,0.0583648681640625
10.491379737854004,0.058513641357421875
10.502098798751831,0.058868408203125
10.512820720672607,0.058872222900390625
10.52357292175293,0.05907440185546875
10.534292936325073,0.059299468994140625
10.545034170150757,0.059600830078125
10.555752754211426,0.059600830078125
10.566481590270996,0.059600830078125
10.577218532562256,0.059600830078125
10.587949514389038,0.059600830078125
10.598673343658447,0.059600830078125
10.609407901763916,0.059600830078125
10.620131254196167,0.059600830078125
10.630861282348633,0.059600830078125
10.641590356826782,0.059600830078125
10.65231728553772,0.059600830078125
10.66304898262024,0.059600830078125
10.673768758773804,0.059600830078125
10.684502124786377,0.059600830078125
10.695235967636108,0.059600830078125
10.705969333648682,0.059600830078125
10.716691732406616,0.059600830078125
10.727419376373291,0.059600830078125
10.738164901733398,0.059600830078125
10.748870134353638,0.059600830078125
10.759593486785889,0.059600830078125
10.770325660705566,0.059600830078125
10.78105640411377,0.059600830078125
10.791766881942749,0.059600830078125
10.802490711212158,0.059600830078125
10.813234090805054,0.059600830078125
10.82395315170288,0.059600830078125
10.834662199020386,0.059600830078125
10.845398902893066,0.059970855712890625
10.856120586395264,0.060405731201171875
10.86683201789856,0.060405731201171875
10.87756872177124,0.060405731201171875
10.888295650482178,0.060756683349609375
10.899016380310059,0.060756683349609375
10.909722089767456,0.060756683349609375
10.920470714569092,0.060756683349609375
10.931204557418823,0.060756683349609375
10.941914796829224,0.060756683349609375
10.952645540237427,0.060756683349609375
10.963387727737427,0.060756683349609375
10.974117517471313,0.060756683349609375
10.98483395576477,0.060756683349609375
10.995564460754395,0.060756683349609375
11.006291389465332,0.060756683349609375
11.017004251480103,0.060756683349609375
11.027730703353882,0.060756683349609375
11.038456916809082,0.060756683349609375
11.049214124679565,0.060756683349609375
11.059951305389404,0.060756683349609375
11.07066798210144,0.060756683349609375
11.081413507461548,0.06110382080078125
11.092150688171387,0.06110382080078125
11.102890491485596,0.06110382080078125
11.11360502243042,0.06110382080078125
11.124365091323853,0.06110382080078125
11.135111808776855,0.06110382080078125
11.145835876464844,0.06110382080078125
11.15656590461731,0.06110382080078125
11.167316675186157,0.06110382080078125
11.178043603897095,0.06110382080078125
11.188762187957764,0.06110382080078125
11.19952917098999,0.06110382080078125
11.210261583328247,0.06110382080078125
11.220987796783447,0.06110382080078125
11.231740236282349,0.06110382080078125
11.242484331130981,0.06110382080078125
11.253225088119507,0.06110382080078125
11.263951778411865,0.06110382080078125
11.274691820144653,0.06110382080078125
11.28542160987854,0.06153106689453125
11.296163082122803,0.06162261962890625
11.306901216506958,0.06162261962890625
11.31763219833374,0.06162261962890625
11.328369617462158,0.06162261962890625
11.339089632034302,0.06162261962890625
11.349820852279663,0.06162261962890625
11.360560178756714,0.06162261962890625
11.371286153793335,0.06162261962890625
11.382023572921753,0.06162261962890625
11.392750978469849,0.06162261962890625
11.40347695350647,0.06162261962890625
11.414209365844727,0.06162261962890625
11.424913883209229,0.06162261962890625
11.435640096664429,0.061824798583984375
11.446378231048584,0.06182861328125
11.457103729248047,0.06182861328125
11.467822551727295,0.062252044677734375
11.478556632995605,0.062252044677734375
11.489286422729492,0.06334304809570312
11.50001049041748,0.06386566162109375
11.510740518569946,0.06386566162109375
11.521467924118042,0.06386566162109375
11.532192468643188,0.06386566162109375
11.542903900146484,0.06386566162109375
11.553601741790771,0.06386566162109375
11.5643892288208,0.06386566162109375
11.57511305809021,0.06386566162109375
11.585821151733398,0.06386566162109375
11.596560001373291,0.06386566162109375
11.6072838306427,0.06386566162109375
11.618022918701172,0.06386566162109375
11.628731489181519,0.06386566162109375
11.639491319656372,0.06386566162109375
11.650226593017578,0.06386566162109375
11.660931825637817,0.06386566162109375
11.671652555465698,0.06386566162109375
11.682373046875,0.06386566162109375
11.693095207214355,0.06386566162109375
11.703809022903442,0.06386566162109375
11.714536666870117,0.06386566162109375
11.725265502929688,0.06386566162109375
11.735995531082153,0.06386566162109375
11.746716976165771,0.06386566162109375
11.757457971572876,0.06386566162109375
11.768184661865234,0.06386566162109375
11.778900861740112,0.06386566162109375
11.789624214172363,0.06386566162109375
11.800353527069092,0.06386566162109375
11.811073541641235,0.06386566162109375
11.821781396865845,0.06386566162109375
11.832502365112305,0.0640106201171875
11.843225002288818,0.06425094604492188
11.853929042816162,0.06425094604492188
11.864652633666992,0.064453125
11.875383377075195,0.064453125
11.886111497879028,0.064453125
11.89682650566101,0.064453125
11.907562971115112,0.064453125
11.91829776763916,0.064453125
11.929038286209106,0.064453125
11.939764022827148,0.064453125
11.950486183166504,0.064453125
11.961224794387817,0.064453125
11.97195053100586,0.064453125
11.98269248008728,0.064453125
11.993419647216797,0.064453125
12.004137992858887,0.064453125
12.014858484268188,0.064453125
12.025581359863281,0.064453125
12.036316871643066,0.064453125
12.047036170959473,0.064453125
12.057754755020142,0.064453125
12.068485736846924,0.064453125
12.079233407974243,0.064453125
12.08995532989502,0.064453125
12.1006600856781,0.064453125
12.111382246017456,0.064453125
12.122103214263916,0.064453125
12.132816791534424,0.064453125
12.143535137176514,0.064453125
12.154256820678711,0.064453125
12.164997816085815,0.064453125
12.175737857818604,0.064453125
12.186461210250854,0.064453125
12.197185039520264,0.064453125
12.207902669906616,0.064453125
12.21862530708313,0.064453125
12.229356050491333,0.064453125
12.240071773529053,0.064453125
12.250798463821411,0.064453125
12.261525869369507,0.064453125
12.272242784500122,0.064453125
12.282959461212158,0.064453125
12.293665409088135,0.064453125
12.304393529891968,0.064453125
12.315112590789795,0.064453125
12.325827598571777,0.064453125
12.336564302444458,0.064453125
12.347294092178345,0.064453125
12.358025074005127,0.064453125
12.368736982345581,0.064453125
12.37947940826416,0.064453125
12.390208005905151,0.064453125
12.40092158317566,0.064453125
12.411633491516113,0.064453125
12.422359704971313,0.064453125
12.433089971542358,0.064453125
12.443796634674072,0.064453125
12.454532623291016,0.064453125
12.465255975723267,0.064453125
12.475970983505249,0.064453125
12.486692905426025,0.064453125
12.497417211532593,0.06466293334960938
12.50812816619873,0.06466293334960938
12.518852710723877,0.06466293334960938
12.529584646224976,0.06466293334960938
12.540313959121704,0.06466293334960938
12.551035642623901,0.06466293334960938
12.561753034591675,0.06466293334960938
12.572489738464355,0.06466293334960938
12.583256483078003,0.06466293334960938
12.593976020812988,0.06466293334960938
12.604685544967651,0.06466293334960938
12.615423679351807,0.06466293334960938
12.626151323318481,0.06466293334960938
12.636871099472046,0.06466293334960938
12.647595882415771,0.06466293334960938
12.658329010009766,0.06466293334960938
12.669046878814697,0.06466293334960938
12.679754734039307,0.06466293334960938
12.690493822097778,0.06466293334960938
12.701228857040405,0.06466293334960938
12.711933135986328,0.06466293334960938
12.722675561904907,0.06466293334960938
12.733403444290161,0.06466293334960938
12.744120359420776,0.06466293334960938
12.754826068878174,0.06466293334960938
12.76555871963501,0.06466293334960938
12.776288032531738,0.06466293334960938
12.787018060684204,0.06466293334960938
12.797745704650879,0.06466293334960938
12.808465242385864,0.06466293334960938
12.819188833236694,0.06466293334960938
12.829902648925781,0.06466293334960938
12.84062385559082,0.06466293334960938
12.851380825042725,0.06466293334960938
12.86210298538208,0.06466293334960938
12.872808456420898,0.06466293334960938
12.883543968200684,0.06466293334960938
12.894272565841675,0.06466293334960938
12.904997110366821,0.06466293334960938
12.915714502334595,0.06466293334960938
12.926445960998535,0.06466293334960938
12.937169313430786,0.06466293334960938
12.94787859916687,0.06466293334960938
12.958584070205688,0.06466293334960938
12.969334363937378,0.06466293334960938
12.980057716369629,0.06466293334960938
12.990766525268555,0.06466293334960938
13.001487493515015,0.06466293334960938
13.01220440864563,0.06466293334960938
13.022910594940186,0.06466293334960938
13.033632040023804,0.06466293334960938
13.044354438781738,0.06466293334960938
13.05508017539978,0.06466293334960938
13.065789222717285,0.06466293334960938
13.07651686668396,0.06466293334960938
13.08724045753479,0.06466293334960938
13.097962617874146,0.06466293334960938
13.10867190361023,0.06466293334960938
13.119410514831543,0.06466293334960938
13.130133867263794,0.06466293334960938
13.140841484069824,0.06466293334960938
13.151563167572021,0.06466293334960938
13.162286043167114,0.06466293334960938
13.173023462295532,0.06466293334960938
13.183736562728882,0.06466293334960938
13.194461822509766,0.06466293334960938
13.205188035964966,0.06466293334960938
13.215898990631104,0.06466293334960938
13.226608514785767,0.06466293334960938
13.23733639717102,0.06466293334960938
13.248056411743164,0.06466293334960938
13.258765935897827,0.06466293334960938
13.269487619400024,0.06466293334960938
13.280213117599487,0.06466293334960938
13.290929079055786,0.06466293334960938
13.301661729812622,0.06466293334960938
13.312391757965088,0.06479644775390625
13.323118686676025,0.06479644775390625
13.333823204040527,0.06479644775390625
13.344548463821411,0.06479644775390625
13.355267524719238,0.06479644775390625
13.365992307662964,0.06479644775390625
13.376697540283203,0.06479644775390625
13.387422800064087,0.06479644775390625
13.398165464401245,0.06479644775390625
13.408880472183228,0.06479644775390625
13.419609308242798,0.06479644775390625
13.43032956123352,0.06479644775390625
13.441049337387085,0.06479644775390625
13.451763391494751,0.06479644775390625
13.46249508857727,0.06479644775390625
13.473224878311157,0.06479644775390625
13.483952522277832,0.06479644775390625
13.494749307632446,0.06479644775390625
13.50548267364502,0.06479644775390625
13.516213178634644,0.06479644775390625
13.526968002319336,0.06479644775390625
13.537688255310059,0.06479644775390625
13.548436403274536,0.06479644775390625
13.559170961380005,0.06479644775390625
13.569959878921509,0.06479644775390625
13.580686807632446,0.06479644775390625
13.591419696807861,0.06479644775390625
13.602148056030273,0.06479644775390625
13.612869024276733,0.06479644775390625
13.62360692024231,0.06479644775390625
13.634347677230835,0.06479644775390625
13.6450834274292,0.06479644775390625
13.65579891204834,0.06479644775390625
13.66654634475708,0.06479644775390625
13.677281141281128,0.06479644775390625
13.688024997711182,0.06479644775390625
13.698766946792603,0.06479644775390625
13.709514379501343,0.06479644775390625
13.720256567001343,0.06534576416015625
13.73099970817566,0.06534576416015625
13.741729021072388,0.06642913818359375
13.752477407455444,0.06642913818359375
13.763221263885498,0.066680908203125
13.773963689804077,0.066680908203125
13.784687757492065,0.066680908203125
13.795420169830322,0.066680908203125
13.80615234375,0.066680908203125
13.816855669021606,0.066680908203125
13.827584028244019,0.066680908203125
13.838311195373535,0.066680908203125
13.849026918411255,0.066680908203125
13.859746932983398,0.066680908203125
13.870481252670288,0.066680908203125
13.881205797195435,0.066680908203125
13.891908884048462,0.066680908203125
13.902636766433716,0.066680908203125
13.91336441040039,0.066680908203125
13.924092054367065,0.066680908203125
13.934816122055054,0.066680908203125
13.945558547973633,0.066680908203125
13.956283569335938,0.066680908203125
13.967014074325562,0.066680908203125
13.977736711502075,0.066680908203125
13.988502264022827,0.066680908203125
13.99923038482666,0.066680908203125
14.009977340698242,0.066680908203125
14.020694494247437,0.066680908203125
14.03142523765564,0.066680908203125
14.042145013809204,0.066680908203125
14.052854061126709,0.066680908203125
14.063563346862793,0.066680908203125
14.074296236038208,0.066680908203125
14.085027933120728,0.06692886352539062
14.095760345458984,0.067169189453125
14.106487274169922,0.067169189453125
14.117223262786865,0.067169189453125
14.127929210662842,0.067169189453125
14.138667345046997,0.067169189453125
14.14939284324646,0.067169189453125
14.160128593444824,0.067169189453125
14.170871019363403,0.067169189453125
14.181589603424072,0.067169189453125
14.19232177734375,0.067169189453125
14.203062772750854,0.067169189453125
14.213789939880371,0.067169189453125
14.224552631378174,0.067169189453125
14.235350608825684,0.067169189453125
14.246078252792358,0.067169189453125
14.256788492202759,0.067169189453125
14.267525672912598,0.067169189453125
14.27825117111206,0.067169189453125
14.288983345031738,0.067169189453125
14.299707889556885,0.067169189453125
14.310434103012085,0.067169189453125
14.321154832839966,0.067169189453125
14.331873416900635,0.067169189453125
14.342584609985352,0.067169189453125
14.353354215621948,0.06746292114257812
14.364098072052002,0.06746292114257812
14.374809741973877,0.06746292114257812
14.385541915893555,0.06746292114257812
14.396262407302856,0.06746292114257812
14.406980514526367,0.06746292114257812
14.417715072631836,0.06746292114257812
14.428449392318726,0.06746292114257812
14.43918228149414,0.06746292114257812
14.449912786483765,0.06746292114257812
14.460636377334595,0.06746292114257812
14.47137713432312,0.06746292114257812
14.482099533081055,0.06746292114257812
14.492804050445557,0.06746292114257812
14.503547430038452,0.06746292114257812
14.514268159866333,0.06746292114257812
14.524989128112793,0.06746292114257812
14.5357084274292,0.06746292114257812
14.546440839767456,0.06746292114257812
14.557169437408447,0.06746292114257812
14.567893981933594,0.06746292114257812
14.57861614227295,0.06746292114257812
14.589354515075684,0.06746292114257812
14.600088596343994,0.06746292114257812
14.61079716682434,0.06746292114257812
14.621521949768066,0.06746292114257812
14.632246017456055,0.06746292114257812
14.642976760864258,0.06746292114257812
14.653704166412354,0.06746292114257812
14.664458990097046,0.06746292114257812
14.675175666809082,0.06746292114257812
14.685893535614014,0.06746292114257812
14.696610689163208,0.06746292114257812
14.707343816757202,0.06746292114257812
14.718061923980713,0.06746292114257812
14.728768825531006,0.06746292114257812
14.739501714706421,0.06746292114257812
14.750248193740845,0.06746292114257812
14.760969638824463,0.06746292114257812
14.77168869972229,0.06746292114257812
14.782421112060547,0.06746292114257812
14.793145895004272,0.06746292114257812
14.803853034973145,0.06746292114257812
14.814582824707031,0.06746292114257812
14.825301885604858,0.06746292114257812
14.836028099060059,0.06746292114257812
14.84674620628357,0.06746292114257812
14.857475757598877,0.06746292114257812
14.868198156356812,0.06746292114257812
14.878928422927856,0.06746292114257812
14.889662265777588,0.06746292114257812
14.900404214859009,0.06746292114257812
14.911144971847534,0.06746292114257812
14.921853303909302,0.06757736206054688
14.932584285736084,0.06757736206054688
14.94331407546997,0.06757736206054688
14.954030275344849,0.06757736206054688
14.964737892150879,0.06757736206054688
14.975474119186401,0.06757736206054688
14.986211776733398,0.06757736206054688
14.996920824050903,0.06757736206054688
15.007646560668945,0.06757736206054688
15.018372535705566,0.06757736206054688
15.029097318649292,0.06757736206054688
15.039799690246582,0.06757736206054688
15.05052638053894,0.06757736206054688
15.061250448226929,0.06803131103515625
15.07198715209961,0.06803131103515625
15.082730770111084,0.06803131103515625
15.093462705612183,0.06818389892578125
15.104180574417114,0.06818771362304688
15.114891767501831,0.06850814819335938
15.125592947006226,0.06850814819335938
15.136314392089844,0.06850814819335938
15.147032022476196,0.068634033203125
15.157737731933594,0.068634033203125
15.168473720550537,0.06876754760742188
15.179199695587158,0.06876754760742188
15.189901351928711,0.06876754760742188
15.200625658035278,0.06876754760742188
15.21135425567627,0.06876754760742188
15.222083568572998,0.06876754760742188
15.232787370681763,0.06876754760742188
15.243527173995972,0.06876754760742188
15.254287719726562,0.06876754760742188
15.265007734298706,0.06876754760742188
15.275727987289429,0.06876754760742188
15.286461114883423,0.06876754760742188
15.297184467315674,0.06876754760742188
15.307888746261597,0.06876754760742188
15.31859803199768,0.06876754760742188
15.329334497451782,0.06876754760742188
15.340056657791138,0.06876754760742188
15.350765705108643,0.06876754760742188
15.361495018005371,0.06897735595703125
15.372224569320679,0.06897735595703125
15.382933378219604,0.06897735595703125
15.39365267753601,0.06897735595703125
15.404383659362793,0.06920242309570312
15.415102481842041,0.069580078125
15.425814151763916,0.069580078125
15.436532497406006,0.069580078125
15.44726014137268,0.069580078125
15.458009719848633,0.069580078125
15.468724250793457,0.069580078125
15.47946310043335,0.069580078125
15.490181684494019,0.069580078125
15.50090479850769,0.069580078125
15.51161527633667,0.069580078125
15.522345781326294,0.069580078125
15.533076047897339,0.069580078125
15.543798685073853,0.069580078125
15.554539203643799,0.069580078125
15.565274000167847,0.069580078125
15.576001644134521,0.069580078125
15.586725234985352,0.069580078125
15.597463846206665,0.069580078125
15.608189582824707,0.069580078125
15.618903160095215,0.06977081298828125
15.629589080810547,0.06977081298828125
15.640318870544434,0.06977081298828125
15.651058673858643,0.06996536254882812
15.661768436431885,0.06996536254882812
15.672497272491455,0.06996536254882812
15.683238506317139,0.06996536254882812
15.693971157073975,0.06996536254882812
15.704686164855957,0.06996536254882812
15.715408325195312,0.06996536254882812
15.726144790649414,0.06996536254882812
15.736854314804077,0.06996536254882812
15.74758243560791,0.06996536254882812
15.758323907852173,0.06996536254882812
15.769044160842896,0.06996536254882812
15.77975082397461,0.06996536254882812
15.790489435195923,0.06996536254882812
15.801218032836914,0.06996536254882812
15.811922311782837,0.06996536254882812
15.822649717330933,0.06996536254882812
15.833397388458252,0.06996536254882812
15.844123363494873,0.06996536254882812
15.854832172393799,0.06996536254882812
15.865551471710205,0.07137298583984375
15.876287460327148,0.071624755859375
15.887028455734253,0.0720977783203125
15.897748231887817,0.0720977783203125
15.908483266830444,0.0722503662109375
15.919206857681274,0.0722503662109375
15.929912328720093,0.0722503662109375
15.940629959106445,0.0722503662109375
15.951369047164917,0.0722503662109375
15.962113380432129,0.0722503662109375
15.972822904586792,0.0722503662109375
15.983560562133789,0.0722503662109375
15.994282484054565,0.0722503662109375
16.00500750541687,0.0722503662109375
16.015724658966064,0.0722503662109375
16.027981281280518,0.0722503662109375
16.03941798210144,0.0722503662109375
16.050161600112915,0.0722503662109375
16.060882806777954,0.0722503662109375
16.07161521911621,0.0722503662109375
16.082359552383423,0.0722503662109375
16.093081951141357,0.07268524169921875
16.10379934310913,0.07268524169921875
16.114526987075806,0.07268524169921875
16.125259399414062,0.07268524169921875
16.135995149612427,0.07268524169921875
16.146722316741943,0.07268524169921875
16.157451152801514,0.07268524169921875
16.168193578720093,0.07268524169921875
16.178925275802612,0.07268524169921875
16.18967056274414,0.07268524169921875
16.200400352478027,0.07274627685546875
16.21114444732666,0.07274627685546875
16.221866846084595,0.07274627685546875
16.232611894607544,0.07274627685546875
16.243375539779663,0.07274627685546875
16.2541081905365,0.07274627685546875
16.264824151992798,0.07274627685546875
16.27559185028076,0.07274627685546875
16.286333322525024,0.07274627685546875
16.297075033187866,0.07274627685546875
16.30780577659607,0.07274627685546875
16.31854271888733,0.07274627685546875
16.329269886016846,0.072998046875
16.34000563621521,0.07300186157226562
16.350741147994995,0.07300186157226562
16.3614718914032,0.07300186157226562
16.372215032577515,0.07300186157226562
16.382922887802124,0.07300186157226562
16.393649101257324,0.07300186157226562
16.40438461303711,0.07300186157226562
16.415115118026733,0.07300186157226562
16.425848484039307,0.07300186157226562
16.43657946586609,0.07300186157226562
16.44731378555298,0.07300186157226562
16.45803666114807,0.07300186157226562
16.46875286102295,0.07300186157226562
16.47947359085083,0.07300186157226562
16.49019694328308,0.07300186157226562
16.500926733016968,0.0735321044921875
16.51163387298584,0.0735321044921875
16.522372007369995,0.0735321044921875
16.533116579055786,0.0735321044921875
16.54382085800171,0.0735321044921875
16.55455446243286,0.0735321044921875
16.565284252166748,0.0735321044921875
16.576006412506104,0.0735321044921875
16.586726665496826,0.0735321044921875
16.597460985183716,0.0735321044921875
16.60819935798645,0.0735321044921875
16.618907690048218,0.0735321044921875
16.629631519317627,0.0735321044921875
16.64037275314331,0.0735321044921875
16.651103734970093,0.0735321044921875
16.661837816238403,0.0735321044921875
16.67258930206299,0.0735321044921875
16.683330535888672,0.07394027709960938
16.694087028503418,0.07394027709960938
16.70480513572693,0.07394027709960938
16.71552848815918,0.07394027709960938
16.7262544631958,0.07394027709960938
16.737008571624756,0.07394027709960938
16.747756242752075,0.07394027709960938
16.758500576019287,0.07394027709960938
16.76923704147339,0.07394027709960938
16.779970407485962,0.07394027709960938
16.790699005126953,0.07394027709960938
16.80143141746521,0.07394027709960938
16.81217074394226,0.07394027709960938
16.822890758514404,0.07394027709960938
16.833624362945557,0.07394027709960938
16.844358444213867,0.07418441772460938
16.855096578598022,0.07418441772460938
16.865819692611694,0.07424163818359375
16.876546382904053,0.07424163818359375
16.8872811794281,0.07424163818359375
16.898012161254883,0.07424163818359375
16.908726453781128,0.07424163818359375
16.919448614120483,0.07424163818359375
16.930166244506836,0.07424163818359375
16.94097328186035,0.07424163818359375
16.951720714569092,0.07424163818359375
16.962452173233032,0.07424163818359375
16.97317886352539,0.07424163818359375
16.98388123512268,0.07424163818359375
16.994606018066406,0.07424163818359375
17.005335092544556,0.07424163818359375
17.01609444618225,0.07424163818359375
17.02681064605713,0.07424163818359375
17.037549257278442,0.07424163818359375
17.04827308654785,0.07424163818359375
17.058996438980103,0.07424163818359375
17.06971049308777,0.07424163818359375
17.08044719696045,0.07424163818359375
17.09117817878723,0.07453155517578125
17.101886987686157,0.07494735717773438
17.11260199546814,0.07494735717773438
17.123372077941895,0.07494735717773438
17.134105443954468,0.07494735717773438
17.14482355117798,0.07494735717773438
17.155563354492188,0.07494735717773438
17.166295528411865,0.07494735717773438
17.17702627182007,0.07494735717773438
17.187746286392212,0.07494735717773438
17.198468446731567,0.07494735717773438
17.2092022895813,0.07494735717773438
17.219966650009155,0.07494735717773438
17.23068404197693,0.07494735717773438
17.241423845291138,0.07494735717773438
17.25215768814087,0.07494735717773438
17.262882709503174,0.07494735717773438
17.273606300354004,0.07494735717773438
17.28433871269226,0.07494735717773438
17.295073747634888,0.07494735717773438
17.30578303337097,0.07494735717773438
17.31652069091797,0.07494735717773438
17.327248096466064,0.07494735717773438
17.33798122406006,0.07494735717773438
17.348690509796143,0.07494735717773438
17.359418392181396,0.07494735717773438
17.370156049728394,0.07494735717773438
17.380873203277588,0.07494735717773438
17.39159369468689,0.07494735717773438
17.40231990814209,0.07494735717773438
17.413056135177612,0.07494735717773438
17.42379093170166,0.07494735717773438
17.434532403945923,0.07494735717773438
17.445274114608765,0.07494735717773438
17.456013441085815,0.07500457763671875
17.466740131378174,0.07500457763671875
17.47747826576233,0.07500457763671875
17.48822569847107,0.07500457763671875
17.49898338317871,0.07500457763671875
17.50972270965576,0.07500457763671875
17.52045750617981,0.07500457763671875
17.53119158744812,0.07500457763671875
17.54191017150879,0.07500457763671875
17.552624225616455,0.07500457763671875
17.563363790512085,0.07500457763671875
17.574098825454712,0.07500457763671875
17.584815979003906,0.07500457763671875
17.595541954040527,0.07500457763671875
17.606278896331787,0.07500457763671875
17.617006063461304,0.07500457763671875
17.627728939056396,0.07500457763671875
17.638469457626343,0.07500457763671875
17.649198532104492,0.07500457763671875
17.659918546676636,0.07500457763671875
17.670756340026855,0.07500457763671875
17.681498289108276,0.07500457763671875
17.692241668701172,0.07500457763671875
17.702986478805542,0.07500457763671875
17.713707447052002,0.07500457763671875
17.724445343017578,0.07500457763671875
17.735177755355835,0.07500457763671875
17.74588966369629,0.07500457763671875
17.756619930267334,0.07500457763671875
17.767351388931274,0.07500457763671875
17.778091430664062,0.07500457763671875
17.78881525993347,0.07500457763671875
17.799554347991943,0.07500457763671875
17.81027841567993,0.07500457763671875
17.82100558280945,0.07500457763671875
17.831727743148804,0.07500457763671875
17.84245204925537,0.07500457763671875
17.8531973361969,0.07500457763671875
17.863917589187622,0.07500457763671875
17.874627590179443,0.07500457763671875
17.885366678237915,0.07500457763671875
17.8960964679718,0.07500457763671875
17.90681481361389,0.07500457763671875
17.917574644088745,0.07500457763671875
17.928312301635742,0.07500457763671875
17.93904137611389,0.07500457763671875
17.94982600212097,0.07500457763671875
17.960567712783813,0.07500457763671875
17.971303462982178,0.07500457763671875
17.982040405273438,0.07500457763671875
17.99275302886963,0.07500457763671875
18.003493309020996,0.07500457763671875
18.014219522476196,0.07500457763671875
18.02496576309204,0.07500457763671875
18.035688638687134,0.07500457763671875
18.046422958374023,0.07500457763671875
18.057148933410645,0.07500457763671875
18.067930459976196,0.07500457763671875
18.07865834236145,0.07500457763671875
18.089385986328125,0.07500457763671875
18.10011124610901,0.07500457763671875
18.11082100868225,0.07500457763671875
18.121551752090454,0.07500457763671875
18.132277965545654,0.07500457763671875
18.143004417419434,0.07500457763671875
18.153727769851685,0.07500457763671875
18.16445231437683,0.07500457763671875
18.17518186569214,0.07500457763671875
18.18592143058777,0.07500457763671875
18.196640491485596,0.07500457763671875
18.2073712348938,0.07500457763671875
18.218111276626587,0.07500457763671875
18.228830099105835,0.07500457763671875
18.239559412002563,0.07500457763671875
18.25029182434082,0.07500457763671875
18.261016368865967,0.07500457763671875
18.271730184555054,0.07500457763671875
18.28245973587036,0.07526397705078125
18.29319143295288,0.07526397705078125
18.303907871246338,0.07526397705078125
18.314620971679688,0.07526397705078125
18.32535719871521,0.07526397705078125
18.336100578308105,0.07526397705078125
18.346811056137085,0.07526397705078125
18.3575701713562,0.07526397705078125
18.36830997467041,0.07526397705078125
18.379040956497192,0.07526397705078125
18.38976764678955,0.07526397705078125
18.400517225265503,0.07526397705078125
18.411251544952393,0.07526397705078125
18.421979665756226,0.07526397705078125
18.4326913356781,0.07526397705078125
18.443415641784668,0.07526397705078125
18.454152822494507,0.07526397705078125
18.464889764785767,0.07526397705078125
18.47560954093933,0.07526397705078125
18.4863498210907,0.07526397705078125
18.497081518173218,0.07526397705078125
18.507817268371582,0.07526397705078125
18.518563508987427,0.07526397705078125
18.52930450439453,0.07526397705078125
18.54004216194153,0.07526397705078125
18.550769805908203,0.07526397705078125
18.561511278152466,0.07526397705078125
18.572278022766113,0.07526397705078125
18.583006858825684,0.07526397705078125
18.59373450279236,0.07551193237304688
18.604480504989624,0.0755157470703125
18.61522388458252,0.07582473754882812
18.62596559524536,0.07582473754882812
18.636701107025146,0.07582473754882812
18.64743685722351,0.07596206665039062
18.658172607421875,0.076263427734375
18.668895959854126,0.07635879516601562
18.679609060287476,0.07635879516601562
18.69035506248474,0.07635879516601562
18.701087474822998,0.07635879516601562
18.71180272102356,0.07635879516601562
18.722532272338867,0.07635879516601562
18.733265161514282,0.07635879516601562
18.74398446083069,0.07635879516601562
18.754708528518677,0.07635879516601562
18.765435934066772,0.07635879516601562
18.77615761756897,0.07635879516601562
18.786864757537842,0.07635879516601562
18.797593593597412,0.07635879516601562
18.808324337005615,0.07635879516601562
18.819059371948242,0.07635879516601562
18.829779863357544,0.07635879516601562
18.84052801132202,0.07635879516601562
18.85125756263733,0.07635879516601562
18.861980438232422,0.07635879516601562
18.872708320617676,0.07635879516601562
18.88343334197998,0.07635879516601562
18.894166946411133,0.07635879516601562
18.904874086380005,0.07635879516601562
18.915586709976196,0.07635879516601562
18.92630934715271,0.07635879516601562
18.937041759490967,0.07635879516601562
18.947755813598633,0.07635879516601562
18.95848274230957,0.07635879516601562
18.969208240509033,0.07635879516601562
18.979920625686646,0.07635879516601562
18.990640878677368,0.07635879516601562
19.001375198364258,0.07635879516601562
19.012115716934204,0.07635879516601562
19.022859573364258,0.07635879516601562
19.033580541610718,0.07635879516601562
19.044306993484497,0.07635879516601562
19.05503511428833,0.07635879516601562
19.06576657295227,0.07635879516601562
19.07650327682495,0.07635879516601562
19.087227821350098,0.07635879516601562
19.097964763641357,0.07635879516601562
19.108677864074707,0.07635879516601562
19.119401931762695,0.07635879516601562
19.130127668380737,0.07635879516601562
19.14083981513977,0.07635879516601562
19.151561498641968,0.07635879516601562
19.16228222846985,0.07635879516601562
19.173007488250732,0.07635879516601562
19.183738231658936,0.07635879516601562
19.194475173950195,0.07635879516601562
19.20521306991577,0.07635879516601562
19.215949058532715,0.07635879516601562
19.22666358947754,0.07635879516601562
19.237396478652954,0.07635879516601562
19.248132705688477,0.07635879516601562
19.258843660354614,0.07635879516601562
19.269572019577026,0.07635879516601562
19.280294179916382,0.07635879516601562
19.291035890579224,0.07635879516601562
19.30176019668579,0.07635879516601562
19.312498807907104,0.07635879516601562
19.32323408126831,0.07635879516601562
19.33395791053772,0.07635879516601562
19.344688892364502,0.07635879516601562
19.3554368019104,0.07635879516601562
19.36618685722351,0.07635879516601562
19.376912593841553,0.07690048217773438
19.387635469436646,0.07690048217773438
19.398361444473267,0.0771942138671875
19.409093141555786,0.0771942138671875
19.419817447662354,0.0771942138671875
19.430559635162354,0.0771942138671875
19.441300868988037,0.0771942138671875
19.452041387557983,0.0771942138671875
19.462770700454712,0.0771942138671875
19.47351336479187,0.0771942138671875
19.484246730804443,0.0771942138671875
19.494991779327393,0.0771942138671875
19.505715131759644,0.0771942138671875
19.516457319259644,0.0771942138671875
19.52720069885254,0.0771942138671875
19.53791880607605,0.0771942138671875
19.548619985580444,0.0771942138671875
19.559351444244385,0.0771942138671875
19.57009267807007,0.0771942138671875
19.580812215805054,0.0771942138671875
19.591560125350952,0.0771942138671875
19.60229516029358,0.0771942138671875
19.613033056259155,0.0771942138671875
19.62377953529358,0.0771942138671875
19.634512186050415,0.0771942138671875
19.64523434638977,0.0771942138671875
19.65597367286682,0.0771942138671875
19.66669797897339,0.0771942138671875
19.677429914474487,0.0771942138671875
19.688162565231323,0.0771942138671875
19.698883771896362,0.0771942138671875
19.709614038467407,0.07744598388671875
19.72034764289856,0.07744598388671875
19.731087923049927,0.07744598388671875
19.74180769920349,0.07794952392578125
19.752537965774536,0.07794952392578125
19.763261079788208,0.07794952392578125
19.77401041984558,0.07794952392578125
19.78476119041443,0.07794952392578125
19.795493364334106,0.07794952392578125
19.806216955184937,0.07794952392578125
19.816948175430298,0.07794952392578125
19.827665090560913,0.07794952392578125
19.83839178085327,0.07794952392578125
19.849125623703003,0.07794952392578125
19.85983657836914,0.07794952392578125
19.87056612968445,0.07794952392578125
19.881306886672974,0.07794952392578125
19.892029523849487,0.07794952392578125
19.90273904800415,0.07794952392578125
19.91346287727356,0.07794952392578125
19.924229383468628,0.07794952392578125
19.934961080551147,0.07794952392578125
19.94568943977356,0.0782318115234375
19.956421852111816,0.0782318115234375
19.967145681381226,0.0782318115234375
19.97785973548889,0.0782318115234375
19.98857545852661,0.0782318115234375
19.999305963516235,0.0782318115234375
20.0100359916687,0.0782318115234375
20.020750761032104,0.07999420166015625
20.031474113464355,0.07999420166015625
20.042218923568726,0.07999420166015625
20.05295491218567,0.08020401000976562
20.063679456710815,0.08020401000976562
20.07440161705017,0.08056259155273438
20.085135221481323,0.08071517944335938
20.095858812332153,0.08071517944335938
20.10658073425293,0.08071517944335938
20.117318391799927,0.08071517944335938
20.12805962562561,0.08071517944335938
20.138773679733276,0.08071517944335938
20.14951229095459,0.08071517944335938
20.160257577896118,0.08071517944335938
20.17100501060486,0.08071517944335938
20.18172836303711,0.08071517944335938
20.192452430725098,0.08071517944335938
20.20318078994751,0.08071517944335938
20.21390986442566,0.080718994140625
20.224645376205444,0.0809478759765625
20.235386610031128,0.08136749267578125
20.246118307113647,0.08138275146484375
20.256845235824585,0.08138275146484375
20.2675678730011,0.08138275146484375
20.278295755386353,0.08138275146484375
20.28903079032898,0.08138275146484375
20.299766302108765,0.08138275146484375
20.310495853424072,0.08138275146484375
20.321229696273804,0.08138275146484375
20.331955671310425,0.08138275146484375
20.34266972541809,0.08138275146484375
20.353412628173828,0.08138275146484375
20.364153623580933,0.08138275146484375
20.374889612197876,0.08173751831054688
20.385634422302246,0.08194351196289062
20.396371126174927,0.08194732666015625
20.407097101211548,0.08194732666015625
20.41782307624817,0.08194732666015625
20.428558826446533,0.08194732666015625
20.439283847808838,0.08194732666015625
20.450013160705566,0.08194732666015625
20.460729598999023,0.08194732666015625
20.4714674949646,0.08194732666015625
20.48220133781433,0.08194732666015625
20.492918014526367,0.08194732666015625
20.503644466400146,0.08194732666015625
20.514379501342773,0.08194732666015625
20.525110483169556,0.08194732666015625
20.535817623138428,0.08194732666015625
20.546560049057007,0.08194732666015625
20.55730891227722,0.08194732666015625
20.56804847717285,0.08194732666015625
20.578771829605103,0.08194732666015625
20.58951449394226,0.08194732666015625
20.600252151489258,0.08194732666015625
20.611005306243896,0.08194732666015625
20.62174391746521,0.08194732666015625
20.632482051849365,0.08194732666015625
20.643207788467407,0.08194732666015625
20.653918743133545,0.08194732666015625
20.664642333984375,0.08194732666015625
20.675369262695312,0.08194732666015625
20.686099767684937,0.08194732666015625
20.696818828582764,0.08194732666015625
20.707554578781128,0.08194732666015625
20.7182834148407,0.08224868774414062
20.72901964187622,0.08246231079101562
20.739770889282227,0.08301544189453125
20.750503301620483,0.08399581909179688
20.761236906051636,0.08399581909179688
20.77196764945984,0.08429718017578125
20.782683610916138,0.08493423461914062
20.79340672492981,0.08493423461914062
20.804134607315063,0.08518600463867188
20.81485152244568,0.08518600463867188
20.825580596923828,0.08543777465820312
20.836313247680664,0.08543777465820312
20.84705138206482,0.08568954467773438
20.857776403427124,0.08568954467773438
20.868507862091064,0.08594131469726562
20.879238605499268,0.08594131469726562
20.88996720314026,0.08594131469726562
20.900691747665405,0.08594131469726562
20.911414861679077,0.08594131469726562
20.92214298248291,0.08594131469726562
20.93285870552063,0.08594131469726562
20.94358539581299,0.08594131469726562
20.954322814941406,0.08594131469726562
20.965043306350708,0.08594131469726562
20.97576880455017,0.08594131469726562
20.98649024963379,0.08594131469726562
20.99722409248352,0.08594131469726562
21.00795555114746,0.08594131469726562
21.0186870098114,0.08619308471679688
21.029423475265503,0.08628463745117188
21.04016876220703,0.0864410400390625
21.050902128219604,0.0867767333984375
21.061622142791748,0.0867767333984375
21.072382926940918,0.0867767333984375
21.083100080490112,0.0867767333984375
21.093804836273193,0.0867767333984375
21.10452890396118,0.0867767333984375
21.11525249481201,0.0867767333984375
21.12600803375244,0.0867767333984375
21.13672637939453,0.0867767333984375
21.147462368011475,0.0867767333984375
21.158186435699463,0.0867767333984375
21.168907403945923,0.0867767333984375
21.179645538330078,0.0867767333984375
21.190370559692383,0.0867767333984375
21.201099634170532,0.0867767333984375
21.211822748184204,0.0867767333984375
21.222565412521362,0.0867767333984375
21.233309745788574,0.0867767333984375
21.244054317474365,0.0867767333984375
21.25478982925415,0.0867767333984375
21.265531063079834,0.0867767333984375
21.276272773742676,0.0867767333984375
21.287044048309326,0.0867767333984375
21.297773599624634,0.0867767333984375
21.308521270751953,0.0867767333984375
21.31926941871643,0.0867767333984375
21.33001470565796,0.0867767333984375
21.340728282928467,0.0867767333984375
21.351465225219727,0.0867767333984375
21.362201690673828,0.0867767333984375
21.372933864593506,0.0867767333984375
21.383668422698975,0.0867767333984375
21.394420862197876,0.0867767333984375
21.405155897140503,0.0867767333984375
21.41586995124817,0.0870208740234375
21.426597595214844,0.0870208740234375
21.437341928482056,0.0870208740234375
21.44805932044983,0.0870208740234375
21.458765745162964,0.0870208740234375
21.469488859176636,0.0870208740234375
21.480210781097412,0.0870208740234375
21.49091601371765,0.0870208740234375
21.50163745880127,0.0870208740234375
21.512367486953735,0.0870208740234375
21.52308464050293,0.0870208740234375
21.5338077545166,0.0870208740234375
21.544548749923706,0.0870208740234375
21.555278301239014,0.0870208740234375
21.566012382507324,0.0870208740234375
21.57672643661499,0.0870208740234375
21.58746099472046,0.0870208740234375
21.59819483757019,0.0870208740234375
21.60890769958496,0.0870208740234375
21.619634866714478,0.0870208740234375
21.630367279052734,0.0870208740234375
21.6411075592041,0.0870208740234375
21.65182089805603,0.0870208740234375
21.662555694580078,0.0870208740234375
21.673279762268066,0.0870208740234375
21.684014558792114,0.0870208740234375
21.694732427597046,0.0870208740234375
21.70546817779541,0.0870208740234375
21.716184616088867,0.0870208740234375
21.726905584335327,0.0870208740234375
21.73762559890747,0.08728408813476562
21.748355627059937,0.08753585815429688
21.759098768234253,0.08778762817382812
21.76982831954956,0.08778762817382812
21.780564069747925,0.08778762817382812
21.791296005249023,0.08778762817382812
21.802022457122803,0.08778762817382812
21.81274151802063,0.08778762817382812
21.823463439941406,0.08778762817382812
21.83419442176819,0.08778762817382812
21.844924449920654,0.08778762817382812
21.85564112663269,0.08778762817382812
21.86636734008789,0.08778762817382812
21.877111434936523,0.08778762817382812
21.887828588485718,0.08778762817382812
21.89856266975403,0.08778762817382812
21.909281969070435,0.08778762817382812
21.920005321502686,0.08778762817382812
21.93072748184204,0.08829116821289062
21.941455602645874,0.08829116821289062
21.952192783355713,0.08829116821289062
21.962902307510376,0.08829116821289062
21.973622798919678,0.08829116821289062
21.98434853553772,0.08829116821289062
21.995089530944824,0.08829116821289062
22.005802869796753,0.08829116821289062
22.016535758972168,0.08829116821289062
22.027261972427368,0.08829116821289062
22.03800082206726,0.08829116821289062
22.048725128173828,0.08829116821289062
22.05945897102356,0.08829116821289062
22.070221662521362,0.08829116821289062
22.080957412719727,0.08829116821289062
22.09168267250061,0.08829116821289062
22.102418184280396,0.08829116821289062
22.11313819885254,0.08829116821289062
22.12384533882141,0.08829116821289062
22.134573936462402,0.08829116821289062
22.145310878753662,0.08829116821289062
22.156036138534546,0.08829116821289062
22.166791915893555,0.08829116821289062
22.177525758743286,0.08829116821289062
22.18825364112854,0.08829116821289062
22.198989868164062,0.08829116821289062
22.209696292877197,0.08829116821289062
22.220430850982666,0.08829116821289062
22.23116660118103,0.08864593505859375
22.241881370544434,0.088897705078125
22.252610683441162,0.088897705078125
22.26337695121765,0.088897705078125
22.274108171463013,0.088897705078125
22.284821271896362,0.088897705078125
22.295564651489258,0.088897705078125
22.306310892105103,0.088897705078125
22.31705617904663,0.088897705078125
22.32777166366577,0.088897705078125
22.338510751724243,0.088897705078125
22.349241495132446,0.088897705078125
22.359986305236816,0.088897705078125
22.370715856552124,0.088897705078125
22.381446599960327,0.088897705078125
22.392186403274536,0.088897705078125
22.402904748916626,0.088897705078125
22.413615465164185,0.088897705078125
22.42435598373413,0.088897705078125
22.43507742881775,0.088897705078125
22.44578981399536,0.088897705078125
22.456547737121582,0.088897705078125
22.467278480529785,0.088897705078125
22.478018045425415,0.088897705078125
22.48874568939209,0.088897705078125
22.49948000907898,0.088897705078125
22.510213375091553,0.088897705078125
22.52095651626587,0.088897705078125
22.53169298171997,0.08914947509765625
22.5424382686615,0.08924484252929688
22.553208589553833,0.0892486572265625
22.5639328956604,0.08962631225585938
22.5746648311615,0.08962631225585938
22.585397243499756,0.08962631225585938
22.596121788024902,0.08962631225585938
22.606830835342407,0.08962631225585938
22.617565870285034,0.08962631225585938
22.628289937973022,0.08962631225585938
22.63902497291565,0.08962631225585938
22.649744749069214,0.08962631225585938
22.66049551963806,0.08962631225585938
22.671245336532593,0.08962631225585938
22.681964635849,0.08962631225585938
22.692690134048462,0.08962631225585938
22.70342469215393,0.08962631225585938
22.714157342910767,0.08962631225585938
22.72487235069275,0.08962631225585938
22.73558473587036,0.08962631225585938
22.74630641937256,0.08962631225585938
22.757029056549072,0.08962631225585938
22.767759561538696,0.08962631225585938
22.778494596481323,0.08962631225585938
22.78923487663269,0.0899810791015625
22.79996967315674,0.0899810791015625
22.810696601867676,0.0899810791015625
22.82142424583435,0.0899810791015625
22.83215093612671,0.0899810791015625
22.842868089675903,0.0899810791015625
22.853591680526733,0.0899810791015625
22.864318370819092,0.0899810791015625
22.875056266784668,0.0899810791015625
22.88576054573059,0.0899810791015625
22.89651346206665,0.0899810791015625
22.907246828079224,0.0899810791015625
22.917970418930054,0.0899810791015625
22.92869210243225,0.0899810791015625
22.939414739608765,0.0899810791015625
22.950138807296753,0.0899810791015625
22.960855960845947,0.0899810791015625
22.971596479415894,0.0899810791015625
22.982322216033936,0.0899810791015625
22.99309229850769,0.0899810791015625
23.003810167312622,0.0899810791015625
23.014546155929565,0.0899810791015625
23.02527117729187,0.0899810791015625
23.03600764274597,0.09014129638671875
23.046730279922485,0.09014129638671875
23.057465314865112,0.09014129638671875
23.068217277526855,0.09014129638671875
23.078948736190796,0.09014129638671875
23.089659214019775,0.09014129638671875
23.100388288497925,0.09014129638671875
23.111125230789185,0.09014129638671875
23.121858596801758,0.09014129638671875
23.132593393325806,0.09014129638671875
23.1433322429657,0.09014129638671875
23.15406084060669,0.09014129638671875
23.16478729248047,0.09014129638671875
23.175546407699585,0.09014129638671875
23.186271905899048,0.09014129638671875
23.197019577026367,0.09014129638671875
23.20775008201599,0.09014129638671875
23.218491077423096,0.09014129638671875
23.22923183441162,0.09014129638671875
23.239964246749878,0.09014129638671875
23.250672101974487,0.09014129638671875
23.261412382125854,0.09014129638671875
23.272143125534058,0.09014129638671875
23.28285264968872,0.09014129638671875
23.293596506118774,0.09014129638671875
23.304325103759766,0.09014129638671875
23.315062046051025,0.09014129638671875
23.325793266296387,0.09014129638671875
23.336534023284912,0.09014129638671875
23.347265481948853,0.09014129638671875
23.357997179031372,0.09014129638671875
23.368714809417725,0.09014129638671875
23.379446983337402,0.09067916870117188
23.390190601348877,0.09067916870117188
23.400917768478394,0.09067916870117188
23.411598205566406,0.09067916870117188
23.422358989715576,0.09067916870117188
23.433077096939087,0.09067916870117188
23.443801641464233,0.09067916870117188
23.454541206359863,0.09067916870117188
23.465266227722168,0.09067916870117188
23.476000547409058,0.09067916870117188
23.486721754074097,0.09067916870117188
23.497458934783936,0.09067916870117188
23.508196115493774,0.09067916870117188
23.51892352104187,0.09067916870117188
23.529610633850098,0.09067916870117188
23.540353059768677,0.09079742431640625
23.551104307174683,0.09080123901367188
23.561832189559937,0.09080123901367188
23.572568655014038,0.09080123901367188
23.583314180374146,0.09080123901367188
23.59406018257141,0.09080123901367188
23.60478186607361,0.09080123901367188
23.615538358688354,0.09080123901367188
23.62627601623535,0.09080123901367188
23.63704514503479,0.09080123901367188
23.647781133651733,0.09080123901367188
23.658534288406372,0.09080123901367188
23.669264793395996,0.09080123901367188
23.680006742477417,0.09080123901367188
23.690734386444092,0.09080123901367188
23.701470851898193,0.09119796752929688
23.712214469909668,0.09119796752929688
23.722954750061035,0.09144973754882812
23.73369550704956,0.09144973754882812
23.744434118270874,0.09170150756835938
23.755160570144653,0.09170150756835938
23.765887022018433,0.09170150756835938
23.776610612869263,0.09170150756835938
23.78733777999878,0.09170150756835938
23.798075437545776,0.09170150756835938
23.808794736862183,0.09170150756835938
23.819528102874756,0.09170150756835938
23.830257177352905,0.09170150756835938
23.84098196029663,0.09170150756835938
23.851702213287354,0.09170150756835938
23.862428665161133,0.09170150756835938
23.873159170150757,0.09170150756835938
23.883885622024536,0.09170150756835938
23.89459753036499,0.09170150756835938
23.90533137321472,0.09170150756835938
23.91605496406555,0.09170150756835938
23.926761388778687,0.09170150756835938
23.937482833862305,0.09170150756835938
23.948203563690186,0.09170150756835938
23.958910942077637,0.09170150756835938
23.969634294509888,0.09170150756835938
23.98036241531372,0.09170150756835938
23.99109649658203,0.09170150756835938
24.001816272735596,0.09170150756835938
24.01254916191101,0.09170150756835938
24.02328586578369,0.09170150756835938
24.034008026123047,0.09170150756835938
24.044719219207764,0.09170150756835938
24.055449724197388,0.09170150756835938
24.06617498397827,0.09170150756835938
24.076919555664062,0.09170150756835938
24.08765172958374,0.09170150756835938
24.098386526107788,0.09170150756835938
24.109118700027466,0.09170150756835938
24.119832277297974,0.09170150756835938
24.13056778907776,0.09170150756835938
24.14128613471985,0.09170150756835938
24.152019500732422,0.09170150756835938
24.162729501724243,0.09170150756835938
24.173452377319336,0.09170150756835938
24.184186220169067,0.09170150756835938
24.19490122795105,0.09170150756835938
24.205620765686035,0.09170150756835938
24.216363191604614,0.09170150756835938
24.227097749710083,0.09170150756835938
24.237802743911743,0.09170150756835938
24.24853754043579,0.09170150756835938
24.25926423072815,0.09170150756835938
24.26999568939209,0.09170150756835938
24.280707836151123,0.09170150756835938
24.29143476486206,0.09170150756835938
24.302161931991577,0.09170150756835938
24.31287431716919,0.09170150756835938
24.32359266281128,0.09170150756835938
24.334332942962646,0.09170150756835938
24.345070600509644,0.09237289428710938
24.35578751564026,0.09237289428710938
24.36652660369873,0.09246063232421875
24.37725043296814,0.09246063232421875
24.387972831726074,0.09273147583007812
24.39872097969055,0.09316635131835938
24.40945076942444,0.09316635131835938
24.420188903808594,0.09316635131835938
24.430912017822266,0.09316635131835938
24.44162940979004,0.09316635131835938
24.45236587524414,0.09316635131835938
24.463085651397705,0.09316635131835938
24.473793983459473,0.09316635131835938
24.484524726867676,0.09316635131835938
24.495261907577515,0.09316635131835938
24.5059974193573,0.09316635131835938
24.516721487045288,0.09316635131835938
24.527453184127808,0.09316635131835938
24.538188457489014,0.09316635131835938
24.54889702796936,0.09316635131835938
24.559601068496704,0.09316635131835938
24.570324897766113,0.09316635131835938
24.581058502197266,0.09316635131835938
24.591784954071045,0.09316635131835938
24.6025173664093,0.09316635131835938
24.61324977874756,0.09316635131835938
24.623977661132812,0.09316635131835938
24.634695053100586,0.09316635131835938
24.645428895950317,0.09316635131835938
24.656152725219727,0.09316635131835938
24.666871309280396,0.09316635131835938
24.677584409713745,0.09316635131835938
24.68831968307495,0.09316635131835938
24.699054956436157,0.09316635131835938
24.709781169891357,0.09316635131835938
24.720505237579346,0.09316635131835938
24.73123598098755,0.09316635131835938
24.741971492767334,0.09316635131835938
24.752690076828003,0.09316635131835938
24.763413190841675,0.09316635131835938
24.774147748947144,0.09316635131835938
24.784873962402344,0.09316635131835938
24.795584678649902,0.09316635131835938
24.806314706802368,0.09316635131835938
24.817049741744995,0.09316635131835938
24.827804803848267,0.09316635131835938
24.838536739349365,0.09316635131835938
24.849266529083252,0.09316635131835938
24.859997749328613,0.09316635131835938
24.870718479156494,0.09316635131835938
24.881455659866333,0.09316635131835938
24.892192363739014,0.09316635131835938
24.902903079986572,0.09316635131835938
24.913631200790405,0.09316635131835938
24.924372911453247,0.09316635131835938
24.93509316444397,0.09316635131835938
24.9458167552948,0.09316635131835938
24.9565486907959,0.09316635131835938
24.967320919036865,0.09316635131835938
24.978054761886597,0.09316635131835938
24.988781452178955,0.09316635131835938
24.999507188796997,0.09316635131835938
25.010234832763672,0.09316635131835938
25.02096652984619,0.09316635131835938
25.031684637069702,0.09316635131835938
25.042413234710693,0.09316635131835938
25.053144693374634,0.09316635131835938
25.06386709213257,0.09316635131835938
25.07459306716919,0.09316635131835938
25.0853271484375,0.09316635131835938
25.096081256866455,0.09316635131835938
25.106804847717285,0.09316635131835938
25.117539167404175,0.09316635131835938
25.128275394439697,0.09316635131835938
25.13900923728943,0.09316635131835938
25.149733781814575,0.09316635131835938
25.160480260849,0.09316635131835938
25.171229600906372,0.09316635131835938
25.181976556777954,0.09316635131835938
25.192718029022217,0.09316635131835938
25.203460693359375,0.09316635131835938
25.214192390441895,0.09316635131835938
25.22492790222168,0.09316635131835938
25.235614776611328,0.09316635131835938
25.24635362625122,0.09316635131835938
25.257080793380737,0.09316635131835938
25.267802476882935,0.09316635131835938
25.27853226661682,0.09316635131835938
25.289268016815186,0.09316635131835938
25.30000352859497,0.09316635131835938
25.310727834701538,0.09316635131835938
25.32145667076111,0.09316635131835938
25.332207202911377,0.09316635131835938
25.3429172039032,0.09316635131835938
25.35363531112671,0.09316635131835938
25.364381790161133,0.09316635131835938
25.375118494033813,0.09316635131835938
25.385830402374268,0.09316635131835938
25.3965585231781,0.09316635131835938
25.407297134399414,0.09316635131835938
25.418030977249146,0.09316635131835938
25.428754091262817,0.09316635131835938
25.43949604034424,0.09316635131835938
25.45023274421692,0.09316635131835938
25.46097230911255,0.09341812133789062
25.471683740615845,0.09341812133789062
25.482424020767212,0.09392166137695312
25.493160247802734,0.09407806396484375
25.50388264656067,0.09408187866210938
25.514620542526245,0.09408187866210938
25.525365352630615,0.09408187866210938
25.53610849380493,0.09408187866210938
25.546834230422974,0.09408187866210938
25.5575692653656,0.09408187866210938
25.568306922912598,0.09408187866210938
25.579033851623535,0.09408187866210938
25.58975577354431,0.09408187866210938
25.600496768951416,0.09408187866210938
25.611222743988037,0.09408187866210938
25.621930360794067,0.09408187866210938
25.63266110420227,0.09408187866210938
25.643404245376587,0.0941009521484375
25.65415906906128,0.0941009521484375
25.66492247581482,0.0941009521484375
25.675637245178223,0.0941009521484375
25.686357736587524,0.0941009521484375
25.697091341018677,0.0941009521484375
25.70780301094055,0.0941009521484375
25.718523502349854,0.0941009521484375
25.729251384735107,0.0941009521484375
25.73997402191162,0.0941009521484375
25.750688552856445,0.0941009521484375
25.761414527893066,0.0941009521484375
25.772133588790894,0.0941009521484375
25.782872438430786,0.0941009521484375
25.793607473373413,0.0941009521484375
25.804336309432983,0.0941009521484375
25.81506872177124,0.0946044921875
25.825790405273438,0.0946044921875
25.83652400970459,0.0946044921875
25.847270250320435,0.0946044921875
25.85801339149475,0.0946044921875
25.86873435974121,0.0946044921875
25.879639148712158,0.0946044921875
25.890371561050415,0.0946044921875
25.901095390319824,0.0946044921875
25.91180109977722,0.0946044921875
25.922534942626953,0.0946044921875
25.93327522277832,0.0946044921875
25.9440016746521,0.0946044921875
25.9547278881073,0.09485626220703125
25.965458393096924,0.09485626220703125
25.976185083389282,0.09485626220703125
25.986902236938477,0.09485626220703125
25.99760627746582,0.0951080322265625
26.008339881896973,0.0951080322265625
26.019073486328125,0.0951080322265625
26.029791116714478,0.0951080322265625
26.040523290634155,0.0951080322265625
26.051246643066406,0.09535980224609375
26.061983108520508,0.09535980224609375
26.0726957321167,0.09535980224609375
26.083444356918335,0.09535980224609375
26.094191551208496,0.09535980224609375
26.104907512664795,0.095611572265625
26.115622758865356,0.095611572265625
26.12635350227356,0.095611572265625
26.137091159820557,0.095611572265625
26.14781427383423,0.095611572265625
26.15854048728943,0.09586334228515625
26.169279098510742,0.09586334228515625
26.180006504058838,0.09586334228515625
26.19073224067688,0.09586334228515625
26.201464653015137,0.0961151123046875
26.212196826934814,0.0961151123046875
26.222912788391113,0.0961151123046875
26.233630657196045,0.0961151123046875
26.2443687915802,0.0961151123046875
26.255106449127197,0.0961151123046875
26.265827894210815,0.0961151123046875
26.276582956314087,0.0961151123046875
26.287326335906982,0.0961151123046875
26.29805278778076,0.0961151123046875
26.30877685546875,0.0961151123046875
26.319510221481323,0.0961151123046875
26.330267190933228,0.0961151123046875
26.341003894805908,0.0961151123046875
26.351733922958374,0.0961151123046875
26.362473964691162,0.0961151123046875
26.373204469680786,0.0961151123046875
26.3839213848114,0.0961151123046875
26.394636392593384,0.0961151123046875
26.40537118911743,0.0961151123046875
26.416107416152954,0.0961151123046875
26.426833868026733,0.0961151123046875
26.437586545944214,0.0961151123046875
26.448328018188477,0.0961151123046875
26.459054946899414,0.0961151123046875
26.469773054122925,0.0961151123046875
26.48051381111145,0.0961151123046875
26.49123978614807,0.0961151123046875
26.501976490020752,0.0961151123046875
26.512696743011475,0.0961151123046875
26.5234272480011,0.0961151123046875
26.534164428710938,0.0961151123046875
26.54489827156067,0.0961151123046875
26.55560541152954,0.0961151123046875
26.566347360610962,0.0961151123046875
26.57707977294922,0.0961151123046875
26.587791204452515,0.0961151123046875
26.59852910041809,0.0961151123046875
26.60925531387329,0.0961151123046875
26.6199893951416,0.0961151123046875
26.630704164505005,0.0961151123046875
26.64143705368042,0.0961151123046875
26.652159690856934,0.0961151123046875
26.66287112236023,0.0961151123046875
26.673591136932373,0.0961151123046875
26.684322595596313,0.0961151123046875
26.695051193237305,0.0961151123046875
26.705767393112183,0.0961151123046875
26.716496229171753,0.0961151123046875
26.727229356765747,0.0961151123046875
26.737953901290894,0.0961151123046875
26.748697996139526,0.0961151123046875
26.75943946838379,0.0961151123046875
26.770175457000732,0.0961151123046875
26.78091812133789,0.0961151123046875
26.791645526885986,0.0961151123046875
26.80237317085266,0.0961151123046875
26.813111305236816,0.0961151123046875
26.823843479156494,0.0961151123046875
26.83457899093628,0.0961151123046875
26.84532403945923,0.0961151123046875
26.856053113937378,0.0961151123046875
26.866776704788208,0.0961151123046875
26.87751841545105,0.0961151123046875
26.888266801834106,0.0961151123046875
26.8989999294281,0.0961151123046875
26.90973210334778,0.0961151123046875
26.920461177825928,0.0961151123046875
26.93119478225708,0.0961151123046875
26.9419105052948,0.0961151123046875
26.95262360572815,0.0961151123046875
26.96334958076477,0.0961151123046875
26.974075317382812,0.0961151123046875
26.984781503677368,0.0961151123046875
26.99552345275879,0.0961151123046875
27.006248950958252,0.0961151123046875
27.016985177993774,0.0961151123046875
27.027704000473022,0.0961151123046875
27.0384304523468,0.0961151123046875
27.04916286468506,0.0961151123046875
27.05989933013916,0.0961151123046875
27.070619821548462,0.0961151123046875
27.081366062164307,0.0961151123046875
27.09210968017578,0.0961151123046875
27.102844715118408,0.0961151123046875
27.113577842712402,0.0961151123046875
27.124305963516235,0.0961151123046875
27.135037899017334,0.0961151123046875
27.14574432373047,0.0961151123046875
27.15646481513977,0.0961151123046875
27.167186737060547,0.0961151123046875
27.17789578437805,0.0961151123046875
27.188611268997192,0.0961151123046875
27.199350833892822,0.0961151123046875
27.21008324623108,0.0961151123046875
27.220812797546387,0.0961151123046875
27.231562614440918,0.0961151123046875
27.24228858947754,0.0961151123046875
27.25301718711853,0.0961151123046875
27.263737440109253,0.0961151123046875
27.27448034286499,0.0961151123046875
27.2852041721344,0.0961151123046875
27.29593276977539,0.0961151123046875
27.306663274765015,0.0961151123046875
27.317399740219116,0.0961151123046875
27.328145742416382,0.0961151123046875
27.33886742591858,0.09636688232421875
27.349602222442627,0.09636688232421875
27.360335111618042,0.09636688232421875
27.371070384979248,0.09636688232421875
27.381786584854126,0.09636688232421875
27.392526865005493,0.09636688232421875
27.403255939483643,0.09636688232421875
27.41399598121643,0.09636688232421875
27.424712657928467,0.09636688232421875
27.435443878173828,0.09636688232421875
27.446176528930664,0.09636688232421875
27.45690131187439,0.09636688232421875
27.46761202812195,0.09636688232421875
27.47834038734436,0.09636688232421875
27.489115476608276,0.09636688232421875
27.499833583831787,0.09636688232421875
27.510573148727417,0.09636688232421875
27.521312952041626,0.09661865234375
27.532050609588623,0.09661865234375
27.542775630950928,0.09687042236328125
27.55351448059082,0.09687042236328125
27.56425929069519,0.09687042236328125
27.575005292892456,0.09687042236328125
27.585734605789185,0.09687042236328125
27.59647512435913,0.09687042236328125
27.607202529907227,0.09687042236328125
27.617919206619263,0.09687042236328125
27.62860941886902,0.09687042236328125
27.639335870742798,0.09687042236328125
27.650060892105103,0.09687042236328125
27.66078209877014,0.09687042236328125
27.671510219573975,0.09687042236328125
27.682230234146118,0.09687042236328125
27.692970991134644,0.09687042236328125
27.703691959381104,0.0971221923828125
27.714430809020996,0.0971221923828125
27.72517156600952,0.09737396240234375
27.735896825790405,0.09737396240234375
27.746627807617188,0.09737396240234375
27.757375240325928,0.09737396240234375
27.768100023269653,0.09737396240234375
27.778820514678955,0.09737396240234375
27.78958034515381,0.09737396240234375
27.80031108856201,0.09737396240234375
27.811043739318848,0.09737396240234375
27.82175374031067,0.09737396240234375
27.832486629486084,0.09737396240234375
27.843218088150024,0.09737396240234375
27.853933095932007,0.097625732421875
27.864667892456055,0.097625732421875
27.87539768218994,0.097625732421875
27.88612961769104,0.097625732421875
27.896848678588867,0.097625732421875
27.90757441520691,0.097625732421875
27.918309926986694,0.097625732421875
27.92903470993042,0.097625732421875
27.939763069152832,0.097625732421875
27.95050621032715,0.097625732421875
27.961219310760498,0.097625732421875
27.971928596496582,0.097625732421875
27.982643842697144,0.097625732421875
27.993366956710815,0.097625732421875
28.00410556793213,0.097625732421875
28.014824390411377,0.097625732421875
28.025571584701538,0.097625732421875
28.03635883331299,0.097625732421875
28.04708504676819,0.097625732421875
28.057793378829956,0.097625732421875
28.068532705307007,0.097625732421875
28.079259157180786,0.097625732421875
28.08998727798462,0.097625732421875
28.100701570510864,0.097625732421875
28.11146903038025,0.097625732421875
28.122190952301025,0.097625732421875
28.13289737701416,0.097625732421875
28.14361047744751,0.097625732421875
28.154340982437134,0.097625732421875
28.165064811706543,0.097625732421875
28.175791263580322,0.097625732421875
28.186524152755737,0.097625732421875
28.19724130630493,0.097625732421875
28.207959413528442,0.097625732421875
28.218669414520264,0.097625732421875
28.229400157928467,0.097625732421875
28.240123510360718,0.097625732421875
28.25084662437439,0.097625732421875
28.261562824249268,0.097625732421875
28.272282600402832,0.097625732421875
28.283015251159668,0.097625732421875
28.293741941452026,0.097625732421875
28.304469108581543,0.097625732421875
28.31520128250122,0.097625732421875
28.325918674468994,0.097625732421875
28.33665108680725,0.097625732421875
28.34738254547119,0.097625732421875
28.35810351371765,0.097625732421875
28.368813276290894,0.097625732421875
28.379585027694702,0.097625732421875
28.390308380126953,0.097625732421875
28.401049375534058,0.097625732421875
28.411763191223145,0.09787750244140625
28.42249035835266,0.09787750244140625
28.43321704864502,0.0981292724609375
28.443959951400757,0.0981292724609375
28.45468544960022,0.0981292724609375
28.465412855148315,0.0981292724609375
28.476136922836304,0.0981292724609375
28.486844301223755,0.0981292724609375
28.49756383895874,0.0981292724609375
28.508286237716675,0.0981292724609375
28.5190110206604,0.0981292724609375
28.529718160629272,0.0981292724609375
28.540443420410156,0.0981292724609375
28.55119013786316,0.0981292724609375
28.561909198760986,0.0981292724609375
28.572623252868652,0.0981292724609375
28.583369493484497,0.0981292724609375
28.59409236907959,0.0981292724609375
28.604817390441895,0.0981292724609375
28.615550994873047,0.0981292724609375
28.626282930374146,0.0981292724609375
28.637016534805298,0.0981292724609375
28.647748470306396,0.0981292724609375
28.65847110748291,0.0981292724609375
28.669198513031006,0.0981292724609375
28.679904222488403,0.0981292724609375
28.690632581710815,0.0981292724609375
28.70136332511902,0.0981292724609375
28.71208667755127,0.0981292724609375
28.72280979156494,0.0981292724609375
28.73353362083435,0.0981292724609375
28.74425435066223,0.0981292724609375
28.754977464675903,0.0981292724609375
28.765697717666626,0.0981292724609375
28.77642846107483,0.0981292724609375
28.78714919090271,0.0981292724609375
28.797857999801636,0.0981292724609375
28.808573007583618,0.0981292724609375
28.819295406341553,0.0981292724609375
28.830016613006592,0.0981292724609375
28.840728998184204,0.0981292724609375
28.85145330429077,0.0981292724609375
28.8621723651886,0.0981292724609375
28.872875928878784,0.0981292724609375
28.883589029312134,0.0981292724609375
28.894310235977173,0.0981292724609375
28.90503716468811,0.0981292724609375
28.915752172470093,0.0981292724609375
28.926486015319824,0.09838104248046875
28.9372079372406,0.09838104248046875
28.94792127609253,0.09838104248046875
28.958636045455933,0.09838104248046875
28.969366550445557,0.09838104248046875
28.980098724365234,0.09838104248046875
28.990810871124268,0.09838104248046875
29.001538276672363,0.09838104248046875
29.012269020080566,0.09838104248046875
29.022990942001343,0.09838104248046875
29.033700466156006,0.09838104248046875
29.044429302215576,0.09838104248046875
29.055156469345093,0.09838104248046875
29.065865755081177,0.0986328125
29.07658863067627,0.0986328125
29.08731722831726,0.0986328125
29.098048210144043,0.0986328125
29.108760595321655,0.0986328125
29.119489431381226,0.0986328125
29.130232572555542,0.0986328125
29.140957355499268,0.0986328125
29.151668310165405,0.0986328125
29.16238832473755,0.0986328125
29.173110246658325,0.0986328125
29.18383526802063,0.0986328125
29.194563150405884,0.0986328125
29.20529294013977,0.09888458251953125
29.21601438522339,0.09888458251953125
29.2267324924469,0.09888458251953125
29.23746371269226,0.09888458251953125
29.248185873031616,0.09888458251953125
29.258911609649658,0.09888458251953125
29.269599676132202,0.0991363525390625
29.280322074890137,0.0993499755859375
29.291048288345337,0.09943771362304688
29.30177068710327,0.0994720458984375
29.312493562698364,0.0994720458984375
29.323233127593994,0.0994720458984375
29.333966970443726,0.0994720458984375
29.34469199180603,0.0994720458984375
29.35545539855957,0.0994720458984375
29.366182327270508,0.0994720458984375
29.37689757347107,0.0994720458984375
29.387614727020264,0.0994720458984375
29.398353338241577,0.0994720458984375
29.409080982208252,0.0994720458984375
29.419796466827393,0.0994720458984375
29.43052625656128,0.0994720458984375
29.441279649734497,0.0994720458984375
29.452020406723022,0.0994720458984375
29.462739944458008,0.0994720458984375
29.473469018936157,0.0994720458984375
29.484195470809937,0.0994720458984375
29.494921445846558,0.0994720458984375
29.505645036697388,0.0994720458984375
29.516377210617065,0.0994720458984375
29.527124881744385,0.0994720458984375
29.537838220596313,0.0994720458984375
29.548555612564087,0.0994720458984375
29.559292554855347,0.0994720458984375
29.570030689239502,0.0994720458984375
29.580761194229126,0.0994720458984375
29.59149479866028,0.0994720458984375
29.602214336395264,0.0994720458984375
29.61292862892151,0.0994720458984375
29.623644590377808,0.09981536865234375
29.63437581062317,0.09981536865234375
29.64509129524231,0.09981536865234375
29.655808210372925,0.09981536865234375
29.66654396057129,0.09981536865234375
29.677266836166382,0.09981536865234375
29.68799376487732,0.09981536865234375
29.698713302612305,0.09981536865234375
29.70943784713745,0.09981536865234375
29.720174551010132,0.09981536865234375
29.730893850326538,0.09981536865234375
29.741591453552246,0.09981536865234375
29.75232481956482,0.09981536865234375
29.76305866241455,0.09981536865234375
29.773762464523315,0.09981536865234375
29.784520864486694,0.09981536865234375
29.795260190963745,0.09981536865234375
29.80599308013916,0.09981536865234375
29.81672239303589,0.09981536865234375
29.827471494674683,0.09981536865234375
29.838201999664307,0.09981536865234375
29.848910808563232,0.09981536865234375
29.859626531600952,0.09981536865234375
29.870372772216797,0.100067138671875
29.881096839904785,0.100067138671875
29.891826391220093,0.100067138671875
29.90256643295288,0.100067138671875
29.91329336166382,0.100067138671875
29.92402982711792,0.100067138671875
29.93475890159607,0.100067138671875
29.94549250602722,0.100067138671875
29.956235885620117,0.100067138671875
29.966983318328857,0.100067138671875
29.977710008621216,0.100067138671875
29.988452911376953,0.100067138671875
29.99920630455017,0.100067138671875
30.00994896888733,0.100067138671875
30.020694494247437,0.100067138671875
30.031429767608643,0.100067138671875
30.04216742515564,0.100067138671875
30.05289912223816,0.100067138671875
30.063619375228882,0.100067138671875
30.07435441017151,0.100067138671875
30.085099697113037,0.100067138671875
30.095812797546387,0.100067138671875
30.106542110443115,0.100067138671875
30.11729073524475,0.100067138671875
30.128025770187378,0.100067138671875
30.138741731643677,0.100067138671875
30.149462699890137,0.100067138671875
30.16020154953003,0.100067138671875
30.170915603637695,0.10031890869140625
30.181639671325684,0.10031890869140625
30.192371129989624,0.10031890869140625
30.203102588653564,0.10031890869140625
30.21382975578308,0.10031890869140625
30.224558115005493,0.10031890869140625
30.23530101776123,0.10031890869140625
30.24603247642517,0.10031890869140625
30.256751537322998,0.1005706787109375
30.267488956451416,0.1005706787109375
30.27824854850769,0.1005706787109375
30.28897762298584,0.1005706787109375
30.299702882766724,0.10082244873046875
30.310449838638306,0.10082244873046875
30.321182250976562,0.10082244873046875
30.33188533782959,0.10082244873046875
30.342605590820312,0.10082244873046875
30.353342294692993,0.10082244873046875
30.364066123962402,0.10082244873046875
30.37479591369629,0.10082244873046875
30.38555121421814,0.10082244873046875
30.39627718925476,0.10082244873046875
30.407007455825806,0.10082244873046875
30.41771626472473,0.10082244873046875
30.428441762924194,0.10082244873046875
30.439165830612183,0.10082244873046875
30.449877977371216,0.10082244873046875
30.460620164871216,0.10082244873046875
30.471373796463013,0.10107421875
30.482112169265747,0.10107421875
30.49282670021057,0.10107421875
30.503556966781616,0.10107421875
30.51428484916687,0.10107421875
30.525030374526978,0.10107421875
30.5357403755188,0.10132598876953125
30.546481609344482,0.10132598876953125
30.55721426010132,0.10132598876953125
30.567944526672363,0.10132598876953125
30.578680515289307,0.1015777587890625
30.58941149711609,0.1015777587890625
30.600148677825928,0.1015777587890625
30.610851287841797,0.1015777587890625
30.62157917022705,0.1015777587890625
30.632320165634155,0.1015777587890625
30.643078088760376,0.1015777587890625
30.653797388076782,0.1015777587890625
30.66452169418335,0.1015777587890625
30.67525553703308,0.1015777587890625
30.685973167419434,0.1015777587890625
30.696712493896484,0.1015777587890625
30.707475423812866,0.1015777587890625
30.718212604522705,0.1015777587890625
30.728922367095947,0.1015777587890625
30.739633798599243,0.1015777587890625
30.750366926193237,0.1015777587890625
30.761101007461548,0.1015777587890625
30.77180552482605,0.1015777587890625
30.78254532814026,0.1015777587890625
30.793283462524414,0.1015777587890625
30.804009199142456,0.1015777587890625
30.814722061157227,0.1015777587890625
30.82549500465393,0.1015777587890625
30.8362295627594,0.1015777587890625
30.846953868865967,0.10182952880859375
30.857692003250122,0.10182952880859375
30.868414878845215,0.10182952880859375
30.87914204597473,0.10182952880859375
30.88989233970642,0.10182952880859375
30.900599479675293,0.10182952880859375
30.91132926940918,0.10182952880859375
30.922062873840332,0.10182952880859375
30.93276810646057,0.10182952880859375
30.943487882614136,0.10182952880859375
30.954206228256226,0.10182952880859375
30.96495747566223,0.10182952880859375
30.97567868232727,0.10182952880859375
30.986397981643677,0.10182952880859375
30.99711513519287,0.10182952880859375
31.007821083068848,0.10182952880859375
31.01855230331421,0.10182952880859375
31.02928328514099,0.10182952880859375
31.040021896362305,0.10182952880859375
31.0507709980011,0.10182952880859375
31.06150507926941,0.10182952880859375
31.07222890853882,0.102081298828125
31.08295726776123,0.102081298828125
31.09367275238037,0.102081298828125
31.10440158843994,0.102081298828125
31.115134716033936,0.102081298828125
31.125839471817017,0.102081298828125
31.13655662536621,0.102081298828125
31.14728808403015,0.102081298828125
31.15801429748535,0.102081298828125
31.168718576431274,0.102081298828125
31.17944598197937,0.102081298828125
31.19016981124878,0.102081298828125
31.20087218284607,0.102081298828125
31.211593866348267,0.102081298828125
31.222357749938965,0.102081298828125
31.233074188232422,0.10233306884765625
31.243785858154297,0.10233306884765625
31.254507303237915,0.10233306884765625
31.26523470878601,0.10233306884765625
31.275952577590942,0.10233306884765625
31.28667116165161,0.10233306884765625
31.297391414642334,0.10233306884765625
31.30811071395874,0.10233306884765625
31.318836450576782,0.10233306884765625
31.329563856124878,0.10233306884765625
31.34029197692871,0.10233306884765625
31.35102605819702,0.10233306884765625
31.361774682998657,0.10233306884765625
31.372496604919434,0.10233306884765625
31.38322138786316,0.10233306884765625
31.393948078155518,0.10233306884765625
31.404666662216187,0.10233306884765625
31.415398359298706,0.10233306884765625
31.42611861228943,0.10233306884765625
31.436824321746826,0.10233306884765625
31.447559595108032,0.10233306884765625
31.458279371261597,0.10233306884765625
31.469002962112427,0.10233306884765625
31.479722261428833,0.10233306884765625
31.49046516418457,0.10233306884765625
31.501194953918457,0.10233306884765625
31.511921405792236,0.10233306884765625
31.522603034973145,0.10233306884765625
31.533321142196655,0.10233306884765625
31.54407548904419,0.10233306884765625
31.554792642593384,0.1025848388671875
31.56553363800049,0.1025848388671875
31.576270818710327,0.1025848388671875
31.58700442314148,0.1025848388671875
31.597731828689575,0.1025848388671875
31.608466625213623,0.1025848388671875
31.619200468063354,0.1025848388671875
31.629963397979736,0.1025848388671875
31.640686988830566,0.1025848388671875
31.65141773223877,0.1025848388671875
31.662137031555176,0.1025848388671875
31.672849893569946,0.1025848388671875
31.683594703674316,0.1025848388671875
31.69432759284973,0.1025848388671875
31.705045461654663,0.1025848388671875
31.715768814086914,0.1025848388671875
31.72650980949402,0.1025848388671875
31.737244129180908,0.1025848388671875
31.747968435287476,0.1025848388671875
31.758679628372192,0.1025848388671875
31.7694149017334,0.1025848388671875
31.780136585235596,0.1025848388671875
31.790848970413208,0.1025848388671875
31.80157494544983,0.1025848388671875
31.81231141090393,0.1025848388671875
31.823038816452026,0.1025848388671875
31.833754301071167,0.1025848388671875
31.84449028968811,0.1025848388671875
31.8552143573761,0.1025848388671875
31.86596131324768,0.1025848388671875
31.87669062614441,0.1025848388671875
31.887422800064087,0.1025848388671875
31.898144006729126,0.1025848388671875
31.908854007720947,0.1025848388671875
31.919577836990356,0.1025848388671875
31.930318593978882,0.1025848388671875
31.94104242324829,0.1025848388671875
31.951748609542847,0.1025848388671875
31.962476015090942,0.1025848388671875
31.973203659057617,0.1025848388671875
31.983914136886597,0.1025848388671875
31.99458646774292,0.1025848388671875
32.00532579421997,0.1025848388671875
32.01605796813965,0.1025848388671875
32.02677130699158,0.1025848388671875
32.03751826286316,0.1025848388671875
32.048234701156616,0.1025848388671875
32.05895233154297,0.1025848388671875
32.06967258453369,0.1025848388671875
32.080410957336426,0.1025848388671875
32.09113550186157,0.1025848388671875
32.10185360908508,0.1025848388671875
32.1125807762146,0.1025848388671875
32.12331819534302,0.1025848388671875
32.13405418395996,0.10283660888671875
32.14475893974304,0.10283660888671875
32.155524015426636,0.10283660888671875
32.16626214981079,0.10283660888671875
32.17698383331299,0.10283660888671875
32.18768763542175,0.10283660888671875
32.198421239852905,0.10283660888671875
32.209142208099365,0.10283660888671875
32.219857931137085,0.10283660888671875
32.23057818412781,0.10283660888671875
32.24130964279175,0.10283660888671875
32.25204634666443,0.10283660888671875
32.26275634765625,0.10283660888671875
32.27347779273987,0.10283660888671875
32.284215211868286,0.10283660888671875
32.294952630996704,0.10283660888671875
32.305680990219116,0.10283660888671875
32.3164165019989,0.10308837890625
32.32715344429016,0.10308837890625
32.33786964416504,0.10334014892578125
32.34858846664429,0.10334014892578125
32.35932493209839,0.1035614013671875
32.37005424499512,0.1035614013671875
32.38076090812683,0.1035614013671875
32.391501665115356,0.1035614013671875
32.40222954750061,0.1035614013671875
32.41295313835144,0.1035614013671875
32.42366409301758,0.1035614013671875
32.43440914154053,0.1035614013671875
32.445138692855835,0.1035614013671875
32.45586037635803,0.1035614013671875
32.46659445762634,0.1035614013671875
32.47733783721924,0.1035614013671875
32.48805904388428,0.1035614013671875
32.498799324035645,0.1035614013671875
32.509525299072266,0.1035614013671875
32.52029252052307,0.1035614013671875
32.53101921081543,0.1035614013671875
32.541749715805054,0.1035614013671875
32.55250000953674,0.1035614013671875
32.56325435638428,0.1035614013671875
32.57409930229187,0.1035614013671875
32.5848286151886,0.1035614013671875
32.595579862594604,0.1035614013671875
32.60631799697876,0.1035614013671875
32.61706018447876,0.1035614013671875
32.62778687477112,0.1035614013671875
32.63853049278259,0.1035614013671875
32.6492702960968,0.1035614013671875
32.66001105308533,0.1035614013671875
32.67072916030884,0.1035614013671875
32.6814751625061,0.1035614013671875
32.69221210479736,0.1035614013671875
32.70298409461975,0.1035614013671875
32.713746309280396,0.1035614013671875
32.724478244781494,0.1035614013671875
32.73522424697876,0.1035614013671875
32.74598574638367,0.1035614013671875
32.756717920303345,0.1035614013671875
32.76745319366455,0.1035614013671875
32.778194427490234,0.1035614013671875
32.78891324996948,0.1035614013671875
32.79963779449463,0.1035614013671875
32.81037926673889,0.1035614013671875
32.82112789154053,0.1035614013671875
32.83184742927551,0.1035614013671875
32.84257459640503,0.1035614013671875
32.85330772399902,0.1035614013671875
32.86404991149902,0.1035614013671875
32.87476348876953,0.1035614013671875
32.88550543785095,0.1035614013671875
32.89623308181763,0.1035614013671875
32.90696310997009,0.1035614013671875
32.91767454147339,0.1035614013671875
32.92840099334717,0.1035614013671875
32.9391233921051,0.1035614013671875
32.94983434677124,0.1035614013671875
32.96057152748108,0.1035614013671875
32.97129559516907,0.1035614013671875
32.98203492164612,0.1035614013671875
32.992761850357056,0.1035614013671875
33.00348353385925,0.1035614013671875
33.014209270477295,0.1035614013671875
33.024925231933594,0.1035614013671875
33.03564095497131,0.1035614013671875
33.04637026786804,0.1035614013671875
33.057092905044556,0.1035614013671875
33.06779742240906,0.1035614013671875
33.07859969139099,0.1035614013671875
33.089324951171875,0.1035614013671875
33.100048780441284,0.1035614013671875
33.110759973526,0.1035614013671875
33.121482610702515,0.1035614013671875
33.1322021484375,0.1035614013671875
33.14290738105774,0.1035614013671875
33.15365695953369,0.1035614013671875
33.164390087127686,0.1035614013671875
33.17511510848999,0.1035614013671875
33.185821294784546,0.1035614013671875
33.19655990600586,0.1035614013671875
33.2072868347168,0.1035614013671875
33.21802091598511,0.10379791259765625
33.22874355316162,0.10379791259765625
33.23947787284851,0.1040496826171875
33.25022029876709,0.1040496826171875
33.2609646320343,0.1040496826171875
33.27169871330261,0.1040496826171875
33.28242373466492,0.1040496826171875
33.29316306114197,0.10430145263671875
33.303906202316284,0.10430145263671875
33.314608335494995,0.10430145263671875
33.32532978057861,0.10430145263671875
33.33604979515076,0.10455322265625
33.34676766395569,0.10455322265625
33.35748887062073,0.10455322265625
33.36821794509888,0.10455322265625
33.37892532348633,0.10455322265625
33.38965368270874,0.10455322265625
33.400386333465576,0.10455322265625
33.41112780570984,0.10455322265625
33.421836853027344,0.10455322265625
33.43255829811096,0.10455322265625
33.44328212738037,0.10455322265625
33.45400857925415,0.10455322265625
33.464728116989136,0.10455322265625
33.475473403930664,0.10455322265625
33.48620820045471,0.10455322265625
33.49691724777222,0.10455322265625
33.5076117515564,0.10455322265625
33.51833438873291,0.10455322265625
33.52905225753784,0.10455322265625
33.53975868225098,0.10455322265625
33.55048394203186,0.10455322265625
33.56121635437012,0.10455322265625
33.5719268321991,0.10455322265625
33.582653284072876,0.10455322265625
33.59340214729309,0.10480499267578125
33.60412383079529,0.10480499267578125
33.614834785461426,0.10480499267578125
33.625569105148315,0.10480499267578125
33.63628697395325,0.10480499267578125
33.64701509475708,0.10480499267578125
33.65772247314453,0.10480499267578125
33.66844725608826,0.10480499267578125
33.679194927215576,0.10480499267578125
33.689950466156006,0.10480499267578125
33.70066571235657,0.10480499267578125
33.71139121055603,0.10480499267578125
33.7221302986145,0.10480499267578125
33.73284721374512,0.10480499267578125
33.74357581138611,0.10480499267578125
33.75430870056152,0.10480499267578125
33.76504397392273,0.10480499267578125
33.77576470375061,0.10480499267578125
33.78650164604187,0.10480499267578125
33.79722595214844,0.10480499267578125
33.80794644355774,0.10480499267578125
33.818660259246826,0.10480499267578125
33.829392433166504,0.10480499267578125
33.840113162994385,0.10480499267578125
33.8508198261261,0.10480499267578125
33.86155605316162,0.10480499267578125
33.87227940559387,0.10480499267578125
33.882997274398804,0.10480499267578125
33.893736839294434,0.10480499267578125
33.90445947647095,0.10480499267578125
33.91519117355347,0.10480499267578125
33.92590284347534,0.10480499267578125
33.93664312362671,0.10480499267578125
33.94738149642944,0.10480499267578125
33.95811867713928,0.10480499267578125
33.96882700920105,0.10480499267578125
33.97955584526062,0.10480499267578125
33.99027419090271,0.10480499267578125
34.000996351242065,0.10480499267578125
34.011720418930054,0.10480499267578125
34.022443771362305,0.10480499267578125
34.033183336257935,0.10480499267578125
34.04389810562134,0.1050567626953125
34.05462598800659,0.1050567626953125
34.06535458564758,0.10530853271484375
34.07608485221863,0.10530853271484375
34.08680272102356,0.10530853271484375
34.09757685661316,0.10530853271484375
34.10830211639404,0.10530853271484375
34.11902618408203,0.10530853271484375
34.12974691390991,0.10530853271484375
34.140488386154175,0.10530853271484375
34.15122961997986,0.10530853271484375
34.161949634552,0.10530853271484375
34.17266392707825,0.10530853271484375
34.18338942527771,0.10530853271484375
34.19412088394165,0.10530853271484375
34.20483875274658,0.10530853271484375
34.21556544303894,0.10530853271484375
34.22630429267883,0.10530853271484375
34.23703193664551,0.10530853271484375
34.24775171279907,0.105560302734375
34.25849175453186,0.105560302734375
34.26921510696411,0.105560302734375
34.27993035316467,0.10581207275390625
34.29066228866577,0.10581207275390625
34.30140423774719,0.10581207275390625
34.31212782859802,0.10581207275390625
34.322845458984375,0.10581207275390625
34.33356714248657,0.10581207275390625
34.34429860115051,0.10581207275390625
34.355024337768555,0.10581207275390625
34.365739822387695,0.10581207275390625
34.37647247314453,0.10581207275390625
34.38719081878662,0.10581207275390625
34.39791393280029,0.10581207275390625
34.40862417221069,0.10581207275390625
34.41934943199158,0.10581207275390625
34.430068254470825,0.10581207275390625
34.44077944755554,0.10581207275390625
34.45151209831238,0.10581207275390625
34.46223497390747,0.10581207275390625
34.47295522689819,0.10581207275390625
34.48370170593262,0.1060638427734375
34.494425773620605,0.1060638427734375
34.50514817237854,0.1060638427734375
34.51586580276489,0.1060638427734375
34.52658700942993,0.1060638427734375
34.537304162979126,0.10631561279296875
34.54802393913269,0.10631561279296875
34.5587420463562,0.10631561279296875
34.56947684288025,0.10631561279296875
34.58020043373108,0.10631561279296875
34.590909481048584,0.10631561279296875
34.601637840270996,0.10631561279296875
34.612369537353516,0.10631561279296875
34.623103857040405,0.10631561279296875
34.63382339477539,0.10631561279296875
34.644556760787964,0.1065673828125
34.65528607368469,0.1065673828125
34.666015625,0.1065673828125
34.67673587799072,0.1065673828125
34.68747639656067,0.1065673828125
34.69820261001587,0.1065673828125
34.708913803100586,0.1065673828125
34.71964240074158,0.1065673828125
34.73037147521973,0.1065673828125
34.74111342430115,0.1065673828125
34.75182056427002,0.1065673828125
34.76254653930664,0.1065673828125
34.77326798439026,0.1065673828125
34.78400254249573,0.1065673828125
34.794719219207764,0.1065673828125
34.805447578430176,0.1065673828125
34.81617307662964,0.1065673828125
34.82701253890991,0.1065673828125
34.83774209022522,0.10681915283203125
34.84848070144653,0.10681915283203125
34.859214305877686,0.1070709228515625
34.8699312210083,0.1070709228515625
34.88067436218262,0.10904693603515625
34.89139986038208,0.10904693603515625
34.90213918685913,0.10904693603515625
34.91285848617554,0.10904693603515625
34.92359161376953,0.10904693603515625
34.93434238433838,0.10904693603515625
34.94506883621216,0.10904693603515625
34.955795764923096,0.10904693603515625
34.96652555465698,0.10904693603515625
34.97727179527283,0.10904693603515625
34.988017082214355,0.10904693603515625
34.9987416267395,0.10904693603515625
35.00948166847229,0.10904693603515625
35.02021837234497,0.10904693603515625
35.030964374542236,0.10904693603515625
35.04171586036682,0.10904693603515625
35.052459478378296,0.10904693603515625
35.0631959438324,0.10904693603515625
35.07391405105591,0.10904693603515625
35.084654331207275,0.10904693603515625
35.09539031982422,0.10904693603515625
35.1061327457428,0.10904693603515625
35.116851806640625,0.10904693603515625
35.12758684158325,0.10904693603515625
35.1383318901062,0.10904693603515625
35.14905858039856,0.10904693603515625
35.1597843170166,0.10904693603515625
35.17051935195923,0.10904693603515625
35.181252002716064,0.1092987060546875
35.191980838775635,0.1092987060546875
35.20271182060242,0.1092987060546875
35.213459968566895,0.1092987060546875
35.224196434020996,0.1092987060546875
35.23492670059204,0.1092987060546875
35.245609521865845,0.10955047607421875
35.256335735321045,0.10955047607421875
35.26708149909973,0.10955047607421875
35.277806997299194,0.10955047607421875
35.28855276107788,0.10955047607421875
35.299294233322144,0.10955047607421875
35.310030460357666,0.10955047607421875
35.32077670097351,0.10955047607421875
35.33150863647461,0.10955047607421875
35.34224581718445,0.10955047607421875
35.35298418998718,0.10955047607421875
35.363688707351685,0.10955047607421875
35.374412536621094,0.10955047607421875
35.38513946533203,0.10955047607421875
35.39585638046265,0.10955047607421875
35.4065797328949,0.10955047607421875
35.41731119155884,0.10955047607421875
35.42804574966431,0.10955047607421875
35.438774824142456,0.10955047607421875
35.44950890541077,0.10955047607421875
35.460230588912964,0.10955047607421875
35.47097587585449,0.10955047607421875
35.48169279098511,0.10955047607421875
35.49242353439331,0.10955047607421875
35.503183364868164,0.1096954345703125
35.51390051841736,0.1096954345703125
35.52463364601135,0.1096954345703125
35.535362243652344,0.1096954345703125
35.5461003780365,0.1096954345703125
35.556825399398804,0.1096954345703125
35.56756591796875,0.1096954345703125
35.57829308509827,0.1096954345703125
35.58902335166931,0.1096954345703125
35.599759340286255,0.1096954345703125
35.610501527786255,0.1096954345703125
35.62122845649719,0.1096954345703125
35.63197565078735,0.1096954345703125
35.64268732070923,0.1096954345703125
35.653419733047485,0.1096954345703125
35.6641526222229,0.1096954345703125
35.6748743057251,0.1096954345703125
35.68561315536499,0.1096954345703125
35.69634008407593,0.1096954345703125
35.707069635391235,0.1096954345703125
35.71779942512512,0.1096954345703125
35.72852063179016,0.1096954345703125
35.73923993110657,0.1096954345703125
35.75002121925354,0.1096954345703125
35.76073741912842,0.1096954345703125
35.771470069885254,0.1096954345703125
35.78219032287598,0.1096954345703125
35.792914152145386,0.1096954345703125
35.803627729415894,0.1096954345703125
35.8143527507782,0.1096954345703125
35.825090169906616,0.11006546020507812
35.83580303192139,0.11031723022460938
35.84653854370117,0.11031723022460938
35.857264041900635,0.11031723022460938
35.86799144744873,0.11031723022460938
35.87870502471924,0.11031723022460938
35.88943600654602,0.11031723022460938
35.90016031265259,0.11031723022460938
35.91087245941162,0.11031723022460938
35.921586990356445,0.11031723022460938
35.93231534957886,0.11031723022460938
35.943036794662476,0.11031723022460938
35.95375347137451,0.11031723022460938
35.96449637413025,0.11031723022460938
35.975223779678345,0.11031723022460938
35.98596429824829,0.11056900024414062
35.996678829193115,0.11056900024414062
36.00740957260132,0.11056900024414062
36.01816725730896,0.11056900024414062
36.02887511253357,0.11056900024414062
36.03959798812866,0.11056900024414062
36.05031967163086,0.11056900024414062
36.06104373931885,0.11056900024414062
36.071760177612305,0.11056900024414062
36.08248686790466,0.11056900024414062
36.09321212768555,0.11056900024414062
36.10395956039429,0.11056900024414062
36.11469101905823,0.11063003540039062
36.12542486190796,0.11066055297851562
36.136154890060425,0.11069488525390625
36.14687132835388,0.1107177734375
36.15761065483093,0.11073684692382812
36.168354749679565,0.1107940673828125
36.179089069366455,0.1107940673828125
36.18980860710144,0.1107940673828125
36.20054745674133,0.1107940673828125
36.21126651763916,0.1107940673828125
36.22201347351074,0.1107940673828125
36.232725620269775,0.1107940673828125
36.243452072143555,0.1107940673828125
36.25417613983154,0.1107940673828125
36.264909744262695,0.1107940673828125
36.27562594413757,0.1107940673828125
36.286354780197144,0.1107940673828125
36.29708552360535,0.1107940673828125
36.30780482292175,0.1107940673828125
36.318541526794434,0.1107940673828125
36.32926821708679,0.1107940673828125
36.33999228477478,0.1107940673828125
36.35070323944092,0.1107940673828125
36.3614444732666,0.1107940673828125
36.37217831611633,0.1107940673828125
36.382898807525635,0.111724853515625
36.393640756607056,0.111724853515625
36.40440011024475,0.111724853515625
36.415128231048584,0.111724853515625
36.425837993621826,0.111724853515625
36.43657469749451,0.111724853515625
36.447306632995605,0.111724853515625
36.45802903175354,0.111724853515625
36.46875262260437,0.111724853515625
36.47948622703552,0.111724853515625
36.49022102355957,0.111724853515625
36.50094223022461,0.111724853515625
36.51165199279785,0.111724853515625
36.52238130569458,0.111724853515625
36.53310465812683,0.111724853515625
36.54380917549133,0.111724853515625
36.554548501968384,0.111724853515625
36.565284729003906,0.111724853515625
36.57602095603943,0.111724853515625
36.58673715591431,0.11214065551757812
36.597480058670044,0.11214065551757812
36.60820937156677,0.11214065551757812
36.618919372558594,0.11214065551757812
36.62963128089905,0.11239242553710938
36.64035701751709,0.11239242553710938
36.651094913482666,0.11239242553710938
36.661813497543335,0.11239242553710938
36.67254829406738,0.11239242553710938
36.683274030685425,0.11239242553710938
36.6939959526062,0.11239242553710938
36.704702377319336,0.11239242553710938
36.7154266834259,0.11239242553710938
36.72614908218384,0.11239242553710938
36.73685646057129,0.11239242553710938
36.74759101867676,0.11239242553710938
36.758326053619385,0.11239242553710938
36.76907992362976,0.11239242553710938
36.779789209365845,0.11239242553710938
36.790526151657104,0.11264419555664062
36.80126333236694,0.11264419555664062
36.81198501586914,0.11264419555664062
36.82269287109375,0.11264419555664062
36.83341860771179,0.11264419555664062
36.8441526889801,0.11264419555664062
36.854864835739136,0.11264419555664062
36.8655891418457,0.11301040649414062
36.876320123672485,0.11301040649414062
36.88704490661621,0.11360931396484375
36.89776086807251,0.1141204833984375
36.90849018096924,0.1141204833984375
36.919211864471436,0.1141204833984375
36.92993378639221,0.1141204833984375
36.94067430496216,0.11437225341796875
36.95140480995178,0.11437225341796875
36.96213102340698,0.11437225341796875
36.97286248207092,0.11437225341796875
36.98358106613159,0.11437225341796875
36.99430966377258,0.11437225341796875
37.005038261413574,0.11437225341796875
37.01576113700867,0.11437225341796875
37.0264847278595,0.11437225341796875
37.037216901779175,0.11437225341796875
37.047926902770996,0.11437225341796875
37.058637857437134,0.11437225341796875
37.06936955451965,0.1151275634765625
37.08009743690491,0.1151275634765625
37.09080934524536,0.1151275634765625
37.10154104232788,0.1151275634765625
37.11226415634155,0.1151275634765625
37.122987508773804,0.1151275634765625
37.13370633125305,0.1151275634765625
37.14443588256836,0.1151275634765625
37.15515923500061,0.1151275634765625
37.16587018966675,0.1151275634765625
37.17658805847168,0.1151275634765625
37.18731951713562,0.1151275634765625
37.19807410240173,0.1151275634765625
37.208789110183716,0.1161346435546875
37.21951365470886,0.1161346435546875
37.23025417327881,0.11638641357421875
37.24097537994385,0.11638641357421875
37.25168228149414,0.11638641357421875
37.262409687042236,0.11638641357421875
37.273149728775024,0.11638641357421875
37.283857345581055,0.11638641357421875
37.29457902908325,0.11638641357421875
37.305315256118774,0.11638641357421875
37.3160445690155,0.11638641357421875
37.32676339149475,0.11638641357421875
37.33749866485596,0.11638641357421875
37.348227977752686,0.11638641357421875
37.35896182060242,0.11638641357421875
37.36967587471008,0.11638641357421875
37.38041353225708,0.11638641357421875
37.39115309715271,0.11638641357421875
37.40188264846802,0.11638641357421875
37.41259956359863,0.11638641357421875
37.42333149909973,0.11638641357421875
37.43405246734619,0.11638641357421875
37.444775342941284,0.11638641357421875
37.455506801605225,0.11638641357421875
37.466232776641846,0.11638641357421875
37.476991176605225,0.11638641357421875
37.48771119117737,0.11638641357421875
37.49843645095825,0.11638641357421875
37.509164810180664,0.11638641357421875
37.51989150047302,0.11638641357421875
37.53060269355774,0.11638641357421875
37.54133200645447,0.11638641357421875
37.552061557769775,0.11638641357421875
37.56276774406433,0.11638641357421875
37.573509216308594,0.11638641357421875
37.58423972129822,0.11638641357421875
37.59496331214905,0.11638641357421875
37.60569930076599,0.11638641357421875
37.616440773010254,0.11638641357421875
37.62716245651245,0.11638641357421875
37.637876749038696,0.11638641357421875
37.648611545562744,0.11638641357421875
37.659335136413574,0.11638641357421875
37.67006206512451,0.11638641357421875
37.68079686164856,0.11638641357421875
37.69153308868408,0.11638641357421875
37.70227599143982,0.11638641357421875
37.71302318572998,0.11638641357421875
37.72373962402344,0.11638641357421875
37.734479665756226,0.11638641357421875
37.7452073097229,0.11638641357421875
37.75595760345459,0.11638641357421875
37.766674518585205,0.11638641357421875
37.777413845062256,0.11638641357421875
37.78815793991089,0.11638641357421875
37.79887628555298,0.11638641357421875
37.80960512161255,0.11664581298828125
37.82034492492676,0.11784744262695312
37.83108043670654,0.11784744262695312
37.84180426597595,0.11784744262695312
37.85253620147705,0.11784744262695312
37.86326622962952,0.11834716796875
37.874022245407104,0.11834716796875
37.88474464416504,0.11834716796875
37.89547395706177,0.11834716796875
37.90619516372681,0.11834716796875
37.91691589355469,0.11834716796875
37.9276340007782,0.11834716796875
37.93835663795471,0.11834716796875
37.949074268341064,0.11834716796875
37.95978116989136,0.11834716796875
37.970503091812134,0.11834716796875
37.981228828430176,0.11834716796875
37.99194693565369,0.11834716796875
38.00267696380615,0.11834716796875
38.0134060382843,0.11834716796875
38.02413725852966,0.11834716796875
38.03485822677612,0.11834716796875
38.04558205604553,0.11834716796875
38.05630421638489,0.11834716796875
38.06702899932861,0.11834716796875
38.07774019241333,0.1187286376953125
38.08847188949585,0.1187286376953125
38.09919834136963,0.1187286376953125
38.10991334915161,0.1187286376953125
38.12064552307129,0.11898040771484375
38.131373167037964,0.1197357177734375
38.14210343360901,0.11996841430664062
38.15283203125,0.12022018432617188
38.16359066963196,0.12047195434570312
38.174339056015015,0.12047195434570312
38.18507170677185,0.12047195434570312
38.19579887390137,0.12047195434570312
38.20653557777405,0.12047195434570312
38.217286348342896,0.12047195434570312
38.22802495956421,0.12047195434570312
38.238747119903564,0.12047195434570312
38.24947261810303,0.12047195434570312
38.26024127006531,0.12047195434570312
38.27097940444946,0.12047195434570312
38.28170728683472,0.12047195434570312
38.292447090148926,0.12047195434570312
38.303181648254395,0.12047195434570312
38.31390309333801,0.12047195434570312
38.32462525367737,0.12047195434570312
38.33537292480469,0.12047195434570312
38.346097230911255,0.12047195434570312
38.356815814971924,0.12047195434570312
38.36754012107849,0.12047195434570312
38.378273248672485,0.12047195434570312
38.388999462127686,0.12047195434570312
38.39971113204956,0.12047195434570312
38.4104425907135,0.12047195434570312
38.42116641998291,0.12047195434570312
38.43187665939331,0.12047195434570312
38.44259715080261,0.12047195434570312
38.45333647727966,0.12047195434570312
38.46409225463867,0.12047195434570312
38.474799156188965,0.12047195434570312
38.48552227020264,0.12047195434570312
38.496246099472046,0.12047195434570312
38.506999254226685,0.12047195434570312
38.51771664619446,0.12072372436523438
38.528446197509766,0.12072372436523438
38.53916954994202,0.12072372436523438
38.549880266189575,0.12097549438476562
38.560612201690674,0.12147903442382812
38.571348667144775,0.12147903442382812
38.582077741622925,0.12147903442382812
38.592796087265015,0.12147903442382812
38.60353446006775,0.12147903442382812
38.6142578125,0.12147903442382812
38.62498140335083,0.12147903442382812
38.635725259780884,0.12147903442382812
38.64646053314209,0.12147903442382812
38.65719270706177,0.12147903442382812
38.66790151596069,0.12147903442382812
38.67861771583557,0.12167739868164062
38.68935966491699,0.12167739868164062
38.70007824897766,0.12167739868164062
38.71078896522522,0.12167739868164062
38.7215416431427,0.12167739868164062
38.7322952747345,0.12167739868164062
38.74302363395691,0.12167739868164062
38.75373888015747,0.12167739868164062
38.764474391937256,0.12167739868164062
38.775219678878784,0.12167739868164062
38.78595161437988,0.12167739868164062
38.796674728393555,0.12167739868164062
38.80740737915039,0.12167739868164062
38.81813931465149,0.1216888427734375
38.82884621620178,0.1216888427734375
38.83958911895752,0.1216888427734375
38.85032367706299,0.1216888427734375
38.86104702949524,0.1216888427734375
38.87175679206848,0.1216888427734375
38.882495641708374,0.1216888427734375
38.89321494102478,0.1216888427734375
38.90395379066467,0.1216888427734375
38.91467356681824,0.1216888427734375
38.925405979156494,0.1216888427734375
38.93613624572754,0.1216888427734375
38.94684624671936,0.1216888427734375
38.95757603645325,0.1216888427734375
38.96831274032593,0.1216888427734375
38.979039907455444,0.1216888427734375
38.989750623703,0.1216888427734375
39.00048327445984,0.1216888427734375
39.01122498512268,0.1216888427734375
39.0219612121582,0.1216888427734375
39.03267788887024,0.1216888427734375
39.043402671813965,0.1216888427734375
39.054123640060425,0.1216888427734375
39.06483268737793,0.1216888427734375
39.0755672454834,0.1216888427734375
39.08630013465881,0.1216888427734375
39.09704542160034,0.1219329833984375
39.1077618598938,0.1219329833984375
39.11850023269653,0.1219329833984375
39.12924003601074,0.1219329833984375
39.13998007774353,0.1219329833984375
39.150705337524414,0.1219329833984375
39.16144347190857,0.1219329833984375
39.17218017578125,0.1219329833984375
39.18290829658508,0.1219329833984375
39.19363260269165,0.1219329833984375
39.20435833930969,0.1219329833984375
39.21510195732117,0.1219329833984375
39.225807189941406,0.1219329833984375
39.23654365539551,0.1219329833984375
39.24728012084961,0.1219329833984375
39.25800704956055,0.1219329833984375
39.26872110366821,0.1219329833984375
39.279462575912476,0.1219329833984375
39.29023814201355,0.12218475341796875
39.30096673965454,0.12218475341796875
39.31169128417969,0.12218475341796875
39.322415828704834,0.12218475341796875
39.33314323425293,0.12218475341796875
39.343857765197754,0.12218475341796875
39.35457730293274,0.12218475341796875
39.36533832550049,0.12218475341796875
39.37606072425842,0.12218475341796875
39.38678216934204,0.12218475341796875
39.39752721786499,0.12218475341796875
39.408257484436035,0.12218475341796875
39.41898798942566,0.12218475341796875
39.4297080039978,0.12218475341796875
39.44045948982239,0.12218475341796875
39.45118594169617,0.12218475341796875
39.46194529533386,0.12218475341796875
39.47267174720764,0.12218475341796875
39.483396768569946,0.12218475341796875
39.49413347244263,0.12218475341796875
39.504849910736084,0.12218475341796875
39.51557755470276,0.12218475341796875
39.526315212249756,0.1224365234375
39.537086725234985,0.1224365234375
39.547794580459595,0.1224365234375
39.558531284332275,0.1224365234375
39.569260597229004,0.1224365234375
39.580005407333374,0.1224365234375
39.59071946144104,0.1224365234375
39.601463317871094,0.1224365234375
39.612200021743774,0.1224365234375
39.62292218208313,0.1224365234375
39.63364386558533,0.1224365234375
39.644375801086426,0.1224365234375
39.65509605407715,0.1224365234375
39.66580414772034,0.1224365234375
39.67653131484985,0.1224365234375
39.687260150909424,0.1224365234375
39.69798946380615,0.1224365234375
39.7087082862854,0.1224365234375
39.719441413879395,0.1224365234375
39.73017501831055,0.1224365234375
39.74088215827942,0.1224365234375
39.75161075592041,0.1224365234375
39.762341260910034,0.1224365234375
39.77306342124939,0.1224365234375
39.78379535675049,0.1224365234375
39.794519901275635,0.1224365234375
39.80525350570679,0.1224365234375
39.81597304344177,0.12268829345703125
39.82670187950134,0.12268829345703125
39.83743095397949,0.12268829345703125
39.84817910194397,0.12268829345703125
39.85891032218933,0.12268829345703125
39.8696129322052,0.12268829345703125
39.88035607337952,0.12268829345703125
39.89109706878662,0.12268829345703125
39.901814460754395,0.12319183349609375
39.912546157836914,0.12319183349609375
39.9232656955719,0.123443603515625
39.93398857116699,0.12369537353515625
39.94473147392273,0.12369537353515625
39.95547294616699,0.12369537353515625
39.96619510650635,0.12369537353515625
39.976922273635864,0.12369537353515625
39.98764395713806,0.12369537353515625
39.99837899208069,0.12369537353515625
40.009114027023315,0.12369537353515625
40.01984000205994,0.12369537353515625
40.030579566955566,0.12369537353515625
40.04131507873535,0.12369537353515625
40.05205750465393,0.12369537353515625
40.06278657913208,0.12369537353515625
40.073535680770874,0.12369537353515625
40.08429002761841,0.12369537353515625
40.09503412246704,0.12369537353515625
40.10576796531677,0.12369537353515625
40.11652064323425,0.12369537353515625
40.127272605895996,0.12369537353515625
40.138001680374146,0.12369537353515625
40.148736238479614,0.12369537353515625
40.159465312957764,0.12369537353515625
40.17019724845886,0.12369537353515625
40.180912017822266,0.12369537353515625
40.19163465499878,0.12369537353515625
40.20238780975342,0.12369537353515625
40.2131245136261,0.12369537353515625
40.22385025024414,0.12369537353515625
40.2345871925354,0.12369537353515625
40.24533128738403,0.12369537353515625
40.25606679916382,0.12369537353515625
40.26677918434143,0.12369537353515625
40.27750825881958,0.12369537353515625
40.28822922706604,0.12369537353515625
40.29895567893982,0.12369537353515625
40.30967879295349,0.12369537353515625
40.32040548324585,0.1239471435546875
40.33112907409668,0.1239471435546875
40.34183740615845,0.1239471435546875
40.352577447891235,0.12445068359375
40.36331391334534,0.12445068359375
40.374040842056274,0.12445068359375
40.38476085662842,0.12445068359375
40.395493507385254,0.12445068359375
40.40622591972351,0.12445068359375
40.4169499874115,0.12445068359375
40.42766237258911,0.12445068359375
40.4383978843689,0.12445068359375
40.449135065078735,0.12445068359375
40.459855794906616,0.12445068359375
40.470582485198975,0.12445068359375
40.481306314468384,0.12445068359375
40.49204111099243,0.12445068359375
40.502761363983154,0.12445068359375
40.51350426673889,0.12445068359375
40.52425289154053,0.12445068359375
40.53498578071594,0.12445068359375
40.54571175575256,0.12445068359375
40.556434869766235,0.12445068359375
40.567158937454224,0.12445068359375
40.577882289886475,0.12445068359375
40.58859968185425,0.12445068359375
40.59933829307556,0.12445068359375
40.61008167266846,0.12526321411132812
40.62079882621765,0.12551498413085938
40.63152456283569,0.12551498413085938
40.642255783081055,0.12551498413085938
40.65297245979309,0.12551498413085938
40.66368126869202,0.12551498413085938
40.6744110584259,0.12551498413085938
40.68513560295105,0.12551498413085938
40.69585299491882,0.12551498413085938
40.70656871795654,0.12551498413085938
40.71729636192322,0.12551498413085938
40.72801995277405,0.12551498413085938
40.73874354362488,0.12551498413085938
40.74947714805603,0.12551498413085938
40.76020622253418,0.12551498413085938
40.77092266082764,0.12551498413085938
40.78164482116699,0.12551498413085938
40.79237174987793,0.12551498413085938
40.803096771240234,0.12551498413085938
40.81383919715881,0.12551498413085938
40.82456994056702,0.12551498413085938
40.83529829978943,0.12551498413085938
40.84602642059326,0.12551498413085938
40.8567316532135,0.12551498413085938
40.867491483688354,0.12551498413085938
40.878227949142456,0.12551498413085938
40.88895320892334,0.12551498413085938
40.899683713912964,0.12551498413085938
40.9104208946228,0.12551498413085938
40.92115020751953,0.12551498413085938
40.9318745136261,0.12601852416992188
40.94258689880371,0.12601852416992188
40.95331835746765,0.12601852416992188
40.964059352874756,0.12601852416992188
40.97479009628296,0.12601852416992188
40.98551940917969,0.12601852416992188
40.99626159667969,0.12601852416992188
41.00699758529663,0.12601852416992188
41.01772117614746,0.12601852416992188
41.02847242355347,0.12601852416992188
41.03920078277588,0.12601852416992188
41.049911975860596,0.12601852416992188
41.06062698364258,0.12601852416992188
41.07136940956116,0.12601852416992188
41.082101583480835,0.12601852416992188
41.09283089637756,0.12601852416992188
41.10356688499451,0.12601852416992188
41.11429238319397,0.12601852416992188
41.125030517578125,0.12601852416992188
41.135772943496704,0.12601852416992188
41.14650797843933,0.12601852416992188
41.15723514556885,0.12601852416992188
41.16795516014099,0.12601852416992188
41.17867851257324,0.12601852416992188
41.18940544128418,0.12601852416992188
41.20012927055359,0.12601852416992188
41.21083688735962,0.12601852416992188
41.221553802490234,0.12601852416992188
41.23228907585144,0.12601852416992188
41.24301099777222,0.12601852416992188
41.253729581832886,0.12601852416992188
41.26446485519409,0.12601852416992188
41.275185108184814,0.12601852416992188
41.28589177131653,0.12601852416992188
41.2965989112854,0.12601852416992188
41.30736041069031,0.12601852416992188
41.318092346191406,0.12601852416992188
41.32881283760071,0.12601852416992188
41.339534759521484,0.12601852416992188
41.350268602371216,0.12601852416992188
41.360995054244995,0.12601852416992188
41.3717098236084,0.12601852416992188
41.38243389129639,0.12601852416992188
41.393171072006226,0.12601852416992188
41.40388631820679,0.12601852416992188
41.414618253707886,0.12601852416992188
41.42534804344177,0.12601852416992188
41.43608832359314,0.12601852416992188
41.446845293045044,0.12601852416992188
41.45758676528931,0.12601852416992188
41.46832227706909,0.12601852416992188
41.47905206680298,0.12601852416992188
41.48977279663086,0.12601852416992188
41.50050711631775,0.12601852416992188
41.51123237609863,0.12601852416992188
41.52195692062378,0.12601852416992188
41.532668590545654,0.12601852416992188
41.54340887069702,0.12601852416992188
41.554144859313965,0.12601852416992188
41.56485199928284,0.12601852416992188
41.57558226585388,0.12601852416992188
41.58631420135498,0.12601852416992188
41.59703755378723,0.12601852416992188
41.607747077941895,0.12601852416992188
41.6184720993042,0.12601852416992188
41.62919640541077,0.12601852416992188
41.639923095703125,0.12601852416992188
41.650649070739746,0.12601852416992188
41.661381483078,0.12601852416992188
41.672168493270874,0.12601852416992188
41.68289923667908,0.12627029418945312
41.693601846694946,0.12627029418945312
41.70433688163757,0.12627029418945312
41.7150661945343,0.12627029418945312
41.72578763961792,0.12627029418945312
41.736531257629395,0.12627029418945312
41.74726343154907,0.12627029418945312
41.7579870223999,0.12627029418945312
41.76870250701904,0.12627029418945312
41.77944540977478,0.12627029418945312
41.790170669555664,0.12627029418945312
41.800888538360596,0.12627029418945312
41.811604261398315,0.12627029418945312
41.82232713699341,0.12627029418945312
41.83306002616882,0.12627029418945312
41.843780755996704,0.12627029418945312
41.854511976242065,0.12627029418945312
41.865238428115845,0.12627029418945312
41.875969886779785,0.12627029418945312
41.88671278953552,0.12627029418945312
41.89746570587158,0.12627029418945312
41.90819191932678,0.12627029418945312
41.91890907287598,0.12677383422851562
41.92964243888855,0.12702560424804688
41.94037342071533,0.12702560424804688
41.9511022567749,0.12727737426757812
41.961820125579834,0.12727737426757812
41.972548961639404,0.12778091430664062
41.98329162597656,0.12778091430664062
41.99401640892029,0.12778091430664062
42.00474524497986,0.12778091430664062
42.0154709815979,0.12778091430664062
42.02619814872742,0.12778091430664062
42.036911964416504,0.12778091430664062
42.04763126373291,0.12778091430664062
42.05836200714111,0.12778091430664062
42.06908893585205,0.12778091430664062
42.079798460006714,0.12778091430664062
42.0905282497406,0.12778091430664062
42.101253271102905,0.12778091430664062
42.11198425292969,0.12778091430664062
42.12271046638489,0.12778091430664062
42.13348054885864,0.12778091430664062
42.144221782684326,0.12778091430664062
42.15493130683899,0.12778091430664062
42.16566324234009,0.12778091430664062
42.176395654678345,0.12778091430664062
42.187116622924805,0.12803268432617188
42.197829484939575,0.12803268432617188
42.20855689048767,0.12828445434570312
42.219290256500244,0.12828445434570312
42.23003077507019,0.12878799438476562
42.24075698852539,0.12903976440429688
42.25151062011719,0.12903976440429688
42.26223540306091,0.12903976440429688
42.27296161651611,0.12903976440429688
42.28367519378662,0.12929153442382812
42.29441452026367,0.12929153442382812
42.30513882637024,0.12979507446289062
42.315861225128174,0.13004684448242188
42.32658529281616,0.13029861450195312
42.337310552597046,0.13029861450195312
42.34803009033203,0.13029861450195312
42.358750343322754,0.13029861450195312
42.36948084831238,0.13029861450195312
42.380200147628784,0.13029861450195312
42.39090609550476,0.13029861450195312
42.40163064002991,0.13029861450195312
42.41235637664795,0.13029861450195312
42.42308974266052,0.13029861450195312
42.43380331993103,0.13029861450195312
42.44453048706055,0.13029861450195312
42.45525646209717,0.13029861450195312
42.4659903049469,0.13029861450195312
42.47669696807861,0.13029861450195312
42.48743414878845,0.13029861450195312
42.498180866241455,0.13029861450195312
42.50889348983765,0.13029861450195312
42.51962113380432,0.13029861450195312
42.53035926818848,0.13029861450195312
42.54108667373657,0.13029861450195312
42.5518057346344,0.13029861450195312
42.562561988830566,0.13029861450195312
42.5732946395874,0.13029861450195312
42.58404040336609,0.13029861450195312
42.59476351737976,0.13029861450195312
42.60548758506775,0.13055038452148438
42.61621356010437,0.13055038452148438
42.62692999839783,0.13055038452148438
42.637659549713135,0.13055038452148438
42.648409605026245,0.13055038452148438
42.65914535522461,0.13055038452148438
42.669853925704956,0.13055038452148438
42.680577993392944,0.13055038452148438
42.6913275718689,0.13055038452148438
42.702049255371094,0.13055038452148438
42.7127628326416,0.13055038452148438
42.72349691390991,0.13055038452148438
42.7342267036438,0.13055038452148438
42.74496865272522,0.13055038452148438
42.7556939125061,0.13055038452148438
42.76642918586731,0.13055038452148438
42.77716135978699,0.13055038452148438
42.78788757324219,0.13055038452148438
42.798633098602295,0.13055038452148438
42.80937385559082,0.13055038452148438
42.82011938095093,0.13055038452148438
42.830851316452026,0.13055038452148438
42.84160041809082,0.13055038452148438
42.852338552474976,0.13055038452148438
42.863067388534546,0.13055038452148438
42.87379288673401,0.13055038452148438
42.88453507423401,0.13055038452148438
42.89527130126953,0.13055038452148438
42.905999183654785,0.13055038452148438
42.91674327850342,0.13055038452148438
42.927470684051514,0.13055038452148438
42.938209772109985,0.13055038452148438
42.948949098587036,0.13055038452148438
42.95967149734497,0.13055038452148438
42.97039842605591,0.13055038452148438
42.98112106323242,0.13055038452148438
42.99184489250183,0.13055038452148438
43.00257349014282,0.13055038452148438
43.01330924034119,0.13055038452148438
43.02403497695923,0.13055038452148438
43.0347535610199,0.13055038452148438
43.04547429084778,0.13055038452148438
43.05622172355652,0.13055038452148438
43.066930532455444,0.13055038452148438
43.07767462730408,0.13055038452148438
43.0883994102478,0.13055038452148438
43.099133014678955,0.13055038452148438
43.109840631484985,0.13055038452148438
43.1205735206604,0.13055038452148438
43.13130044937134,0.13055038452148438
43.14202332496643,0.13055038452148438
43.15274405479431,0.13055038452148438
43.16347122192383,0.13055038452148438
43.174192905426025,0.13055038452148438
43.184900999069214,0.13055038452148438
43.19562244415283,0.13055038452148438
43.20635509490967,0.13055038452148438
43.21708035469055,0.13055038452148438
43.227789878845215,0.13055038452148438
43.2385311126709,0.13055038452148438
43.24926424026489,0.13055038452148438
43.2599937915802,0.13055038452148438
43.270702838897705,0.13055038452148438
43.281431674957275,0.13055038452148438
43.29216814041138,0.13055038452148438
43.30287742614746,0.13055038452148438
43.313602447509766,0.13055038452148438
43.32433605194092,0.13055038452148438
43.33506655693054,0.13055038452148438
43.34577298164368,0.13055038452148438
43.356497287750244,0.13055038452148438
43.367247581481934,0.13105392456054688
43.377978563308716,0.13105392456054688
43.38869857788086,0.13130569458007812
43.399439573287964,0.13130569458007812
43.410162687301636,0.13180923461914062
43.42088580131531,0.13206100463867188
43.4315984249115,0.13206100463867188
43.4423303604126,0.13216018676757812
43.45305776596069,0.13217926025390625
43.46377205848694,0.13222122192382812
43.47450590133667,0.13222122192382812
43.485233306884766,0.13222122192382812
43.49596333503723,0.13222122192382812
43.50668501853943,0.13337326049804688
43.517420291900635,0.13337326049804688
43.5281457901001,0.13413238525390625
43.538861989974976,0.13417434692382812
43.549596309661865,0.1343536376953125
43.56033229827881,0.13435745239257812
43.571056842803955,0.13435745239257812
43.581796646118164,0.13435745239257812
43.592538595199585,0.13435745239257812
43.603261947631836,0.13435745239257812
43.613982915878296,0.13435745239257812
43.62469530105591,0.13435745239257812
43.63542604446411,0.13435745239257812
43.64616322517395,0.13435745239257812
43.65692353248596,0.13435745239257812
43.667640924453735,0.13435745239257812
43.67840218544006,0.13435745239257812
43.68912935256958,0.13435745239257812
43.69983410835266,0.13435745239257812
43.71056866645813,0.13435745239257812
43.721288204193115,0.13435745239257812
43.73202061653137,0.13435745239257812
43.74272894859314,0.13435745239257812
43.753459453582764,0.13435745239257812
43.764198780059814,0.13435745239257812
43.775068044662476,0.13470458984375
43.7857871055603,0.13470458984375
43.79651427268982,0.13470458984375
43.807239055633545,0.13470458984375
43.81797432899475,0.13495635986328125
43.82868695259094,0.13495635986328125
43.83941578865051,0.1352081298828125
43.85015821456909,0.1352081298828125
43.86087512969971,0.1352081298828125
43.871596813201904,0.1352081298828125
43.882333517074585,0.1352081298828125
43.89306688308716,0.1352081298828125
43.90379071235657,0.13545989990234375
43.91452479362488,0.13545989990234375
43.92527198791504,0.13545989990234375
43.93600845336914,0.13545989990234375
43.94671368598938,0.13545989990234375
43.957452058792114,0.13545989990234375
43.96819233894348,0.13545989990234375
43.97892379760742,0.13545989990234375
43.98965120315552,0.13545989990234375
44.00039792060852,0.13545989990234375
44.01113033294678,0.13545989990234375
44.021846771240234,0.13545989990234375
44.03258919715881,0.13545989990234375
44.04333686828613,0.13545989990234375
44.054083824157715,0.13545989990234375
44.0647931098938,0.13545989990234375
44.07551336288452,0.13545989990234375
44.08623933792114,0.13545989990234375
44.09697103500366,0.13545989990234375
44.10768103599548,0.13545989990234375
44.11841607093811,0.13545989990234375
44.129150390625,0.13545989990234375
44.13986325263977,0.13545989990234375
44.15057444572449,0.13545989990234375
44.16131043434143,0.13545989990234375
44.17203712463379,0.13545989990234375
44.18278884887695,0.13545989990234375
44.193522214889526,0.13545989990234375
44.20424795150757,0.13545989990234375
44.21498131752014,0.13545989990234375
44.22570562362671,0.13545989990234375
44.23643898963928,0.13545989990234375
44.24716663360596,0.13545989990234375
44.25789713859558,0.13545989990234375
44.26865291595459,0.13545989990234375
44.279377698898315,0.13545989990234375
44.29010343551636,0.13545989990234375
44.30081629753113,0.13545989990234375
44.311564207077026,0.13545989990234375
44.32230281829834,0.13545989990234375
44.33303093910217,0.13545989990234375
44.343751192092896,0.13545989990234375
44.35449719429016,0.13545989990234375
44.365219593048096,0.13545989990234375
44.37592673301697,0.13545989990234375
44.38665962219238,0.13545989990234375
44.39739012718201,0.13545989990234375
44.408132553100586,0.13545989990234375
44.418842792510986,0.13545989990234375
44.42955803871155,0.13545989990234375
44.44028162956238,0.13545989990234375
44.45102524757385,0.13545989990234375
44.46173667907715,0.13545989990234375
44.4724600315094,0.13545989990234375
44.4831976890564,0.13545989990234375
44.49391269683838,0.13545989990234375
44.50468301773071,0.13545989990234375
44.51542043685913,0.13545989990234375
44.52614378929138,0.13545989990234375
44.536848306655884,0.13545989990234375
44.54756951332092,0.13545989990234375
44.55829215049744,0.13545989990234375
44.569011926651,0.13545989990234375
44.57976698875427,0.13545989990234375
44.590490102767944,0.13545989990234375
44.60120892524719,0.13545989990234375
44.61193060874939,0.13545989990234375
44.622666120529175,0.13545989990234375
44.63338923454285,0.13545989990234375
44.644124269485474,0.135711669921875
44.65485501289368,0.135711669921875
44.66559100151062,0.135711669921875
44.67632579803467,0.135711669921875
44.68706178665161,0.135711669921875
44.69778347015381,0.135711669921875
44.70852756500244,0.135711669921875
44.719263315200806,0.135711669921875
44.73000693321228,0.135711669921875
44.74074745178223,0.135711669921875
44.75148797035217,0.135711669921875
44.7622230052948,0.135711669921875
44.77296042442322,0.135711669921875
44.78368139266968,0.135711669921875
44.79441857337952,0.135711669921875
44.8051540851593,0.135711669921875
44.81588125228882,0.135711669921875
44.82659554481506,0.135711669921875
44.837342977523804,0.135711669921875
44.84806489944458,0.135711669921875
44.8587863445282,0.135711669921875
44.86953377723694,0.135711669921875
44.88026762008667,0.135711669921875
44.8910014629364,0.135711669921875
44.901731729507446,0.135711669921875
44.91247224807739,0.135711669921875
44.923197746276855,0.135711669921875
44.933923959732056,0.135711669921875
44.94463610649109,0.135711669921875
44.955363273620605,0.135711669921875
44.966097593307495,0.135711669921875
44.976804971694946,0.135711669921875
44.98754072189331,0.135711669921875
44.998281478881836,0.135711669921875
45.008999824523926,0.135711669921875
45.01972723007202,0.135711669921875
45.03046131134033,0.135711669921875
45.0411901473999,0.135711669921875
45.05190396308899,0.135711669921875
45.06262254714966,0.135711669921875
45.07335066795349,0.135711669921875
45.08407926559448,0.135711669921875
45.09480261802673,0.135711669921875
45.10553240776062,0.135711669921875
45.11625814437866,0.135711669921875
45.12701058387756,0.135711669921875
45.13772702217102,0.135711669921875
45.14846897125244,0.135711669921875
45.15922021865845,0.135711669921875
45.16996645927429,0.135711669921875
45.1806845664978,0.135711669921875
45.191428661346436,0.135711669921875
45.20215630531311,0.135711669921875
45.21287393569946,0.135711669921875
45.22359538078308,0.135711669921875
45.234333753585815,0.135711669921875
45.245078325271606,0.135711669921875
45.25580096244812,0.135711669921875
45.266544580459595,0.135711669921875
45.27728295326233,0.135711669921875
45.2880322933197,0.135711669921875
45.29875135421753,0.135711669921875
45.30947732925415,0.135711669921875
45.3202223777771,0.135711669921875
45.3309531211853,0.13596343994140625
45.341696977615356,0.13596343994140625
45.35243320465088,0.1362152099609375
45.36316990852356,0.1362152099609375
45.3738853931427,0.1362152099609375
45.3846218585968,0.1362152099609375
45.39535474777222,0.13634109497070312
45.40608501434326,0.13643646240234375
45.41679263114929,0.13683319091796875
45.42751479148865,0.13739013671875
45.4382438659668,0.13739013671875
45.44896721839905,0.13739013671875
45.45968413352966,0.13739013671875
45.47040581703186,0.13739013671875
45.48114228248596,0.13739013671875
45.4918487071991,0.13739013671875
45.50257468223572,0.13739013671875
45.51331305503845,0.13739013671875
45.524033546447754,0.13739013671875
45.53474760055542,0.1374664306640625
45.54547190666199,0.1374664306640625
45.556212425231934,0.1374664306640625
45.566922187805176,0.1374664306640625
45.577653884887695,0.1374664306640625
45.58841061592102,0.13787841796875
45.59915113449097,0.13816452026367188
45.60987710952759,0.13837051391601562
45.62059473991394,0.13904953002929688
45.63132572174072,0.1394195556640625
45.64205837249756,0.13970947265625
45.65278077125549,0.14026641845703125
45.66350603103638,0.14028549194335938
45.67422151565552,0.14032745361328125
45.684956789016724,0.14065933227539062
45.69567847251892,0.14075851440429688
45.706398487091064,0.140899658203125
45.71711707115173,0.140899658203125
45.72782373428345,0.140899658203125
45.73857140541077,0.140899658203125
45.74929642677307,0.140899658203125
45.76001477241516,0.140899658203125
45.7707200050354,0.140899658203125
45.78144359588623,0.140899658203125
45.792165756225586,0.140899658203125
45.80288219451904,0.140899658203125
45.813605070114136,0.140899658203125
45.8243362903595,0.140899658203125
45.83506536483765,0.140899658203125
45.84578204154968,0.140899658203125
45.856504917144775,0.140899658203125
45.86722731590271,0.140899658203125
45.877928018569946,0.140899658203125
45.888633012771606,0.140899658203125
45.89936423301697,0.140899658203125
45.91011023521423,0.140899658203125
45.92082190513611,0.140899658203125
45.93154168128967,0.140899658203125
45.942262411117554,0.140899658203125
45.952988386154175,0.140899658203125
45.96369385719299,0.140899658203125
45.974419355392456,0.14130783081054688
45.98515248298645,0.1413116455078125
45.99586486816406,0.1413116455078125
46.00659799575806,0.1413116455078125
46.01733136177063,0.1413116455078125
46.02805709838867,0.1413116455078125
46.03876233100891,0.1413116455078125
46.04950428009033,0.1413116455078125
46.060227155685425,0.14151763916015625
46.070966720581055,0.14181900024414062
46.08168363571167,0.14251327514648438
46.09241342544556,0.14271926879882812
46.103148460388184,0.14271926879882812
46.11385154724121,0.14271926879882812
46.12457823753357,0.14271926879882812
46.135303020477295,0.14271926879882812
46.14602589607239,0.14271926879882812
46.15673851966858,0.14271926879882812
46.16746973991394,0.14271926879882812
46.17819118499756,0.14271926879882812
46.18890023231506,0.14382171630859375
46.19961190223694,0.14382171630859375
46.21033763885498,0.14382171630859375
46.221065044403076,0.14382171630859375
46.23178315162659,0.14382171630859375
46.242523193359375,0.14382171630859375
46.253251791000366,0.14382171630859375
46.263976097106934,0.14382171630859375
46.27468156814575,0.14382171630859375
46.28542113304138,0.14382171630859375
46.29614591598511,0.14382171630859375
46.30684947967529,0.14382171630859375
46.31757593154907,0.14382171630859375
46.328309297561646,0.14382171630859375
46.339027404785156,0.14382171630859375
46.349769115448,0.14382171630859375
46.360504150390625,0.14382171630859375
46.371241331100464,0.14382171630859375
46.381974935531616,0.14382171630859375
46.392698764801025,0.14382171630859375
46.403428077697754,0.14382171630859375
46.414149045944214,0.14382171630859375
46.42485761642456,0.14382171630859375
46.4355902671814,0.14382171630859375
46.44632053375244,0.14382171630859375
46.457042932510376,0.14382171630859375
46.467758893966675,0.14382171630859375
46.478509187698364,0.14382171630859375
46.48926067352295,0.14382171630859375
46.49999761581421,0.14382171630859375
46.51072096824646,0.14382171630859375
46.52144765853882,0.14382171630859375
46.53216886520386,0.14382171630859375
46.542877197265625,0.14382171630859375
46.5536003112793,0.14382171630859375
46.564329862594604,0.14382171630859375
46.57506036758423,0.14382171630859375
46.58576989173889,0.14406585693359375
46.5965051651001,0.14406967163085938
46.60723400115967,0.14406967163085938
46.61796545982361,0.14460372924804688
46.628679275512695,0.14460372924804688
46.639418840408325,0.14460372924804688
46.65014886856079,0.14460372924804688
46.66086459159851,0.14460372924804688
46.67158317565918,0.14460372924804688
46.68233919143677,0.14460372924804688
46.69307088851929,0.14460372924804688
46.70379137992859,0.14460372924804688
46.714537620544434,0.14460372924804688
46.72527456283569,0.14460372924804688
46.73602271080017,0.14460372924804688
46.746742486953735,0.14460372924804688
46.7574737071991,0.14460372924804688
46.768198013305664,0.14460372924804688
46.77890872955322,0.14460372924804688
46.789635181427,0.14460372924804688
46.800371170043945,0.14460372924804688
46.8110990524292,0.14460372924804688
46.82182002067566,0.14460372924804688
46.83255577087402,0.14460372924804688
46.84328007698059,0.14460372924804688
46.854048013687134,0.14460372924804688
46.86475348472595,0.14460372924804688
46.87549662590027,0.14460372924804688
46.88622784614563,0.14460372924804688
46.89693236351013,0.14460372924804688
46.907670736312866,0.14460372924804688
46.91839241981506,0.14460372924804688
46.92912578582764,0.14460372924804688
46.93984270095825,0.14460372924804688
46.950565814971924,0.14460372924804688
46.96130061149597,0.14460372924804688
46.97202825546265,0.14460372924804688
46.9827446937561,0.14460372924804688
46.993483543395996,0.14460372924804688
47.00421619415283,0.14460372924804688
47.01492786407471,0.14460372924804688
47.02565097808838,0.14460372924804688
47.036386489868164,0.14460372924804688
47.04713225364685,0.14460372924804688
47.057844400405884,0.14460372924804688
47.06857633590698,0.14460372924804688
47.0793092250824,0.14460372924804688
47.090031147003174,0.14460372924804688
47.100741147994995,0.14460372924804688
47.1114718914032,0.14460372924804688
47.12221384048462,0.14460372924804688
47.132922649383545,0.14460372924804688
47.143632650375366,0.14460372924804688
47.15436148643494,0.14460372924804688
47.16509819030762,0.14460372924804688
47.17587995529175,0.14460372924804688
47.18659424781799,0.14460372924804688
47.19732141494751,0.14460372924804688
47.20804309844971,0.14460372924804688
47.218751430511475,0.14460372924804688
47.2294762134552,0.14460372924804688
47.2401978969574,0.14460372924804688
47.250903606414795,0.14460372924804688
47.261629819869995,0.14460372924804688
47.27235269546509,0.14460372924804688
47.28307747840881,0.14460372924804688
47.29383134841919,0.14460372924804688
47.304566621780396,0.14460372924804688
47.31529259681702,0.14460372924804688
47.326027631759644,0.14460372924804688
47.3367383480072,0.14460372924804688
47.347466707229614,0.14460372924804688
47.358198404312134,0.14460372924804688
47.368974924087524,0.14460372924804688
47.379700660705566,0.14460372924804688
47.39043593406677,0.14460372924804688
47.40117001533508,0.14460372924804688
47.41188430786133,0.14460372924804688
47.42260408401489,0.14460372924804688
47.43332076072693,0.14460372924804688
47.444055795669556,0.14460372924804688
47.454776763916016,0.14460372924804688
47.465511083602905,0.14460372924804688
47.47624611854553,0.14460372924804688
47.486976146698,0.14460372924804688
47.49769902229309,0.14460372924804688
47.50843524932861,0.14460372924804688
47.51916456222534,0.14460372924804688
47.52988648414612,0.14460372924804688
47.540608644485474,0.14460372924804688
47.5513482093811,0.14460372924804688
47.56209182739258,0.14460372924804688
47.57280111312866,0.14460372924804688
47.58353877067566,0.14460372924804688
47.5942747592926,0.14485549926757812
47.60502243041992,0.14485549926757812
47.61577749252319,0.14485549926757812
47.62652373313904,0.14485549926757812
47.637250900268555,0.14485549926757812
47.64798617362976,0.14485549926757812
47.65870499610901,0.14485549926757812
47.66943335533142,0.14485549926757812
47.68015909194946,0.14485549926757812
47.69089412689209,0.14485549926757812
47.70160484313965,0.14485549926757812
47.71233010292053,0.14485549926757812
47.72306299209595,0.14485549926757812
47.73379325866699,0.14485549926757812
47.74451756477356,0.14485549926757812
47.75524830818176,0.14485549926757812
47.76598572731018,0.14485549926757812
47.776703119277954,0.14485549926757812
47.787437438964844,0.14485549926757812
47.79817008972168,0.14485549926757812
47.80888748168945,0.14485549926757812
47.81962013244629,0.14485549926757812
47.830358028411865,0.14485549926757812
47.84111046791077,0.14485549926757812
47.85183119773865,0.14485549926757812
47.86260652542114,0.14485549926757812
47.87334442138672,0.14485549926757812
47.8840754032135,0.14485549926757812
47.894794940948486,0.14485549926757812
47.90552282333374,0.14485549926757812
47.91625165939331,0.14485549926757812
47.92698073387146,0.14485549926757812
47.93770742416382,0.14485549926757812
47.94843363761902,0.14485549926757812
47.9591748714447,0.14485549926757812
47.96989870071411,0.14485549926757812
47.98062491416931,0.14485549926757812
47.99135422706604,0.14485549926757812
48.002092599868774,0.14485549926757812
48.01279854774475,0.14485549926757812
48.02354121208191,0.14485549926757812
48.034268379211426,0.14485549926757812
48.04499173164368,0.14485549926757812
48.05571365356445,0.14485549926757812
48.06643867492676,0.14485549926757812
48.07716083526611,0.14485549926757812
48.08786678314209,0.14485549926757812
48.09858512878418,0.14485549926757812
48.109320402145386,0.14485549926757812
48.12004375457764,0.14485549926757812
48.13075542449951,0.14485549926757812
48.14149856567383,0.14485549926757812
48.15222430229187,0.14485549926757812
48.16295599937439,0.14485549926757812
48.173661947250366,0.14485549926757812
48.18439173698425,0.14485549926757812
48.19511651992798,0.14485549926757812
48.205830574035645,0.14485549926757812
48.21656632423401,0.14485549926757812
48.227298974990845,0.14485549926757812
48.23803496360779,0.14485549926757812
48.248761892318726,0.14485549926757812
48.25949454307556,0.14485549926757812
48.270230531692505,0.14485549926757812
48.28097438812256,0.14485549926757812
48.291701793670654,0.14485549926757812
48.30246043205261,0.14485549926757812
48.31318712234497,0.14485549926757812
48.323899030685425,0.14485549926757812
48.334619998931885,0.14485549926757812
48.34537744522095,0.14485549926757812
48.35611534118652,0.14485549926757812
48.366836071014404,0.14485549926757812
48.377580881118774,0.14485549926757812
48.388319969177246,0.14485549926757812
48.39905309677124,0.14485549926757812
48.40979218482971,0.14485549926757812
48.42055153846741,0.14485549926757812
48.43127989768982,0.14485549926757812
48.4420120716095,0.14485549926757812
48.45273232460022,0.14485549926757812
48.463470697402954,0.14485549926757812
48.4741907119751,0.14485549926757812
48.48490333557129,0.14485549926757812
48.49562215805054,0.14485549926757812
48.50634574890137,0.14485549926757812
48.51707720756531,0.14510726928710938
48.52779006958008,0.14510726928710938
48.538517236709595,0.14510726928710938
48.54924702644348,0.14535903930664062
48.55997133255005,0.14535903930664062
48.57068109512329,0.14535903930664062
48.581400871276855,0.14535903930664062
48.592127323150635,0.14535903930664062
48.60283350944519,0.14535903930664062
48.6135675907135,0.14535903930664062
48.62431311607361,0.14535903930664062
48.63504099845886,0.14535903930664062
48.64576029777527,0.14535903930664062
48.65649437904358,0.14535903930664062
48.66733264923096,0.14535903930664062
48.67808771133423,0.14535903930664062
48.688799142837524,0.14535903930664062
48.69952321052551,0.14535903930664062
48.710259199142456,0.14535903930664062
48.72099018096924,0.14535903930664062
48.731696128845215,0.14535903930664062
48.74243378639221,0.14535903930664062
48.75315475463867,0.14535903930664062
48.76387906074524,0.14535903930664062
48.77461123466492,0.14559555053710938
48.78534650802612,0.14559555053710938
48.79608082771301,0.14559555053710938
48.806809425354004,0.14559555053710938
48.817540407180786,0.14596939086914062
48.82827973365784,0.14596939086914062
48.83901119232178,0.14622116088867188
48.84974646568298,0.14647293090820312
48.86048865318298,0.14647293090820312
48.871219635009766,0.14647293090820312
48.88193321228027,0.14647293090820312
48.89265251159668,0.14647293090820312
48.903398513793945,0.14647293090820312
48.914121866226196,0.14647293090820312
48.924829959869385,0.14647293090820312
48.93555212020874,0.14647293090820312
48.94627523422241,0.14647293090820312
48.95700740814209,0.14647293090820312
48.967740297317505,0.14647293090820312
48.97846055030823,0.14647293090820312
48.98919653892517,0.14647293090820312
48.999911308288574,0.14647293090820312
49.01059889793396,0.14647293090820312
49.02133345603943,0.14669418334960938
49.03207087516785,0.14669418334960938
49.0427942276001,0.146942138671875
49.0535204410553,0.146942138671875
49.064255714416504,0.14725112915039062
49.07498240470886,0.14725112915039062
49.08570885658264,0.14725112915039062
49.09645462036133,0.14725112915039062
49.10720896720886,0.14750289916992188
49.117964029312134,0.14775466918945312
49.12869167327881,0.14800643920898438
49.13941788673401,0.14800643920898438
49.15014886856079,0.14800643920898438
49.16085743904114,0.14800643920898438
49.17159056663513,0.14800643920898438
49.1823148727417,0.14800643920898438
49.193053007125854,0.14800643920898438
49.20376753807068,0.14800643920898438
49.214503049850464,0.14800643920898438
49.22524094581604,0.14800643920898438
49.23596453666687,0.14800643920898438
49.246675968170166,0.14800643920898438
49.25740957260132,0.14800643920898438
49.26815485954285,0.14800643920898438
49.278865575790405,0.14800643920898438
49.289592266082764,0.14800643920898438
49.300339221954346,0.14800643920898438
49.311057567596436,0.14800643920898438
49.321781873703,0.14800643920898438
49.33250093460083,0.14800643920898438
49.343238830566406,0.14800643920898438
49.35396456718445,0.14800643920898438
49.364697217941284,0.14833450317382812
49.37543344497681,0.1488189697265625
49.386168241500854,0.1488189697265625
49.39690065383911,0.14907073974609375
49.40759611129761,0.149322509765625
49.41831922531128,0.149322509765625
49.429052114486694,0.149322509765625
49.439780712127686,0.149322509765625
49.450531244277954,0.149322509765625
49.46125841140747,0.149322509765625
49.47198271751404,0.149322509765625
49.48270893096924,0.149322509765625
49.493446588516235,0.149322509765625
49.504170179367065,0.149322509765625
49.51488280296326,0.149322509765625
49.5256187915802,0.149566650390625
49.53634858131409,0.149566650390625
49.5471088886261,0.149566650390625
49.55785846710205,0.149566650390625
49.568575382232666,0.149566650390625
49.5793080329895,0.149566650390625
49.590031147003174,0.149566650390625
49.60074281692505,0.149566650390625
49.611467599868774,0.149566650390625
49.62221646308899,0.149566650390625
49.63292169570923,0.149566650390625
49.64363622665405,0.149566650390625
49.65436339378357,0.149566650390625
49.66510081291199,0.149566650390625
49.67581605911255,0.149566650390625
49.68655061721802,0.149566650390625
49.697290658950806,0.149566650390625
49.70801639556885,0.149566650390625
49.71872615814209,0.149566650390625
49.72945547103882,0.149566650390625
49.74017858505249,0.149566650390625
49.75088548660278,0.149566650390625
49.761597633361816,0.149566650390625
49.77233099937439,0.149566650390625
49.78306245803833,0.149566650390625
49.7937798500061,0.149566650390625
49.804505825042725,0.149566650390625
49.815234899520874,0.149566650390625
49.8259539604187,0.149566650390625
49.83668279647827,0.149566650390625
49.8474338054657,0.149566650390625
49.85816478729248,0.149566650390625
49.868871212005615,0.149566650390625
49.87959408760071,0.149566650390625
49.89034986495972,0.149566650390625
49.90111017227173,0.149566650390625
49.91181921958923,0.149566650390625
49.922555685043335,0.149566650390625
49.93328499794006,0.149566650390625
49.94401144981384,0.149566650390625
49.954721212387085,0.149566650390625
49.96545171737671,0.149566650390625
49.97616767883301,0.149566650390625
49.986878633499146,0.149566650390625
49.997594118118286,0.149566650390625
50.00831460952759,0.149566650390625
50.01904606819153,0.149566650390625
50.02975630760193,0.149566650390625
50.04047870635986,0.149566650390625
50.05120015144348,0.149566650390625
50.061951637268066,0.149566650390625
50.072662353515625,0.149566650390625
50.083391427993774,0.149566650390625
50.094125509262085,0.149566650390625
50.10483264923096,0.149566650390625
50.115572690963745,0.149566650390625
50.12630915641785,0.15006256103515625
50.137030363082886,0.15006256103515625
50.14773964881897,0.15006256103515625
50.158514738082886,0.15006256103515625
50.16923785209656,0.15006256103515625
50.17996048927307,0.15006256103515625
50.19067072868347,0.15006256103515625
50.201395750045776,0.15006256103515625
50.212116718292236,0.15006256103515625
50.22282671928406,0.15006256103515625
50.233561754226685,0.15006256103515625
50.24429178237915,0.15006256103515625
50.255025148391724,0.15006256103515625
50.26574230194092,0.15006256103515625
50.27647113800049,0.15006256103515625
50.28719663619995,0.15006256103515625
50.2979052066803,0.15006256103515625
50.308627128601074,0.15006256103515625
50.31935954093933,0.15006256103515625
50.33009171485901,0.15006256103515625
50.34080505371094,0.15006256103515625
50.35152578353882,0.15006256103515625
50.36225867271423,0.15006256103515625
50.37298083305359,0.15006256103515625
50.38370084762573,0.15006256103515625
50.39443302154541,0.15006256103515625
50.40515494346619,0.15006256103515625
50.415863037109375,0.15006256103515625
50.42659568786621,0.15006256103515625
50.43733215332031,0.15006256103515625
50.448060274124146,0.15006256103515625
50.45877003669739,0.15006256103515625
50.46951937675476,0.15006256103515625
50.48025035858154,0.15006256103515625
50.49098515510559,0.15006256103515625
50.501704931259155,0.15006256103515625
50.512433767318726,0.15006256103515625
50.523171186447144,0.1503143310546875
50.53389644622803,0.1503143310546875
50.544610261917114,0.1503143310546875
50.55534362792969,0.1503143310546875
50.566078186035156,0.1503143310546875
50.57680082321167,0.1503143310546875
50.58753228187561,0.1503143310546875
50.598262786865234,0.1503143310546875
50.60899758338928,0.1503143310546875
50.61972641944885,0.1503143310546875
50.63045907020569,0.1503143310546875
50.64118409156799,0.1503143310546875
50.65191125869751,0.15048980712890625
50.66263127326965,0.15048980712890625
50.67335915565491,0.15048980712890625
50.684075355529785,0.15048980712890625
50.69478464126587,0.15048980712890625
50.70551586151123,0.15048980712890625
50.71625113487244,0.15048980712890625
50.72697687149048,0.15048980712890625
50.737695932388306,0.15048980712890625
50.7484335899353,0.15048980712890625
50.75916314125061,0.15048980712890625
50.76988363265991,0.15048980712890625
50.78061819076538,0.15048980712890625
50.791342973709106,0.15048980712890625
50.802061319351196,0.15048980712890625
50.81278991699219,0.15048980712890625
50.82351994514465,0.15123367309570312
50.83424782752991,0.15224075317382812
50.84497427940369,0.15224075317382812
50.855693101882935,0.1523895263671875
50.86642789840698,0.1523895263671875
50.8771595954895,0.1523895263671875
50.88789224624634,0.15291976928710938
50.89860796928406,0.15346145629882812
50.909334897994995,0.153656005859375
50.92007756233215,0.153656005859375
50.93078684806824,0.153656005859375
50.9415123462677,0.153656005859375
50.952260971069336,0.153656005859375
50.962990522384644,0.153656005859375
50.97370147705078,0.153656005859375
50.98443388938904,0.153656005859375
50.9951548576355,0.153656005859375
51.00587749481201,0.153656005859375
51.01660084724426,0.153656005859375
51.0273277759552,0.153656005859375
51.03805160522461,0.153656005859375
51.0487699508667,0.153656005859375
51.059500217437744,0.153656005859375
51.070234298706055,0.153656005859375
51.08096981048584,0.153656005859375
51.09170126914978,0.153656005859375
51.102434158325195,0.153656005859375
51.113176584243774,0.153656005859375
51.12390756607056,0.15410614013671875
51.13463878631592,0.15410614013671875
51.145376682281494,0.15410614013671875
51.156111001968384,0.15410614013671875
51.16682815551758,0.15410614013671875
51.177563428878784,0.15410614013671875
51.18828773498535,0.15410614013671875
51.1990122795105,0.15410614013671875
51.20973825454712,0.15410614013671875
51.22046780586243,0.15410614013671875
51.23120164871216,0.15410614013671875
51.24190926551819,0.15410614013671875
51.252594232559204,0.15410614013671875
51.2633273601532,0.15410614013671875
51.274059534072876,0.15410614013671875
51.28476881980896,0.15410614013671875
51.295496702194214,0.15410614013671875
51.306251764297485,0.15410614013671875
51.31699252128601,0.15410614013671875
51.327712535858154,0.15410614013671875
51.338438510894775,0.15410614013671875
51.34916853904724,0.15410614013671875
51.35987401008606,0.15410614013671875
51.37059760093689,0.15410614013671875
51.38132286071777,0.15410614013671875
51.392048597335815,0.15410614013671875
51.40277338027954,0.15410614013671875
51.413514852523804,0.15410614013671875
51.42424821853638,0.15447235107421875
51.43499183654785,0.15447235107421875
51.445714712142944,0.15447235107421875
51.4564528465271,0.15447235107421875
51.46720099449158,0.15447235107421875
51.47792410850525,0.15447235107421875
51.48865103721619,0.15447235107421875
51.49939584732056,0.15447235107421875
51.510138750076294,0.15447235107421875
51.52089285850525,0.15447235107421875
51.531633615493774,0.15447235107421875
51.54237723350525,0.15447235107421875
51.5531165599823,0.15447235107421875
51.56385064125061,0.15447235107421875
51.57458519935608,0.15447235107421875
51.5853168964386,0.15447235107421875
51.5960636138916,0.15447235107421875
51.60677909851074,0.15447235107421875
51.617528200149536,0.15447235107421875
51.62827444076538,0.15447235107421875
51.63902187347412,0.15447235107421875
51.64975094795227,0.15447235107421875
51.660489559173584,0.15447235107421875
51.67123222351074,0.15447235107421875
51.681963205337524,0.15447235107421875
51.69268989562988,0.15447235107421875
51.70342183113098,0.15447235107421875
51.71415877342224,0.15447235107421875
51.7248854637146,0.15447235107421875
51.73560905456543,0.15447235107421875
51.7463481426239,0.15447235107421875
51.75708723068237,0.15447235107421875
51.767812967300415,0.15447235107421875
51.77855062484741,0.15447235107421875
51.78928351402283,0.15447235107421875
51.800002574920654,0.15447235107421875
51.81072402000427,0.15447235107421875
51.8214750289917,0.15447235107421875
51.83219623565674,0.15447235107421875
51.842910289764404,0.15447235107421875
51.853633880615234,0.15447235107421875
51.86436176300049,0.15471649169921875
51.87508678436279,0.15471649169921875
51.885820388793945,0.15471649169921875
51.89655065536499,0.15471649169921875
51.90727615356445,0.15471649169921875
51.91801691055298,0.15471649169921875
51.928738832473755,0.15496826171875
51.939462661743164,0.15496826171875
51.95019340515137,0.15496826171875
51.96090054512024,0.15496826171875
51.97162890434265,0.15496826171875
51.98237919807434,0.15496826171875
51.99309945106506,0.15496826171875
52.00380802154541,0.15496826171875
52.0145480632782,0.15496826171875
52.025272846221924,0.15496826171875
52.03600835800171,0.15496826171875
52.046738624572754,0.15496826171875
52.05746579170227,0.15496826171875
52.068206548690796,0.15496826171875
52.078927755355835,0.15496826171875
52.08964562416077,0.15496826171875
52.100388288497925,0.15496826171875
52.11112833023071,0.15496826171875
52.121840953826904,0.15496826171875
52.132575273513794,0.15496826171875
52.14330172538757,0.15496826171875
52.15402960777283,0.15496826171875
52.1647584438324,0.15496826171875
52.17549705505371,0.15496826171875
52.18624234199524,0.15496826171875
52.19697308540344,0.15496826171875
52.207682847976685,0.15496826171875
52.2184796333313,0.15496826171875
52.22923278808594,0.15496826171875
52.239957332611084,0.15496826171875
52.25068712234497,0.15496826171875
52.26140809059143,0.15496826171875
52.27213382720947,0.15496826171875
52.282845973968506,0.15496826171875
52.29356098175049,0.15496826171875
52.304282665252686,0.15496826171875
52.31501603126526,0.15496826171875
52.325727701187134,0.15496826171875
52.33649396896362,0.15496826171875
52.347222328186035,0.15496826171875
52.357959270477295,0.15496826171875
52.368672370910645,0.15496826171875
52.37940192222595,0.15496826171875
52.39012408256531,0.15496826171875
52.400869607925415,0.15496826171875
52.41158843040466,0.15496826171875
52.42231750488281,0.15496826171875
52.43304085731506,0.15496826171875
52.44375658035278,0.15496826171875
52.45448017120361,0.15496826171875
52.465203285217285,0.15496826171875
52.47591042518616,0.15496826171875
52.486634254455566,0.15496826171875
52.49735951423645,0.15496826171875
52.50807285308838,0.15496826171875
52.518797874450684,0.15496826171875
52.52954030036926,0.15496826171875
52.54026556015015,0.15496826171875
52.55103659629822,0.15522003173828125
52.561768531799316,0.15522003173828125
52.572511434555054,0.1554718017578125
52.583248138427734,0.1554718017578125
52.59397625923157,0.1554718017578125
52.60470914840698,0.1554718017578125
52.615439891815186,0.1554718017578125
52.62616682052612,0.15572357177734375
52.636878967285156,0.15595626831054688
52.64761400222778,0.15627670288085938
52.65835213661194,0.15627670288085938
52.66908144950867,0.15627670288085938
52.679792404174805,0.15627670288085938
52.69052267074585,0.15627670288085938
52.70124888420105,0.15627670288085938
52.71208453178406,0.15627670288085938
52.722798347473145,0.15627670288085938
52.73355150222778,0.15627670288085938
52.744274854660034,0.15627670288085938
52.75499725341797,0.15627670288085938
52.76570534706116,0.15627670288085938
52.77643394470215,0.15627670288085938
52.78716444969177,0.15627670288085938
52.797871351242065,0.15627670288085938
52.80859899520874,0.15627670288085938
52.81932711601257,0.15627670288085938
52.83007049560547,0.15627670288085938
52.840782165527344,0.15627670288085938
52.85151481628418,0.15627670288085938
52.86225128173828,0.15627670288085938
52.873008728027344,0.15627670288085938
52.883726596832275,0.15627670288085938
52.89446520805359,0.15627670288085938
52.90519380569458,0.15627670288085938
52.915907859802246,0.15627670288085938
52.926629066467285,0.15627670288085938
52.93735337257385,0.15627670288085938
52.94807696342468,0.15627670288085938
52.9588041305542,0.15627670288085938
52.969533920288086,0.15627670288085938
52.9802610874176,0.15627670288085938
52.990987062454224,0.15627670288085938
53.00169897079468,0.15627670288085938
53.01242136955261,0.15627670288085938
53.02314043045044,0.15627670288085938
53.033851623535156,0.15627670288085938
53.04458022117615,0.15627670288085938
53.055317401885986,0.15627670288085938
53.06604838371277,0.15627670288085938
53.07677125930786,0.15627670288085938
53.08749985694885,0.15627670288085938
53.098233461380005,0.15627670288085938
53.10896062850952,0.15627670288085938
53.11967968940735,0.15627670288085938
53.13041281700134,0.15627670288085938
53.14113807678223,0.15627670288085938
53.15184760093689,0.15627670288085938
53.162580251693726,0.15627670288085938
53.17330551147461,0.15645980834960938
53.18403077125549,0.156463623046875
53.194745779037476,0.156463623046875
53.205506801605225,0.156463623046875
53.21623206138611,0.156463623046875
53.226972579956055,0.156463623046875
53.23768472671509,0.156463623046875
53.24840974807739,0.156463623046875
53.25914454460144,0.156463623046875
53.269856452941895,0.156463623046875
53.28057384490967,0.156463623046875
53.2913019657135,0.156463623046875
53.30202770233154,0.156463623046875
53.312735080718994,0.156463623046875
53.32345628738403,0.156463623046875
53.33418321609497,0.156463623046875
53.344900608062744,0.156463623046875
53.35561203956604,0.156463623046875
53.36636137962341,0.1567535400390625
53.37709975242615,0.1567535400390625
53.387816429138184,0.1567535400390625
53.398542642593384,0.15739059448242188
53.40927529335022,0.15739059448242188
53.42000770568848,0.15739059448242188
53.430723667144775,0.15764236450195312
53.44145631790161,0.15796279907226562
53.452195167541504,0.15796279907226562
53.46291136741638,0.15796279907226562
53.47362685203552,0.15796279907226562
53.48435425758362,0.15796279907226562
53.495084047317505,0.15796279907226562
53.50579524040222,0.15796279907226562
53.51652193069458,0.15796279907226562
53.52724266052246,0.15796279907226562
53.53796029090881,0.15796279907226562
53.54867148399353,0.15796279907226562
53.55939602851868,0.15796279907226562
53.57012152671814,0.15796279907226562
53.58082890510559,0.15796279907226562
53.591567277908325,0.15796279907226562
53.60229969024658,0.15796279907226562
53.61302161216736,0.15796279907226562
53.62372851371765,0.15796279907226562
53.6344678401947,0.1583709716796875
53.645195722579956,0.1583709716796875
53.655922412872314,0.15862274169921875
53.66666054725647,0.15862274169921875
53.677396059036255,0.15895462036132812
53.688133001327515,0.15895843505859375
53.69885015487671,0.15947723388671875
53.70957374572754,0.15998077392578125
53.72030472755432,0.15998077392578125
53.73103404045105,0.15998077392578125
53.74174928665161,0.15998077392578125
53.75248408317566,0.15998077392578125
53.763214349746704,0.15998077392578125
53.773921251297,0.15998077392578125
53.78463530540466,0.15998077392578125
53.795369148254395,0.15998077392578125
53.806089639663696,0.15998077392578125
53.81680250167847,0.15998077392578125
53.82752299308777,0.15998077392578125
53.83825087547302,0.15998077392578125
53.848973989486694,0.15998077392578125
53.8596830368042,0.15998077392578125
53.87040328979492,0.1602325439453125
53.88113856315613,0.1602325439453125
53.89185833930969,0.1602325439453125
53.90258288383484,0.1602325439453125
53.91331243515015,0.1602325439453125
53.92403984069824,0.1602325439453125
53.93476057052612,0.1602325439453125
53.94550013542175,0.1602325439453125
53.95623183250427,0.1602325439453125
53.96695923805237,0.1602325439453125
53.977684020996094,0.1602325439453125
53.988425493240356,0.16048431396484375
53.9991614818573,0.160736083984375
54.00991129875183,0.160736083984375
54.02063727378845,0.160736083984375
54.0313777923584,0.160736083984375
54.042107582092285,0.160736083984375
54.052839040756226,0.160736083984375
54.06356739997864,0.160736083984375
54.0743293762207,0.160736083984375
54.08505916595459,0.160736083984375
54.09578061103821,0.160736083984375
54.10651898384094,0.160736083984375
54.117263317108154,0.160736083984375
54.1280083656311,0.160736083984375
54.138745069503784,0.160736083984375
54.14948034286499,0.160736083984375
54.16022562980652,0.160736083984375
54.17096519470215,0.160736083984375
54.181686878204346,0.160736083984375
54.19242286682129,0.160736083984375
54.20317459106445,0.160736083984375
54.213889360427856,0.160736083984375
54.22461819648743,0.160736083984375
54.235371112823486,0.160736083984375
54.2461040019989,0.160736083984375
54.256834506988525,0.160736083984375
54.267585039138794,0.160736083984375
54.278315782547,0.160736083984375
54.28904414176941,0.160736083984375
54.29975771903992,0.160736083984375
54.310492753982544,0.160736083984375
54.32122611999512,0.160736083984375
54.33195471763611,0.160736083984375
54.342681884765625,0.160736083984375
54.353413581848145,0.160736083984375
54.36414456367493,0.160736083984375
54.374855041503906,0.160736083984375
54.385587215423584,0.160736083984375
54.39631199836731,0.160736083984375
54.40704298019409,0.160736083984375
54.41776418685913,0.160736083984375
54.42849659919739,0.160736083984375
54.439225912094116,0.160736083984375
54.449947118759155,0.160736083984375
54.46066117286682,0.160736083984375
54.47139072418213,0.160736083984375
54.482112884521484,0.160736083984375
54.49287724494934,0.160736083984375
54.50359129905701,0.160736083984375
54.51432514190674,0.160736083984375
54.52504801750183,0.160736083984375
54.535783529281616,0.160736083984375
54.54651618003845,0.160736083984375
54.557241439819336,0.160736083984375
54.56798505783081,0.160736083984375
54.57870030403137,0.160736083984375
54.58946228027344,0.160736083984375
54.60022187232971,0.160736083984375
54.610931634902954,0.160736083984375
54.62167930603027,0.160736083984375
54.63241720199585,0.160736083984375
54.643147468566895,0.160736083984375
54.6538622379303,0.160736083984375
54.66461944580078,0.160736083984375
54.67534947395325,0.160736083984375
54.686074018478394,0.160736083984375
54.69678568840027,0.160736083984375
54.70752143859863,0.160736083984375
54.718257665634155,0.160736083984375
54.729000091552734,0.160736083984375
54.73974084854126,0.160736083984375
54.75047445297241,0.160736083984375
54.761202812194824,0.160736083984375
54.77194309234619,0.16098785400390625
54.7826623916626,0.16119766235351562
54.793421268463135,0.16119766235351562
54.80416202545166,0.16119766235351562
54.81489968299866,0.16146469116210938
54.82563924789429,0.16197586059570312
54.83637189865112,0.16222763061523438
54.84711527824402,0.16273117065429688
54.85783648490906,0.16273117065429688
54.86856460571289,0.16273117065429688
54.87929320335388,0.16273117065429688
54.890018939971924,0.16273117065429688
54.90074300765991,0.16273117065429688
54.91148066520691,0.16273117065429688
54.922213077545166,0.16273117065429688
54.9329252243042,0.16273117065429688
54.94365334510803,0.16273117065429688
54.95439052581787,0.16273117065429688
54.965115785598755,0.16273117065429688
54.975839376449585,0.16273117065429688
54.98657965660095,0.16273117065429688
54.99730134010315,0.16273117065429688
55.0080246925354,0.16273117065429688
55.018763303756714,0.16273117065429688
55.02948760986328,0.16273117065429688
55.04021501541138,0.16273117065429688
55.05092740058899,0.16273117065429688
55.061646938323975,0.16273117065429688
55.07238268852234,0.16273117065429688
55.08310270309448,0.16273117065429688
55.093817710876465,0.16273117065429688
55.104570627212524,0.16273117065429688
55.11530113220215,0.16273117065429688
55.12602615356445,0.16273117065429688
55.136746644973755,0.16273117065429688
55.147486209869385,0.16273117065429688
55.15821313858032,0.16273117065429688
55.168922424316406,0.16273117065429688
55.17963480949402,0.16273117065429688
55.19036507606506,0.16273117065429688
55.201122999191284,0.16273117065429688
55.211830139160156,0.16273117065429688
55.22257089614868,0.16273117065429688
55.23331093788147,0.16273117065429688
55.244049072265625,0.16273117065429688
55.25477719306946,0.16273117065429688
55.26550555229187,0.16273117065429688
55.276233434677124,0.16273117065429688
55.28697752952576,0.16273117065429688
55.29769992828369,0.16273117065429688
55.30842685699463,0.16273117065429688
55.319146394729614,0.16273117065429688
55.32985997200012,0.16273117065429688
55.34058499336243,0.16273117065429688
55.3513240814209,0.16273117065429688
55.36206340789795,0.16273117065429688
55.37277913093567,0.16273117065429688
55.38351798057556,0.16273117065429688
55.394243478775024,0.16273117065429688
55.40498185157776,0.16273117065429688
55.41570973396301,0.16273117065429688
55.426454067230225,0.16273117065429688
55.43718504905701,0.16273117065429688
55.44789409637451,0.16273117065429688
55.45862364768982,0.16273117065429688
55.46935248374939,0.16273117065429688
55.48008942604065,0.16273117065429688
55.490814447402954,0.16273117065429688
55.50155568122864,0.1628265380859375
55.512286901474,0.162933349609375
55.52303147315979,0.162933349609375
55.53374457359314,0.162933349609375
55.54447937011719,0.162933349609375
55.55520582199097,0.162933349609375
55.565919399261475,0.162933349609375
55.57663702964783,0.162933349609375
55.58736729621887,0.162933349609375
55.59809398651123,0.162933349609375
55.60886311531067,0.162933349609375
55.619601249694824,0.162933349609375
55.63033485412598,0.162933349609375
55.64107537269592,0.162933349609375
55.65180253982544,0.162933349609375
55.66254377365112,0.162933349609375
55.67328429222107,0.162933349609375
55.68401885032654,0.162933349609375
55.69473934173584,0.162933349609375
55.70547127723694,0.162933349609375
55.71619009971619,0.162933349609375
55.72690963745117,0.162933349609375
55.737629652023315,0.162933349609375
55.7483594417572,0.162933349609375
55.75908541679382,0.162933349609375
55.76979374885559,0.162933349609375
55.78052759170532,0.162933349609375
55.791255712509155,0.1632080078125
55.80199837684631,0.1632080078125
55.81272625923157,0.1632080078125
55.823464155197144,0.1632080078125
55.83419942855835,0.1632080078125
55.84490442276001,0.1632080078125
55.855629682540894,0.1632080078125
55.86635446548462,0.1632080078125
55.877089977264404,0.1632080078125
55.88780975341797,0.1632080078125
55.89854574203491,0.1632080078125
55.90927577018738,0.1632080078125
55.91999936103821,0.1632080078125
55.93072319030762,0.1632080078125
55.941465854644775,0.1632080078125
55.9521861076355,0.1632080078125
55.96290707588196,0.1632080078125
55.973623275756836,0.1632080078125
55.98434805870056,0.1632080078125
55.9951057434082,0.1632080078125
56.005823373794556,0.1632080078125
56.01654362678528,0.1632080078125
56.02727675437927,0.1632080078125
56.03799510002136,0.16345977783203125
56.04871201515198,0.16345977783203125
56.05944585800171,0.16345977783203125
56.07017707824707,0.16345977783203125
56.08088827133179,0.16345977783203125
56.091612815856934,0.16345977783203125
56.102351665496826,0.16345977783203125
56.113118410110474,0.16345977783203125
56.12382698059082,0.16345977783203125
56.13456344604492,0.16345977783203125
56.14529347419739,0.16345977783203125
56.156020402908325,0.16345977783203125
56.16673827171326,0.16345977783203125
56.17746067047119,0.16345977783203125
56.18819260597229,0.16345977783203125
56.19890832901001,0.16396331787109375
56.209625482559204,0.16396331787109375
56.22035455703735,0.16396331787109375
56.23109197616577,0.16396331787109375
56.24182081222534,0.16396331787109375
56.252559185028076,0.16396331787109375
56.263288497924805,0.16396331787109375
56.27402329444885,0.16396331787109375
56.284730195999146,0.16396331787109375
56.29546117782593,0.16396331787109375
56.3061888217926,0.16396331787109375
56.316904067993164,0.16396331787109375
56.327616691589355,0.16396331787109375
56.338340759277344,0.16396331787109375
56.34906792640686,0.16396331787109375
56.359774589538574,0.16396331787109375
56.37049984931946,0.16396331787109375
56.381227016448975,0.16396331787109375
56.391944885253906,0.16396331787109375
56.40265679359436,0.16396331787109375
56.41338396072388,0.16396331787109375
56.42410850524902,0.16396331787109375
56.43482160568237,0.16396331787109375
56.445547342300415,0.16396331787109375
56.456287145614624,0.16396331787109375
56.467007637023926,0.16396331787109375
56.477723360061646,0.16396331787109375
56.48848056793213,0.16396331787109375
56.49923014640808,0.16396331787109375
56.509968757629395,0.16396331787109375
56.520692586898804,0.16396331787109375
56.531421184539795,0.16396331787109375
56.54215455055237,0.16396331787109375
56.55287289619446,0.16396331787109375
56.563616037368774,0.16396331787109375
56.574357986450195,0.16396331787109375
56.585129261016846,0.164215087890625
56.59585404396057,0.164215087890625
56.606589555740356,0.164215087890625
56.617324113845825,0.164215087890625
56.628066062927246,0.164215087890625
56.63878154754639,0.164215087890625
56.64952349662781,0.164215087890625
56.66026186943054,0.164215087890625
56.6710045337677,0.164215087890625
56.68173146247864,0.164215087890625
56.69247317314148,0.164215087890625
56.70321321487427,0.164215087890625
56.71395659446716,0.164215087890625
56.72467660903931,0.164215087890625
56.73541617393494,0.164215087890625
56.74614357948303,0.164215087890625
56.75686502456665,0.164215087890625
56.767600774765015,0.164215087890625
56.77833342552185,0.164215087890625
56.78908586502075,0.164215087890625
56.79984450340271,0.164215087890625
56.8105890750885,0.1647186279296875
56.82133960723877,0.1647186279296875
56.83208918571472,0.1647186279296875
56.8427996635437,0.1647186279296875
56.85355067253113,0.1647186279296875
56.8642840385437,0.1647186279296875
56.8750057220459,0.1647186279296875
56.88572311401367,0.1647186279296875
56.89645719528198,0.1647186279296875
56.90717840194702,0.1647186279296875
56.91790223121643,0.1647186279296875
56.92863345146179,0.1647186279296875
56.93935465812683,0.1647186279296875
56.950090169906616,0.1647186279296875
56.96079635620117,0.1647186279296875
56.97152400016785,0.1647186279296875
56.98225522041321,0.1647186279296875
56.99298858642578,0.16485595703125
57.003700733184814,0.1648712158203125
57.014466285705566,0.1649932861328125
57.02519345283508,0.1651153564453125
57.03591322898865,0.1651153564453125
57.04662752151489,0.16562271118164062
57.05735898017883,0.16635513305664062
57.06808686256409,0.16635513305664062
57.078795194625854,0.16635513305664062
57.0895254611969,0.16635513305664062
57.100242614746094,0.16635513305664062
57.11097550392151,0.16635513305664062
57.12170147895813,0.16635513305664062
57.13244104385376,0.16635513305664062
57.14316511154175,0.16635513305664062
57.15387225151062,0.16635513305664062
57.1645929813385,0.16635513305664062
57.175331830978394,0.16635513305664062
57.18606519699097,0.16635513305664062
57.19678711891174,0.16635513305664062
57.207542419433594,0.16635513305664062
57.21827960014343,0.16635513305664062
57.22901892662048,0.16786956787109375
57.239747285842896,0.16822052001953125
57.25047421455383,0.16838455200195312
57.26127076148987,0.16838836669921875
57.27201175689697,0.168487548828125
57.28272795677185,0.168487548828125
57.29346537590027,0.1689300537109375
57.30418872833252,0.1689300537109375
57.31490898132324,0.16896438598632812
57.32564425468445,0.16896438598632812
57.336384773254395,0.16896438598632812
57.3471097946167,0.16896438598632812
57.357821226119995,0.16896438598632812
57.368558168411255,0.16896438598632812
57.3793158531189,0.16896438598632812
57.39003849029541,0.16896438598632812
57.40075635910034,0.16896438598632812
57.411494970321655,0.16896438598632812
57.42221736907959,0.16896438598632812
57.43295121192932,0.16896438598632812
57.443692684173584,0.16896438598632812
57.454430103302,0.16896438598632812
57.46517205238342,0.16896438598632812
57.475890159606934,0.16896438598632812
57.486626386642456,0.16896438598632812
57.4973669052124,0.16896438598632812
57.50809407234192,0.16910934448242188
57.51880717277527,0.16910934448242188
57.52955985069275,0.16910934448242188
57.54030084609985,0.16910934448242188
57.551039695739746,0.16910934448242188
57.56175994873047,0.16910934448242188
57.572492599487305,0.16910934448242188
57.58321237564087,0.16910934448242188
57.59394693374634,0.16910934448242188
57.604668617248535,0.16910934448242188
57.61541438102722,0.16910934448242188
57.626150608062744,0.16910934448242188
57.636866092681885,0.16910934448242188
57.64758777618408,0.16910934448242188
57.65832448005676,0.16910934448242188
57.6690559387207,0.16910934448242188
57.67976188659668,0.16910934448242188
57.69052004814148,0.16910934448242188
57.70126986503601,0.16910934448242188
57.71199584007263,0.16910934448242188
57.72271108627319,0.16910934448242188
57.73345375061035,0.16910934448242188
57.74417495727539,0.16910934448242188
57.75489640235901,0.16910934448242188
57.765618085861206,0.16910934448242188
57.776376485824585,0.16910934448242188
57.787113189697266,0.16910934448242188
57.79782056808472,0.16910934448242188
57.808554887771606,0.16910934448242188
57.81928372383118,0.16910934448242188
57.830002546310425,0.16910934448242188
57.840707540512085,0.16910934448242188
57.851441860198975,0.16910934448242188
57.86217522621155,0.16910934448242188
57.872896909713745,0.16910934448242188
57.88361954689026,0.16910934448242188
57.89434862136841,0.16910934448242188
57.905088663101196,0.16910934448242188
57.91584753990173,0.16910934448242188
57.926560401916504,0.16910934448242188
57.9372832775116,0.16910934448242188
57.948036193847656,0.16910934448242188
57.95874810218811,0.16910934448242188
57.969475507736206,0.16910934448242188
57.980209827423096,0.16938018798828125
57.99094772338867,0.16951370239257812
58.00167918205261,0.16951751708984375
58.012412786483765,0.16951751708984375
58.02313208580017,0.16965103149414062
58.03385639190674,0.16965484619140625
58.04459309577942,0.16965484619140625
58.05531644821167,0.16965484619140625
58.06603264808655,0.16965484619140625
58.07674741744995,0.16965484619140625
58.08747482299805,0.16965484619140625
58.09819507598877,0.16965484619140625
58.108901262283325,0.16965484619140625
58.11964249610901,0.16965484619140625
58.130372524261475,0.16965484619140625
58.14109778404236,0.16965484619140625
58.15180563926697,0.16965484619140625
58.162540435791016,0.16965484619140625
58.17326641082764,0.16965484619140625
58.18399095535278,0.16965484619140625
58.19470143318176,0.16965484619140625
58.20543169975281,0.16965484619140625
58.216150760650635,0.1699981689453125
58.22685408592224,0.1699981689453125
58.23757576942444,0.1699981689453125
58.248308181762695,0.1699981689453125
58.259023904800415,0.1699981689453125
58.26973342895508,0.1699981689453125
58.280489683151245,0.1699981689453125
58.2912073135376,0.1699981689453125
58.30191159248352,0.1699981689453125
58.31263446807861,0.1699981689453125
58.32335638999939,0.1699981689453125
58.33407759666443,0.1699981689453125
58.344780921936035,0.1699981689453125
58.35550332069397,0.1699981689453125
58.36623001098633,0.1699981689453125
58.376957416534424,0.1699981689453125
58.38768005371094,0.1699981689453125
58.398404359817505,0.1699981689453125
58.40912628173828,0.1699981689453125
58.41983342170715,0.17024993896484375
58.430562019348145,0.17031478881835938
58.44128918647766,0.17031478881835938
58.452014207839966,0.1705169677734375
58.46273326873779,0.1705169677734375
58.47346019744873,0.17097854614257812
58.48419141769409,0.17123031616210938
58.49491286277771,0.17123031616210938
58.50559163093567,0.17123031616210938
58.516326904296875,0.17123031616210938
58.5270562171936,0.17123031616210938
58.53777241706848,0.17123031616210938
58.54851317405701,0.17123031616210938
58.55924582481384,0.17123031616210938
58.569968461990356,0.17123031616210938
58.58069133758545,0.17123031616210938
58.59142446517944,0.17123031616210938
58.602171897888184,0.17123031616210938
58.612890005111694,0.17123031616210938
58.62360239028931,0.17128372192382812
58.63433766365051,0.17128372192382812
58.64506721496582,0.17128372192382812
58.65577697753906,0.17235565185546875
58.666500091552734,0.17235565185546875
58.677236557006836,0.17235565185546875
58.68797278404236,0.17235565185546875
58.69869661331177,0.17235565185546875
58.709455251693726,0.17235565185546875
58.72018623352051,0.17235565185546875
58.73089027404785,0.17235565185546875
58.741600036621094,0.17235565185546875
58.75233769416809,0.17235565185546875
58.76305866241455,0.17235565185546875
58.77377676963806,0.17235565185546875
58.78451609611511,0.17235565185546875
58.79524493217468,0.17235565185546875
58.805981397628784,0.17235565185546875
58.81671118736267,0.17235565185546875
58.82745695114136,0.17235565185546875
58.8381929397583,0.17235565185546875
58.84891200065613,0.17235565185546875
58.85962724685669,0.17432022094726562
58.87037134170532,0.17457199096679688
58.881104469299316,0.17457199096679688
58.89182996749878,0.17457199096679688
58.90256929397583,0.17457199096679688
58.9133038520813,0.17457199096679688
58.92403197288513,0.17457199096679688
58.934749364852905,0.17457199096679688
58.945473432540894,0.17457199096679688
58.956196784973145,0.17457199096679688
58.96690392494202,0.17457199096679688
58.9776132106781,0.17457199096679688
58.988351345062256,0.17457199096679688
58.999085426330566,0.17457199096679688
59.00980591773987,0.17457199096679688
59.02054762840271,0.17457199096679688
59.03127884864807,0.17457199096679688
59.04200839996338,0.17457199096679688
59.05272316932678,0.17457199096679688
59.063488245010376,0.17457199096679688
59.07421135902405,0.17457199096679688
59.0849335193634,0.17457199096679688
59.09566044807434,0.17482376098632812
59.10639834403992,0.17482376098632812
59.11713790893555,0.17482376098632812
59.1278600692749,0.17507553100585938
59.13858246803284,0.17507553100585938
59.14932203292847,0.17525482177734375
59.16007852554321,0.17525482177734375
59.17080092430115,0.17549514770507812
59.1815459728241,0.17574691772460938
59.19229221343994,0.17574691772460938
59.20303130149841,0.17574691772460938
59.213759422302246,0.17574691772460938
59.2245135307312,0.17599868774414062
59.235275983810425,0.17599868774414062
59.24602270126343,0.17599868774414062
59.2567458152771,0.17599868774414062
59.267492055892944,0.17599868774414062
59.27824258804321,0.17625045776367188
59.288981199264526,0.17625045776367188
59.29973006248474,0.17625045776367188
59.31047964096069,0.17625045776367188
59.32122254371643,0.17650222778320312
59.33195352554321,0.17650222778320312
59.34267735481262,0.17650222778320312
59.35341024398804,0.17650222778320312
59.36415886878967,0.17650222778320312
59.37488865852356,0.17650222778320312
59.38563060760498,0.17650222778320312
59.39637589454651,0.17650222778320312
59.40710210800171,0.17650222778320312
59.417824029922485,0.17650222778320312
59.428576946258545,0.17650222778320312
59.43931174278259,0.17650222778320312
59.450045108795166,0.17650222778320312
59.46076416969299,0.17650222778320312
59.47149968147278,0.17650222778320312
59.48222613334656,0.17650222778320312
59.492950201034546,0.17650222778320312
59.50366425514221,0.17650222778320312
59.5143985748291,0.17650222778320312
59.5251259803772,0.17650222778320312
59.5358407497406,0.17650222778320312
59.54657220840454,0.17650222778320312
59.55729961395264,0.17650222778320312
59.568026542663574,0.17650222778320312
59.578747510910034,0.17650222778320312
59.58948493003845,0.17650222778320312
59.60020613670349,0.17650222778320312
59.6109299659729,0.17650222778320312
59.621670961380005,0.17650222778320312
59.63240170478821,0.17650222778320312
59.643141984939575,0.17675399780273438
59.653854846954346,0.1768646240234375
59.66461110115051,0.1768646240234375
59.67560625076294,0.29633331298828125
59.68643927574158,0.29633331298828125
59.697272062301636,0.29633331298828125
59.70810651779175,0.29633331298828125
59.71890139579773,0.29633331298828125
59.72973561286926,0.29633331298828125
59.740543603897095,0.29633331298828125
59.7513587474823,0.29633331298828125
59.76217818260193,0.29633331298828125
59.77302122116089,0.29633331298828125
59.78382873535156,0.29633331298828125
59.79466891288757,0.29813385009765625
59.80549931526184,0.3009071350097656
59.81631255149841,0.3009071350097656
59.82714295387268,0.3009071350097656
59.83796572685242,0.3009071350097656
59.84877109527588,0.3009071350097656
59.85958743095398,0.3009071350097656
59.87039351463318,0.3009071350097656
59.881200551986694,0.3009071350097656
59.89201307296753,0.3009071350097656
59.90282678604126,0.30364990234375
59.91364336013794,0.30364990234375
59.92444396018982,0.30364990234375
59.935253858566284,0.30364990234375
59.94606065750122,0.30364990234375
59.9568567276001,0.30364990234375
59.9676628112793,0.30364990234375
59.9784836769104,0.30364990234375
59.989288568496704,0.30364990234375
60.000091314315796,0.30364990234375
60.010876417160034,0.30364990234375
60.02166771888733,0.30364990234375
60.032470703125,0.30416107177734375
60.043283462524414,0.3043060302734375
60.054105281829834,0.3043060302734375
60.06490921974182,0.3045082092285156
60.075708627700806,0.3045082092285156
60.08652400970459,0.3045082092285156
60.09733319282532,0.30474853515625
60.10814952850342,0.30474853515625
60.118961572647095,0.30474853515625
60.12975239753723,0.30500030517578125
60.14057278633118,0.30500030517578125
60.15141010284424,0.30500030517578125
60.162227153778076,0.3052520751953125
60.173032999038696,0.3052520751953125
60.18383026123047,0.3055000305175781
60.19464302062988,0.3055000305175781
60.20545816421509,0.30562591552734375
60.21625828742981,0.30562591552734375
60.227078914642334,0.30562591552734375
60.237886905670166,0.3059272766113281
60.24872446060181,0.3059272766113281
60.25954222679138,0.3059272766113281
60.27035713195801,0.3059272766113281
60.28115677833557,0.3059272766113281
60.29196262359619,0.3059272766113281
60.30276584625244,0.3059272766113281
60.31357955932617,0.3059272766113281
60.32439088821411,0.3059272766113281
60.33519697189331,0.3059272766113281
60.34599852561951,0.3059272766113281
60.35679745674133,0.3059272766113281
60.36761450767517,0.3059272766113281
60.378419160842896,0.3059272766113281
60.389235973358154,0.3059272766113281
60.4000346660614,0.3059272766113281
60.41083550453186,0.3059272766113281
60.42164945602417,0.3059272766113281
60.43245244026184,0.3060264587402344
60.443264961242676,0.35401153564453125
60.45409965515137,0.38065338134765625
60.464909076690674,0.41796112060546875
60.47570443153381,0.3812599182128906
60.486539363861084,0.3449134826660156
60.49735903739929,0.3512763977050781
60.5081832408905,0.3607749938964844
60.51901865005493,0.4120521545410156
60.5298376083374,0.4474525451660156
60.540663957595825,0.4136962890625
60.55149006843567,0.416107177734375
60.5623095035553,0.3816947937011719
60.57312035560608,0.3819427490234375
60.58392405509949,0.4378814697265625
60.59470248222351,0.4850578308105469
60.60553193092346,0.5302238464355469
60.616363525390625,0.4935188293457031
60.62717294692993,0.532379150390625
60.63798499107361,0.4935188293457031
60.648791551589966,0.5262680053710938
60.65960931777954,0.528228759765625
60.670432567596436,0.5636825561523438
60.68125629425049,0.5676803588867188
60.692079067230225,0.6051025390625
60.702898025512695,0.6049346923828125
60.713706493377686,0.568939208984375
60.724534034729004,0.6051025390625
60.735352754592896,0.621063232421875
60.74615406990051,0.6422576904296875
60.756972312927246,0.6071395874023438
60.76777935028076,0.5686302185058594
60.77858638763428,0.6347770690917969
60.78939747810364,0.6525001525878906
60.8002028465271,0.6208152770996094
60.81102132797241,0.5816078186035156
60.821818828582764,0.6063880920410156
60.83263564109802,0.6190567016601562
60.84343600273132,0.6643943786621094
60.85425806045532,0.6208152770996094
60.86507606506348,0.5754890441894531
60.8758807182312,0.6191520690917969
60.88671541213989,0.6264152526855469
60.89752674102783,0.6661720275878906
60.9083354473114,0.6714820861816406
60.91914463043213,0.6113395690917969
60.929951190948486,0.5852622985839844
60.940746545791626,0.6053848266601562
60.95157742500305,0.6603126525878906
60.96237230300903,0.6322822570800781
60.97318959236145,0.5950279235839844
60.98407173156738,0.6107978820800781
60.994871377944946,0.6700782775878906
61.00568771362305,0.6322822570800781
61.01649498939514,0.5813560485839844
61.02731466293335,0.6287269592285156
61.03813099861145,0.6322822570800781
61.04895257949829,0.6364402770996094
61.059972047805786,0.6780738830566406
61.070780754089355,0.6342353820800781
61.081599712371826,0.6059837341308594
61.09242224693298,0.6227684020996094
61.103238105773926,0.6790809631347656
61.11406183242798,0.5691337585449219
61.12486982345581,0.6228675842285156
61.13567876815796,0.6028327941894531
61.1464946269989,0.6244621276855469
61.15730690956116,0.6785774230957031
61.168107986450195,0.6400871276855469
61.17890787124634,0.5891609191894531
61.18971085548401,0.6386833190917969
61.20053219795227,0.6424827575683594
61.21133780479431,0.6788291931152344
61.2221474647522,0.6053848266601562
61.23295974731445,0.6093521118164062
61.24376082420349,0.6322746276855469
61.25458478927612,0.6546058654785156
61.265382289886475,0.6205558776855469
61.276196241378784,0.5833091735839844
61.287007570266724,0.60638427734375
61.297810554504395,0.664215087890625
61.30863046646118,0.6714897155761719
61.31943678855896,0.5952796936035156
61.33025407791138,0.6347770690917969
61.34107494354248,0.59722900390625
61.351876735687256,0.64239501953125
61.36268401145935,0.6427345275878906
61.37369084358215,0.64263916015625
61.3845329284668,0.6053848266601562
61.39535641670227,0.6150550842285156
61.406193017959595,0.6383934020996094
61.417006969451904,0.6061363220214844
61.4278085231781,0.5681304931640625
61.438626527786255,0.6267623901367188
61.44943308830261,0.6053848266601562
61.46024799346924,0.6622657775878906
61.471062421798706,0.6227684020996094
61.48186135292053,0.5793952941894531
61.492695331573486,0.6209144592285156
61.5035138130188,0.6264152526855469
61.51432728767395,0.6661720275878906
61.525156021118164,0.6597633361816406
61.53598690032959,0.5833091735839844
61.54679727554321,0.6209144592285156
61.55762434005737,0.5813560485839844
61.568440437316895,0.6269645690917969
61.57926034927368,0.6322822570800781
61.59006452560425,0.6739845275878906
61.60087275505066,0.6303291320800781
61.611700773239136,0.5794029235839844
61.62252736091614,0.6056327819824219
61.633352279663086,0.6622657775878906
61.644179344177246,0.6342353820800781
61.65510606765747,0.5911216735839844
61.665926694869995,0.6127510070800781
61.67673873901367,0.6405410766601562
61.687562227249146,0.6088447570800781
61.6983699798584,0.5686302185058594
61.70934295654297,0.6308708190917969
61.72018480300903,0.6344871520996094
61.73100519180298,0.6720314025878906
61.7418110370636,0.6600227355957031
61.75263166427612,0.5832939147949219
61.76346206665039,0.6249847412109375
61.774272203445435,0.5950202941894531
61.78507709503174,0.6085929870605469
61.79587984085083,0.6681251525878906
61.80666542053223,0.6381340026855469
61.81747055053711,0.6008796691894531
61.82827830314636,0.6146965026855469
61.839099168777466,0.6739845275878906
61.849899768829346,0.6053848266601562
61.86070108413696,0.6059494018554688
61.87152409553528,0.6186027526855469
61.88234257698059,0.6227684020996094
61.89313840866089,0.6661720275878906
61.90395164489746,0.6225090026855469
61.914748668670654,0.5774497985839844
61.92556405067444,0.6189613342285156
61.936362981796265,0.6225128173828125
61.94718551635742,0.664215087890625
61.95798182487488,0.6636772155761719
61.968767404556274,0.6011390686035156
61.97958588600159,0.5696372985839844
61.99038863182068,0.6367301940917969
62.001198291778564,0.6564064025878906
62.012006759643555,0.6266746520996094
62.0228111743927,0.5913734436035156
62.03361988067627,0.6110496520996094
62.04442548751831,0.6700782775878906
62.055251121520996,0.6344871520996094
62.066068172454834,0.5835609436035156
62.07686424255371,0.6347770690917969
62.087677240371704,0.6422996520996094
62.098493576049805,0.6507225036621094
62.109307289123535,0.6130027770996094
62.12011766433716,0.5713386535644531
62.13091683387756,0.6367301940917969
62.14171504974365,0.6544532775878906
62.15253019332886,0.6617164611816406
62.16340398788452,0.6028404235839844
62.174217224121094,0.5735435485839844
62.185027837753296,0.6326332092285156
62.195833683013916,0.6525001525878906
62.20664978027344,0.6166572570800781
62.21747398376465,0.6053848266601562
62.22827672958374,0.6064872741699219
62.239093542099,0.6107978820800781
62.2498881816864,0.6544532775878906
62.260690212249756,0.6088447570800781
62.271501302719116,0.6053848266601562
62.28232169151306,0.6057319641113281
62.29314064979553,0.6068916320800781
62.303951025009155,0.6149559020996094
62.31475496292114,0.6603126525878906
62.32556986808777,0.6147041320800781
62.33638644218445,0.5693855285644531
62.34720015525818,0.6111488342285156
62.35801911354065,0.6188621520996094
62.36881422996521,0.6622657775878906
62.379637479782104,0.6580696105957031
62.39048647880554,0.5813484191894531
62.40130352973938,0.6189613342285156
62.412113189697266,0.5793952941894531
62.42292404174805,0.6250114440917969
62.4337260723114,0.6322746276855469
62.444549322128296,0.6700782775878906
62.455366373062134,0.6283683776855469
62.46617388725281,0.5686302185058594
62.47699761390686,0.6171493530273438
62.48781609535217,0.6244621276855469
62.498636960983276,0.6643943786621094
62.50945806503296,0.6225090026855469
62.52044343948364,0.5686302185058594
62.53126788139343,0.6347770690917969
62.54208016395569,0.6171035766601562
62.55287432670593,0.6780662536621094
62.56368374824524,0.6361808776855469
62.57450008392334,0.6093864440917969
62.58531713485718,0.6322822570800781
62.59612154960632,0.64263916015625
62.606911182403564,0.5757484436035156
62.617703914642334,0.6347770690917969
62.62852478027344,0.6030921936035156
62.639349699020386,0.6061363220214844
62.65017127990723,0.6485939025878906
62.6609833240509,0.6058845520019531
62.67177224159241,0.6053848266601562
62.68257927894592,0.6228675842285156
62.693381786346436,0.6446876525878906
62.704179763793945,0.6149559020996094
62.71497917175293,0.5718421936035156
62.725778102874756,0.6384925842285156
62.73658990859985,0.6130027770996094
62.74740505218506,0.6759376525878906
62.75821924209595,0.6325340270996094
62.7690372467041,0.5911140441894531
62.77984642982483,0.6326332092285156
62.79065918922424,0.6361808776855469
62.801477909088135,0.6739845275878906
62.81229043006897,0.6798896789550781
62.82312273979187,0.6150550842285156
62.8339307308197,0.5911216735839844
62.84474277496338,0.6107978820800781
62.85555338859558,0.6700782775878906
62.86635375022888,0.6420478820800781
62.87715554237366,0.6052284240722656
62.88796925544739,0.6303291320800781
62.89876890182495,0.6426353454589844
62.9095823764801,0.6053848266601562
62.92039370536804,0.5969810485839844
62.931196451187134,0.6053848266601562
62.942026138305664,0.6131973266601562
62.95284080505371,0.6604881286621094
62.96367287635803,0.6186103820800781
62.97449207305908,0.5816078186035156
62.98529934883118,0.6058845520019531
62.99611210823059,0.6622657775878906
63.006916761398315,0.6697883605957031
63.01767706871033,0.6093864440917969
63.02848196029663,0.5833015441894531
63.03928279876709,0.6404457092285156
63.05009460449219,0.6564064025878906
63.060893058776855,0.6205558776855469
63.07169032096863,0.5681304931640625
63.08250379562378,0.6111488342285156
63.09331798553467,0.6186027526855469
63.10413980484009,0.6583595275878906
63.11493372917175,0.6205558776855469
63.12574601173401,0.5793952941894531
63.136560678482056,0.6404457092285156
63.147366523742676,0.6149559020996094
63.15817141532898,0.6700592041015625
63.16899371147156,0.6283683776855469
63.179787397384644,0.6008872985839844
63.190603494644165,0.6127471923828125
63.201422929763794,0.6722068786621094
63.21222758293152,0.6753959655761719
63.223085165023804,0.5991859436035156
63.233891010284424,0.6345863342285156
63.24469876289368,0.5972328186035156
63.25553011894226,0.6053848266601562
63.26634931564331,0.6466407775878906
63.277156352996826,0.6061363220214844
63.28797650337219,0.5681304931640625
63.298779010772705,0.6328239440917969
63.309584617614746,0.6525001525878906
63.32039284706116,0.6247215270996094
63.331215143203735,0.5894203186035156
63.34202599525452,0.6130027770996094
63.35283398628235,0.642669677734375
63.36366081237793,0.6149559020996094
63.37448287010193,0.5774421691894531
63.38529586791992,0.6250114440917969
63.39612126350403,0.6361808776855469
63.40709447860718,0.6759376525878906
63.41790580749512,0.5683784484863281
63.42871594429016,0.6289176940917969
63.43954014778137,0.6062355041503906
63.45035696029663,0.6322822570800781
63.46116304397583,0.6056327819824219
63.47197365760803,0.5683784484863281
63.48277473449707,0.6345863342285156
63.4935884475708,0.6564064025878906
63.5044059753418,0.6342353820800781
63.515241622924805,0.5891685485839844
63.526057720184326,0.6384925842285156
63.536861181259155,0.6063880920410156
63.54768490791321,0.6525001525878906
63.5585036277771,0.6147041320800781
63.56931734085083,0.5874671936035156
63.58013463020325,0.6130027770996094
63.590925455093384,0.6783256530761719
63.60174512863159,0.5754890441894531
63.612555503845215,0.6384925842285156
63.6233606338501,0.6269645690917969
63.63416600227356,0.6564064025878906
63.6449761390686,0.6361808776855469
63.65583896636963,0.6028327941894531
63.6666522026062,0.6127433776855469
63.67747116088867,0.6603126525878906
63.68832278251648,0.6303215026855469
63.69916081428528,0.6028327941894531
63.7099883556366,0.6361808776855469
63.720782995224,0.6663475036621094
63.731592416763306,0.6400871276855469
63.742398738861084,0.6289176940917969
63.753204345703125,0.6564064025878906
63.76401233673096,0.6734428405761719
63.77484059333801,0.6211051940917969
63.785643577575684,0.5972328186035156
63.79646325111389,0.6071434020996094
63.80727219581604,0.6583595275878906
63.81807470321655,0.6286277770996094
63.82886815071106,0.6050453186035156
63.83966851234436,0.6364402770996094
63.850476026535034,0.6188621520996094
63.861279010772705,0.5681304931640625
63.87208676338196,0.63262939453125
63.88287806510925,0.6077728271484375
63.89367890357971,0.626617431640625
63.90449333190918,0.6110458374023438
63.91530442237854,0.6737899780273438
63.9261269569397,0.7161788940429688
63.936949014663696,0.6579437255859375
63.947752952575684,0.6757850646972656
63.958563804626465,0.6325187683105469
63.96937131881714,0.6443901062011719
63.980180501937866,0.6600151062011719
63.99099898338318,0.6422195434570312
64.00179314613342,0.6534004211425781
64.0126223564148,0.6639213562011719
64.02343964576721,0.6056251525878906
64.03425812721252,0.6259117126464844
64.04506301879883,0.6732330322265625
64.05588483810425,0.6458396911621094
64.06668663024902,0.6955375671386719
64.07750701904297,0.6770439147949219
64.08833265304565,0.6732826232910156
64.09916472434998,0.7053413391113281
64.1099739074707,0.6127357482910156
64.12077283859253,0.6783866882324219
64.13159108161926,0.6819343566894531
64.1424150466919,0.7191886901855469
64.15324354171753,0.7028770446777344
64.16406321525574,0.6838874816894531
64.17485690116882,0.7087364196777344
64.18567419052124,0.7528266906738281
64.19649052619934,0.6798858642578125
64.20782256126404,0.7112312316894531
64.21876978874207,0.7171707153320312
64.22959423065186,0.7048301696777344
64.24041271209717,0.7014656066894531
64.25123262405396,0.7367668151855469
64.26204562187195,0.6433830261230469
64.2728488445282,0.7151374816894531
64.28367137908936,0.6792869567871094
64.29464268684387,0.7191886901855469
64.30545473098755,0.6811408996582031
64.31628179550171,0.6798858642578125
64.3271152973175,0.7112312316894531
64.33791875839233,0.7465324401855469
64.3487343788147,0.6798858642578125
64.35955476760864,0.6801338195800781
64.37037229537964,0.7252235412597656
64.38117837905884,0.7087287902832031
64.39198684692383,0.7092781066894531
64.40278768539429,0.7406730651855469
64.41359972953796,0.6514472961425781
64.42441773414612,0.7053718566894531
64.43525290489197,0.6433830261230469
64.44607210159302,0.6956062316894531
64.45686960220337,0.7289543151855469
64.46768260002136,0.7162971496582031
64.47850513458252,0.6975593566894531
64.48930931091309,0.7348136901855469
64.50013160705566,0.6798858642578125
64.51092958450317,0.7053718566894531
64.52176022529602,0.7111358642578125
64.53256702423096,0.6987190246582031
64.54338574409485,0.6936531066894531
64.55420231819153,0.7167320251464844
64.56502223014832,0.7171401977539062
64.57583022117615,0.6499977111816406
64.58663582801819,0.6801338195800781
64.59744477272034,0.6819343566894531
64.60825276374817,0.7230949401855469
64.61906838417053,0.7103919982910156
64.62986898422241,0.6916999816894531
64.64068722724915,0.7309074401855469
64.65150332450867,0.7164802551269531
64.66232252120972,0.7014656066894531
64.67332911491394,0.7052764892578125
64.68414258956909,0.7525672912597656
64.69496178627014,0.6428794860839844
64.70578026771545,0.6975593566894531
64.71659302711487,0.7143440246582031
64.72740173339844,0.7262077331542969
64.73821640014648,0.6799812316894531
64.74903059005737,0.7145881652832031
64.75983810424805,0.7151374816894531
64.77065181732178,0.7465324401855469
64.78146529197693,0.6798858642578125
64.7922728061676,0.6798858642578125
64.80307936668396,0.7504386901855469
64.81387400627136,0.6798858642578125
64.82467937469482,0.7151374816894531
64.83549404144287,0.6955108642578125
64.8463089466095,0.7525672912597656
64.85712766647339,0.6592597961425781
64.86792635917664,0.7004203796386719
64.87872552871704,0.7220497131347656
64.88956260681152,0.6799812316894531
64.9003837108612,0.7162971496582031
64.91120743751526,0.7151374816894531
64.92202854156494,0.7367668151855469
64.93282842636108,0.6798858642578125
64.94382834434509,0.7092781066894531
64.95464563369751,0.7230949401855469
64.96545553207397,0.6872444152832031
64.97627115249634,0.6431312561035156
64.9870867729187,0.6891975402832031
64.99788808822632,0.7330360412597656
65.0086841583252,0.6836662292480469
65.01948952674866,0.6798858642578125
65.03029727935791,0.7504386901855469
65.04112124443054,0.6631660461425781
65.05192947387695,0.6945610046386719
65.06274271011353,0.6956062316894531
65.07371234893799,0.7309074401855469
65.08452105522156,0.6967658996582031
65.09533643722534,0.6477928161621094
65.10617399215698,0.6948127746582031
65.11698937416077,0.6830940246582031
65.12780332565308,0.6595115661621094
65.13860559463501,0.7045783996582031
65.14940977096558,0.7447547912597656
65.16022539138794,0.6458396911621094
65.17104816436768,0.6872444152832031
65.18185114860535,0.7543373107910156
65.19266152381897,0.6675758361816406
65.20350885391235,0.7171363830566406
65.21431756019592,0.6553535461425781
65.22513484954834,0.7073249816894531
65.23592185974121,0.7406730651855469
65.24672102928162,0.6798858642578125
65.25753712654114,0.7131843566894531
65.2683470249176,0.7465324401855469
65.2791531085968,0.6798858642578125
65.28998374938965,0.6808891296386719
65.30081343650818,0.7252235412597656
65.31162619590759,0.7123451232910156
65.32243418693542,0.7092781066894531
65.33325505256653,0.7270011901855469
65.34407949447632,0.7340202331542969
65.35487246513367,0.6877937316894531
65.3656690120697,0.6436347961425781
65.37648344039917,0.6811408996582031
65.38729310035706,0.7504386901855469
65.39810514450073,0.6798858642578125
65.40891146659851,0.6833457946777344
65.41968870162964,0.7530784606933594
65.43050646781921,0.6436347961425781
65.44141244888306,0.6872520446777344
65.45221900939941,0.7091827392578125
65.46303701400757,0.7175941467285156
65.47383952140808,0.6651191711425781
65.48465609550476,0.7064857482910156
65.49547743797302,0.7279090881347656
65.50629162788391,0.6838874816894531
65.51710772514343,0.6798858642578125
65.52791714668274,0.6798858642578125
65.53867530822754,0.7504386901855469
65.54948902130127,0.6798858642578125
65.56031370162964,0.6811408996582031
65.57114315032959,0.7367668151855469
65.58196139335632,0.7028694152832031
65.592768907547,0.6734275817871094
65.60357880592346,0.7145881652832031
65.61438941955566,0.7527618408203125
65.62520170211792,0.6578102111816406
65.63602089881897,0.6970176696777344
65.64681363105774,0.7206001281738281
65.65762758255005,0.6797294616699219
65.66843938827515,0.7142982482910156
65.67925262451172,0.7131843566894531
65.69007134437561,0.7367668151855469
65.70088028907776,0.7006721496582031
65.71168923377991,0.6575584411621094
65.7225067615509,0.7026252746582031
65.73331427574158,0.6889533996582031
65.74412798881531,0.6634178161621094
65.75492143630981,0.7065315246582031
65.76568341255188,0.7467079162597656
65.77649402618408,0.6458396911621094
65.78730487823486,0.6872444152832031
65.79810953140259,0.7540855407714844
65.80891251564026,0.6656227111816406
65.81970882415771,0.7131843566894531
65.8305230140686,0.6475410461425781
65.8413393497467,0.7112312316894531
65.85214948654175,0.7445793151855469
65.86295795440674,0.6798858642578125
65.87376475334167,0.6798858642578125
65.88457703590393,0.7504386901855469
65.89538359642029,0.6798820495605469
65.90618777275085,0.6828422546386719
65.91700720787048,0.7271766662597656
65.9278073310852,0.7123451232910156
65.93863797187805,0.7053718566894531
65.94946193695068,0.7191886901855469
65.96026635169983,0.7203483581542969
65.97107887268066,0.6753807067871094
65.98187637329102,0.7087287902832031
65.99267435073853,0.7092781066894531
66.00348854064941,0.7406730651855469
66.01429271697998,0.6798858642578125
66.02509570121765,0.7073249816894531
66.03592944145203,0.7406730651855469
66.04679131507874,0.6798858642578125
66.05760383605957,0.6441383361816406
66.06842851638794,0.6426315307617188
66.0792441368103,0.6975326538085938
66.09005737304688,0.6773414611816406
66.10085797309875,0.6480445861816406
66.11167240142822,0.7010231018066406
66.12249326705933,0.7171401977539062
66.13329982757568,0.6806869506835938
66.1441056728363,0.6856002807617188
66.15490937232971,0.6875534057617188
66.16572117805481,0.6914596557617188
66.17653465270996,0.6953659057617188
66.18734288215637,0.6973190307617188
66.19814896583557,0.7012252807617188
66.20896577835083,0.7051315307617188
66.2197630405426,0.7070846557617188
66.23057270050049,0.7109909057617188
66.24139451980591,0.7148971557617188
66.25222063064575,0.7168502807617188
66.26304316520691,0.754638671875
66.27383852005005,0.7567024230957031
66.28464722633362,0.7645149230957031
66.29545855522156,0.7723274230957031
66.30625987052917,0.7781867980957031
66.31706619262695,0.7859992980957031
66.32785892486572,0.7921028137207031
66.3386664390564,0.8095970153808594
66.34947228431702,0.841339111328125
66.3602774143219,0.860870361328125
66.37108612060547,0.898223876953125
66.38187766075134,0.8656196594238281
66.39269161224365,0.8864097595214844
66.4035177230835,0.9044837951660156
66.41433501243591,0.8684806823730469
66.4251651763916,0.8353843688964844
66.43597745895386,0.8527107238769531
66.44677352905273,0.8293724060058594
66.45759987831116,0.8530616760253906
66.46840739250183,0.8884620666503906
66.47921299934387,0.8727378845214844
66.49003744125366,0.8961753845214844
66.50084352493286,0.9396400451660156
66.51164293289185,0.8451499938964844
66.5224597454071,0.8290252685546875
66.53326487541199,0.8530349731445312
66.54408431053162,0.8655204772949219
66.55488133430481,0.8775062561035156
66.56567358970642,0.882568359375
66.57648491859436,0.9262924194335938
66.5873110294342,0.9402999877929688
66.59812498092651,0.9032821655273438
66.6089243888855,0.9198150634765625
66.61971807479858,0.9565811157226562
66.63053488731384,0.9770355224609375
66.6413516998291,1.0119171142578125
66.65217018127441,0.98931884765625
66.66299891471863,1.015045166015625
66.6738030910492,1.0528030395507812
66.68463277816772,1.1251220703125
66.69545412063599,1.0700912475585938
66.70643210411072,0.8675765991210938
66.7172429561615,0.4196357727050781
66.72811365127563,0.41963958740234375
66.73892211914062,0.4207725524902344
66.74976801872253,0.42242431640625
66.76058053970337,0.4229164123535156
66.77140188217163,0.4229164123535156
66.782297372818,0.4233589172363281
66.79310345649719,0.4237251281738281
66.80389523506165,0.4237251281738281
66.81469941139221,0.4237251281738281
66.82558870315552,0.42441558837890625
66.83640599250793,0.42441558837890625
66.84721064567566,0.42441558837890625
66.85801219940186,0.42441558837890625
66.86880302429199,0.42441558837890625
66.87962365150452,0.42441558837890625
66.89042544364929,0.42441558837890625
66.90124988555908,0.42441558837890625
66.91205072402954,0.42441558837890625
66.92284727096558,0.42465972900390625
66.93365573883057,0.42465972900390625
66.94445872306824,0.42465972900390625
66.95526933670044,0.42465972900390625
66.96607756614685,0.42465972900390625
66.97687220573425,0.42465972900390625
66.98767375946045,0.42465972900390625
66.99848532676697,0.42465972900390625
67.00929975509644,0.42465972900390625
67.02010107040405,0.42465972900390625
67.03090691566467,0.42465972900390625
67.04171180725098,0.42465972900390625
67.05252599716187,0.42465972900390625
67.06333327293396,0.42465972900390625
67.074134349823,0.42465972900390625
67.08492183685303,0.42465972900390625
67.09573149681091,0.42465972900390625
67.10653710365295,0.42465972900390625
67.1173632144928,0.42465972900390625
67.12816834449768,0.42465972900390625
67.13897728919983,0.42465972900390625
67.14976072311401,0.42465972900390625
67.16057276725769,0.42465972900390625
67.17137265205383,0.42465972900390625
67.18217468261719,0.42465972900390625
67.19297218322754,0.42465972900390625
67.20376062393188,0.42465972900390625
67.21457743644714,0.42465972900390625
67.22538447380066,0.42465972900390625
67.23618197441101,0.42465972900390625
67.24698567390442,0.42465972900390625
67.25778031349182,0.42465972900390625
67.26859021186829,0.42465972900390625
67.27941012382507,0.42465972900390625
67.29022526741028,0.42465972900390625
67.30102968215942,0.42465972900390625
67.31182646751404,0.42465972900390625
67.32264542579651,0.42465972900390625
67.33345937728882,0.42465972900390625
67.34427404403687,0.42465972900390625
67.35507464408875,0.42465972900390625
67.36587023735046,0.42465972900390625
67.37668085098267,0.42465972900390625
67.38749718666077,0.42465972900390625
67.39829349517822,0.42465972900390625
67.40910458564758,0.42465972900390625
67.41989374160767,0.42465972900390625
67.43069553375244,0.42465972900390625
67.44153761863708,0.42465972900390625
67.45235085487366,0.42465972900390625
67.46316432952881,0.42465972900390625
67.47397947311401,0.42465972900390625
67.48476672172546,0.42465972900390625
67.49556159973145,0.42465972900390625
67.50638270378113,0.42465972900390625
67.51719212532043,0.42465972900390625
67.52801251411438,0.42465972900390625
67.53880286216736,0.42465972900390625
67.54960989952087,0.42465972900390625
67.56042408943176,0.42465972900390625
67.57122778892517,0.42465972900390625
67.58204650878906,0.42465972900390625
67.59285712242126,0.42465972900390625
67.60367488861084,0.42465972900390625
67.61448049545288,0.42465972900390625
67.6252932548523,0.42465972900390625
67.63610506057739,0.42465972900390625
67.64690613746643,0.42465972900390625
67.65770626068115,0.42465972900390625
67.66850805282593,0.42465972900390625
67.67930436134338,0.42465972900390625
67.69010806083679,0.42465972900390625
67.70091438293457,0.42465972900390625
67.71171164512634,0.42465972900390625
67.72251439094543,0.42465972900390625
67.73331761360168,0.42465972900390625
67.74412822723389,0.42465972900390625
67.75492882728577,0.42465972900390625
67.76573419570923,0.42465972900390625
67.77653956413269,0.42465972900390625
67.78734016418457,0.42465972900390625
67.79813623428345,0.42465972900390625
67.80892968177795,0.42465972900390625
67.81974744796753,0.42465972900390625
67.830557346344,0.42465972900390625
67.84136748313904,0.42465972900390625
67.85216975212097,0.42465972900390625
67.8629686832428,0.42465972900390625
67.87377643585205,0.42465972900390625
67.88458609580994,0.42465972900390625
67.8953948020935,0.42465972900390625
67.90619707107544,0.42465972900390625
67.91701006889343,0.42465972900390625
67.92781376838684,0.42465972900390625
67.93862891197205,0.42465972900390625
67.94943189620972,0.42465972900390625
67.9602370262146,0.42465972900390625
67.97105503082275,0.42465972900390625
67.98185014724731,0.42465972900390625
67.99265933036804,0.42465972900390625
68.00347876548767,0.42465972900390625
68.01430034637451,0.42465972900390625
68.02511215209961,0.42465972900390625
68.03591465950012,0.42465972900390625
68.04671621322632,0.42465972900390625
68.05752062797546,0.42465972900390625
68.06832790374756,0.42465972900390625
68.07912731170654,0.42465972900390625
68.08991837501526,0.42465972900390625
68.10068392753601,0.42465972900390625
68.11149311065674,0.42465972900390625
68.1222882270813,0.42465972900390625
68.13308763504028,0.42465972900390625
68.14388966560364,0.42465972900390625
68.15468573570251,0.42465972900390625
68.1655113697052,0.42465972900390625
68.17630553245544,0.42465972900390625
68.18710374832153,0.42465972900390625
68.19789028167725,0.42465972900390625
68.20869302749634,0.42465972900390625
68.21952486038208,0.42465972900390625
68.23034524917603,0.42465972900390625
68.24115800857544,0.42465972900390625
68.25197529792786,0.42465972900390625
68.2627809047699,0.42465972900390625
68.27358841896057,0.42465972900390625
68.28439354896545,0.42465972900390625
68.29519438743591,0.42465972900390625
68.30599355697632,0.42465972900390625
68.31679320335388,0.42465972900390625
68.32760286331177,0.42465972900390625
68.33841753005981,0.42465972900390625
68.34922099113464,0.42465972900390625
68.36004948616028,0.42465972900390625
68.37085199356079,0.42465972900390625
68.38168907165527,0.42465972900390625
68.39250373840332,0.42465972900390625
68.40330839157104,0.42465972900390625
68.41410732269287,0.42465972900390625
68.42490291595459,0.42465972900390625
68.43570494651794,0.42465972900390625
68.44650840759277,0.4248466491699219
68.45730423927307,0.4248466491699219
68.46810722351074,0.4248466491699219
68.47890424728394,0.4248466491699219
68.48970532417297,0.4248466491699219
68.50051546096802,0.4248466491699219
68.51133346557617,0.4248466491699219
68.52214097976685,0.4248466491699219
68.53295302391052,0.4248466491699219
68.5437560081482,0.4248466491699219
68.55457520484924,0.4248466491699219
68.56539058685303,0.4248466491699219
68.5762128829956,0.4248466491699219
68.58702778816223,0.4248466491699219
68.59783053398132,0.4248466491699219
68.60864853858948,0.4248466491699219
68.61945009231567,0.4248466491699219
68.63025760650635,0.4248466491699219
68.64107155799866,0.4248466491699219
68.65189671516418,0.4248466491699219
68.66268610954285,0.4248466491699219
68.67349314689636,0.4248466491699219
68.68430304527283,0.4248466491699219
68.69510579109192,0.4248466491699219
68.70599293708801,0.4248466491699219
68.71679329872131,0.4248466491699219
68.72759580612183,0.4248466491699219
68.73840403556824,0.4248466491699219
68.74921584129333,0.4248466491699219
68.76003050804138,0.4248466491699219
68.77082943916321,0.4248466491699219
68.7816367149353,0.4248466491699219
68.7924394607544,0.4248466491699219
68.80325365066528,0.4248466491699219
68.8140618801117,0.4248466491699219
68.82489490509033,0.4248466491699219
68.83569955825806,0.4248466491699219
68.8465027809143,0.4248466491699219
68.8573088645935,0.4248466491699219
68.86812138557434,0.4248466491699219
68.87892127037048,0.4248466491699219
68.88973593711853,0.4248466491699219
68.9005560874939,0.4248466491699219
68.91136884689331,0.4248466491699219
68.92217969894409,0.4248466491699219
68.93300151824951,0.4248466491699219
68.94380331039429,0.4248466491699219
68.9546127319336,0.4248466491699219
68.96542954444885,0.4248466491699219
68.97625780105591,0.4248466491699219
68.98707151412964,0.4248466491699219
68.99786019325256,0.4248466491699219
69.00866031646729,0.4248466491699219
69.01947855949402,0.4248466491699219
69.03029441833496,0.4248466491699219
69.0411057472229,0.4248466491699219
69.05190467834473,0.4248466491699219
69.0627179145813,0.4248466491699219
69.07352471351624,0.4248466491699219
69.08434176445007,0.4248466491699219
69.09515738487244,0.4248466491699219
69.105966091156,0.4248466491699219
69.1167585849762,0.4248466491699219
69.12757802009583,0.4248466491699219
69.1384027004242,0.4248466491699219
69.14920830726624,0.4248466491699219
69.16000843048096,0.4248466491699219
69.17080187797546,0.4248466491699219
69.18161630630493,0.4248466491699219
69.19241976737976,0.4248466491699219
69.20322585105896,0.4248466491699219
69.21404886245728,0.4248466491699219
69.22484493255615,0.4248466491699219
69.23563957214355,0.4248466491699219
69.2464542388916,0.4248466491699219
69.25726246833801,0.4248466491699219
69.26807188987732,0.4248466491699219
69.27887082099915,0.4248466491699219
69.2896625995636,0.4248466491699219
69.30047631263733,0.4248466491699219
69.31129240989685,0.4248466491699219
69.32210445404053,0.4248466491699219
69.33291053771973,0.4248466491699219
69.3437168598175,0.4248466491699219
69.35452699661255,0.4248466491699219
69.3653564453125,0.4248466491699219
69.37616848945618,0.4248466491699219
69.38700246810913,0.4248466491699219
69.3978111743927,0.4248466491699219
69.40864706039429,0.4248466491699219
69.41946387290955,0.4248466491699219
69.43026423454285,0.4248466491699219
69.44108724594116,0.4248466491699219
69.45189762115479,0.4248466491699219
69.46270370483398,0.4248466491699219
69.47352647781372,0.4248466491699219
69.48435044288635,0.4248466491699219
69.49516105651855,0.4248466491699219
69.50597906112671,0.4248466491699219
69.51677870750427,0.4248466491699219
69.5276141166687,0.4248466491699219
69.53841853141785,0.4248466491699219
69.54922270774841,0.4248466491699219
69.56003475189209,0.4248466491699219
69.5709068775177,0.4248466491699219
69.58171248435974,0.4248466491699219
69.59252047538757,0.4248466491699219
69.60332751274109,0.4248466491699219
69.61413955688477,0.4248466491699219
69.62492966651917,0.4248466491699219
69.63573598861694,0.4248466491699219
69.64653968811035,0.4248466491699219
69.65733933448792,0.4248466491699219
69.66814827919006,0.4248466491699219
69.67895770072937,0.4248466491699219
69.6897439956665,0.4248466491699219
69.70054864883423,0.4248466491699219
69.71135973930359,0.4248466491699219
69.72215700149536,0.4248466491699219
69.73295211791992,0.4248466491699219
69.74375295639038,0.4248466491699219
69.75456023216248,0.4248466491699219
69.76537656784058,0.4248466491699219
69.77619957923889,0.4248466491699219
69.78700709342957,0.4248466491699219
69.79782152175903,0.4248466491699219
69.80864214897156,0.4248466491699219
69.81948280334473,0.4248466491699219
69.83029103279114,0.4248466491699219
69.84110927581787,0.4248466491699219
69.85190963745117,0.4248466491699219
69.86270904541016,0.4248466491699219
69.87353348731995,0.4248466491699219
69.88434672355652,0.4248466491699219
69.89517569541931,0.4248466491699219
69.90600037574768,0.4248466491699219
69.91679978370667,0.4248466491699219
69.92761874198914,0.4248466491699219
69.93843698501587,0.4248466491699219
69.9492359161377,0.4248466491699219
69.96004247665405,0.4248466491699219
69.97084856033325,0.4248466491699219
69.98165583610535,0.4248466491699219
69.99246859550476,0.4248466491699219
70.00327062606812,0.4248466491699219
70.01408219337463,0.4248466491699219
70.02486562728882,0.4248466491699219
70.03568148612976,0.4248466491699219
70.0465018749237,0.4248466491699219
70.05730128288269,0.4248466491699219
70.06810140609741,0.4248466491699219
70.0789086818695,0.4248466491699219
70.08970928192139,0.4248466491699219
70.10051798820496,0.4248466491699219
70.11132502555847,0.4248466491699219
70.12212586402893,0.4248466491699219
70.13291144371033,0.4248466491699219
70.14369750022888,0.4248466491699219
70.15453791618347,0.4248466491699219
70.16533732414246,0.4248466491699219
70.17615032196045,0.4248466491699219
70.18694543838501,0.4248466491699219
70.19774436950684,0.4248466491699219
70.20854449272156,0.4248466491699219
70.21935677528381,0.4248466491699219
70.23016691207886,0.4248466491699219
70.24097943305969,0.4248466491699219
70.251788854599,0.4248466491699219
70.2625961303711,0.4248466491699219
70.27340936660767,0.4248466491699219
70.28422331809998,0.4248466491699219
70.29503893852234,0.4248466491699219
70.30584120750427,0.4248466491699219
70.31665134429932,0.4248466491699219
70.32746744155884,0.4250640869140625
70.33826971054077,0.4250640869140625
70.34907341003418,0.4250640869140625
70.35987496376038,0.4250640869140625
70.37067770957947,0.4250640869140625
70.3814971446991,0.4250640869140625
70.3923065662384,0.4250640869140625
70.40310788154602,0.4250640869140625
70.41390013694763,0.4250640869140625
70.42470169067383,0.4250640869140625
70.4355137348175,0.4250640869140625
70.44631361961365,0.4250640869140625
70.45712184906006,0.4250640869140625
70.46791291236877,0.4250640869140625
70.47871088981628,0.4250640869140625
70.48951125144958,0.4250640869140625
70.50031781196594,0.4250640869140625
70.51111364364624,0.4250640869140625
70.52191305160522,0.4250640869140625
70.53270220756531,0.4250640869140625
70.54352021217346,0.4250640869140625
70.5543384552002,0.31333160400390625
70.56515073776245,0.3134574890136719
70.57595086097717,0.3134574890136719
70.58674025535583,0.3134574890136719
70.59754633903503,0.3134574890136719
70.60848236083984,0.3134574890136719
70.6192991733551,0.3134574890136719
70.63014078140259,0.31346893310546875
70.64095640182495,0.31346893310546875
70.65176296234131,0.31346893310546875
70.66256976127625,0.31583404541015625
70.67336821556091,0.3176612854003906
70.68416833877563,0.3176612854003906
70.69497060775757,0.3176612854003906
70.70578098297119,0.3176612854003906
70.71658897399902,0.3176612854003906
70.72739839553833,0.3176612854003906
70.73820328712463,0.37273406982421875
70.74901342391968,0.42375946044921875
70.75982284545898,0.36104583740234375
70.77064323425293,0.3803291320800781
70.78144931793213,0.3900947570800781
70.79224896430969,0.4654197692871094
70.80307459831238,0.4287872314453125
70.81386613845825,0.3941459655761719
70.82467365264893,0.4907722473144531
70.83549761772156,0.5320205688476562
70.84629821777344,0.5635452270507812
70.857102394104,0.5047073364257812
70.86790060997009,0.543914794921875
70.8786952495575,0.5990982055664062
70.88951516151428,0.6065597534179688
70.90033173561096,0.57830810546875
70.91116309165955,0.5950927734375
70.92197108268738,0.6264877319335938
70.9327597618103,0.6899185180664062
70.94355797767639,0.5833740234375
70.95436692237854,0.6245346069335938
70.96516799926758,0.689666748046875
70.97598385810852,0.5833740234375
70.98677515983582,0.6245346069335938
70.9975790977478,0.658233642578125
71.00839042663574,0.6421127319335938
71.0191957950592,0.6153106689453125
71.03000020980835,0.6259841918945312
71.04079985618591,0.671905517578125
71.05162572860718,0.6900711059570312
71.06243014335632,0.6422119140625
71.07327938079834,0.6343994140625
71.08410739898682,0.666046142578125
71.09491205215454,0.6157188415527344
71.10572361946106,0.6383056640625
71.1165280342102,0.667999267578125
71.12734484672546,0.6157188415527344
71.13815927505493,0.6441650390625
71.14897203445435,0.6264877319335938
71.15979838371277,0.675811767578125
71.17061805725098,0.6518096923828125
71.1814317703247,0.6519775390625
71.1922435760498,0.683624267578125
71.20305347442627,0.5967636108398438
71.21385765075684,0.5809173583984375
71.22469878196716,0.6157188415527344
71.23550772666931,0.685577392578125
71.24632740020752,0.6157188415527344
71.25713324546814,0.6162185668945312
71.2679295539856,0.679718017578125
71.27875256538391,0.6476898193359375
71.28955578804016,0.6143417358398438
71.30035495758057,0.6520614624023438
71.31115102767944,0.681671142578125
71.32196187973022,0.5870285034179688
71.33276176452637,0.6242828369140625
71.34356880187988,0.689666748046875
71.3543758392334,0.6009521484375
71.36518001556396,0.5833740234375
71.37599492073059,0.6206283569335938
71.38679718971252,0.689483642578125
71.39760208129883,0.6157188415527344
71.40842485427856,0.6160659790039062
71.41926383972168,0.6303939819335938
71.4302773475647,0.677764892578125
71.44109511375427,0.6157188415527344
71.45189547538757,0.6524124145507812
71.46268272399902,0.6520614624023438
71.47348761558533,0.6362533569335938
71.48429584503174,0.6265869140625
71.49511981010437,0.658233642578125
71.5059232711792,0.6868972778320312
71.51672458648682,0.6343994140625
71.52752900123596,0.6226806640625
71.53832936286926,0.6438140869140625
71.54915738105774,0.685577392578125
71.56008696556091,0.6222305297851562
71.57089471817017,0.6383056640625
71.58169770240784,0.669952392578125
71.59253859519958,0.6157188415527344
71.60334348678589,0.6422119140625
71.61416459083557,0.640411376953125
71.62498378753662,0.6281890869140625
71.63579440116882,0.6168212890625
71.64662623405457,0.6528167724609375
71.6574342250824,0.6754608154296875
71.66825699806213,0.6143417358398438
71.67907881736755,0.6521759033203125
71.68992567062378,0.6207275390625
71.70071530342102,0.6496429443359375
71.71152329444885,0.6320648193359375
71.72233366966248,0.6143417358398438
71.73315453529358,0.6520614624023438
71.74397206306458,0.6359710693359375
71.75476622581482,0.6153106689453125
71.76558804512024,0.6157188415527344
71.77639675140381,0.685577392578125
71.78720712661743,0.5948410034179688
71.79803681373596,0.6162185668945312
71.80884456634521,0.666046142578125
71.81966042518616,0.6713027954101562
71.83048462867737,0.6126670837402344
71.84130144119263,0.5970458984375
71.85211634635925,0.6382064819335938
71.86291527748108,0.6225814819335938
71.87367701530457,0.6029014587402344
71.88448476791382,0.6382064819335938
71.89530158042908,0.6206283569335938
71.90610647201538,0.6029052734375
71.91689729690552,0.6401596069335938
71.92767429351807,0.660186767578125
71.93850064277649,0.6284408569335938
71.94930481910706,0.6026229858398438
71.9601047039032,0.6521759033203125
71.97091937065125,0.658233642578125
71.98172235488892,0.6849441528320312
71.99252676963806,0.6343994140625
72.00333333015442,0.6246337890625
72.01413917541504,0.658233642578125
72.02496123313904,0.6496734619140625
72.03575229644775,0.6304931640625
72.04656553268433,0.662139892578125
72.05737233161926,0.6520614624023438
72.06818318367004,0.6343994140625
72.07900309562683,0.6520614624023438
72.08981013298035,0.660186767578125
72.1006293296814,0.6320953369140625
72.11142754554749,0.6246337890625
72.12225079536438,0.656280517578125
72.13307023048401,0.6891326904296875
72.14386940002441,0.6422119140625
72.15468239784241,0.6304931640625
72.16549754142761,0.664093017578125
72.17630314826965,0.652313232421875
72.18710660934448,0.6343994140625
72.19809770584106,0.666046142578125
72.20889568328857,0.6340179443359375
72.21985960006714,0.5867767333984375
72.23065662384033,0.6259841918945312
72.24147033691406,0.660186767578125
72.25227570533752,0.6476898193359375
72.26308727264404,0.6422119140625
72.27387499809265,0.667999267578125
72.28469157218933,0.6157150268554688
72.29550313949585,0.6402587890625
72.30632853507996,0.6324462890625
72.31714725494385,0.664093017578125
72.32795882225037,0.6362533569335938
72.33875894546509,0.5931396484375
72.34956860542297,0.6303939819335938
72.36038017272949,0.6157188415527344
72.37119698524475,0.5950927734375
72.38200116157532,0.6362533569335938
72.39279365539551,0.667999267578125
72.40361475944519,0.6157188415527344
72.41444087028503,0.6519775390625
72.42525124549866,0.679718017578125
72.4360716342926,0.5889816284179688
72.44686841964722,0.6363525390625
72.45768451690674,0.6046066284179688
72.46854162216187,0.6157188415527344
72.47934889793396,0.683624267578125
72.4901795387268,0.5784645080566406
72.50099277496338,0.6164703369140625
72.5118043422699,0.687530517578125
72.52261567115784,0.5792160034179688
72.53341364860535,0.6223297119140625
72.54422426223755,0.656280517578125
72.55503797531128,0.6457672119140625
72.56582522392273,0.6402587890625
72.57665586471558,0.6535720825195312
72.58748602867126,0.6559295654296875
72.59829044342041,0.5987167358398438
72.6091091632843,0.5828704833984375
72.61990928649902,0.6162185668945312
72.63071012496948,0.685577392578125
72.641526222229,0.5809173583984375
72.65234065055847,0.6220779418945312
72.66316270828247,0.6899185180664062
72.67396831512451,0.5867767333984375
72.68477320671082,0.6259841918945312
72.69557571411133,0.6535720825195312
72.70637679100037,0.6201248168945312
72.71720027923584,0.5928878784179688
72.72801947593689,0.6441650390625
72.7388117313385,0.656280517578125
72.74962544441223,0.6713027954101562
72.76043200492859,0.6187744140625
72.77123665809631,0.6068115234375
72.78205132484436,0.6421127319335938
72.79284954071045,0.6245346069335938
72.80364894866943,0.6068115234375
72.81446528434753,0.6421127319335938
72.82528018951416,0.6245346069335938
72.83611106872559,0.6068115234375
72.84691333770752,0.6362533569335938
72.85771894454956,0.652130126953125
72.86852931976318,0.6157188415527344
72.87934494018555,0.6045761108398438
72.89016008377075,0.6398773193359375
72.90097308158875,0.661285400390625
72.91177129745483,0.6155624389648438
72.92257905006409,0.6007003784179688
72.93339109420776,0.6379547119140625
72.94421076774597,0.6223297119140625
72.9550187587738,0.6046066284179688
72.96581983566284,0.6418609619140625
72.97665476799011,0.687530517578125
72.98746299743652,0.6157188415527344
72.99828958511353,0.6304931640625
73.00911068916321,0.6284408569335938
73.01992130279541,0.6164703369140625
73.03072309494019,0.6087646484375
73.0415449142456,0.6479721069335938
73.05237555503845,0.6754608154296875
73.06319093704224,0.6265869140625
73.0740213394165,0.6150588989257812
73.08483171463013,0.6530685424804688
73.09566712379456,0.6298904418945312
73.10648584365845,0.5789642333984375
73.11731266975403,0.6383056640625
73.1281430721283,0.662139892578125
73.1389548778534,0.6515960693359375
73.14976143836975,0.6304931640625
73.1605761051178,0.628692626953125
73.17139148712158,0.6181716918945312
73.18220734596252,0.6104660034179688
73.19302797317505,0.6457672119140625
73.20384359359741,0.6673965454101562
73.2146475315094,0.6165695190429688
73.22545862197876,0.5950927734375
73.23625993728638,0.6480712890625
73.24706792831421,0.658233642578125
73.25786590576172,0.6323471069335938
73.26867866516113,0.6126708984375
73.2794942855835,0.6499252319335938
73.29030418395996,0.6343002319335938
73.3011200428009,0.5784645080566406
73.31192350387573,0.653167724609375
73.32272982597351,0.6231307983398438
73.33353996276855,0.6457443237304688
73.34434700012207,0.6638374328613281
73.35517311096191,0.6529693603515625
73.36598348617554,0.6717948913574219
73.37677645683289,0.6529655456542969
73.38758087158203,0.6638336181640625
73.39839005470276,0.6813125610351562
73.40920162200928,0.6179122924804688
73.42003202438354,0.6753005981445312
73.4308385848999,0.6885528564453125
73.44165778160095,0.6218185424804688
73.45248484611511,0.6159591674804688
73.46329259872437,0.6691665649414062
73.47409558296204,0.6573715209960938
73.48489046096802,0.7266769409179688
73.49568891525269,0.6357421875
73.50651407241821,0.6749496459960938
73.51733183860779,0.6965789794921875
73.528146982193,0.6496353149414062
73.5389449596405,0.6771240234375
73.54975247383118,0.7108535766601562
73.56056523323059,0.7425003051757812
73.57136988639832,0.7202682495117188
73.58217716217041,0.679107666015625
73.59298086166382,0.6907196044921875
73.6037917137146,0.7425003051757812
73.61459708213806,0.7268142700195312
73.62540364265442,0.7089004516601562
73.63620138168335,0.7070999145507812
73.64701724052429,0.6948776245117188
73.65780901908875,0.6888046264648438
73.6686327457428,0.7256240844726562
73.67943978309631,0.74530029296875
73.69024515151978,0.6971817016601562
73.70123529434204,0.6529655456542969
73.71204376220703,0.7010879516601562
73.72284746170044,0.7182846069335938
73.73365926742554,0.7600784301757812
73.74446439743042,0.6902198791503906
73.75531029701233,0.7271652221679688
73.76612782478333,0.7581253051757812
73.77694773674011,0.6902198791503906
73.787757396698,0.6902198791503906
73.79856276512146,0.727569580078125
73.80937242507935,0.7124252319335938
73.82017993927002,0.7030410766601562
73.83098435401917,0.7366409301757812
73.841792345047,0.7497100830078125
73.8526074886322,0.6844635009765625
73.86341643333435,0.7266769409179688
73.87425017356873,0.6886215209960938
73.88507223129272,0.7260589599609375
73.89586424827576,0.7082977294921875
73.90666961669922,0.6888046264648438
73.91747689247131,0.7268142700195312
73.92828035354614,0.7102508544921875
73.93910646438599,0.6895599365234375
73.94989848136902,0.7270660400390625
73.96066570281982,0.7581253051757812
73.97148299217224,0.7273178100585938
73.98227977752686,0.6991348266601562
73.99310541152954,0.7163314819335938
74.0039005279541,0.7581253051757812
74.0146996974945,0.669342041015625
74.02551674842834,0.6929244995117188
74.03633213043213,0.6913223266601562
74.04712963104248,0.7280731201171875
74.05792093276978,0.7158584594726562
74.06871914863586,0.6913223266601562
74.07952451705933,0.7288284301757812
74.09033155441284,0.7178115844726562
74.1011688709259,0.6932754516601562
74.11198377609253,0.7158584594726562
74.12277889251709,0.7273178100585938
74.13358235359192,0.6963272094726562
74.14437985420227,0.689056396484375
74.15518569946289,0.7260589599609375
74.16599488258362,0.7475051879882812
74.17678761482239,0.6952285766601562
74.18759322166443,0.6902198791503906
74.1984031200409,0.7269134521484375
74.20920825004578,0.7542190551757812
74.22001552581787,0.6902198791503906
74.23099851608276,0.7247238159179688
74.2417950630188,0.7327346801757812
74.25261998176575,0.6968307495117188
74.26342821121216,0.653717041015625
74.27425122261047,0.6948776245117188
74.28505301475525,0.7327346801757812
74.29584217071533,0.7202682495117188
74.30665612220764,0.7128067016601562
74.31747937202454,0.7425003051757812
74.32829427719116,0.6529655456542969
74.33910036087036,0.7227706909179688
74.34988617897034,0.6829833984375
74.36069059371948,0.7143783569335938
74.37151575088501,0.7561721801757812
74.38233494758606,0.7241439819335938
74.39313960075378,0.6952285766601562
74.40397477149963,0.7327346801757812
74.41476655006409,0.7202377319335938
74.42558145523071,0.6971817016601562
74.4363944530487,0.6973342895507812
74.44720077514648,0.7274742126464844
74.45801019668579,0.677154541015625
74.46880578994751,0.7144088745117188
74.47961091995239,0.7379913330078125
74.49042749404907,0.6805572509765625
74.5012378692627,0.7227706909179688
74.51204586029053,0.6593246459960938
74.52283835411072,0.7186660766601562
74.53363704681396,0.7483596801757812
74.54444146156311,0.6902198791503906
74.55525469779968,0.7167129516601562
74.56605768203735,0.7483596801757812
74.57686138153076,0.6902198791503906
74.5876693725586,0.7167129516601562
74.59847736358643,0.7129592895507812
74.60928893089294,0.6985321044921875
74.62010884284973,0.6888427734375
74.63090491294861,0.6985321044921875
74.6416916847229,0.7444534301757812
74.65250587463379,0.7613983154296875
74.66331076622009,0.7069473266601562
74.67412233352661,0.6571197509765625
74.68492722511292,0.7247238159179688
74.69568300247192,0.7522659301757812
74.70649027824402,0.6902198791503906
74.71731543540955,0.7247238159179688
74.72814226150513,0.7542190551757812
74.73896145820618,0.6902198791503906
74.74975728988647,0.7188644409179688
74.76058268547058,0.6934280395507812
74.77139687538147,0.7425003051757812
74.78220701217651,0.7197647094726562
74.79301118850708,0.7128067016601562
74.80380511283875,0.7444534301757812
74.81462478637695,0.6532135009765625
74.82543992996216,0.7208175659179688
74.83624696731567,0.679107666015625
74.84706163406372,0.7163619995117188
74.85785746574402,0.6968307495117188
74.86867141723633,0.675201416015625
74.87950396537781,0.6987838745117188
74.89031076431274,0.7425003051757812
74.90111660957336,0.7163619995117188
74.9119234085083,0.6932754516601562
74.92271566390991,0.6934280395507812
74.93353056907654,0.7639846801757812
74.94434237480164,0.6727447509765625
74.95514702796936,0.7099990844726562
74.96595931053162,0.73162841796875
74.97675251960754,0.689056396484375
74.98756861686707,0.7180633544921875
74.99837255477905,0.7069473266601562
75.00918292999268,0.7241439819335938
75.02017974853516,0.7641677856445312
75.03099608421326,0.6554183959960938
75.04180216789246,0.6965789794921875
75.05262565612793,0.7647247314453125
75.06342911720276,0.6573715209960938
75.07422924041748,0.6985321044921875
75.0850396156311,0.7327346801757812
75.09582901000977,0.7202377319335938
75.1066427230835,0.7128067016601562
75.1174430847168,0.7444534301757812
75.12824892997742,0.7575225830078125
75.13905477523804,0.6895599365234375
75.14984154701233,0.6963272094726562
75.16064786911011,0.6932754516601562
75.1714677810669,0.7288284301757812
75.18227124214172,0.7161102294921875
75.19308495521545,0.6913223266601562
75.20388889312744,0.7288284301757812
75.21469187736511,0.7161102294921875
75.22550106048584,0.6913223266601562
75.23630475997925,0.69122314453125
75.24730920791626,0.7620315551757812
75.2581114768982,0.6532135009765625
75.26891994476318,0.7049942016601562
75.27967691421509,0.7202377319335938
75.29048371315002,0.7377395629882812
75.3012900352478,0.6900634765625
75.31210446357727,0.7222213745117188
75.32289600372314,0.7147598266601562
75.33366656303406,0.7444534301757812
75.34447646141052,0.6902198791503906
75.35528302192688,0.7147598266601562
75.36608505249023,0.7464065551757812
75.37687420845032,0.6902198791503906
75.38767671585083,0.7010879516601562
75.39848518371582,0.7178115844726562
75.40928506851196,0.7280731201171875
75.42008876800537,0.6982803344726562
75.43088960647583,0.6898117065429688
75.44170022010803,0.7268142700195312
75.45253109931946,0.7494583129882812
75.46333646774292,0.6991348266601562
75.47414064407349,0.6532135009765625
75.48495149612427,0.6902198791503906
75.49575877189636,0.7581253051757812
75.50658345222473,0.6902198791503906
75.51756310462952,0.7266769409179688
75.5283932685852,0.7327346801757812
75.53921437263489,0.6968307495117188
75.55005264282227,0.6534652709960938
75.56084442138672,0.681060791015625
75.57164549827576,0.6905670166015625
75.58245873451233,0.6905670166015625
75.59327006340027,0.688873291015625
75.60407876968384,0.7582168579101562
75.61489176750183,0.6904678344726562
75.6256935596466,0.69512939453125
75.63651609420776,0.69903564453125
75.64733648300171,0.70098876953125
75.65816235542297,0.70489501953125
75.66898846626282,0.70684814453125
75.67979907989502,0.71075439453125
75.69061827659607,0.71466064453125
75.70142841339111,0.71661376953125
75.71225476264954,0.72052001953125
75.7230772972107,0.72442626953125
75.73388075828552,0.72637939453125
75.74470353126526,0.7561721801757812
75.75551843643188,0.7649765014648438
75.76635575294495,0.7737960815429688
75.777174949646,0.7796554565429688
75.78799891471863,0.7874679565429688
75.79880475997925,0.7952804565429688
75.8096432685852,0.80133056640625
75.82045412063599,0.8071441650390625
75.83125853538513,0.846954345703125
75.84206867218018,0.868438720703125
75.85287189483643,0.903778076171875
75.86367726325989,0.8768386840820312
75.8744843006134,0.8978805541992188
75.8853030204773,0.9178466796875
75.89611744880676,0.8816566467285156
75.90691685676575,0.8527183532714844
75.917720079422,0.8392410278320312
75.92855262756348,0.8489112854003906
75.93937063217163,0.8723487854003906
75.95017313957214,0.8522148132324219
75.96098160743713,0.8920249938964844
75.97177457809448,0.9158973693847656
75.98258352279663,0.9050941467285156
75.99338388442993,0.8502616882324219
76.00431442260742,0.8325386047363281
76.01513838768005,0.8394889831542969
76.025949716568,0.8958702087402344
76.03675127029419,0.912353515625
76.04756236076355,0.911895751953125
76.05837059020996,0.9268112182617188
76.06917381286621,0.8901023864746094
76.08014917373657,0.9491310119628906
76.09094882011414,0.9805908203125
76.10174918174744,0.9702186584472656
76.11256051063538,0.9976615905761719
76.123366355896,0.9845542907714844
76.13423562049866,1.0100898742675781
76.14503884315491,1.0453910827636719
76.15582704544067,1.1167182922363281
76.1666328907013,1.062896728515625
76.1774353981018,1.1342048645019531
76.1882438659668,0.42957305908203125
76.1990532875061,0.42957305908203125
76.20987439155579,0.42957305908203125
76.22067666053772,0.42957305908203125
76.23148727416992,0.42957305908203125
76.24229168891907,0.42957305908203125
76.25310730934143,0.42957305908203125
76.26390743255615,0.42957305908203125
76.27471995353699,0.42957305908203125
76.28554368019104,0.42957305908203125
76.29634761810303,0.42957305908203125
76.30715441703796,0.42957305908203125
76.31796979904175,0.42957305908203125
76.32876825332642,0.42957305908203125
76.33958005905151,0.42957305908203125
76.35039973258972,0.42957305908203125
76.36121892929077,0.42957305908203125
76.37204432487488,0.42957305908203125
76.38283205032349,0.42957305908203125
76.393639087677,0.42957305908203125
76.4044394493103,0.42957305908203125
76.4152512550354,0.42957305908203125
76.42606043815613,0.42957305908203125
76.43685865402222,0.42957305908203125
76.44766688346863,0.42957305908203125
76.45848870277405,0.42957305908203125
76.46929359436035,0.42957305908203125
76.48011064529419,0.42957305908203125
76.49089789390564,0.42957305908203125
76.50170087814331,0.42957305908203125
76.51252031326294,0.42957305908203125
76.52334237098694,0.42957305908203125
76.53416085243225,0.42957305908203125
76.54498505592346,0.42957305908203125
76.55581045150757,0.42957305908203125
76.56663346290588,0.42957305908203125
76.57744336128235,0.42957305908203125
76.5882625579834,0.42957305908203125
76.59908866882324,0.42957305908203125
76.60988807678223,0.42957305908203125
76.62069463729858,0.42957305908203125
76.63151407241821,0.42957305908203125
76.64231729507446,0.42957305908203125
76.65315055847168,0.42957305908203125
76.6639621257782,0.42957305908203125
76.67476010322571,0.42957305908203125
76.68556761741638,0.42957305908203125
76.69637656211853,0.42957305908203125
76.70718050003052,0.42957305908203125
76.71799683570862,0.42957305908203125
76.72878742218018,0.42957305908203125
76.73963642120361,0.42957305908203125
76.75043559074402,0.42957305908203125
76.7612476348877,0.42957305908203125
76.7720582485199,0.42957305908203125
76.78287887573242,0.42957305908203125
76.79367876052856,0.42957305908203125
76.80449318885803,0.42957305908203125
76.81530857086182,0.42957305908203125
76.82612681388855,0.42957305908203125
76.83693265914917,0.42957305908203125
76.84775447845459,0.42957305908203125
76.85855984687805,0.42957305908203125
76.86937046051025,0.42957305908203125
76.88018560409546,0.42957305908203125
76.8909900188446,0.42957305908203125
76.90178918838501,0.42957305908203125
76.91259717941284,0.42957305908203125
76.92340683937073,0.42957305908203125
76.93421173095703,0.42957305908203125
76.9450433254242,0.42957305908203125
76.95583772659302,0.42957305908203125
76.96664619445801,0.42957305908203125
76.97748279571533,0.42957305908203125
76.98829340934753,0.42957305908203125
76.99910163879395,0.42957305908203125
77.00990509986877,0.42957305908203125
77.0206983089447,0.42957305908203125
77.0315170288086,0.42957305908203125
77.0423264503479,0.42957305908203125
77.05313754081726,0.42957305908203125
77.06395149230957,0.42957305908203125
77.07475805282593,0.42957305908203125
77.08556461334229,0.42957305908203125
77.09637975692749,0.42957305908203125
77.10719037055969,0.42957305908203125
77.11800217628479,0.42957305908203125
77.12884163856506,0.42957305908203125
77.13965940475464,0.42957305908203125
77.15050935745239,0.42957305908203125
77.16132092475891,0.42957305908203125
77.17214512825012,0.42957305908203125
77.18296217918396,0.42957305908203125
77.19375681877136,0.42957305908203125
77.20456719398499,0.42957305908203125
77.2153811454773,0.42957305908203125
77.22618269920349,0.42957305908203125
77.23701119422913,0.42957305908203125
77.24780440330505,0.42957305908203125
77.25861501693726,0.42957305908203125
77.26942205429077,0.42957305908203125
77.28022623062134,0.42957305908203125
77.29103231430054,0.42957305908203125
77.30183219909668,0.42957305908203125
77.31263995170593,0.42957305908203125
77.32344222068787,0.42957305908203125
77.3342456817627,0.42957305908203125
77.34506344795227,0.42957305908203125
77.35585308074951,0.42957305908203125
77.36667466163635,0.42957305908203125
77.37747836112976,0.42957305908203125
77.3882896900177,0.42957305908203125
77.39909815788269,0.42957305908203125
77.40988826751709,0.42957305908203125
77.42068862915039,0.42957305908203125
77.4314968585968,0.42957305908203125
77.44230675697327,0.42957305908203125
77.45311641693115,0.42957305908203125
77.4639060497284,0.42957305908203125
77.47470760345459,0.42957305908203125
77.48553252220154,0.42957305908203125
77.49634766578674,0.42957305908203125
77.50717115402222,0.42957305908203125
77.51798605918884,0.42957305908203125
77.52877855300903,0.42957305908203125
77.53960728645325,0.42957305908203125
77.55042314529419,0.42957305908203125
77.56123375892639,0.42957305908203125
77.57204675674438,0.42957305908203125
77.58284664154053,0.42957305908203125
77.59366178512573,0.42957305908203125
77.60447072982788,0.42957305908203125
77.61528849601746,0.42957305908203125
77.6261088848114,0.42957305908203125
77.6368989944458,0.42957305908203125
77.647696018219,0.42957305908203125
77.65851283073425,0.42957305908203125
77.66932463645935,0.42957305908203125
77.68012595176697,0.42957305908203125
77.69091796875,0.42957305908203125
77.70172452926636,0.42957305908203125
77.71253609657288,0.42957305908203125
77.72336053848267,0.42957305908203125
77.73417091369629,0.42957305908203125
77.74499893188477,0.42957305908203125
77.75579905509949,0.42957305908203125
77.76663446426392,0.42957305908203125
77.77745413780212,0.42957305908203125
77.78828024864197,0.42957305908203125
77.79910159111023,0.42957305908203125
77.80989480018616,0.42957305908203125
77.82068490982056,0.42957305908203125
77.83150053024292,0.42957305908203125
77.84229898452759,0.42957305908203125
77.85310935974121,0.42957305908203125
77.86390328407288,0.42957305908203125
77.87470245361328,0.42957305908203125
77.88552355766296,0.42957305908203125
77.89632487297058,0.42957305908203125
77.90712809562683,0.42957305908203125
77.91793179512024,0.42957305908203125
77.92875576019287,0.42957305908203125
77.9395751953125,0.42957305908203125
77.95039439201355,0.42957305908203125
77.96120262145996,0.42957305908203125
77.97200536727905,0.42957305908203125
77.98281264305115,0.42957305908203125
77.99363470077515,0.42957305908203125
78.00444412231445,0.42957305908203125
78.01526474952698,0.42957305908203125
78.02607679367065,0.42957305908203125
78.03689002990723,0.42957305908203125
78.04769659042358,0.42957305908203125
78.05851173400879,0.42957305908203125
78.0693256855011,0.42957305908203125
78.0801510810852,0.42957305908203125
78.09096932411194,0.42957305908203125
78.10178852081299,0.42957305908203125
78.11261463165283,0.42957305908203125
78.12342667579651,0.42957305908203125
78.13424301147461,0.42957305908203125
78.14506936073303,0.42957305908203125
78.15587997436523,0.42957305908203125
78.1666829586029,0.42957305908203125
78.17749619483948,0.42957305908203125
78.1883008480072,0.42957305908203125
78.1991081237793,0.42957305908203125
78.20992422103882,0.42957305908203125
78.22072577476501,0.42957305908203125
78.23153710365295,0.42957305908203125
78.24234461784363,0.42957305908203125
78.25317192077637,0.42957305908203125
78.26399254798889,0.42957305908203125
78.27478837966919,0.42957305908203125
78.28559708595276,0.42957305908203125
78.29640030860901,0.42957305908203125
78.30721712112427,0.42957305908203125
78.31802535057068,0.42957305908203125
78.3288254737854,0.42957305908203125
78.33965396881104,0.42957305908203125
78.35046887397766,0.42957305908203125
78.36128807067871,0.42957305908203125
78.37210011482239,0.42957305908203125
78.38290190696716,0.42957305908203125
78.39369630813599,0.42957305908203125
78.40450930595398,0.42957305908203125
78.41531372070312,0.42957305908203125
78.42611384391785,0.42957305908203125
78.43691730499268,0.42957305908203125
78.44771695137024,0.42957305908203125
78.45852589607239,0.42957305908203125
78.46934366226196,0.42957305908203125
78.4801459312439,0.42957305908203125
78.49095964431763,0.42957305908203125
78.50176358222961,0.42957305908203125
78.51256847381592,0.42957305908203125
78.52336764335632,0.42957305908203125
78.53418469429016,0.42957305908203125
78.54498958587646,0.42957305908203125
78.5558111667633,0.42957305908203125
78.56663608551025,0.42957305908203125
78.57745575904846,0.42957305908203125
78.5882556438446,0.42957305908203125
78.59907650947571,0.42957305908203125
78.60986757278442,0.42957305908203125
78.62068462371826,0.42957305908203125
78.63149452209473,0.42957305908203125
78.64229583740234,0.42957305908203125
78.65310740470886,0.42957305908203125
78.66391015052795,0.42957305908203125
78.67470645904541,0.42957305908203125
78.68551254272461,0.42957305908203125
78.69631791114807,0.42957305908203125
78.70712566375732,0.42957305908203125
78.71792244911194,0.42957305908203125
78.72872424125671,0.42957305908203125
78.73955392837524,0.42957305908203125
78.75036716461182,0.42957305908203125
78.76116514205933,0.42957305908203125
78.77197813987732,0.42957305908203125
78.78277349472046,0.42957305908203125
78.79357671737671,0.42957305908203125
78.80444478988647,0.42957305908203125
78.81524705886841,0.42957305908203125
78.82605123519897,0.42957305908203125
78.83684945106506,0.42957305908203125
78.84764671325684,0.42957305908203125
78.85845303535461,0.42957305908203125
78.86926126480103,0.42957305908203125
78.88007283210754,0.42957305908203125
78.89087080955505,0.42957305908203125
78.90167450904846,0.42957305908203125
78.9124870300293,0.42957305908203125
78.92330527305603,0.42957305908203125
78.93411326408386,0.42957305908203125
78.9449110031128,0.42957305908203125
78.95571374893188,0.42957305908203125
78.96652913093567,0.42957305908203125
78.9773473739624,0.42957305908203125
78.98816514015198,0.42957305908203125
78.99898600578308,0.42957305908203125
79.00979280471802,0.42957305908203125
79.02063488960266,0.42957305908203125
79.03144145011902,0.42957305908203125
79.04224944114685,0.42957305908203125
79.05305600166321,0.42957305908203125
79.06385469436646,0.42957305908203125
79.07466769218445,0.42957305908203125
79.08548593521118,0.42957305908203125
79.09629487991333,0.42957305908203125
79.10709571838379,0.42957305908203125
79.1178948879242,0.42957305908203125
79.12868762016296,0.42957305908203125
79.13949251174927,0.42957305908203125
79.15030026435852,0.42957305908203125
79.1611053943634,0.42957305908203125
79.17190337181091,0.42957305908203125
79.18271899223328,0.42957305908203125
79.19352865219116,0.42957305908203125
79.20434379577637,0.42957305908203125
79.21514582633972,0.42957305908203125
79.22596335411072,0.42957305908203125
79.23678827285767,0.42957305908203125
79.24760174751282,0.42957305908203125
79.25840616226196,0.42957305908203125
79.26922035217285,0.42957305908203125
79.28003883361816,0.42957305908203125
79.2908399105072,0.42957305908203125
79.30165457725525,0.42957305908203125
79.3124771118164,0.42957305908203125
79.32328844070435,0.42957305908203125
79.3341007232666,0.42957305908203125
79.3449022769928,0.42957305908203125
79.35570979118347,0.42957305908203125
79.36653351783752,0.42957305908203125
79.37734174728394,0.42957305908203125
79.38816356658936,0.42957305908203125
79.39897680282593,0.42957305908203125
79.40977430343628,0.42957305908203125
79.42059206962585,0.42957305908203125
79.43140482902527,0.42957305908203125
79.44222116470337,0.42957305908203125
79.45306825637817,0.42957305908203125
79.46386742591858,0.42957305908203125
79.47467231750488,0.42957305908203125
79.4854850769043,0.42957305908203125
79.49631094932556,0.42957305908203125
79.5071337223053,0.42957305908203125
79.5179455280304,0.42957305908203125
79.52875208854675,0.42957305908203125
79.53956937789917,0.42957305908203125
79.5505051612854,0.42957305908203125
79.56131839752197,0.42957305908203125
79.57213926315308,0.42957305908203125
79.5829484462738,0.42957305908203125
79.59374380111694,0.42957305908203125
79.6045470237732,0.42957305908203125
79.61535334587097,0.42957305908203125
79.62617373466492,0.42957305908203125
79.63698482513428,0.42957305908203125
79.64778280258179,0.42957305908203125
79.65860342979431,0.42957305908203125
79.66941046714783,0.42957305908203125
79.68022060394287,0.42957305908203125
79.69103574752808,0.42957305908203125
79.701833486557,0.42957305908203125
79.712641954422,0.42957305908203125
79.7234435081482,0.42957305908203125
79.7342529296875,0.42957305908203125
79.74506878852844,0.42957305908203125
79.75587511062622,0.42957305908203125
79.76666688919067,0.42957305908203125
79.77747678756714,0.42957305908203125
79.7882890701294,0.42957305908203125
79.79909467697144,0.42957305908203125
79.80990266799927,0.42957305908203125
79.8207323551178,0.42957305908203125
79.83153915405273,0.42957305908203125
79.84234046936035,0.42957305908203125
79.85314512252808,0.42957305908203125
79.8639497756958,0.42957305908203125
79.87474751472473,0.42957305908203125
79.88556718826294,0.42957305908203125
79.89637756347656,0.42957305908203125
79.90719413757324,0.3178520202636719
79.91802191734314,0.177490234375
79.92885065078735,0.177490234375
79.93966031074524,0.177490234375
79.95047211647034,0.177490234375
79.96126961708069,0.177490234375
79.97205471992493,0.17748260498046875
79.98277854919434,0.17748260498046875
79.99355483055115,0.17748260498046875
80.00429964065552,0.17748260498046875
80.01503729820251,0.17748260498046875
80.0257625579834,0.17748260498046875
80.03650331497192,0.17748260498046875
80.0472309589386,0.17754745483398438
80.05797576904297,0.17754745483398438
80.06869506835938,0.17754745483398438
80.0794243812561,0.17754745483398438
80.0901472568512,0.177581787109375
80.10086607933044,0.1776885986328125
80.11159563064575,0.1776885986328125
80.12232875823975,0.1776885986328125
80.13306951522827,0.1776885986328125
80.1437771320343,0.1776885986328125
80.15450549125671,0.1776885986328125
80.16523170471191,0.1776885986328125
80.17596459388733,0.1776885986328125
80.18668508529663,0.17770004272460938
80.19742178916931,0.17770004272460938
80.20814609527588,0.17770004272460938
80.21889066696167,0.17589187622070312
80.22960758209229,0.17606353759765625
80.24033689498901,0.17698287963867188
80.25109505653381,0.17832565307617188
80.26180505752563,0.17832565307617188
80.27253150939941,0.17832565307617188
80.28325748443604,0.17832565307617188
80.29399681091309,0.17832565307617188
80.30471539497375,0.17832565307617188
80.3154444694519,0.17832565307617188
80.32618021965027,0.17832565307617188
80.3368923664093,0.17832565307617188
80.34760427474976,0.17832565307617188
80.35834217071533,0.17832565307617188
80.36907124519348,0.17832565307617188
80.37978005409241,0.17832565307617188
80.3905119895935,0.17832565307617188
80.40124368667603,0.0
80.41197514533997,0.0
80.42268228530884,0.0
