t_sec,rss_gib
0.004453420639038086,0.004787445068359375
0.015504121780395508,0.00746917724609375
0.026276826858520508,0.00864410400390625
0.037030696868896484,0.00864410400390625
0.04776287078857422,0.00864410400390625
0.05850696563720703,0.00864410400390625
0.0692446231842041,0.00864410400390625
0.07999539375305176,0.00864410400390625
0.0907142162322998,0.00864410400390625
0.10145235061645508,0.00864410400390625
0.11219286918640137,0.00864410400390625
0.12292647361755371,0.00864410400390625
0.13364624977111816,0.00864410400390625
0.14438676834106445,0.00864410400390625
0.15512704849243164,0.00864410400390625
0.16584467887878418,0.00864410400390625
0.17658591270446777,0.00864410400390625
0.18732285499572754,0.009708404541015625
0.19807124137878418,0.009708404541015625
0.20880866050720215,0.009708404541015625
0.21955442428588867,0.009708404541015625
0.23031830787658691,0.009708404541015625
0.24106216430664062,0.009708404541015625
0.2517848014831543,0.009708404541015625
0.2625267505645752,0.009708404541015625
0.27326226234436035,0.009708404541015625
0.28398704528808594,0.009708404541015625
0.2947070598602295,0.009708404541015625
0.30544376373291016,0.009960174560546875
0.316180944442749,0.010211944580078125
0.32689547538757324,0.010211944580078125
0.3376321792602539,0.010211944580078125
0.34836864471435547,0.010211944580078125
0.35910987854003906,0.010211944580078125
0.3698289394378662,0.010211944580078125
0.380568265914917,0.010211944580078125
0.3912975788116455,0.010211944580078125
0.40201854705810547,0.010211944580078125
0.4127345085144043,0.010211944580078125
0.42345309257507324,0.010211944580078125
0.43418359756469727,0.010715484619140625
0.4449038505554199,0.01102447509765625
0.45562267303466797,0.01102447509765625
0.4663538932800293,0.01102447509765625
0.4770815372467041,0.01102447509765625
0.4877946376800537,0.01102447509765625
0.49852561950683594,0.01102447509765625
0.5092475414276123,0.01102447509765625
0.5199642181396484,0.01102447509765625
0.5306696891784668,0.01102447509765625
0.5413954257965088,0.01102447509765625
0.5521185398101807,0.01102447509765625
0.562824010848999,0.01102447509765625
0.5735399723052979,0.01102447509765625
0.5842702388763428,0.01102447509765625
0.5949945449829102,0.01102447509765625
0.6057114601135254,0.01102447509765625
0.616443395614624,0.01102447509765625
0.6271712779998779,0.01102447509765625
0.6378867626190186,0.0131378173828125
0.6486072540283203,0.017559051513671875
0.659355640411377,0.019367218017578125
0.6700887680053711,0.02010345458984375
0.6808309555053711,0.0208587646484375
0.6915624141693115,0.0208587646484375
0.7022931575775146,0.0208587646484375
0.7130162715911865,0.0208587646484375
0.7237319946289062,0.0208587646484375
0.7344741821289062,0.0208587646484375
0.7452073097229004,0.0208587646484375
0.7559401988983154,0.0208587646484375
0.7666599750518799,0.0208587646484375
0.77738356590271,0.0208587646484375
0.7881231307983398,0.0208587646484375
0.7988348007202148,0.0208587646484375
0.8095705509185791,0.0208587646484375
0.8203167915344238,0.0208587646484375
0.8310568332672119,0.0208587646484375
0.841763973236084,0.0208587646484375
0.8524990081787109,0.0208587646484375
0.8632233142852783,0.0208587646484375
0.8739595413208008,0.0208587646484375
0.8846702575683594,0.0208587646484375
0.8954043388366699,0.0208587646484375
0.9061369895935059,0.021419525146484375
0.916863203048706,0.022006988525390625
0.9275765419006348,0.022258758544921875
0.9383220672607422,0.022876739501953125
0.949042797088623,0.02318572998046875
0.9597525596618652,0.02318572998046875
0.9704883098602295,0.02318572998046875
0.9812197685241699,0.02318572998046875
0.9919488430023193,0.02318572998046875
1.0026674270629883,0.02318572998046875
1.0133998394012451,0.02318572998046875
1.0241212844848633,0.02318572998046875
1.0348284244537354,0.02318572998046875
1.0455594062805176,0.02318572998046875
1.0562865734100342,0.02318572998046875
1.0670182704925537,0.02318572998046875
1.0777292251586914,0.02318572998046875
1.0884499549865723,0.02318572998046875
1.0991737842559814,0.02318572998046875
1.1099090576171875,0.02318572998046875
1.1206271648406982,0.02318572998046875
1.1313529014587402,0.02318572998046875
1.1420807838439941,0.02318572998046875
1.1527907848358154,0.02318572998046875
1.163536787033081,0.02318572998046875
1.1742603778839111,0.02318572998046875
1.1849827766418457,0.02318572998046875
1.1957101821899414,0.02318572998046875
1.2064602375030518,0.02318572998046875
1.2171804904937744,0.02318572998046875
1.2278940677642822,0.02318572998046875
1.2386047840118408,0.02318572998046875
1.2493295669555664,0.02318572998046875
1.2600674629211426,0.02318572998046875
1.270775318145752,0.02318572998046875
1.2815024852752686,0.02318572998046875
1.292231798171997,0.02318572998046875
1.3029518127441406,0.02318572998046875
1.3136742115020752,0.02318572998046875
1.3243978023529053,0.02318572998046875
1.3351178169250488,0.02318572998046875
1.3458278179168701,0.02318572998046875
1.3565409183502197,0.02318572998046875
1.36726713180542,0.02318572998046875
1.3779911994934082,0.02318572998046875
1.3887059688568115,0.02318572998046875
1.3994393348693848,0.02318572998046875
1.4101741313934326,0.02318572998046875
1.4208860397338867,0.02318572998046875
1.4315977096557617,0.02318572998046875
1.4423246383666992,0.02318572998046875
1.4530634880065918,0.02318572998046875
1.4637739658355713,0.02318572998046875
1.4745101928710938,0.02318572998046875
1.4852557182312012,0.02318572998046875
1.4959843158721924,0.02318572998046875
1.5067052841186523,0.02318572998046875
1.517425775527954,0.02318572998046875
1.5281550884246826,0.02318572998046875
1.538865089416504,0.02318572998046875
1.5495755672454834,0.02318572998046875
1.560307502746582,0.02318572998046875
1.5710384845733643,0.02318572998046875
1.581756353378296,0.02318572998046875
1.5925061702728271,0.02318572998046875
1.6032435894012451,0.02318572998046875
1.6139726638793945,0.0239410400390625
1.6246869564056396,0.024120330810546875
1.6354126930236816,0.024463653564453125
1.6461410522460938,0.02558135986328125
1.6568806171417236,0.02558135986328125
1.667607307434082,0.02632904052734375
1.6783390045166016,0.026935577392578125
1.6890876293182373,0.027286529541015625
1.6998088359832764,0.0282135009765625
1.710538625717163,0.02835845947265625
1.7212669849395752,0.028781890869140625
1.731994390487671,0.029850006103515625
1.7427210807800293,0.030719757080078125
1.7534499168395996,0.030971527099609375
1.76417875289917,0.030971527099609375
1.7749006748199463,0.03144073486328125
1.7856214046478271,0.03144073486328125
1.7963473796844482,0.03144073486328125
1.807081937789917,0.03144073486328125
1.8177897930145264,0.03144073486328125
1.8285245895385742,0.03144073486328125
1.8392677307128906,0.03144073486328125
1.84999418258667,0.03144073486328125
1.8607032299041748,0.03144073486328125
1.871427297592163,0.03144073486328125
1.8821539878845215,0.03144073486328125
1.892866849899292,0.03144073486328125
1.9035789966583252,0.03144073486328125
1.9143195152282715,0.031688690185546875
1.9250414371490479,0.032039642333984375
1.93580961227417,0.032039642333984375
1.946537733078003,0.032039642333984375
1.9572577476501465,0.032039642333984375
1.9679889678955078,0.032039642333984375
1.9787061214447021,0.032039642333984375
1.989427089691162,0.032039642333984375
2.0001590251922607,0.032573699951171875
2.01090669631958,0.033294677734375
2.021620035171509,0.034271240234375
2.032344341278076,0.03762054443359375
2.0430660247802734,0.038059234619140625
2.0537819862365723,0.03807830810546875
2.0645182132720947,0.03807830810546875
2.0752439498901367,0.038578033447265625
2.085981607437134,0.038967132568359375
2.0966947078704834,0.03958892822265625
2.1074185371398926,0.03958892822265625
2.1181511878967285,0.03958892822265625
2.128859043121338,0.03958892822265625
2.1395790576934814,0.03958892822265625
2.1503024101257324,0.03958892822265625
2.1610336303710938,0.03958892822265625
2.171739101409912,0.03958892822265625
2.182462692260742,0.03958892822265625
2.1931958198547363,0.03958892822265625
2.2039031982421875,0.03958892822265625
2.2146260738372803,0.03958892822265625
2.2253520488739014,0.03958892822265625
2.236072063446045,0.03958892822265625
2.246793746948242,0.040225982666015625
2.257539987564087,0.0402679443359375
2.268268585205078,0.04074859619140625
2.279010772705078,0.04096221923828125
2.289731502532959,0.041385650634765625
2.300459623336792,0.04149627685546875
2.3111867904663086,0.041767120361328125
2.3219223022460938,0.04178619384765625
2.3326492309570312,0.041927337646484375
2.3434033393859863,0.04232025146484375
2.3541369438171387,0.04232025146484375
2.3648619651794434,0.04232025146484375
2.375572919845581,0.04232025146484375
2.386309862136841,0.04232025146484375
2.3970367908477783,0.04232025146484375
2.4077436923980713,0.04232025146484375
2.418466806411743,0.04232025146484375
2.4291911125183105,0.04232025146484375
2.4399027824401855,0.04232025146484375
2.4506349563598633,0.04232025146484375
2.4613726139068604,0.04232025146484375
2.4720966815948486,0.04232025146484375
2.482814073562622,0.04232025146484375
2.4935479164123535,0.04232025146484375
2.504281997680664,0.04232025146484375
2.5150222778320312,0.04232025146484375
2.525742530822754,0.04232025146484375
2.5364813804626465,0.04232025146484375
2.547208309173584,0.04232025146484375
2.557957649230957,0.04232025146484375
2.5686748027801514,0.04232025146484375
2.5794148445129395,0.04232025146484375
2.5901482105255127,0.04232025146484375
2.600870132446289,0.04232025146484375
2.611600399017334,0.04232025146484375
2.622349739074707,0.04232025146484375
2.63308048248291,0.04232025146484375
2.643800973892212,0.04232025146484375
2.654545545578003,0.04232025146484375
2.665271759033203,0.04232025146484375
2.6760220527648926,0.04232025146484375
2.6867318153381348,0.04232025146484375
2.6974639892578125,0.04232025146484375
2.708199977874756,0.04232025146484375
2.7189388275146484,0.042530059814453125
2.72965145111084,0.04306793212890625
2.740391969680786,0.04306793212890625
2.751131772994995,0.04306793212890625
2.761843681335449,0.04306793212890625
2.7725586891174316,0.04306793212890625
2.7832906246185303,0.04306793212890625
2.7940244674682617,0.04306793212890625
2.804746627807617,0.0443878173828125
2.8154783248901367,0.0443878173828125
2.826216459274292,0.0443878173828125
2.8369550704956055,0.0443878173828125
2.847677230834961,0.0443878173828125
2.8584110736846924,0.0443878173828125
2.869140863418579,0.0443878173828125
2.8798675537109375,0.0443878173828125
2.8905866146087646,0.0443878173828125
2.901315450668335,0.0443878173828125
2.912055730819702,0.0443878173828125
2.9227747917175293,0.04463958740234375
2.933518409729004,0.0453948974609375
2.944247245788574,0.045619964599609375
2.955002546310425,0.045619964599609375
2.965709686279297,0.045619964599609375
2.976435661315918,0.045619964599609375
2.98715877532959,0.045619964599609375
2.9978713989257812,0.045619964599609375
3.008586883544922,0.045619964599609375
3.0193233489990234,0.045619964599609375
3.030056953430176,0.045619964599609375
3.0407614707946777,0.045619964599609375
3.0514910221099854,0.045619964599609375
3.062211513519287,0.045619964599609375
3.0729384422302246,0.045619964599609375
3.083656072616577,0.045619964599609375
3.0943784713745117,0.045619964599609375
3.105103015899658,0.045619964599609375
3.1158177852630615,0.045619964599609375
3.1265323162078857,0.045619964599609375
3.1372549533843994,0.045619964599609375
3.147979259490967,0.045619964599609375
3.1586835384368896,0.045619964599609375
3.1694276332855225,0.045619964599609375
3.1801493167877197,0.045619964599609375
3.190856456756592,0.045619964599609375
3.201570749282837,0.045619964599609375
3.2123053073883057,0.045619964599609375
3.2230281829833984,0.04601287841796875
3.2337357997894287,0.04601287841796875
3.2444629669189453,0.04601287841796875
3.2551817893981934,0.04601287841796875
3.2658896446228027,0.04601287841796875
3.276615858078003,0.04601287841796875
3.2873454093933105,0.04601287841796875
3.298067092895508,0.04601287841796875
3.3087780475616455,0.04601287841796875
3.3195016384124756,0.04601287841796875
3.33022141456604,0.04601287841796875
3.3409647941589355,0.04601287841796875
3.3516836166381836,0.04601287841796875
3.362417697906494,0.04601287841796875
3.373152494430542,0.04601287841796875
3.3838648796081543,0.04601287841796875
3.3945791721343994,0.04601287841796875
3.4053258895874023,0.04601287841796875
3.416051149368286,0.04601287841796875
3.4267640113830566,0.04601287841796875
3.437507390975952,0.04601287841796875
3.448255777359009,0.04601287841796875
3.458998680114746,0.04601287841796875
3.4697279930114746,0.04601287841796875
3.4804599285125732,0.04601287841796875
3.4911911487579346,0.04601287841796875
3.501913070678711,0.04601287841796875
3.5126421451568604,0.04601287841796875
3.5233662128448486,0.04601287841796875
3.534101963043213,0.04601287841796875
3.544811248779297,0.04601287841796875
3.555546522140503,0.04601287841796875
3.566267490386963,0.04601287841796875
3.5769901275634766,0.04601287841796875
3.5877020359039307,0.04601287841796875
3.598426103591919,0.04601287841796875
3.609158754348755,0.04601287841796875
3.619868040084839,0.04601287841796875
3.630575656890869,0.04601287841796875
3.641313076019287,0.04601287841796875
3.6520450115203857,0.04601287841796875
3.6627540588378906,0.04601287841796875
3.673490285873413,0.04601287841796875
3.6842052936553955,0.04601287841796875
3.694910764694214,0.04601287841796875
3.7056360244750977,0.04601287841796875
3.7163569927215576,0.04601287841796875
3.7270901203155518,0.04601287841796875
3.737795829772949,0.04601287841796875
3.748533248901367,0.04601287841796875
3.7592649459838867,0.04601287841796875
3.7699880599975586,0.04601287841796875
3.780726671218872,0.04601287841796875
3.791456937789917,0.04706573486328125
3.802196979522705,0.0473175048828125
3.8129096031188965,0.0473175048828125
3.8235843181610107,0.048114776611328125
3.834327220916748,0.051727294921875
3.8450515270233154,0.052776336669921875
3.8557798862457275,0.053253173828125
3.866513967514038,0.05403900146484375
3.8772594928741455,0.05446624755859375
3.8880045413970947,0.05469512939453125
3.8987276554107666,0.055446624755859375
3.909493923187256,0.057407379150390625
3.9202184677124023,0.05812835693359375
3.930955648422241,0.05812835693359375
3.9416699409484863,0.05812835693359375
3.9523935317993164,0.05812835693359375
3.9631214141845703,0.05812835693359375
3.9738903045654297,0.05812835693359375
3.9846107959747314,0.05812835693359375
3.995346784591675,0.05812835693359375
4.006073474884033,0.05812835693359375
4.016783714294434,0.05812835693359375
4.027506351470947,0.05812835693359375
4.038233280181885,0.05812835693359375
4.048969030380249,0.05812835693359375
4.059680938720703,0.05812835693359375
4.0704028606414795,0.05812835693359375
4.081137180328369,0.05812835693359375
4.091857194900513,0.05812835693359375
4.102582216262817,0.059642791748046875
4.113326787948608,0.059642791748046875
4.1240551471710205,0.059642791748046875
4.134782075881958,0.059642791748046875
4.145516395568848,0.059642791748046875
4.156252384185791,0.059642791748046875
4.166980981826782,0.059642791748046875
4.177693128585815,0.059642791748046875
4.1884260177612305,0.059642791748046875
4.19915509223938,0.059642791748046875
4.209873199462891,0.059642791748046875
4.220582962036133,0.059642791748046875
4.231306791305542,0.059642791748046875
4.242045640945435,0.059642791748046875
4.252755403518677,0.059642791748046875
4.26348876953125,0.059642791748046875
4.2742249965667725,0.059642791748046875
4.284949064254761,0.059642791748046875
4.2956626415252686,0.059642791748046875
4.306390285491943,0.059642791748046875
4.317121744155884,0.059642791748046875
4.3278326988220215,0.059642791748046875
4.338582277297974,0.059642791748046875
4.349307537078857,0.059642791748046875
4.360056161880493,0.059642791748046875
4.370783805847168,0.059642791748046875
4.381519794464111,0.059642791748046875
4.392253875732422,0.061145782470703125
4.402994632720947,0.061687469482421875
4.413723945617676,0.06336212158203125
4.424451589584351,0.06336212158203125
4.435189247131348,0.06336212158203125
4.4459075927734375,0.06336212158203125
4.456631183624268,0.06336212158203125
4.467361688613892,0.06336212158203125
4.47808837890625,0.06336212158203125
4.4888012409210205,0.06336212158203125
4.499537467956543,0.06336212158203125
4.510259389877319,0.06336212158203125
4.520986795425415,0.06336212158203125
4.531707048416138,0.06336212158203125
4.5424370765686035,0.06336212158203125
4.553187847137451,0.06336212158203125
4.563905477523804,0.06336212158203125
4.574632406234741,0.06336212158203125
4.585363388061523,0.06336212158203125
4.596094369888306,0.06395721435546875
4.606868028640747,0.06395721435546875
4.617581844329834,0.06395721435546875
4.628331899642944,0.06395721435546875
4.639056205749512,0.06395721435546875
4.649763345718384,0.06395721435546875
4.660495281219482,0.06395721435546875
4.671217441558838,0.06395721435546875
4.68194055557251,0.06395721435546875
4.6926610469818115,0.06395721435546875
4.703387022018433,0.06406784057617188
4.714126110076904,0.06406784057617188
4.724874019622803,0.06406784057617188
4.735589265823364,0.06406784057617188
4.746322154998779,0.06406784057617188
4.757056951522827,0.06406784057617188
4.767768383026123,0.06406784057617188
4.778491020202637,0.06406784057617188
4.789226055145264,0.06406784057617188
4.799951791763306,0.06444549560546875
4.81066370010376,0.064788818359375
4.821393251419067,0.06534957885742188
4.832127094268799,0.06647491455078125
4.842851400375366,0.06697845458984375
4.853581190109253,0.06749725341796875
4.864301443099976,0.06801986694335938
4.875025510787964,0.0687255859375
4.88575553894043,0.06893539428710938
4.89647364616394,0.069732666015625
4.907192707061768,0.07137680053710938
4.917902231216431,0.07212448120117188
4.928574085235596,0.07262039184570312
4.939303636550903,0.07287979125976562
4.9500391483306885,0.0740509033203125
4.960755825042725,0.07439804077148438
4.971491813659668,0.074859619140625
4.982227325439453,0.07512664794921875
4.9929492473602295,0.07512664794921875
5.00368332862854,0.07512664794921875
5.01442289352417,0.07512664794921875
5.025163888931274,0.07512664794921875
5.035882472991943,0.07512664794921875
5.046591520309448,0.07512664794921875
5.057344198226929,0.07512664794921875
5.068065643310547,0.07512664794921875
5.0787742137908936,0.07512664794921875
5.0895094871521,0.07512664794921875
5.10023832321167,0.07512664794921875
5.110958099365234,0.07512664794921875
5.121681213378906,0.07512664794921875
5.132416009902954,0.07512664794921875
5.143138408660889,0.07512664794921875
5.153850317001343,0.07512664794921875
5.164586305618286,0.07512664794921875
5.175310373306274,0.07512664794921875
5.186044454574585,0.07512664794921875
5.196762800216675,0.07512664794921875
5.207507133483887,0.07568359375
5.218244552612305,0.0762786865234375
5.22898006439209,0.0762786865234375
5.239696502685547,0.0762786865234375
5.250427722930908,0.0762786865234375
5.261163234710693,0.0762786865234375
5.271900177001953,0.0762786865234375
5.282631874084473,0.0762786865234375
5.293370246887207,0.0762786865234375
5.304102420806885,0.0762786865234375
5.314814329147339,0.0762786865234375
5.325557231903076,0.0762786865234375
5.336281061172485,0.0762786865234375
5.3470072746276855,0.0762786865234375
5.3577189445495605,0.0762786865234375
5.368448257446289,0.0762786865234375
5.3791913986206055,0.0762786865234375
5.389927387237549,0.0762786865234375
5.4006500244140625,0.07677459716796875
5.411384582519531,0.07726287841796875
5.422132968902588,0.07776641845703125
5.4328577518463135,0.079925537109375
5.443577527999878,0.0811920166015625
5.45431113243103,0.0817718505859375
5.465042591094971,0.0839385986328125
5.475754976272583,0.0848388671875
5.486472845077515,0.08509063720703125
5.497208595275879,0.08509063720703125
5.507922649383545,0.0853424072265625
5.518631219863892,0.0853424072265625
5.529356002807617,0.08559417724609375
5.540079593658447,0.08559417724609375
5.550786018371582,0.085845947265625
5.56151270866394,0.085845947265625
5.572230815887451,0.085845947265625
5.582953453063965,0.085845947265625
5.593670845031738,0.085845947265625
5.604397535324097,0.085845947265625
5.615131855010986,0.085845947265625
5.62585186958313,0.085845947265625
5.636570930480957,0.085845947265625
5.647295236587524,0.085845947265625
5.658017158508301,0.085845947265625
5.668728590011597,0.085845947265625
5.679447412490845,0.085845947265625
5.69018292427063,0.085845947265625
5.7008960247039795,0.086334228515625
5.711599826812744,0.08666610717773438
5.72233247756958,0.08689498901367188
5.733049631118774,0.08689498901367188
5.743764162063599,0.08689498901367188
5.7544896602630615,0.08689498901367188
5.765212774276733,0.08689498901367188
5.775935888290405,0.08689498901367188
5.786660194396973,0.08689498901367188
5.797391891479492,0.08689498901367188
5.80812668800354,0.08689498901367188
5.81885027885437,0.087677001953125
5.829586982727051,0.087677001953125
5.840322732925415,0.087677001953125
5.851046562194824,0.087677001953125
5.861752510070801,0.087677001953125
5.872483491897583,0.087677001953125
5.883200645446777,0.087677001953125
5.893906116485596,0.087677001953125
5.904623985290527,0.087677001953125
5.9153501987457275,0.087677001953125
5.9260804653167725,0.087677001953125
5.9367992877960205,0.087677001953125
5.947518348693848,0.087677001953125
5.9582414627075195,0.087677001953125
5.968971252441406,0.087677001953125
5.979692220687866,0.087677001953125
5.99042010307312,0.087677001953125
6.00115442276001,0.087677001953125
6.011866807937622,0.087677001953125
6.02258038520813,0.08792877197265625
6.0333006381988525,0.0881805419921875
6.044026851654053,0.08853912353515625
6.054770231246948,0.08853912353515625
6.065494537353516,0.0887908935546875
6.076213836669922,0.0887908935546875
6.086930990219116,0.0887908935546875
6.097651720046997,0.0887908935546875
6.108375310897827,0.0887908935546875
6.119099378585815,0.0887908935546875
6.129807472229004,0.0887908935546875
6.140526294708252,0.0887908935546875
6.151282548904419,0.0887908935546875
6.162008285522461,0.0887908935546875
6.172727584838867,0.0887908935546875
6.18344783782959,0.0887908935546875
6.194178581237793,0.0887908935546875
6.2048869132995605,0.0887908935546875
6.215602397918701,0.08904266357421875
6.22632360458374,0.08904266357421875
6.2370545864105225,0.08904266357421875
6.247810363769531,0.08904266357421875
6.2585344314575195,0.08904266357421875
6.269256114959717,0.08904266357421875
6.279980421066284,0.08904266357421875
6.290711879730225,0.08904266357421875
6.301442861557007,0.08912277221679688
6.312163352966309,0.08912277221679688
6.322876453399658,0.08912277221679688
6.333597660064697,0.08912277221679688
6.344321966171265,0.08912277221679688
6.355058193206787,0.08912277221679688
6.365765810012817,0.08912277221679688
6.376496076583862,0.08912277221679688
6.387222528457642,0.08912277221679688
6.397942781448364,0.08912277221679688
6.408649206161499,0.08912277221679688
6.419381380081177,0.08912277221679688
6.430099010467529,0.08912277221679688
6.440810918807983,0.08912277221679688
6.451564788818359,0.08912277221679688
6.462290287017822,0.08912277221679688
6.473029851913452,0.08912277221679688
6.4837646484375,0.08912277221679688
6.494501352310181,0.08912277221679688
6.505229711532593,0.08912277221679688
6.515982389450073,0.08951950073242188
6.526718378067017,0.08951950073242188
6.5374462604522705,0.08951950073242188
6.548185110092163,0.08951950073242188
6.558891296386719,0.08951950073242188
6.569607496261597,0.08951950073242188
6.5803327560424805,0.08951950073242188
6.5910584926605225,0.08951950073242188
6.601766347885132,0.08951950073242188
6.612501621246338,0.08951950073242188
6.6232240200042725,0.08951950073242188
6.633960008621216,0.08951950073242188
6.644687652587891,0.08951950073242188
6.655442237854004,0.08951950073242188
6.666162490844727,0.08951950073242188
6.676880359649658,0.08951950073242188
6.687588453292847,0.08951950073242188
6.698307752609253,0.08951950073242188
6.709054708480835,0.08951950073242188
6.719769477844238,0.08987808227539062
6.730488061904907,0.08987808227539062
6.74121356010437,0.08987808227539062
6.751947641372681,0.08987808227539062
6.762665033340454,0.08987808227539062
6.773393869400024,0.08987808227539062
6.784125566482544,0.08987808227539062
6.794848442077637,0.08987808227539062
6.805579423904419,0.08987808227539062
6.816314697265625,0.08987808227539062
6.8270344734191895,0.08987808227539062
6.837751865386963,0.08987808227539062
6.8484838008880615,0.0900115966796875
6.859220266342163,0.0900115966796875
6.869950532913208,0.0900115966796875
6.880701065063477,0.0900115966796875
6.891435384750366,0.0900115966796875
6.902168273925781,0.0900115966796875
6.912883043289185,0.0900115966796875
6.923615455627441,0.0900115966796875
6.934357404708862,0.0900115966796875
6.945077896118164,0.0900115966796875
6.955790281295776,0.0900115966796875
6.966530799865723,0.0900115966796875
6.9773218631744385,0.0900115966796875
6.988047361373901,0.0900115966796875
6.998757600784302,0.0900115966796875
7.009485244750977,0.09055709838867188
7.020211935043335,0.09109115600585938
7.030949354171753,0.09134292602539062
7.041659116744995,0.09134292602539062
7.052411079406738,0.09134292602539062
7.063139200210571,0.09134292602539062
7.073863744735718,0.09134292602539062
7.08458399772644,0.09134292602539062
7.095316171646118,0.09134292602539062
7.1060426235198975,0.09134292602539062
7.1167566776275635,0.09134292602539062
7.12749981880188,0.09134292602539062
7.138229608535767,0.09134292602539062
7.148957252502441,0.09134292602539062
7.159668684005737,0.09134292602539062
7.17040228843689,0.09134292602539062
7.181135654449463,0.09134292602539062
7.1918628215789795,0.09134292602539062
7.202601194381714,0.09134292602539062
7.21333909034729,0.09134292602539062
7.224065542221069,0.09134292602539062
7.234774112701416,0.09134292602539062
7.245513916015625,0.09134292602539062
7.256246328353882,0.09134292602539062
7.2669713497161865,0.09134292602539062
7.2776875495910645,0.09134292602539062
7.288417339324951,0.09134292602539062
7.299144744873047,0.09134292602539062
7.309868574142456,0.09134292602539062
7.3205907344818115,0.09134292602539062
7.3313164710998535,0.09134292602539062
7.342051029205322,0.09134292602539062
7.352769613265991,0.09134292602539062
7.363508939743042,0.09134292602539062
7.374253749847412,0.09134292602539062
7.384982585906982,0.09134292602539062
7.395689487457275,0.09159469604492188
7.406434059143066,0.09159469604492188
7.417168140411377,0.09159469604492188
7.427870273590088,0.09159469604492188
7.438591718673706,0.09159469604492188
7.449312925338745,0.09159469604492188
7.460039138793945,0.09159469604492188
7.470743417739868,0.09159469604492188
7.481477737426758,0.09159469604492188
7.492221832275391,0.09159469604492188
7.502943754196167,0.09159469604492188
7.513659238815308,0.09159469604492188
7.524387836456299,0.09159469604492188
7.535123586654663,0.09159469604492188
7.545845031738281,0.09159469604492188
7.5565667152404785,0.09159469604492188
7.567307472229004,0.09159469604492188
7.578036785125732,0.09159469604492188
7.588756322860718,0.09159469604492188
7.599504709243774,0.09159469604492188
7.610236644744873,0.09159469604492188
7.62098240852356,0.09159469604492188
7.631715297698975,0.09159469604492188
7.6424689292907715,0.09159469604492188
7.653212547302246,0.09159469604492188
7.663957357406616,0.09159469604492188
7.674690008163452,0.09159469604492188
7.6854407787323,0.09159469604492188
7.696171760559082,0.09159469604492188
7.706883907318115,0.09159469604492188
7.717623949050903,0.09220123291015625
7.7283616065979,0.09255599975585938
7.739106178283691,0.093017578125
7.749821662902832,0.093017578125
7.760556936264038,0.093017578125
7.771282911300659,0.093017578125
7.782008171081543,0.093017578125
7.7927165031433105,0.093017578125
7.803562164306641,0.093017578125
7.814286947250366,0.093017578125
7.825026750564575,0.093017578125
7.835740089416504,0.093017578125
7.846477508544922,0.093017578125
7.857208251953125,0.093017578125
7.867926597595215,0.093017578125
7.878639459609985,0.093017578125
7.889373540878296,0.093017578125
7.9000983238220215,0.093017578125
7.910802602767944,0.093017578125
7.921525716781616,0.093017578125
7.9322593212127686,0.093017578125
7.942986011505127,0.093017578125
7.953700304031372,0.093017578125
7.964428663253784,0.09394454956054688
7.9751667976379395,0.0944671630859375
7.98588752746582,0.094970703125
7.996572017669678,0.094970703125
8.007312297821045,0.094970703125
8.0180344581604,0.094970703125
8.028742790222168,0.094970703125
8.039473056793213,0.094970703125
8.050201892852783,0.094970703125
8.060957908630371,0.094970703125
8.071686267852783,0.094970703125
8.08242654800415,0.094970703125
8.093146085739136,0.094970703125
8.103860855102539,0.094970703125
8.114570140838623,0.094970703125
8.125302076339722,0.094970703125
8.136034488677979,0.094970703125
8.14674162864685,0.094970703125
8.157467603683472,0.094970703125
8.168192625045776,0.094970703125
8.178908586502075,0.094970703125
8.189622402191162,0.094970703125
8.200353145599365,0.094970703125
8.211096286773682,0.094970703125
8.221799612045288,0.094970703125
8.232534170150757,0.094970703125
8.243258237838745,0.094970703125
8.253982782363892,0.094970703125
8.264697313308716,0.094970703125
8.275422096252441,0.094970703125
8.286140441894531,0.094970703125
8.296844959259033,0.094970703125
8.307573556900024,0.094970703125
8.318304061889648,0.094970703125
8.329030275344849,0.094970703125
8.339751958847046,0.094970703125
8.350489139556885,0.094970703125
8.36121153831482,0.094970703125
8.371944189071655,0.094970703125
8.382685422897339,0.094970703125
8.393411636352539,0.094970703125
8.404145002365112,0.09522247314453125
8.414858341217041,0.0954742431640625
8.425581455230713,0.09572601318359375
8.436310529708862,0.09572601318359375
8.447028875350952,0.09572601318359375
8.457748174667358,0.09572601318359375
8.468474388122559,0.09572601318359375
8.47919511795044,0.09572601318359375
8.489900350570679,0.09572601318359375
8.500619888305664,0.09572601318359375
8.511342525482178,0.09572601318359375
8.522069692611694,0.09572601318359375
8.532777070999146,0.09572601318359375
8.543513536453247,0.09572601318359375
8.554238080978394,0.09572601318359375
8.564971685409546,0.09572601318359375
8.575680255889893,0.09572601318359375
8.586415767669678,0.09572601318359375
8.597148180007935,0.09572601318359375
8.607861042022705,0.09572601318359375
8.61858057975769,0.095977783203125
8.62930154800415,0.095977783203125
8.640039205551147,0.095977783203125
8.65075945854187,0.095977783203125
8.661492347717285,0.095977783203125
8.67223310470581,0.095977783203125
8.682958364486694,0.095977783203125
8.693695545196533,0.09673309326171875
8.70442819595337,0.09673309326171875
8.715161323547363,0.0974884033203125
8.725881099700928,0.09774017333984375
8.73658561706543,0.097991943359375
8.747312784194946,0.097991943359375
8.758040189743042,0.097991943359375
8.768749713897705,0.097991943359375
8.779465913772583,0.097991943359375
8.790197372436523,0.097991943359375
8.800910949707031,0.097991943359375
8.811635732650757,0.097991943359375
8.822398900985718,0.097991943359375
8.833124160766602,0.097991943359375
8.843829870223999,0.097991943359375
8.854550838470459,0.097991943359375
8.865286827087402,0.097991943359375
8.876005172729492,0.097991943359375
8.88671588897705,0.097991943359375
8.897454500198364,0.097991943359375
8.908183336257935,0.097991943359375
8.918902397155762,0.097991943359375
8.929609775543213,0.097991943359375
8.940338373184204,0.097991943359375
8.9510817527771,0.097991943359375
8.961819648742676,0.097991943359375
8.972548484802246,0.097991943359375
8.983287811279297,0.097991943359375
8.994008779525757,0.097991943359375
9.00473427772522,0.097991943359375
9.015471935272217,0.097991943359375
9.026203632354736,0.097991943359375
9.036938428878784,0.097991943359375
9.047661304473877,0.097991943359375
9.058392763137817,0.097991943359375
9.069120168685913,0.097991943359375
9.079852819442749,0.097991943359375
9.09057092666626,0.097991943359375
9.101300477981567,0.097991943359375
9.112055778503418,0.09824371337890625
9.122766494750977,0.09824371337890625
9.133489608764648,0.09824371337890625
9.14423131942749,0.09824371337890625
9.154985189437866,0.09824371337890625
9.165695667266846,0.09824371337890625
9.176433801651001,0.09824371337890625
9.187170267105103,0.09824371337890625
9.197892427444458,0.09824371337890625
9.208621978759766,0.09824371337890625
9.219358444213867,0.09874725341796875
9.230098724365234,0.09874725341796875
9.240824460983276,0.09874725341796875
9.25155782699585,0.09874725341796875
9.262289762496948,0.09874725341796875
9.273032665252686,0.09874725341796875
9.2837495803833,0.09874725341796875
9.294474601745605,0.09874725341796875
9.305213212966919,0.09874725341796875
9.315958261489868,0.09874725341796875
9.326700448989868,0.09874725341796875
9.337422609329224,0.09874725341796875
9.348154306411743,0.09874725341796875
9.358866691589355,0.09874725341796875
9.369580268859863,0.09874725341796875
9.380306959152222,0.09874725341796875
9.391032457351685,0.09874725341796875
9.401745557785034,0.09874725341796875
9.412471532821655,0.09874725341796875
9.423205852508545,0.09874725341796875
9.433913230895996,0.09874725341796875
9.444649696350098,0.09874725341796875
9.455372095108032,0.09874725341796875
9.466107368469238,0.09874725341796875
9.476829290390015,0.09874725341796875
9.487547159194946,0.09874725341796875
9.498284816741943,0.09874725341796875
9.50902009010315,0.09874725341796875
9.51975154876709,0.09874725341796875
9.530486822128296,0.09874725341796875
9.54122281074524,0.09874725341796875
9.55194091796875,0.09874725341796875
9.56265926361084,0.09874725341796875
9.573389768600464,0.09874725341796875
9.584116220474243,0.09874725341796875
9.594843626022339,0.09874725341796875
9.605561017990112,0.09874725341796875
9.616289138793945,0.09874725341796875
9.627013921737671,0.09874725341796875
9.63772177696228,0.09874725341796875
9.648508787155151,0.09874725341796875
9.659234285354614,0.09874725341796875
9.66995906829834,0.09874725341796875
9.680665254592896,0.09874725341796875
9.691388607025146,0.09874725341796875
9.702110052108765,0.09874725341796875
9.712831974029541,0.09874725341796875
9.723557472229004,0.0989990234375
9.73428201675415,0.0989990234375
9.745005130767822,0.0989990234375
9.75572156906128,0.0989990234375
9.766479253768921,0.0989990234375
9.777205467224121,0.0989990234375
9.78791069984436,0.0989990234375
9.79865312576294,0.0989990234375
9.809394359588623,0.0989990234375
9.820129632949829,0.0989990234375
9.830856084823608,0.0989990234375
9.841583013534546,0.0989990234375
9.852325916290283,0.0989990234375
9.863078832626343,0.0989990234375
9.873853206634521,0.0989990234375
9.884579181671143,0.0989990234375
9.8953115940094,0.0989990234375
9.906039714813232,0.0989990234375
9.91676926612854,0.0989990234375
9.927502393722534,0.09930038452148438
9.938225030899048,0.09930038452148438
9.948954820632935,0.09930038452148438
9.959681034088135,0.09930038452148438
9.970415115356445,0.09930038452148438
9.981148481369019,0.09930038452148438
9.991856098175049,0.09930038452148438
10.002575635910034,0.09930038452148438
10.013302326202393,0.09930038452148438
10.024032831192017,0.09930038452148438
10.034740447998047,0.09930038452148438
10.045459747314453,0.09930038452148438
10.056180953979492,0.09930038452148438
10.066890001296997,0.09930038452148438
10.077637672424316,0.09930038452148438
10.08838415145874,0.09930038452148438
10.099116802215576,0.09930038452148438
10.109824895858765,0.09930038452148438
10.120562553405762,0.09930038452148438
10.131280899047852,0.09930038452148438
10.142003774642944,0.09930038452148438
10.152729988098145,0.09930038452148438
10.163475275039673,0.09930038452148438
10.174199342727661,0.09930038452148438
10.184906244277954,0.09930038452148438
10.195636987686157,0.09930038452148438
10.206368446350098,0.09930038452148438
10.217085123062134,0.09930038452148438
10.227802038192749,0.09930038452148438
10.238534927368164,0.09930038452148438
10.249261617660522,0.09930038452148438
10.259996891021729,0.09930038452148438
10.27073049545288,0.09930038452148438
10.281463623046875,0.09930038452148438
10.292191982269287,0.09930038452148438
10.3029305934906,0.09930038452148438
10.313672065734863,0.09930038452148438
10.32440710067749,0.09930038452148438
10.335150003433228,0.09930038452148438
10.345866680145264,0.09930038452148438
10.356597900390625,0.09930038452148438
10.367338180541992,0.09930038452148438
10.378065347671509,0.09930038452148438
10.388789415359497,0.09930038452148438
10.399515867233276,0.09930038452148438
10.41024398803711,0.09930038452148438
10.4209885597229,0.09930038452148438
10.431731700897217,0.09930038452148438
10.442472219467163,0.09930038452148438
10.453211069107056,0.09930038452148438
10.46395754814148,0.09930038452148438
10.474683046340942,0.09930038452148438
10.4854154586792,0.09930038452148438
10.496136903762817,0.09930038452148438
10.506843566894531,0.09930038452148438
10.51755952835083,0.09930038452148438
10.528287172317505,0.09930038452148438
10.539005994796753,0.09930038452148438
10.549723863601685,0.09930038452148438
10.560454845428467,0.09930038452148438
10.571176767349243,0.09930038452148438
10.581877708435059,0.09930038452148438
10.592586517333984,0.09930038452148438
10.603308200836182,0.09930038452148438
10.614024877548218,0.09930038452148438
10.624737739562988,0.09965896606445312
10.63547658920288,0.09965896606445312
10.646199703216553,0.09991073608398438
10.65692400932312,0.10016250610351562
10.667644262313843,0.10016250610351562
10.67837119102478,0.10041427612304688
10.68911337852478,0.10066604614257812
10.699828147888184,0.10066604614257812
10.710561752319336,0.10066604614257812
10.721303701400757,0.10066604614257812
10.732039213180542,0.10066604614257812
10.742759466171265,0.10066604614257812
10.753515481948853,0.10066604614257812
10.764272689819336,0.10066604614257812
10.77499508857727,0.10066604614257812
10.785720825195312,0.10066604614257812
10.796451330184937,0.10066604614257812
10.80716872215271,0.10066604614257812
10.817893743515015,0.10066604614257812
10.828616619110107,0.10091781616210938
10.839362859725952,0.10091781616210938
10.850100994110107,0.10142135620117188
10.860829830169678,0.10167312622070312
10.871572494506836,0.10167312622070312
10.882340669631958,0.10167312622070312
10.893076181411743,0.10167312622070312
10.903798580169678,0.10167312622070312
10.914547443389893,0.10167312622070312
10.925276517868042,0.10167312622070312
10.93601655960083,0.10167312622070312
10.946736335754395,0.10167312622070312
10.95746111869812,0.10167312622070312
10.968173742294312,0.10167312622070312
10.978883266448975,0.10167312622070312
10.989595413208008,0.10167312622070312
11.000330686569214,0.10167312622070312
11.01105546951294,0.10167312622070312
11.021766901016235,0.10167312622070312
11.03249740600586,0.10167312622070312
11.043224096298218,0.10167312622070312
11.053960084915161,0.10167312622070312
11.064677238464355,0.10242843627929688
11.075414419174194,0.10268020629882812
11.08615756034851,0.10318374633789062
11.096904039382935,0.10339736938476562
11.107617139816284,0.10364532470703125
11.118354320526123,0.10364532470703125
11.129072189331055,0.10364532470703125
11.139777421951294,0.10364532470703125
11.150497674942017,0.10364532470703125
11.161228656768799,0.10364532470703125
11.171957015991211,0.10364532470703125
11.182670831680298,0.10364532470703125
11.193411111831665,0.10364532470703125
11.204131364822388,0.10364532470703125
11.214847564697266,0.10364532470703125
11.22556447982788,0.1038970947265625
11.236289262771606,0.1038970947265625
11.247016668319702,0.1038970947265625
11.25772500038147,0.1038970947265625
11.268448829650879,0.1038970947265625
11.279182434082031,0.1038970947265625
11.289887189865112,0.1038970947265625
11.300599575042725,0.1038970947265625
11.311327457427979,0.1038970947265625
11.322052717208862,0.1038970947265625
11.332754611968994,0.1038970947265625
11.343487977981567,0.1038970947265625
11.354227781295776,0.1038970947265625
11.364949226379395,0.1038970947265625
11.375667095184326,0.1038970947265625
11.386396169662476,0.1038970947265625
11.397196769714355,0.1038970947265625
11.407904386520386,0.1038970947265625
11.418625593185425,0.1038970947265625
11.429352045059204,0.1038970947265625
11.440091133117676,0.1038970947265625
11.450793981552124,0.1038970947265625
11.461524486541748,0.1038970947265625
11.472247838973999,0.1038970947265625
11.482983350753784,0.1038970947265625
11.4937162399292,0.1038970947265625
11.504439115524292,0.1038970947265625
11.515164375305176,0.1038970947265625
11.52587342262268,0.1038970947265625
11.536605834960938,0.1038970947265625
11.54733657836914,0.1038970947265625
11.558075428009033,0.1038970947265625
11.568800926208496,0.1038970947265625
11.579539775848389,0.1038970947265625
11.590268850326538,0.1038970947265625
11.601003408432007,0.1038970947265625
11.611708641052246,0.1038970947265625
11.62244725227356,0.1038970947265625
11.633169174194336,0.1038970947265625
11.643885374069214,0.1038970947265625
11.654603719711304,0.1038970947265625
11.665347814559937,0.1038970947265625
11.67607569694519,0.1038970947265625
11.686784982681274,0.1038970947265625
11.697523832321167,0.1038970947265625
11.708252668380737,0.1038970947265625
11.718993186950684,0.1038970947265625
11.729703903198242,0.1038970947265625
11.74045991897583,0.1038970947265625
11.751187086105347,0.1038970947265625
11.761912107467651,0.1038970947265625
11.772669553756714,0.1038970947265625
11.7833890914917,0.1038970947265625
11.794107675552368,0.1038970947265625
11.804814338684082,0.1038970947265625
11.815544605255127,0.1038970947265625
11.826270818710327,0.1038970947265625
11.836999893188477,0.1038970947265625
11.847722053527832,0.1038970947265625
11.858446598052979,0.1038970947265625
11.869187355041504,0.1038970947265625
11.879892349243164,0.1038970947265625
11.890610933303833,0.1038970947265625
11.901348352432251,0.1038970947265625
11.91206693649292,0.1038970947265625
11.92279863357544,0.1038970947265625
11.933524131774902,0.1038970947265625
11.944241523742676,0.10414886474609375
11.954959154129028,0.10414886474609375
11.96566915512085,0.10414886474609375
11.97640872001648,0.10414886474609375
11.987127304077148,0.10414886474609375
11.997879266738892,0.10414886474609375
12.00859522819519,0.10414886474609375
12.019400596618652,0.10414886474609375
12.030152320861816,0.10414886474609375
12.040862560272217,0.10414886474609375
12.051573753356934,0.10414886474609375
12.062308073043823,0.10414886474609375
12.073029279708862,0.10414886474609375
12.083735704421997,0.10414886474609375
12.094496011734009,0.10414886474609375
12.105221033096313,0.10414886474609375
12.115940809249878,0.10414886474609375
12.126658916473389,0.10414886474609375
12.13738465309143,0.10414886474609375
12.148109197616577,0.10414886474609375
12.158833980560303,0.10414886474609375
12.169563055038452,0.10414886474609375
12.18028473854065,0.10414886474609375
12.191004991531372,0.10414886474609375
12.201706886291504,0.10414886474609375
12.212436437606812,0.10414886474609375
12.223160028457642,0.10414886474609375
12.233868598937988,0.10414886474609375
12.244575262069702,0.10414886474609375
12.255305767059326,0.10414886474609375
12.26603102684021,0.10414886474609375
12.276737213134766,0.10414886474609375
12.28745722770691,0.10414886474609375
12.29819107055664,0.10414886474609375
12.308907747268677,0.10414886474609375
12.31961727142334,0.10414886474609375
12.330352067947388,0.10414886474609375
12.341070890426636,0.10414886474609375
12.351789712905884,0.10414886474609375
12.362522840499878,0.10414886474609375
12.373249530792236,0.10414886474609375
12.38398003578186,0.10414886474609375
12.394684076309204,0.10414886474609375
12.405404329299927,0.10414886474609375
12.41612958908081,0.10414886474609375
12.42683458328247,0.10414886474609375
12.437564611434937,0.10414886474609375
12.44829535484314,0.10414886474609375
12.459018468856812,0.10414886474609375
12.469728708267212,0.10414886474609375
12.480451107025146,0.10414886474609375
12.491169929504395,0.10414886474609375
12.501872301101685,0.10414886474609375
12.512583017349243,0.10414886474609375
12.523314714431763,0.10414886474609375
12.534067153930664,0.10414886474609375
12.544822692871094,0.10414886474609375
12.555552005767822,0.10414886474609375
12.566287755966187,0.10414886474609375
12.577009201049805,0.10414886474609375
12.587731122970581,0.10414886474609375
12.598452806472778,0.10414886474609375
12.609191656112671,0.10414886474609375
12.619896173477173,0.10414886474609375
12.630657196044922,0.10414886474609375
12.641390800476074,0.10414886474609375
12.652113676071167,0.10414886474609375
12.66281771659851,0.10414886474609375
12.673544645309448,0.10414886474609375
12.684266567230225,0.10414886474609375
12.69498348236084,0.10414886474609375
12.705705404281616,0.10414886474609375
12.716428279876709,0.10414886474609375
12.727145910263062,0.10414886474609375
12.737862825393677,0.10414886474609375
12.74857759475708,0.10414886474609375
12.759305000305176,0.10414886474609375
12.770037412643433,0.10414886474609375
12.78074026107788,0.10414886474609375
12.791468858718872,0.10414886474609375
12.802188396453857,0.10414886474609375
12.812893390655518,0.10414886474609375
12.823598861694336,0.10414886474609375
12.834332466125488,0.10414886474609375
12.845054864883423,0.10414886474609375
12.855770587921143,0.10414886474609375
12.866508722305298,0.10414886474609375
12.877238273620605,0.10414886474609375
12.887964963912964,0.10414886474609375
12.898684978485107,0.10414886474609375
12.909414291381836,0.10414886474609375
12.920135021209717,0.10414886474609375
12.930840015411377,0.10414886474609375
12.941564798355103,0.10414886474609375
12.952294111251831,0.10414886474609375
12.963038682937622,0.10414886474609375
12.97374701499939,0.104400634765625
12.984470129013062,0.104400634765625
12.995208978652954,0.104400634765625
13.005945920944214,0.10465240478515625
13.016656875610352,0.10465240478515625
13.027390956878662,0.10465240478515625
13.038119554519653,0.10465240478515625
13.048820972442627,0.10465240478515625
13.05954360961914,0.10465240478515625
13.070273160934448,0.10465240478515625
13.08099889755249,0.10465240478515625
13.091708898544312,0.10465240478515625
13.102435111999512,0.10465240478515625
13.113163471221924,0.10465240478515625
13.123865604400635,0.10465240478515625
13.134585618972778,0.10465240478515625
13.145306587219238,0.10465240478515625
13.15604305267334,0.10465240478515625
13.166754722595215,0.10465240478515625
13.177491188049316,0.10465240478515625
13.188223361968994,0.1049041748046875
13.19895052909851,0.1049041748046875
13.209680557250977,0.1049041748046875
13.220407485961914,0.1049041748046875
13.231131076812744,0.1049041748046875
13.241834878921509,0.1049041748046875
13.252578973770142,0.1049041748046875
13.263309001922607,0.1049041748046875
13.27403473854065,0.1049041748046875
13.284741163253784,0.1049041748046875
13.295462369918823,0.1049041748046875
13.306183815002441,0.1049041748046875
13.316911220550537,0.1049041748046875
13.327642679214478,0.1049041748046875
13.338370084762573,0.1049041748046875
13.34908652305603,0.1049041748046875
13.35980772972107,0.1049041748046875
13.370533227920532,0.1049041748046875
13.381257772445679,0.10515594482421875
13.391987323760986,0.10565948486328125
13.40269923210144,0.1059112548828125
13.413424253463745,0.106414794921875
13.424179315567017,0.106414794921875
13.434908866882324,0.106414794921875
13.445619106292725,0.106414794921875
13.456346988677979,0.106414794921875
13.46708369255066,0.106414794921875
13.477786779403687,0.106414794921875
13.488518953323364,0.106414794921875
13.499246597290039,0.106414794921875
13.509966850280762,0.106414794921875
13.5206937789917,0.106414794921875
13.531420707702637,0.106414794921875
13.542148113250732,0.10666656494140625
13.552871465682983,0.10666656494140625
13.563596725463867,0.10666656494140625
13.57435131072998,0.1069183349609375
13.585108518600464,0.10887908935546875
13.59581184387207,0.10887908935546875
13.6065514087677,0.10887908935546875
13.617277383804321,0.10887908935546875
13.628001928329468,0.10887908935546875
13.638710975646973,0.10887908935546875
13.649430751800537,0.10887908935546875
13.660153865814209,0.10887908935546875
13.6708664894104,0.10887908935546875
13.681575059890747,0.10887908935546875
13.69231653213501,0.10887908935546875
13.70304012298584,0.10887908935546875
13.713745355606079,0.10887908935546875
13.724489450454712,0.10887908935546875
13.735216617584229,0.10887908935546875
13.745945453643799,0.10887908935546875
13.756654262542725,0.10887908935546875
13.767383098602295,0.10887908935546875
13.778127670288086,0.10887908935546875
13.78884768486023,0.10887908935546875
13.79956603050232,0.10887908935546875
13.810296773910522,0.10887908935546875
13.821022987365723,0.10887908935546875
13.83172869682312,0.10887908935546875
13.842450618743896,0.10887908935546875
13.853182315826416,0.10887908935546875
13.863895416259766,0.10887908935546875
13.874638080596924,0.10887908935546875
13.885367155075073,0.10887908935546875
13.896104574203491,0.10887908935546875
13.90681529045105,0.10887908935546875
13.917553901672363,0.10887908935546875
13.928288221359253,0.10887908935546875
13.939023494720459,0.10887908935546875
13.949748516082764,0.10887908935546875
13.960482835769653,0.10887908935546875
13.97121524810791,0.10887908935546875
13.981955528259277,0.10887908935546875
13.992690801620483,0.10887908935546875
14.003430604934692,0.10887908935546875
14.014166831970215,0.10887908935546875
14.024880170822144,0.10887908935546875
14.035624504089355,0.10887908935546875
14.046360492706299,0.10887908935546875
14.057092428207397,0.10887908935546875
14.067808866500854,0.10887908935546875
14.07854676246643,0.10887908935546875
14.089277029037476,0.10887908935546875
14.100017786026001,0.109130859375
14.110747337341309,0.10950851440429688
14.121480941772461,0.10990142822265625
14.132215738296509,0.11040496826171875
14.142966032028198,0.11040496826171875
14.153674602508545,0.111907958984375
14.164404153823853,0.111907958984375
14.175142288208008,0.111907958984375
14.185855627059937,0.111907958984375
14.196580648422241,0.111907958984375
14.207312107086182,0.111907958984375
14.218051433563232,0.111907958984375
14.228765964508057,0.111907958984375
14.239508867263794,0.111907958984375
14.25023627281189,0.111907958984375
14.260963916778564,0.111907958984375
14.271679639816284,0.111907958984375
14.282417297363281,0.111907958984375
14.293152570724487,0.111907958984375
14.30387258529663,0.111907958984375
14.314579010009766,0.111907958984375
14.325304746627808,0.111907958984375
14.336025953292847,0.111907958984375
14.346744060516357,0.111907958984375
14.357487916946411,0.111907958984375
14.3682222366333,0.111907958984375
14.37894892692566,0.111907958984375
14.389663934707642,0.111907958984375
14.40040373802185,0.1124114990234375
14.411130666732788,0.11392593383789062
14.421846389770508,0.11417770385742188
14.432580709457397,0.11568832397460938
14.443333387374878,0.11619186401367188
14.454079151153564,0.11642074584960938
14.464805126190186,0.11859893798828125
14.47554087638855,0.1188507080078125
14.486274480819702,0.11983871459960938
14.49701452255249,0.12009048461914062
14.507728099822998,0.12009048461914062
14.51846694946289,0.12009048461914062
14.52919054031372,0.12009048461914062
14.539904356002808,0.12009048461914062
14.550623416900635,0.12009048461914062
14.561362028121948,0.12009048461914062
14.572082757949829,0.12009048461914062
14.582797527313232,0.12009048461914062
14.593533515930176,0.12009048461914062
14.604252815246582,0.12009048461914062
14.614983558654785,0.12009048461914062
14.625696659088135,0.12009048461914062
14.636435270309448,0.12009048461914062
14.647160053253174,0.12009048461914062
14.65788221359253,0.12009048461914062
14.668582916259766,0.12009048461914062
14.679309129714966,0.12034225463867188
14.690044164657593,0.12059402465820312
14.700750589370728,0.12059402465820312
14.71147894859314,0.12134933471679688
14.722203969955444,0.12205886840820312
14.732924222946167,0.12231063842773438
14.743631601333618,0.12306594848632812
14.754376649856567,0.12306594848632812
14.765103340148926,0.12331771850585938
14.775820970535278,0.12356948852539062
14.786554336547852,0.12356948852539062
14.797286987304688,0.12356948852539062
14.80802035331726,0.12356948852539062
14.818733215332031,0.12356948852539062
14.829470872879028,0.12356948852539062
14.8401939868927,0.12356948852539062
14.850911140441895,0.12356948852539062
14.86164903640747,0.12356948852539062
14.872426748275757,0.12356948852539062
14.883155584335327,0.12432479858398438
14.893863916397095,0.12432479858398438
14.904582977294922,0.12432479858398438
14.915313005447388,0.12432479858398438
14.926038265228271,0.12432479858398438
14.936744689941406,0.12432479858398438
14.94747805595398,0.12432479858398438
14.958219051361084,0.12432479858398438
14.96895456314087,0.12541961669921875
14.979665994644165,0.12567138671875
14.990387916564941,0.12592315673828125
15.001114130020142,0.12592315673828125
15.011824607849121,0.12592315673828125
15.02254605293274,0.12642669677734375
15.033286094665527,0.12642669677734375
15.044010162353516,0.12642669677734375
15.05473017692566,0.12642669677734375
15.065454483032227,0.12642669677734375
15.076168775558472,0.12642669677734375
15.086890459060669,0.12642669677734375
15.097604751586914,0.12642669677734375
15.108328104019165,0.12642669677734375
15.11904764175415,0.12642669677734375
15.129751682281494,0.12642669677734375
15.140494346618652,0.12642669677734375
15.151219129562378,0.12642669677734375
15.161945343017578,0.12642669677734375
15.172661066055298,0.12642669677734375
15.18338942527771,0.12642669677734375
15.194114923477173,0.12642669677734375
15.20485258102417,0.126678466796875
15.21557331085205,0.12693023681640625
15.226299047470093,0.12693023681640625
15.237026691436768,0.1271820068359375
15.247738361358643,0.1271820068359375
15.258465051651001,0.1271820068359375
15.269194602966309,0.1271820068359375
15.279925107955933,0.1271820068359375
15.290647983551025,0.1271820068359375
15.301381587982178,0.1271820068359375
15.312108278274536,0.12743377685546875
15.322821140289307,0.12743377685546875
15.333554983139038,0.12743377685546875
15.344305515289307,0.12743377685546875
15.355031728744507,0.12743377685546875
15.365743398666382,0.12743377685546875
15.3764808177948,0.12743377685546875
15.387208938598633,0.12743377685546875
15.39793086051941,0.12743377685546875
15.408645391464233,0.12743377685546875
15.419368505477905,0.12743377685546875
15.43009328842163,0.12743377685546875
15.440803289413452,0.12743377685546875
15.45153284072876,0.12743377685546875
15.462261199951172,0.12743377685546875
15.472995042800903,0.12743377685546875
15.483701944351196,0.12743377685546875
15.494438648223877,0.12743377685546875
15.505167245864868,0.12743377685546875
15.515875816345215,0.12743377685546875
15.526585340499878,0.12743377685546875
15.53731083869934,0.12743377685546875
15.548035860061646,0.12743377685546875
15.558748722076416,0.12743377685546875
15.569477081298828,0.12743377685546875
15.580214023590088,0.127685546875
15.590959787368774,0.127685546875
15.601671934127808,0.127685546875
15.61240029335022,0.127685546875
15.623136758804321,0.12793731689453125
15.633862972259521,0.1281890869140625
15.644596576690674,0.12894439697265625
15.65534234046936,0.12894439697265625
15.666066646575928,0.12894439697265625
15.676801919937134,0.12894439697265625
15.687535762786865,0.12894439697265625
15.698280811309814,0.12894439697265625
15.709017753601074,0.12894439697265625
15.719738006591797,0.12894439697265625
15.730470895767212,0.12894439697265625
15.74119520187378,0.12894439697265625
15.751904726028442,0.12894439697265625
15.762624740600586,0.12894439697265625
15.773368120193481,0.12894439697265625
15.784092903137207,0.12894439697265625
15.794799089431763,0.12894439697265625
15.805530548095703,0.12894439697265625
15.816258668899536,0.1291961669921875
15.82699728012085,0.1291961669921875
15.837711095809937,0.1291961669921875
15.848449468612671,0.1291961669921875
15.859172821044922,0.1291961669921875
15.869889736175537,0.1291961669921875
15.880616188049316,0.1291961669921875
15.891359806060791,0.1291961669921875
15.902088165283203,0.1291961669921875
15.912811517715454,0.1291961669921875
15.92357063293457,0.1291961669921875
15.934304475784302,0.1291961669921875
15.94505524635315,0.1291961669921875
15.955768585205078,0.1291961669921875
15.966503620147705,0.1291961669921875
15.977235555648804,0.1291961669921875
15.987984657287598,0.1291961669921875
15.998714685440063,0.1291961669921875
16.009445667266846,0.1291961669921875
16.020172834396362,0.1291961669921875
16.03089189529419,0.1291961669921875
16.041614532470703,0.1291961669921875
16.052340269088745,0.1291961669921875
16.06306529045105,0.12969970703125
16.07378077507019,0.12995147705078125
16.08452868461609,0.1302032470703125
16.0952627658844,0.13045501708984375
16.106013536453247,0.13045501708984375
16.116732358932495,0.13045501708984375
16.12823486328125,0.13045501708984375
16.139192581176758,0.13045501708984375
16.149910926818848,0.13045501708984375
16.16064715385437,0.13045501708984375
16.17137336730957,0.13045501708984375
16.182098388671875,0.13045501708984375
16.19282341003418,0.13045501708984375
16.20354151725769,0.13045501708984375
16.214269638061523,0.13045501708984375
16.22499370574951,0.13045501708984375
16.23570227622986,0.13045501708984375
16.246433973312378,0.13045501708984375
16.25715661048889,0.13045501708984375
16.26786470413208,0.13045501708984375
16.2785861492157,0.13045501708984375
16.289324045181274,0.13095855712890625
16.300050973892212,0.13095855712890625
16.31076455116272,0.1312103271484375
16.321488618850708,0.13146209716796875
16.332223653793335,0.13201522827148438
16.342960596084595,0.13430023193359375
16.35369348526001,0.1346588134765625
16.364424228668213,0.13491058349609375
16.3751540184021,0.13491058349609375
16.385868310928345,0.13491058349609375
16.396589040756226,0.13491058349609375
16.407310247421265,0.13491058349609375
16.418036937713623,0.13491058349609375
16.42875075340271,0.13491058349609375
16.439494371414185,0.13491058349609375
16.4502215385437,0.13491058349609375
16.460963249206543,0.13491058349609375
16.471691370010376,0.13491058349609375
16.482433080673218,0.13491058349609375
16.493167638778687,0.135162353515625
16.503882884979248,0.135162353515625
16.51459789276123,0.135162353515625
16.525333642959595,0.135162353515625
16.536067724227905,0.135162353515625
16.546805143356323,0.135162353515625
16.55756139755249,0.135162353515625
16.568299293518066,0.135162353515625
16.57904052734375,0.135162353515625
16.58978271484375,0.135162353515625
16.600509881973267,0.135162353515625
16.61125421524048,0.135162353515625
16.622005462646484,0.135162353515625
16.632749795913696,0.135162353515625
16.64349389076233,0.135162353515625
16.654240608215332,0.135162353515625
16.664975881576538,0.135162353515625
16.675704956054688,0.135162353515625
16.686437606811523,0.135162353515625
16.69719171524048,0.135162353515625
16.707929611206055,0.135162353515625
16.71867084503174,0.135162353515625
16.72942042350769,0.135162353515625
16.74026322364807,0.135162353515625
16.751007795333862,0.135162353515625
16.76172161102295,0.135162353515625
16.772447109222412,0.135162353515625
16.78317880630493,0.135162353515625
16.793894052505493,0.135162353515625
16.804619312286377,0.135162353515625
16.81537175178528,0.135162353515625
16.826103925704956,0.135162353515625
16.836820125579834,0.135162353515625
16.847549438476562,0.135162353515625
16.858304500579834,0.135162353515625
16.869027376174927,0.135162353515625
16.87975263595581,0.135162353515625
16.890491724014282,0.135162353515625
16.9012131690979,0.135162353515625
16.911945343017578,0.135162353515625
16.922651290893555,0.135162353515625
16.933377265930176,0.135162353515625
16.944115161895752,0.135162353515625
16.954822778701782,0.135162353515625
16.965555667877197,0.135162353515625
16.97628951072693,0.135162353515625
16.987010955810547,0.135162353515625
16.99772071838379,0.135162353515625
17.008443117141724,0.135162353515625
17.019168376922607,0.135162353515625
17.029876232147217,0.135162353515625
17.04060125350952,0.135162353515625
17.051332473754883,0.135162353515625
17.062077045440674,0.135162353515625
17.07279872894287,0.135162353515625
17.083521127700806,0.135162353515625
17.094245195388794,0.135162353515625
17.104974031448364,0.135162353515625
17.11569619178772,0.135162353515625
17.126429080963135,0.135162353515625
17.13717818260193,0.135162353515625
17.14788269996643,0.135162353515625
17.158602237701416,0.135162353515625
17.169326066970825,0.135162353515625
17.18004822731018,0.135162353515625
17.19076657295227,0.135162353515625
17.201494693756104,0.135162353515625
17.212231159210205,0.135162353515625
17.222960948944092,0.135162353515625
17.233680486679077,0.135162353515625
17.244412899017334,0.135162353515625
17.25513982772827,0.135162353515625
17.265862941741943,0.135162353515625
17.276581287384033,0.135162353515625
17.287325143814087,0.135162353515625
17.298059701919556,0.135162353515625
17.308772563934326,0.135162353515625
17.319504499435425,0.135162353515625
17.33022665977478,0.135162353515625
17.340954303741455,0.135162353515625
17.351667642593384,0.13541412353515625
17.362399339675903,0.13541412353515625
17.373132705688477,0.1356658935546875
17.383849620819092,0.13591766357421875
17.394587755203247,0.13616943359375
17.40531826019287,0.13616943359375
17.4160418510437,0.13616943359375
17.426764726638794,0.13616943359375
17.437504291534424,0.13616943359375
17.4482319355011,0.13616943359375
17.45897388458252,0.13616943359375
17.4696946144104,0.13616943359375
17.48041534423828,0.13616943359375
17.491156101226807,0.13616943359375
17.501862049102783,0.13616943359375
17.512573957443237,0.13616943359375
17.523310899734497,0.13616943359375
17.534038066864014,0.13616943359375
17.54474902153015,0.13616943359375
17.55548119544983,0.13616943359375
17.56620454788208,0.13616943359375
17.576950550079346,0.13616943359375
17.587668418884277,0.13616943359375
17.598397731781006,0.13616943359375
17.609127283096313,0.13748931884765625
17.619841814041138,0.1384429931640625
17.63057017326355,0.14040756225585938
17.64130163192749,0.14162063598632812
17.652034521102905,0.14331436157226562
17.66275405883789,0.14469528198242188
17.673523902893066,0.14494705200195312
17.684256553649902,0.14494705200195312
17.694990634918213,0.14545059204101562
17.705706119537354,0.14563751220703125
17.716453790664673,0.14563751220703125
17.727184534072876,0.14603424072265625
17.737908840179443,0.14653778076171875
17.748634099960327,0.14681243896484375
17.759372234344482,0.14713668823242188
17.77009868621826,0.14764022827148438
17.7808198928833,0.14789199829101562
17.79155421257019,0.14865493774414062
17.80228352546692,0.14889144897460938
17.813010692596436,0.15163040161132812
17.823726654052734,0.152923583984375
17.834455728530884,0.154144287109375
17.845192432403564,0.15475082397460938
17.85591173171997,0.15525436401367188
17.866634607315063,0.15550613403320312
17.87739372253418,0.15575790405273438
17.888129949569702,0.15575790405273438
17.898837089538574,0.15575790405273438
17.909557819366455,0.15575790405273438
17.92029356956482,0.15575790405273438
17.93101954460144,0.15575790405273438
17.941737174987793,0.15575790405273438
17.95246410369873,0.15575790405273438
17.96319031715393,0.15575790405273438
17.973900318145752,0.15575790405273438
17.98461365699768,0.15575790405273438
17.9953510761261,0.15575790405273438
18.006083965301514,0.15575790405273438
18.01680326461792,0.15575790405273438
18.027546167373657,0.15575790405273438
18.03827404975891,0.15575790405273438
18.049001693725586,0.15575790405273438
18.059722661972046,0.15575790405273438
18.07044768333435,0.15575790405273438
18.08119511604309,0.15630722045898438
18.09191346168518,0.15673065185546875
18.102656364440918,0.15738677978515625
18.113383293151855,0.15738677978515625
18.12414813041687,0.15838623046875
18.134867906570435,0.15863800048828125
18.145581007003784,0.15893936157226562
18.15630793571472,0.16001510620117188
18.16705060005188,0.16001510620117188
18.177770376205444,0.16001510620117188
18.188493490219116,0.16001510620117188
18.199225902557373,0.16001510620117188
18.209959268569946,0.16001510620117188
18.220673084259033,0.16001510620117188
18.231401681900024,0.16001510620117188
18.242125749588013,0.16001510620117188
18.25283432006836,0.16001510620117188
18.263554096221924,0.16001510620117188
18.274279832839966,0.16001510620117188
18.285008430480957,0.16001510620117188
18.295740365982056,0.16001510620117188
18.30647349357605,0.16001510620117188
18.31719708442688,0.16001510620117188
18.327933311462402,0.16001510620117188
18.338651180267334,0.16051864624023438
18.349391222000122,0.16051864624023438
18.360130310058594,0.16077041625976562
18.370837450027466,0.16077041625976562
18.381566762924194,0.16077041625976562
18.39229941368103,0.16077041625976562
18.40303349494934,0.16077041625976562
18.413736581802368,0.16077041625976562
18.424456119537354,0.16077041625976562
18.435189247131348,0.16077041625976562
18.445900440216064,0.16077041625976562
18.456619262695312,0.16077041625976562
18.467366695404053,0.16077041625976562
18.47809338569641,0.16077041625976562
18.488801956176758,0.16077041625976562
18.499536752700806,0.16077041625976562
18.510252952575684,0.16077041625976562
18.520976305007935,0.16077041625976562
18.53169560432434,0.16077041625976562
18.542414665222168,0.16077041625976562
18.553156852722168,0.16077041625976562
18.56387710571289,0.16077041625976562
18.574597358703613,0.16077041625976562
18.585328340530396,0.16077041625976562
18.59606146812439,0.16077041625976562
18.606770277023315,0.16077041625976562
18.617501258850098,0.16077041625976562
18.628238201141357,0.16077041625976562
18.63896346092224,0.16077041625976562
18.649693965911865,0.16077041625976562
18.66042447090149,0.16077041625976562
18.67116379737854,0.16077041625976562
18.681907892227173,0.16077041625976562
18.692625045776367,0.16077041625976562
18.703356981277466,0.16077041625976562
18.714081287384033,0.16077041625976562
18.724794626235962,0.16077041625976562
18.735530138015747,0.16077041625976562
18.746257543563843,0.16077041625976562
18.756999731063843,0.16077041625976562
18.767719745635986,0.16077041625976562
18.77845025062561,0.16077041625976562
18.78919005393982,0.16077041625976562
18.799903869628906,0.16077041625976562
18.81093406677246,0.16077041625976562
18.82167887687683,0.16077041625976562
18.832422733306885,0.16102218627929688
18.843156337738037,0.16102218627929688
18.853873252868652,0.16102218627929688
18.86457061767578,0.16102218627929688
18.875321626663208,0.16102218627929688
18.886045694351196,0.16102218627929688
18.896757125854492,0.16102218627929688
18.907495737075806,0.16102218627929688
18.918249130249023,0.16102218627929688
18.928979873657227,0.16119766235351562
18.93969488143921,0.16225814819335938
18.950429916381836,0.16282272338867188
18.96116280555725,0.16292953491210938
18.971891403198242,0.16321182250976562
18.982626914978027,0.16346359252929688
18.993358373641968,0.16346359252929688
19.00409483909607,0.16346359252929688
19.014822006225586,0.16346359252929688
19.025556087493896,0.16346359252929688
19.036317348480225,0.16346359252929688
19.047057390213013,0.16346359252929688
19.05779266357422,0.16346359252929688
19.06853175163269,0.16346359252929688
19.07926344871521,0.16346359252929688
19.089990854263306,0.16346359252929688
19.100710153579712,0.16346359252929688
19.111436128616333,0.16346359252929688
19.122167348861694,0.16346359252929688
19.132880926132202,0.16346359252929688
19.14360237121582,0.16346359252929688
19.154332876205444,0.16346359252929688
19.16505742073059,0.16346359252929688
19.175788164138794,0.16346359252929688
19.186535358428955,0.16346359252929688
19.1972815990448,0.16346359252929688
19.2080237865448,0.16346359252929688
19.218754053115845,0.16346359252929688
19.22948122024536,0.16346359252929688
19.240222215652466,0.16346359252929688
19.250943422317505,0.16346359252929688
19.26166296005249,0.16346359252929688
19.272392511367798,0.16346359252929688
19.28311276435852,0.16346359252929688
19.293827295303345,0.16346359252929688
19.304560899734497,0.16346359252929688
19.31528401374817,0.16346359252929688
19.3260018825531,0.16346359252929688
19.336711645126343,0.16346359252929688
19.34744644165039,0.16346359252929688
19.35816502571106,0.16346359252929688
19.368881225585938,0.16346359252929688
19.37959885597229,0.16346359252929688
19.390326976776123,0.16346359252929688
19.4010488986969,0.16346359252929688
19.411752223968506,0.16346359252929688
19.42249369621277,0.16371536254882812
19.43322515487671,0.16396713256835938
19.44394564628601,0.16396713256835938
19.454668283462524,0.16396713256835938
19.465397119522095,0.16396713256835938
19.47611427307129,0.16396713256835938
19.486852407455444,0.16396713256835938
19.497583627700806,0.16396713256835938
19.50832438468933,0.16396713256835938
19.5190532207489,0.16396713256835938
19.52977228164673,0.16396713256835938
19.54050874710083,0.16396713256835938
19.55123257637024,0.16396713256835938
19.56195640563965,0.16396713256835938
19.572678089141846,0.16396713256835938
19.58340811729431,0.16396713256835938
19.594125270843506,0.16396713256835938
19.60483145713806,0.16396713256835938
19.615561723709106,0.16396713256835938
19.626279830932617,0.16396713256835938
19.637009382247925,0.16396713256835938
19.64772319793701,0.16396713256835938
19.658446073532104,0.16396713256835938
19.669174671173096,0.16396713256835938
19.679891347885132,0.16396713256835938
19.690608501434326,0.16396713256835938
19.70134925842285,0.16396713256835938
19.712076663970947,0.16396713256835938
19.722793579101562,0.16396713256835938
19.73358941078186,0.16396713256835938
19.744308948516846,0.16396713256835938
19.755048751831055,0.16396713256835938
19.765767097473145,0.16396713256835938
19.776495218276978,0.16396713256835938
19.78722071647644,0.16396713256835938
19.797954320907593,0.16396713256835938
19.808661699295044,0.16396713256835938
19.819390535354614,0.16396713256835938
19.83012628555298,0.16396713256835938
19.84082865715027,0.16396713256835938
19.851587057113647,0.16396713256835938
19.862313985824585,0.16396713256835938
19.873034477233887,0.16396713256835938
19.883736848831177,0.16396713256835938
19.894461631774902,0.16396713256835938
19.905202865600586,0.16396713256835938
19.915937900543213,0.16396713256835938
19.926653146743774,0.16396713256835938
19.937387943267822,0.16396713256835938
19.948119163513184,0.16421890258789062
19.958858728408813,0.16485977172851562
19.969570875167847,0.16844558715820312
19.980308771133423,0.16844558715820312
19.991034269332886,0.16844558715820312
20.001747131347656,0.16844558715820312
20.012490272521973,0.16844558715820312
20.02321696281433,0.16844558715820312
20.033929347991943,0.16844558715820312
20.044631481170654,0.16844558715820312
20.055367946624756,0.16844558715820312
20.066088676452637,0.16844558715820312
20.07679533958435,0.16844558715820312
20.087523221969604,0.16844558715820312
20.098241329193115,0.16844558715820312
20.108970880508423,0.16844558715820312
20.119680404663086,0.16844558715820312
20.130412340164185,0.16851806640625
20.141153573989868,0.16851806640625
20.15187907218933,0.16861724853515625
20.162615537643433,0.16925048828125
20.17337203025818,0.17015457153320312
20.184104681015015,0.17115020751953125
20.194830179214478,0.17142486572265625
20.2055561542511,0.17461776733398438
20.216289520263672,0.17512130737304688
20.22701597213745,0.17570114135742188
20.23772644996643,0.17595291137695312
20.24848771095276,0.17595291137695312
20.259208917617798,0.17595291137695312
20.26991033554077,0.17595291137695312
20.280648946762085,0.17595291137695312
20.291369438171387,0.17595291137695312
20.3020920753479,0.17595291137695312
20.3128080368042,0.17595291137695312
20.323528289794922,0.17595291137695312
20.33424735069275,0.17595291137695312
20.344985961914062,0.17595291137695312
20.355713605880737,0.17595291137695312
20.36643671989441,0.17595291137695312
20.377179861068726,0.17595291137695312
20.387948036193848,0.17595291137695312
20.39866352081299,0.17595291137695312
20.409391164779663,0.17595291137695312
20.420124292373657,0.17595291137695312
20.43083095550537,0.17595291137695312
20.441574096679688,0.17595291137695312
20.452308654785156,0.17595291137695312
20.463032722473145,0.17595291137695312
20.473751544952393,0.17595291137695312
20.4844810962677,0.17595291137695312
20.49519944190979,0.17595291137695312
20.505905866622925,0.17595291137695312
20.51661467552185,0.17595291137695312
20.527335166931152,0.17595291137695312
20.53806781768799,0.17595291137695312
20.548771858215332,0.17595291137695312
20.559497833251953,0.17595291137695312
20.570235013961792,0.17595291137695312
20.580955266952515,0.17595291137695312
20.591692447662354,0.17595291137695312
20.60241413116455,0.17595291137695312
20.613128185272217,0.17595291137695312
20.62384343147278,0.17595291137695312
20.63456106185913,0.17595291137695312
20.645292282104492,0.17595291137695312
20.656026601791382,0.17595291137695312
20.66672992706299,0.17595291137695312
20.677451848983765,0.17595291137695312
20.688169479370117,0.17595291137695312
20.698871612548828,0.17595291137695312
20.709585189819336,0.17595291137695312
20.72031831741333,0.17595291137695312
20.73104214668274,0.17595291137695312
20.741754055023193,0.17620468139648438
20.752485513687134,0.17620468139648438
20.763208389282227,0.17620468139648438
20.773938179016113,0.17620468139648438
20.784656763076782,0.17620468139648438
20.795392513275146,0.17620468139648438
20.806121587753296,0.17620468139648438
20.816826105117798,0.17620468139648438
20.827547073364258,0.17620468139648438
20.838269472122192,0.17620468139648438
20.84899377822876,0.17620468139648438
20.859702587127686,0.17620468139648438
20.87043046951294,0.17620468139648438
20.881165027618408,0.17620468139648438
20.89187788963318,0.17620468139648438
20.902596712112427,0.17620468139648438
20.913328170776367,0.17620468139648438
20.924049139022827,0.17620468139648438
20.934751510620117,0.17620468139648438
20.945486545562744,0.17620468139648438
20.956209659576416,0.17620468139648438
20.966938734054565,0.17620468139648438
20.977656364440918,0.17620468139648438
20.988384246826172,0.17620468139648438
20.99912142753601,0.17620468139648438
21.009872913360596,0.17620468139648438
21.02059292793274,0.17620468139648438
21.031318187713623,0.17620468139648438
21.042052745819092,0.17620468139648438
21.052765607833862,0.17670822143554688
21.063499689102173,0.17725372314453125
21.07451343536377,0.4164314270019531
21.08541512489319,0.4315834045410156
21.09630560874939,0.431732177734375
21.10718560218811,0.431884765625
21.11807346343994,0.4321250915527344
21.128960371017456,0.4321250915527344
21.13982892036438,0.43236541748046875
21.150718450546265,0.43260955810546875
21.16159725189209,0.43285369873046875
21.17246699333191,0.43310546875
21.183377504348755,0.43310546875
21.194255828857422,0.4336090087890625
21.20513606071472,0.4337882995605469
21.216021299362183,0.4337882995605469
21.226885557174683,0.434234619140625
21.237757682800293,0.4344024658203125
21.2486412525177,0.4345817565917969
21.259525537490845,0.4345817565917969
21.27042245864868,0.4345817565917969
21.28129768371582,0.4347801208496094
21.292186737060547,0.43494415283203125
21.303085327148438,0.43494415283203125
21.313979864120483,0.43494415283203125
21.32485270500183,0.43494415283203125
21.33572769165039,0.43494415283203125
21.346608638763428,0.43494415283203125
21.357480764389038,0.43494415283203125
21.36836338043213,0.43494415283203125
21.37924885749817,0.43494415283203125
21.390146493911743,0.43494415283203125
21.40103507041931,0.43494415283203125
21.4119074344635,0.43494415283203125
21.42277479171753,0.43494415283203125
21.433659076690674,0.43494415283203125
21.44454002380371,0.43494415283203125
21.455414056777954,0.43494415283203125
21.466294527053833,0.43494415283203125
21.47717785835266,0.43494415283203125
21.48806405067444,0.43494415283203125
21.49894380569458,0.43494415283203125
21.509807109832764,0.43494415283203125
21.5206880569458,0.43494415283203125
21.531561136245728,0.43494415283203125
21.542428731918335,0.43494415283203125
21.55330514907837,0.43494415283203125
21.5641987323761,0.49626922607421875
21.575087785720825,0.5873603820800781
21.585988521575928,0.5500946044921875
21.596873998641968,0.5140533447265625
21.607752799987793,0.5257797241210938
21.618648767471313,0.5399551391601562
21.629544973373413,0.5591583251953125
21.640422105789185,0.656585693359375
21.651328563690186,0.7285919189453125
21.662216186523438,0.6227760314941406
21.673103094100952,0.6244659423828125
21.684008836746216,0.594482421875
21.694885730743408,0.604248046875
21.70574450492859,0.7190170288085938
21.716639757156372,0.8045501708984375
21.727527141571045,0.8137245178222656
21.738418579101562,0.8208389282226562
21.749327421188354,0.9103317260742188
21.760215044021606,0.8430557250976562
21.77111315727234,0.85675048828125
21.782007932662964,0.8998794555664062
21.79288911819458,1.0205764770507812
21.803725242614746,0.9649238586425781
21.81460404396057,1.0163040161132812
21.82550311088562,1.0579147338867188
21.836388111114502,1.1046524047851562
21.847272157669067,1.0553970336914062
21.858349800109863,1.0104141235351562
21.86923623085022,1.0577163696289062
21.880123376846313,1.1386032104492188
21.891018390655518,1.09063720703125
21.901905059814453,1.0321807861328125
21.912776947021484,1.08087158203125
21.92365336418152,1.1211090087890625
21.934540033340454,1.05938720703125
21.945416688919067,0.9859275817871094
21.95630931854248,1.0671005249023438
21.96719455718994,1.1163139343261719
21.97807765007019,1.1479034423828125
21.988966941833496,0.9754180908203125
21.999844312667847,1.0915145874023438
22.01070809364319,1.03961181640625
22.021596670150757,1.0726699829101562
22.032471179962158,1.1050071716308594
22.043352842330933,1.03399658203125
22.054238319396973,1.0576248168945312
22.065128087997437,1.0902481079101562
22.076210021972656,1.1091995239257812
22.08710551261902,1.0670051574707031
22.097986936569214,1.03765869140625
22.108859062194824,1.0668106079101562
22.119731187820435,1.1128425598144531
22.13061499595642,1.0440673828125
22.141493320465088,1.0492820739746094
22.152374982833862,1.0654754638671875
22.163263082504272,1.1466522216796875
22.174148321151733,1.06134033203125
22.185046195983887,1.0634841918945312
22.19597315788269,0.9900856018066406
22.20685386657715,1.0837020874023438
22.217713832855225,1.1006889343261719
22.228595733642578,1.084716796875
22.23948836326599,1.0082550048828125
22.25038981437683,1.0869140625
22.261275053024292,1.1202201843261719
22.27215886116028,1.0577278137207031
22.28304100036621,1.0199737548828125
22.293927907943726,1.0573348999023438
22.304808855056763,1.1006393432617188
22.315716981887817,1.1523513793945312
22.326597929000854,1.0645942687988281
22.337482452392578,0.9970855712890625
22.3483669757843,1.0653495788574219
22.359241485595703,1.1377983093261719
22.370131492614746,1.0349960327148438
22.381011962890625,1.0380401611328125
22.391882181167603,1.0784111022949219
22.40273356437683,1.088714599609375
22.413615465164185,1.0873947143554688
22.42449378967285,1.0260391235351562
22.43537735939026,1.0418930053710938
22.44627022743225,1.0854415893554688
22.457167863845825,1.1264572143554688
22.468042850494385,1.0318984985351562
22.47890877723694,1.0691719055175781
22.489734888076782,1.1126136779785156
22.50060796737671,1.1008949279785156
22.51148009300232,1.0297393798828125
22.52235698699951,1.0610771179199219
22.533235788345337,1.0845718383789062
22.544114589691162,1.1201248168945312
22.55500030517578,1.045074462890625
22.56586527824402,1.04156494140625
22.576732397079468,1.0705337524414062
22.587607622146606,1.067352294921875
22.59848165512085,1.137298583984375
22.60936188697815,1.03399658203125
22.620232820510864,1.0499687194824219
22.63114047050476,1.086883544921875
22.64202857017517,1.0723495483398438
22.652928352355957,1.0355033874511719
22.66381001472473,1.0421562194824219
22.67470097541809,1.071258544921875
22.685588836669922,1.1026535034179688
22.6964590549469,1.0850753784179688
22.707340240478516,1.0199851989746094
22.718259811401367,1.0123672485351562
22.729140281677246,1.0971603393554688
22.74003267288208,1.0971603393554688
22.75089693069458,1.0127143859863281
22.76174807548523,1.0418052673339844
22.772650241851807,1.0454597473144531
22.78353452682495,1.0944328308105469
22.79442548751831,1.0718460083007812
22.80531597137451,0.9982490539550781
22.816205978393555,1.022979736328125
22.827098846435547,1.1029434204101562
22.837985515594482,1.0850639343261719
22.8488609790802,1.0136680603027344
22.85974097251892,1.0400466918945312
22.870625257492065,1.0835838317871094
22.881511211395264,1.1106605529785156
22.892399549484253,1.1027946472167969
22.90329360961914,1.0136756896972656
22.9141788482666,1.0336875915527344
22.925069093704224,1.1089744567871094
22.9359610080719,1.1295890808105469
22.946837186813354,1.0788993835449219
22.957717895507812,1.0044097900390625
22.968596935272217,1.0065078735351562
22.979488134384155,1.136505126953125
22.990378379821777,1.0893478393554688
23.00137209892273,1.0811347961425781
23.012274980545044,1.0553359985351562
23.023160934448242,1.05352783203125
23.034045934677124,1.0806427001953125
23.044907569885254,1.0594482421875
23.055781841278076,1.0950393676757812
23.066659688949585,1.0537757873535156
23.077534437179565,1.0706863403320312
23.08841586112976,1.1007499694824219
23.099302768707275,1.0973358154296875
23.110188484191895,1.1157608032226562
23.121071577072144,1.079071044921875
23.131959199905396,1.0329971313476562
23.14281725883484,1.0715484619140625
23.153700828552246,1.0690536499023438
23.164591789245605,1.0609512329101562
23.175483465194702,0.9982490539550781
23.186354637145996,1.0696792602539062
23.19722318649292,1.1146621704101562
23.208127975463867,1.1085128784179688
23.219014883041382,1.0510406494140625
23.23007321357727,1.003662109375
23.24095320701599,1.1043739318847656
23.251824378967285,1.0591697692871094
23.2627112865448,1.0084609985351562
23.27359104156494,1.0065078735351562
23.284484386444092,1.1049728393554688
23.295362949371338,1.0733718872070312
23.30625009536743,1.038848876953125
23.317135334014893,1.0954208374023438
23.328018188476562,1.1012420654296875
23.338889360427856,1.0665473937988281
23.349719285964966,1.0706901550292969
23.36062002182007,1.0675468444824219
23.371503591537476,1.1188201904296875
23.38240098953247,1.1182670593261719
23.393279552459717,1.0653877258300781
23.404162406921387,1.0651359558105469
23.41505217552185,1.1182670593261719
23.42592716217041,1.1143608093261719
23.4368097782135,1.0692939758300781
23.447692155838013,1.065399169921875
23.458616733551025,1.1163253784179688
23.469504833221436,1.0794486999511719
23.48039197921753,1.0104103088378906
23.491266012191772,1.0355758666992188
23.502153396606445,1.1088790893554688
23.51304268836975,1.1073760986328125
23.523913621902466,1.0045547485351562
23.534807205200195,1.1149368286132812
23.545682668685913,1.0417251586914062
23.556562900543213,1.0221328735351562
23.567442417144775,1.093048095703125
23.57832646369934,1.0596160888671875
23.589203596115112,1.0258331298828125
23.600088357925415,1.0295333862304688
23.61096954345703,1.1252670288085938
23.62182855606079,1.0528831481933594
23.63270926475525,0.9888381958007812
23.643582820892334,1.0418167114257812
23.654458045959473,1.0957870483398438
23.665334463119507,1.1028480529785156
23.67622399330139,1.0750961303710938
23.687098741531372,1.083160400390625
23.6979763507843,1.0948410034179688
23.70883560180664,1.0549468994140625
23.719717264175415,1.067352294921875
23.73063325881958,1.1321334838867188
23.74152445793152,1.1008949279785156
23.75240182876587,1.0065078735351562
23.763277530670166,1.1127853393554688
23.77416491508484,1.0916519165039062
23.785054445266724,1.0121612548828125
23.795931577682495,1.0305404663085938
23.80680537223816,1.1314773559570312
23.817702531814575,1.0989418029785156
23.82857894897461,1.0672950744628906
23.839457035064697,1.1309738159179688
23.85033631324768,1.0989418029785156
23.861229181289673,1.0653419494628906
23.87212085723877,1.0994606018066406
23.88302493095398,1.0689353942871094
23.893892765045166,1.0219383239746094
23.904771089553833,1.0451812744140625
23.91565775871277,1.09625244140625
23.92652726173401,1.0769462585449219
23.93740439414978,1.0338821411132812
23.948286533355713,1.0733413696289062
23.95916199684143,1.108642578125
23.970049142837524,1.0889663696289062
23.980910062789917,1.111114501953125
23.99180030822754,1.0815353393554688
24.00268864631653,1.0967788696289062
24.013572454452515,1.0931205749511719
24.02447247505188,1.0811195373535156
24.035365104675293,1.0655937194824219
24.046259880065918,1.0914764404296875
24.05715274810791,1.1477088928222656
24.06804656982422,1.1260795593261719
24.078941822052002,1.0715484619140625
24.089836597442627,1.0951309204101562
24.100728750228882,1.0922012329101562
24.11162257194519,1.028045654296875
24.12251901626587,1.0451812744140625
24.13340973854065,1.0707168579101562
24.144304275512695,1.0358505249023438
24.15521001815796,1.0160789489746094
24.16610074043274,1.1260910034179688
24.176994800567627,1.0714530944824219
24.18787455558777,1.0201797485351562
24.198752880096436,1.0966415405273438
24.209647178649902,1.1157875061035156
24.220531463623047,1.015716552734375
24.231409072875977,1.0471115112304688
24.242295026779175,1.0726470947265625
24.253177404403687,1.0292930603027344
24.264067888259888,1.0331993103027344
24.274960041046143,1.0609283447265625
24.28583598136902,1.0316925048828125
24.296721696853638,1.0432052612304688
24.30760359764099,1.1143608093261719
24.318657636642456,1.0301933288574219
24.329543113708496,1.0886192321777344
24.340415239334106,1.1129608154296875
24.351311206817627,1.0538749694824219
24.362196683883667,1.0670051574707031
24.373075246810913,1.0674819946289062
24.383946895599365,1.0693817138671875
24.39481282234192,1.097015380859375
24.40570569038391,1.034027099609375
24.41658639907837,1.07305908203125
24.42747473716736,1.0182266235351562
24.438356637954712,1.0500030517578125
24.449238538742065,1.0823249816894531
24.460119485855103,1.0679244995117188
24.471013069152832,1.1211128234863281
24.48188042640686,1.0984344482421875
24.492724180221558,1.196441650390625
24.503594398498535,1.1197509765625
24.51448678970337,1.1178817749023438
24.52537202835083,1.1517715454101562
24.53625988960266,1.1590080261230469
24.547155141830444,1.0986328125
24.558159589767456,1.0975074768066406
24.569038152694702,1.1093368530273438
24.579904794692993,1.1808967590332031
24.590768337249756,1.0869140625
24.60164761543274,1.1149063110351562
24.612533807754517,1.1798934936523438
24.623408794403076,1.1252708435058594
24.63429570198059,1.1822013854980469
24.645161867141724,1.17333984375
24.656035661697388,1.1987762451171875
24.66690444946289,1.2192153930664062
24.67798662185669,1.273681640625
24.68886923789978,1.2206001281738281
24.69974184036255,1.2319793701171875
24.71062159538269,1.242431640625
24.721498727798462,1.1851997375488281
24.732383728027344,1.2819290161132812
24.743260622024536,1.184356689453125
24.754136085510254,1.2055435180664062
24.765026569366455,1.2213516235351562
24.7759006023407,1.2170677185058594
24.78677272796631,1.2581710815429688
24.797659158706665,1.1868438720703125
24.808537006378174,1.25335693359375
24.81941318511963,1.2358741760253906
24.83029055595398,1.246337890625
24.841187477111816,1.2264595031738281
24.852067232131958,1.2358741760253906
24.862966537475586,1.250244140625
24.873836755752563,1.1910591125488281
24.88471269607544,1.2479438781738281
24.895606517791748,1.1750946044921875
24.90648889541626,1.283447265625
24.91736936569214,1.2144012451171875
24.92825722694397,1.15997314453125
24.9391348361969,1.2567596435546875
24.95001459121704,1.1688308715820312
24.96088194847107,1.2296676635742188
24.971758365631104,1.2141494750976562
24.982633590698242,1.226806640625
24.99353289604187,1.24945068359375
25.004417657852173,1.2121963500976562
25.01530647277832,1.2053985595703125
25.026178121566772,1.2270278930664062
25.03705620765686,1.2356338500976562
25.047932624816895,1.1741485595703125
25.05879545211792,1.24359130859375
25.069671869277954,1.2186851501464844
25.08054828643799,1.20233154296875
25.091429233551025,1.2633743286132812
25.102306842803955,1.1712875366210938
25.113197326660156,1.2264595031738281
25.124075889587402,1.1972846984863281
25.134992837905884,1.2111587524414062
25.145864486694336,1.2268867492675781
25.156742572784424,1.1857681274414062
25.16762900352478,1.2057151794433594
25.17850422859192,1.1901130676269531
25.189382076263428,1.2414436340332031
25.20026969909668,1.1856155395507812
25.2111394405365,1.25531005859375
25.222030878067017,1.2845573425292969
25.23290514945984,1.1908073425292969
25.24374270439148,1.2430877685546875
25.2546226978302,1.1495513916015625
25.265506744384766,1.2570419311523438
25.276397228240967,1.200042724609375
25.287274599075317,1.2144012451171875
25.298185110092163,1.2321243286132812
25.30907416343689,1.194183349609375
25.31995940208435,1.2124481201171875
25.330829620361328,1.2454490661621094
25.34170889854431,1.2065887451171875
25.352597951889038,1.1514091491699219
25.363479137420654,1.2264595031738281
25.374370574951172,1.2809524536132812
25.385247230529785,1.1847076416015625
25.396143436431885,1.24554443359375
25.40703797340393,1.1524505615234375
25.417912006378174,1.258056640625
25.428813457489014,1.1922073364257812
25.43972373008728,1.1724357604980469
25.45059585571289,1.2835807800292969
25.461477994918823,1.1575050354003906
25.472357273101807,1.1760902404785156
25.483242750167847,1.2874870300292969
25.494125604629517,1.2092361450195312
25.50501275062561,1.1485061645507812
25.51588487625122,1.22406005859375
25.526734352111816,1.2794227600097656
25.537621021270752,1.1746902465820312
25.54850125312805,1.2565383911132812
25.559386014938354,1.2389984130859375
25.570255756378174,1.2297744750976562
25.58114790916443,1.1621780395507812
25.59203815460205,1.1785011291503906
25.602912664413452,1.28851318359375
25.613802671432495,1.2001304626464844
25.624678134918213,1.2177047729492188
25.635563850402832,1.28851318359375
25.646462440490723,1.2401313781738281
25.657347202301025,1.2453994750976562
25.668242931365967,1.2428741455078125
25.679131746292114,1.25726318359375
25.690119743347168,1.1571121215820312
25.70100736618042,1.2201499938964844
25.711872816085815,1.2411231994628906
25.72273278236389,1.2282562255859375
25.733620166778564,1.2037849426269531
25.74449610710144,1.21978759765625
25.755375146865845,1.2589645385742188
25.766263723373413,1.2189140319824219
25.777149200439453,1.1785964965820312
25.788031101226807,1.2531051635742188
25.798895835876465,1.2728385925292969
25.809734106063843,1.2355842590332031
25.82060980796814,1.23046875
25.831491708755493,1.246490478515625
25.842386960983276,1.1427536010742188
25.853264331817627,1.244384765625
25.864169359207153,1.2042884826660156
25.87505865097046,1.1902656555175781
25.885960578918457,1.2060356140136719
25.896841526031494,1.1810531616210938
25.907715320587158,1.2497024536132812
25.91859722137451,1.2158126831054688
25.92948579788208,1.1751937866210938
25.940359354019165,1.2457962036132812
25.951236486434937,1.2672805786132812
25.96222186088562,1.2261199951171875
25.97309684753418,1.2222137451171875
25.9839825630188,1.2808837890625
25.994850873947144,1.2047882080078125
26.005731344223022,1.224700927734375
26.016613006591797,1.2082901000976562
26.02749514579773,1.1524124145507812
26.038376569747925,1.2931365966796875
26.049251079559326,1.1419868469238281
26.060118436813354,1.2214088439941406
26.071077346801758,1.2723655700683594
26.0819571018219,1.163116455078125
26.09282946586609,1.2042770385742188
26.103710651397705,1.22601318359375
26.114593982696533,1.1902542114257812
26.125467538833618,1.2241554260253906
26.136383533477783,1.2914047241210938
26.147263288497925,1.1457443237304688
26.15815806388855,1.2515411376953125
26.169029474258423,1.2375869750976562
26.179895162582397,1.1582717895507812
26.190747022628784,1.281494140625
26.20164203643799,1.1256217956542969
26.212528228759766,1.2011337280273438
26.223408460617065,1.2579498291015625
26.234294652938843,1.122467041015625
26.24517273902893,1.2055435180664062
26.25607395172119,1.22991943359375
26.266951084136963,1.1897735595703125
26.277817487716675,1.2239151000976562
26.28870463371277,1.2699203491210938
26.299591779708862,1.2703819274902344
26.310469150543213,1.2188491821289062
26.32134246826172,1.204132080078125
26.332234859466553,1.2681770324707031
26.34311270713806,1.211944580078125
26.353995323181152,1.1422500610351562
26.364864826202393,1.2226181030273438
26.37574052810669,1.1952743530273438
26.386630058288574,1.1539688110351562
26.397509574890137,1.1991806030273438
26.40838646888733,1.2657699584960938
26.41926336288452,1.225006103515625
26.430135488510132,1.2027206420898438
26.44101905822754,1.2357177734375
26.45188021659851,1.2425460815429688
26.462748289108276,1.1886138916015625
26.473629236221313,1.1783065795898438
26.484510898590088,1.2347335815429688
26.49539041519165,1.260009765625
26.506266355514526,1.1829986572265625
26.517310619354248,1.2305679321289062
26.52818274497986,1.2933578491210938
26.53905415534973,1.2160072326660156
26.54993176460266,1.1627197265625
26.560800313949585,1.208526611328125
26.571681261062622,1.194183349609375
26.582590341567993,1.1629714965820312
26.593475818634033,1.202911376953125
26.604349851608276,1.1489524841308594
26.615224361419678,1.1511573791503906
26.626117706298828,1.2123794555664062
26.636993169784546,1.2667465209960938
26.647871732711792,1.1986236572265625
26.658746004104614,1.2064361572265625
26.669617652893066,1.2122955322265625
26.680503368377686,1.2181549072265625
26.691383838653564,1.2259674072265625
26.702258348464966,1.2318267822265625
26.713135242462158,1.2376861572265625
26.724023818969727,1.2454986572265625
26.734981775283813,1.2953071594238281
26.745866298675537,1.29327392578125
26.756755113601685,1.30499267578125
26.767645597457886,1.31280517578125
26.778533220291138,1.3665084838867188
26.789424657821655,1.3703422546386719
26.800331115722656,1.3940238952636719
26.811240196228027,1.4193267822265625
26.822131872177124,1.4510726928710938
26.833034992218018,1.4779052734375
26.84393858909607,1.4587783813476562
26.85498046875,1.5177841186523438
26.8658664226532,1.5671043395996094
26.87674641609192,1.6076545715332031
26.887645721435547,1.5455245971679688
26.898531913757324,1.5467262268066406
26.909423112869263,1.6047134399414062
26.920316696166992,1.535614013671875
26.93121838569641,1.5032615661621094
26.942099809646606,1.547576904296875
26.953006982803345,1.5969009399414062
26.96388816833496,1.5962982177734375
26.97473406791687,1.5455245971679688
26.985613107681274,1.5447731018066406
26.996490478515625,1.5882377624511719
27.00736689567566,1.5305099487304688
27.018258333206177,1.5448112487792969
27.029154539108276,1.5982856750488281
27.040045738220215,1.616790771484375
27.0509135723114,1.6480064392089844
27.06180691719055,1.6702842712402344
27.072705268859863,1.7055206298828125
27.083599090576172,1.7449493408203125
27.094483375549316,1.7805976867675781
27.105357885360718,1.798065185546875
27.116238355636597,1.8645248413085938
27.127130270004272,1.9223823547363281
27.138017654418945,1.9005584716796875
27.148886919021606,1.5342178344726562
27.159733772277832,1.3494606018066406
27.170608520507812,1.3369789123535156
27.181488275527954,1.3730049133300781
27.192373514175415,0.6681251525878906
27.20325016975403,0.6718292236328125
27.2141273021698,0.6721229553222656
27.22500777244568,0.6721229553222656
27.235869884490967,0.6721229553222656
27.24673867225647,0.6721229553222656
27.257625579833984,0.6721229553222656
27.268497705459595,0.6721229553222656
27.279370546340942,0.6721229553222656
27.290247440338135,0.6721229553222656
27.301130294799805,0.6721229553222656
27.31201934814453,0.6721229553222656
27.32287883758545,0.6721229553222656
27.333762884140015,0.6721229553222656
27.344637393951416,0.6721229553222656
27.355510473251343,0.6721229553222656
27.366401195526123,0.6721229553222656
27.377272129058838,0.6721229553222656
27.388147354125977,0.6721229553222656
27.39902687072754,0.6721229553222656
27.409899473190308,0.6721229553222656
27.420777082443237,0.6721229553222656
27.431659698486328,0.6721229553222656
27.442537546157837,0.6721229553222656
27.45340585708618,0.6721229553222656
27.464281797409058,0.6721229553222656
27.475160598754883,0.6721229553222656
27.486037254333496,0.6721229553222656
27.49689483642578,0.6721229553222656
27.507757425308228,0.6721229553222656
27.518634796142578,0.6721229553222656
27.52950954437256,0.6721229553222656
27.540392875671387,0.6721229553222656
27.551270723342896,0.6721229553222656
27.56214737892151,0.6721229553222656
27.573023080825806,0.6721229553222656
27.583914279937744,0.6721229553222656
27.594789028167725,0.6721229553222656
27.605669736862183,0.6721229553222656
27.616548776626587,0.6721229553222656
27.62742829322815,0.6721229553222656
27.638301849365234,0.6721229553222656
27.649177312850952,0.6721229553222656
27.660056352615356,0.6721229553222656
27.670934915542603,0.6721229553222656
27.681825399398804,0.6721229553222656
27.69271183013916,0.6721229553222656
27.703588724136353,0.6721229553222656
27.714468240737915,0.6721229553222656
27.725345849990845,0.6721229553222656
27.736233711242676,0.6721229553222656
27.74710965156555,0.6721229553222656
27.757999420166016,0.6721229553222656
27.76888918876648,0.6721229553222656
27.77978229522705,0.6721229553222656
27.790658473968506,0.6721229553222656
27.801533937454224,0.6721229553222656
27.812419891357422,0.6721229553222656
27.82329559326172,0.6721229553222656
27.834187507629395,0.6721229553222656
27.845065593719482,0.6721229553222656
27.855956554412842,0.6721229553222656
27.866825580596924,0.6721229553222656
27.877706050872803,0.6721229553222656
27.888582706451416,0.6721229553222656
27.899466276168823,0.6722869873046875
27.910351037979126,0.6722869873046875
27.921252965927124,0.6722869873046875
27.932137727737427,0.6725196838378906
27.943017959594727,0.6725196838378906
27.953877925872803,0.6725196838378906
27.96473717689514,0.6725196838378906
27.975623846054077,0.6725196838378906
27.986520051956177,0.6725196838378906
27.99740242958069,0.6725196838378906
28.008281707763672,0.6725196838378906
28.019174337387085,0.6725196838378906
28.03006362915039,0.6725196838378906
28.040960550308228,0.6725196838378906
28.05183744430542,0.6725196838378906
28.062711715698242,0.6725196838378906
28.0735867023468,0.6725196838378906
28.08446455001831,0.6725196838378906
28.09534454345703,0.6725196838378906
28.10623049736023,0.6725196838378906
28.117116689682007,0.6725196838378906
28.128008365631104,0.6725196838378906
28.138878107070923,0.6725196838378906
28.149744272232056,0.6725196838378906
28.160617113113403,0.6725196838378906
28.171497344970703,0.6725196838378906
28.18240976333618,0.6725196838378906
28.19328474998474,0.6725196838378906
28.204160451889038,0.6725196838378906
28.21503734588623,0.6725196838378906
28.225908041000366,0.6725196838378906
28.236788272857666,0.6725196838378906
28.24768352508545,0.6725196838378906
28.25855541229248,0.6725196838378906
28.26943349838257,0.6725196838378906
28.280309438705444,0.6725196838378906
28.291179656982422,0.6725196838378906
28.302053689956665,0.6725196838378906
28.312949419021606,0.6725196838378906
28.323832750320435,0.6725196838378906
28.334709405899048,0.6725196838378906
28.345584869384766,0.6725196838378906
28.35645890235901,0.6725196838378906
28.36733603477478,0.6725196838378906
28.378215074539185,0.6725196838378906
28.3890962600708,0.6725196838378906
28.39997148513794,0.6725196838378906
28.41085147857666,0.6725196838378906
28.42172408103943,0.6725196838378906
28.432610750198364,0.6725196838378906
28.44349241256714,0.6725196838378906
28.45437216758728,0.6725196838378906
28.46524977684021,0.6725196838378906
28.476134300231934,0.6725196838378906
28.48702836036682,0.6725196838378906
28.497892141342163,0.6725196838378906
28.508798599243164,0.6725196838378906
28.519684314727783,0.6725196838378906
28.530564785003662,0.6725196838378906
28.541450023651123,0.6725196838378906
28.552324771881104,0.6725196838378906
28.56320595741272,0.6725196838378906
28.574095487594604,0.6725196838378906
28.585008144378662,0.6725196838378906
28.595879793167114,0.6725196838378906
28.606748819351196,0.6725196838378906
28.617623567581177,0.6725196838378906
28.628509044647217,0.6725196838378906
28.63939380645752,0.6725196838378906
28.650287628173828,0.6725196838378906
28.66116762161255,0.6725196838378906
28.67205309867859,0.6725196838378906
28.682936191558838,0.6725196838378906
28.693811178207397,0.6725196838378906
28.704694747924805,0.6725196838378906
28.715574979782104,0.6725196838378906
28.72645878791809,0.6725196838378906
28.737347841262817,0.6725196838378906
28.748228788375854,0.6725196838378906
28.759100437164307,0.6725196838378906
28.769970893859863,0.6725196838378906
28.780841588974,0.6725196838378906
28.791714191436768,0.6725196838378906
28.80259871482849,0.6725196838378906
28.813481330871582,0.6725196838378906
28.824366331100464,0.6725196838378906
28.835246801376343,0.6725196838378906
28.846132516860962,0.6725196838378906
28.85702133178711,0.6725196838378906
28.86789059638977,0.6725196838378906
28.878769159317017,0.6725196838378906
28.889662742614746,0.6725196838378906
28.900555849075317,0.6725196838378906
28.911428451538086,0.6725196838378906
28.92230486869812,0.6725196838378906
28.93320345878601,0.6725196838378906
28.944074630737305,0.6725196838378906
28.95495843887329,0.6725196838378906
28.96581506729126,0.6725196838378906
28.976688146591187,0.6725196838378906
28.98756432533264,0.6725196838378906
28.9984393119812,0.6725196838378906
29.009321451187134,0.6725196838378906
29.020214796066284,0.6725196838378906
29.03109574317932,0.6725196838378906
29.041977643966675,0.6725196838378906
29.052855968475342,0.6725196838378906
29.063740491867065,0.6725196838378906
29.074636936187744,0.6725196838378906
29.08552050590515,0.6725196838378906
29.09640121459961,0.6725196838378906
29.10728406906128,0.6725196838378906
29.118170261383057,0.6725196838378906
29.129070520401,0.6725196838378906
29.13995122909546,0.6725196838378906
29.15082883834839,0.6725196838378906
29.16170597076416,0.6725196838378906
29.17260980606079,0.6725196838378906
29.18349528312683,0.6725196838378906
29.194390058517456,0.6725196838378906
29.20527195930481,0.6725196838378906
29.21616506576538,0.6725196838378906
29.22706365585327,0.6725196838378906
29.23794436454773,0.6725196838378906
29.248828649520874,0.6725196838378906
29.259711980819702,0.6725196838378906
29.270591974258423,0.6725196838378906
29.281460762023926,0.6725196838378906
29.29234552383423,0.6725196838378906
29.303219318389893,0.6725196838378906
29.31410026550293,0.6725196838378906
29.324988842010498,0.6725196838378906
29.335850954055786,0.6725196838378906
29.346728801727295,0.6725196838378906
29.35760521888733,0.6725196838378906
29.3684823513031,0.6725196838378906
29.379355669021606,0.6725196838378906
29.39023232460022,0.6725196838378906
29.401106595993042,0.6725196838378906
29.411993265151978,0.6725196838378906
29.42285680770874,0.6725196838378906
29.433714628219604,0.6725196838378906
29.44458818435669,0.6725196838378906
29.455461740493774,0.6725196838378906
29.4663348197937,0.6725196838378906
29.477206468582153,0.6725196838378906
29.48808193206787,0.6725196838378906
29.498969554901123,0.6725196838378906
29.509838342666626,0.6725196838378906
29.520711421966553,0.6725196838378906
29.53158450126648,0.6725196838378906
29.54246735572815,0.6725196838378906
29.55334186553955,0.6725196838378906
29.56422185897827,0.6725196838378906
29.575095415115356,0.6725196838378906
29.58600091934204,0.6727256774902344
29.59686303138733,0.6727256774902344
29.60774326324463,0.6727256774902344
29.61862087249756,0.6727256774902344
29.629501342773438,0.6727256774902344
29.640386819839478,0.6727256774902344
29.651281356811523,0.6727256774902344
29.662161350250244,0.6727256774902344
29.67304301261902,0.6727256774902344
29.68393898010254,0.6727256774902344
29.69480013847351,0.6727256774902344
29.70567750930786,0.672943115234375
29.716563940048218,0.672943115234375
29.72744059562683,0.672943115234375
29.738322019577026,0.672943115234375
29.74919581413269,0.672943115234375
29.760068655014038,0.672943115234375
29.770957708358765,0.672943115234375
29.781827211380005,0.672943115234375
29.792705535888672,0.672943115234375
29.803587198257446,0.672943115234375
29.814473390579224,0.672943115234375
29.82534623146057,0.672943115234375
29.83622670173645,0.672943115234375
29.847116231918335,0.672943115234375
29.85801649093628,0.672943115234375
29.8688747882843,0.672943115234375
29.879743814468384,0.672943115234375
29.890631675720215,0.672943115234375
29.901509284973145,0.672943115234375
29.91239619255066,0.672943115234375
29.92328143119812,0.672943115234375
29.93416953086853,0.672943115234375
29.94504475593567,0.672943115234375
29.955912590026855,0.672943115234375
29.96678328514099,0.672943115234375
29.977652072906494,0.672943115234375
29.988529443740845,0.672943115234375
29.999406099319458,0.672943115234375
30.01027798652649,0.672943115234375
30.02116060256958,0.672943115234375
30.0320303440094,0.672943115234375
30.04290270805359,0.672943115234375
30.053762912750244,0.672943115234375
30.064640760421753,0.672943115234375
30.075517416000366,0.672943115234375
30.086388111114502,0.672943115234375
30.097262382507324,0.672943115234375
30.108139038085938,0.672943115234375
30.119033813476562,0.672943115234375
30.12990379333496,0.672943115234375
30.1407790184021,0.672943115234375
30.151651859283447,0.672943115234375
30.162522554397583,0.672943115234375
30.173404216766357,0.672943115234375
30.184288024902344,0.672943115234375
30.195164442062378,0.672943115234375
30.20605492591858,0.672943115234375
30.21693229675293,0.672943115234375
30.227795124053955,0.672943115234375
30.238667726516724,0.672943115234375
30.249552249908447,0.672943115234375
30.260422468185425,0.672943115234375
30.271310567855835,0.672943115234375
30.2821843624115,0.672943115234375
30.29306173324585,0.672943115234375
30.303947687149048,0.672943115234375
30.31483268737793,0.672943115234375
30.325711727142334,0.672943115234375
30.336589097976685,0.672943115234375
30.347487211227417,0.672943115234375
30.358360290527344,0.672943115234375
30.369234085083008,0.672943115234375
30.38010311126709,0.672943115234375
30.39098834991455,0.672943115234375
30.40186619758606,0.672943115234375
30.41272497177124,0.672943115234375
30.423600435256958,0.672943115234375
30.434473752975464,0.672943115234375
30.44535255432129,0.672943115234375
30.45623540878296,0.672943115234375
30.467114448547363,0.672943115234375
30.478015899658203,0.672943115234375
30.488911390304565,0.672943115234375
30.499792098999023,0.672943115234375
30.510679721832275,0.672943115234375
30.52155613899231,0.672943115234375
30.532443523406982,0.672943115234375
30.543330430984497,0.672943115234375
30.55421209335327,0.672943115234375
30.56510639190674,0.672943115234375
30.575979709625244,0.672943115234375
30.586855173110962,0.672943115234375
30.597727298736572,0.672943115234375
30.608608722686768,0.672943115234375
30.619489669799805,0.672943115234375
30.630373001098633,0.672943115234375
30.64124846458435,0.672943115234375
30.652138233184814,0.672943115234375
30.663033962249756,0.672943115234375
30.673903226852417,0.672943115234375
30.684789657592773,0.672943115234375
30.69566822052002,0.672943115234375
30.706558227539062,0.672943115234375
30.71744680404663,0.672943115234375
30.728328943252563,0.672943115234375
30.739217042922974,0.672943115234375
30.75010871887207,0.672943115234375
30.7609806060791,0.672943115234375
30.771836042404175,0.672943115234375
30.782708406448364,0.672943115234375
30.793590784072876,0.672943115234375
30.80447244644165,0.672943115234375
30.81536078453064,0.672943115234375
30.82623791694641,0.672943115234375
30.837125778198242,0.672943115234375
30.84802556037903,0.6094322204589844
30.858946561813354,0.5613365173339844
30.869812726974487,0.5613365173339844
30.880695343017578,0.5613365173339844
30.89158010482788,0.5613365173339844
30.902463912963867,0.456787109375
30.913357734680176,0.4497222900390625
30.924241304397583,0.44974517822265625
30.93512749671936,0.44974517822265625
30.94601559638977,0.44974517822265625
30.956886529922485,0.4519691467285156
30.967718601226807,0.4519691467285156
30.97861909866333,0.4519767761230469
30.989500522613525,0.4519767761230469
31.000385284423828,0.4519767761230469
31.011263847351074,0.4537200927734375
31.022156238555908,0.4537200927734375
31.033047199249268,0.473663330078125
31.04391050338745,0.5346946716308594
31.05479669570923,0.5049591064453125
31.065688133239746,0.5227890014648438
31.07656455039978,0.4998931884765625
31.087465524673462,0.5467681884765625
31.098339080810547,0.6615257263183594
31.109219789505005,0.6310577392578125
31.120123386383057,0.6310577392578125
31.13101553916931,0.6429519653320312
31.141887187957764,0.7951431274414062
31.15275239944458,0.7556915283203125
31.16362762451172,0.7451705932617188
31.17453169822693,0.8306503295898438
31.185441970825195,0.9010543823242188
31.196322202682495,0.9641952514648438
31.207194089889526,0.9349708557128906
31.21807360649109,0.989837646484375
31.228956699371338,1.0567855834960938
31.239825963974,1.069091796875
31.250694751739502,1.046875
31.2615704536438,1.1155242919921875
31.27244997024536,1.1276397705078125
31.283334732055664,1.0541648864746094
31.29425024986267,1.0810661315917969
31.305137634277344,1.1808700561523438
31.31602454185486,1.060089111328125
31.326884984970093,1.074005126953125
31.337753534317017,1.1396102905273438
31.348641395568848,1.0422592163085938
31.35953378677368,1.0208473205566406
31.37041139602661,1.0875434875488281
31.381289958953857,1.1782455444335938
31.392188787460327,1.0291900634765625
31.403077840805054,1.062042236328125
31.414129734039307,1.082916259765625
31.425015687942505,1.0173149108886719
31.435872316360474,1.032745361328125
31.44672679901123,1.10565185546875
31.457610607147217,1.082916259765625
31.468480587005615,1.0565338134765625
31.479354858398438,1.1293411254882812
31.490238189697266,1.0703506469726562
31.50112295150757,1.1276092529296875
31.511995315551758,1.1195297241210938
31.522871732711792,1.1632919311523438
31.533754348754883,1.1603889465332031
31.544631481170654,1.0941390991210938
31.55551290512085,1.1199264526367188
31.566399097442627,1.1390724182128906
31.577284336090088,1.1076431274414062
31.58815860748291,1.0864791870117188
31.59904646873474,1.10760498046875
31.609941720962524,1.089752197265625
31.620826721191406,1.1055068969726562
31.63171625137329,1.101898193359375
31.64259386062622,1.1157760620117188
31.653467655181885,1.0152740478515625
31.664342880249023,1.08978271484375
31.675243139266968,1.1417999267578125
31.686131954193115,1.0350570678710938
31.697017669677734,1.0605926513671875
31.707904815673828,1.0841751098632812
31.718783855438232,1.0547332763671875
31.729670524597168,1.0359001159667969
31.7405424118042,1.1178741455078125
31.751423120498657,1.0570259094238281
31.762304544448853,1.026885986328125
31.77318549156189,1.1374053955078125
31.784072637557983,1.0823211669921875
31.794960021972656,1.0564346313476562
31.80583930015564,1.0840225219726562
31.816725254058838,1.1828231811523438
31.827618837356567,0.9837722778320312
31.838504314422607,1.0957412719726562
31.8494074344635,1.1335983276367188
31.860289096832275,1.0990409851074219
31.871195316314697,1.0890274047851562
31.88208556175232,1.107452392578125
31.892968893051147,1.1273880004882812
31.90384793281555,1.1094131469726562
31.914729356765747,1.1199264526367188
31.925612688064575,1.0675468444824219
31.93649435043335,1.0859756469726562
31.947373628616333,1.0470199584960938
31.958271265029907,1.1139678955078125
31.96916389465332,1.1328620910644531
31.98005247116089,1.0696945190429688
31.99092745780945,1.0900993347167969
32.00183296203613,1.1120719909667969
32.01271295547485,1.079864501953125
32.02359104156494,1.0603065490722656
32.03446650505066,1.0853385925292969
32.04534602165222,1.062225341796875
32.0562219619751,1.0539779663085938
32.067105531692505,1.1128616333007812
32.077977418899536,1.1001510620117188
32.08884263038635,1.0817909240722656
32.09971880912781,1.1213836669921875
32.11059212684631,1.1393585205078125
32.12146806716919,1.0281829833984375
32.1323459148407,1.0546646118164062
32.143234968185425,1.1140060424804688
32.154112100601196,1.1145095825195312
32.164990186691284,1.0868263244628906
32.175856828689575,1.1394577026367188
32.186729192733765,1.0781631469726562
32.19760346412659,1.0609321594238281
32.208481550216675,1.1511764526367188
32.21934747695923,1.0625457763671875
32.230217695236206,1.0329971313476562
32.24110150337219,1.0610275268554688
32.251991510391235,1.1653671264648438
32.26287770271301,1.0970726013183594
32.2737512588501,1.060333251953125
32.28463697433472,1.1252899169921875
32.29551720619202,1.056182861328125
32.306418657302856,1.0817184448242188
32.31729221343994,1.0969314575195312
32.328160762786865,1.1236724853515625
32.33903431892395,1.1094131469726562
32.34991002082825,1.1179733276367188
32.36079263687134,1.0305404663085938
32.37166237831116,1.1492233276367188
32.382537603378296,1.0450668334960938
32.393413066864014,1.1198272705078125
32.40430045127869,1.0915756225585938
32.415196895599365,1.0801315307617188
32.426069259643555,1.0937881469726562
32.436954736709595,1.0609321594238281
32.447818756103516,1.1285209655761719
32.45868682861328,1.0588226318359375
32.469578981399536,1.0753211975097656
32.48045229911804,1.1140670776367188
32.491331338882446,1.0921745300292969
32.502211570739746,1.1488151550292969
32.51310205459595,1.0962448120117188
32.52397918701172,1.0718002319335938
32.534844636917114,1.1023483276367188
32.54572129249573,1.12518310546875
32.55660676956177,1.13104248046875
32.56747817993164,1.1140670776367188
32.57836985588074,1.0801239013671875
32.58924388885498,1.0901336669921875
32.600117444992065,1.0783157348632812
32.61100697517395,1.0875587463378906
32.621869802474976,1.0798377990722656
32.632750511169434,1.0995140075683594
32.64362835884094,1.1004867553710938
32.654505252838135,1.055419921875
32.66537690162659,1.1116180419921875
32.67625975608826,1.0617904663085938
32.68714737892151,1.0558242797851562
32.69803786277771,1.1057586669921875
32.708897829055786,1.056182861328125
32.71976184844971,1.026885986328125
32.73064684867859,1.042510986328125
32.74152374267578,1.1547317504882812
32.75239396095276,1.0757064819335938
32.76328086853027,1.057403564453125
32.7741584777832,1.1236648559570312
32.78513836860657,1.1244316101074219
32.79601335525513,1.0723190307617188
32.80688834190369,1.0564308166503906
32.81775212287903,1.0756072998046875
32.828630208969116,1.1394577026367188
32.839521169662476,1.0703506469726562
32.85041117668152,1.0628852844238281
32.861297845840454,1.1243705749511719
32.872183322906494,1.0504226684570312
32.883081912994385,1.11932373046875
32.89397931098938,1.1235847473144531
32.904852628707886,1.0878944396972656
32.91573095321655,1.1121139526367188
32.926613569259644,1.1332130432128906
32.93749213218689,1.14080810546875
32.948365211486816,1.0881805419921875
32.95924782752991,1.064239501953125
32.97014617919922,1.0920867919921875
32.98104166984558,1.11517333984375
32.99189853668213,1.10369873046875
33.00277066230774,1.0930252075195312
33.013649463653564,1.0742645263671875
33.02452349662781,1.0881805419921875
33.03540062904358,1.0727081298828125
33.04627799987793,1.0481681823730469
33.057170391082764,1.0720252990722656
33.06804800033569,1.0897483825683594
33.07893252372742,1.0934371948242188
33.08982872962952,1.0859756469726562
33.10071349143982,1.0823211669921875
33.11160373687744,1.1058425903320312
33.122488021850586,1.0898246765136719
33.13336229324341,1.1018524169921875
33.14423155784607,1.050323486328125
33.1551251411438,1.0258827209472656
33.166029930114746,1.0473670959472656
33.176891803741455,1.1547317504882812
33.18775677680969,1.1166191101074219
33.198657274246216,1.0479660034179688
33.20953154563904,1.1375045776367188
33.220407009124756,1.1166191101074219
33.23129868507385,1.0543289184570312
33.242170095443726,1.042510986328125
33.25304460525513,1.0650901794433594
33.263933181762695,1.1252822875976562
33.274810552597046,1.054412841796875
33.2856924533844,1.1228790283203125
33.29657459259033,1.1477584838867188
33.30746245384216,1.0367507934570312
33.31834363937378,1.09588623046875
33.32922577857971,1.1192893981933594
33.340099811553955,1.0820350646972656
33.350977420806885,1.1116104125976562
33.36184501647949,1.1312599182128906
33.37273836135864,1.0556755065917969
33.38362526893616,1.0840225219726562
33.39449644088745,1.1531295776367188
33.40537881851196,1.0940399169921875
33.41627740859985,1.0914840698242188
33.42716073989868,1.1355514526367188
33.438047885894775,1.0767135620117188
33.44892621040344,1.0541648864746094
33.459801197052,1.0456657409667969
33.47068643569946,1.1770515441894531
33.481563091278076,1.0695266723632812
33.4924521446228,1.0543174743652344
33.503329277038574,1.1981849670410156
33.51421022415161,1.1008529663085938
33.52508306503296,1.1240692138671875
33.53595781326294,1.1631202697753906
33.546820640563965,1.1166534423828125
33.557740449905396,1.1075935363769531
33.568620681762695,1.1785469055175781
33.5794939994812,1.1240310668945312
33.590376138687134,1.1861763000488281
33.60125780105591,1.15826416015625
33.61216497421265,1.1422882080078125
33.62304949760437,1.1201934814453125
33.633965492248535,1.16131591796875
33.64482569694519,1.1488456726074219
33.65569806098938,1.1104621887207031
33.666582345962524,1.1810646057128906
33.67746567726135,1.2470474243164062
33.68834114074707,1.187957763671875
33.69922924041748,1.2112274169921875
33.71011829376221,1.2210540771484375
33.721009731292725,1.2077064514160156
33.73187303543091,1.2251167297363281
33.74273490905762,1.2236099243164062
33.75361204147339,1.2421798706054688
33.76448726654053,1.2998275756835938
33.775365591049194,1.1886520385742188
33.78624749183655,1.2624053955078125
33.79713034629822,1.2694244384765625
33.80801844596863,1.203765869140625
33.81888794898987,1.2372779846191406
33.82972502708435,1.3001785278320312
33.840598821640015,1.2405853271484375
33.85148000717163,1.2399139404296875
33.862359285354614,1.2786941528320312
33.87323212623596,1.2252120971679688
33.88411211967468,1.2382469177246094
33.89499258995056,1.2186965942382812
33.90589356422424,1.256103515625
33.91675686836243,1.2304344177246094
33.92764616012573,1.2027587890625
33.93851685523987,1.2772674560546875
33.949389696121216,1.2855186462402344
33.96026587486267,1.1954841613769531
33.971132040023804,1.2555732727050781
33.982003927230835,1.2786941528320312
33.99286222457886,1.2941513061523438
34.0037362575531,1.2361221313476562
34.01460886001587,1.2884597778320312
34.02547883987427,1.2327728271484375
34.03635334968567,1.2033233642578125
34.047226667404175,1.2299118041992188
34.05810856819153,1.267822265625
34.068976163864136,1.2263107299804688
34.07985472679138,1.2008476257324219
34.09073543548584,1.2760086059570312
34.101606607437134,1.2813606262207031
34.112478733062744,1.2091903686523438
34.123356342315674,1.2083358764648438
34.13422870635986,1.2719802856445312
34.14510154724121,1.2447433471679688
34.15597891807556,1.1751327514648438
34.16686010360718,1.2778396606445312
34.177746295928955,1.2352294921875
34.188623905181885,1.2380752563476562
34.199496269226074,1.2328109741210938
34.21036171913147,1.2736892700195312
34.221240282058716,1.2414321899414062
34.23212671279907,1.213531494140625
34.242999792099,1.284637451171875
34.25386190414429,1.2966995239257812
34.26473569869995,1.225250244140625
34.27561163902283,1.202728271484375
34.28649640083313,1.2519493103027344
34.29737830162048,1.3058700561523438
34.30824065208435,1.2380752563476562
34.31910800933838,1.3076210021972656
34.32999348640442,1.2486495971679688
34.34086632728577,1.2060279846191406
34.35172915458679,1.2041740417480469
34.36260485649109,1.2780227661132812
34.37348985671997,1.2482986450195312
34.38437104225159,1.193817138671875
34.39524531364441,1.2458419799804688
34.40611910820007,1.2939567565917969
34.41699481010437,1.176239013671875
34.42786264419556,1.2121353149414062
34.438738107681274,1.2827949523925781
34.44963097572327,1.2998275756835938
34.46050500869751,1.2261619567871094
34.47137761116028,1.2578086853027344
34.48227262496948,1.2361793518066406
34.493146657943726,1.2281150817871094
34.50403094291687,1.2238197326660156
34.514896869659424,1.2589683532714844
34.52572011947632,1.2284812927246094
34.536601305007935,1.1955184936523438
34.54748034477234,1.2704963684082031
34.55838871002197,1.2060279846191406
34.569265604019165,1.2111434936523438
34.58013606071472,1.210540771484375
34.59100890159607,1.2780914306640625
34.60187888145447,1.2284812927246094
34.61274814605713,1.1955184936523438
34.623626470565796,1.2663726806640625
34.63460731506348,1.2803802490234375
34.64548110961914,1.2052841186523438
34.65635323524475,1.204681396484375
34.66723299026489,1.2741851806640625
34.67811322212219,1.2445755004882812
34.688997983932495,1.2171974182128906
34.699873208999634,1.2644195556640625
34.710737466812134,1.2391166687011719
34.72161293029785,1.1967201232910156
34.732486724853516,1.1927108764648438
34.743353843688965,1.2673187255859375
34.75423216819763,1.2397308349609375
34.76511001586914,1.1952667236328125
34.77599024772644,1.2719802856445312
34.78684997558594,1.1663169860839844
34.79774022102356,1.2130393981933594
34.808632135391235,1.213531494140625
34.81951308250427,1.2522048950195312
34.83038949966431,1.2277603149414062
34.84126329421997,1.1913604736328125
34.852137088775635,1.2680740356445312
34.86301016807556,1.2793731689453125
34.87388038635254,1.2050323486328125
34.884745359420776,1.198822021484375
34.89563012123108,1.2685775756835938
34.90650987625122,1.2399139404296875
34.91738986968994,1.2163963317871094
34.92826795578003,1.2847480773925781
34.93916392326355,1.3407363891601562
34.95005655288696,1.2222557067871094
34.96092891693115,1.2176895141601562
34.97181224822998,1.2527084350585938
34.982685804367065,1.2611122131347656
34.99356412887573,1.182098388671875
35.004435777664185,1.2549057006835938
35.015313386917114,1.346343994140625
35.02619028091431,1.2046775817871094
35.03707766532898,1.26080322265625
35.047945976257324,1.2552070617675781
35.05885720252991,1.2744369506835938
35.06973719596863,1.2029151916503906
35.08062410354614,1.2766227722167969
35.09150815010071,1.328765869140625
35.102384090423584,1.2124900817871094
35.11327767372131,1.1668205261230469
35.124152421951294,1.2409248352050781
35.135026931762695,1.2585601806640625
35.14588284492493,1.2393264770507812
35.156726598739624,1.2564620971679688
35.167598247528076,1.3116912841796875
35.178471326828,1.2493362426757812
35.189351320266724,1.1877059936523438
35.200230836868286,1.2212066650390625
35.211101055145264,1.2800445556640625
35.22197914123535,1.1635208129882812
35.233036279678345,1.240234375
35.24393057823181,1.3058319091796875
35.25480055809021,1.2024116516113281
35.26568913459778,1.2659187316894531
35.276562452316284,1.2569656372070312
35.28743124008179,1.2761383056640625
35.29831337928772,1.2124900817871094
35.30919122695923,1.2708816528320312
35.32009243965149,1.3314056396484375
35.330976247787476,1.2281150817871094
35.34185528755188,1.1913604736328125
35.35273551940918,1.2601165771484375
35.363619565963745,1.3201065063476562
35.374502420425415,1.1668205261230469
35.38537549972534,1.2388267517089844
35.39625287055969,1.3415908813476562
35.407126903533936,1.1866035461425781
35.41801476478577,1.2409019470214844
35.42887282371521,1.2473831176757812
35.43973731994629,1.2680740356445312
35.45063066482544,1.2500991821289062
35.46151804924011,1.2471923828125
35.47239923477173,1.313140869140625
35.483280658721924,1.2500991821289062
35.494170904159546,1.1818466186523438
35.50505971908569,1.216796875
35.51593780517578,1.2734336853027344
35.526814699172974,1.1520538330078125
35.537715435028076,1.228515625
35.548593044281006,1.2783317565917969
35.55966067314148,1.1843986511230469
35.57055330276489,1.1912612915039062
35.58143186569214,1.203582763671875
35.59231638908386,1.2400131225585938
35.603193283081055,1.2188568115234375
35.61409115791321,1.2660560607910156
35.624977588653564,1.24041748046875
35.635836124420166,1.2231597900390625
35.646730184555054,1.1937141418457031
35.65761971473694,1.2141876220703125
35.66849708557129,1.2185935974121094
35.67937517166138,1.1956710815429688
35.69026327133179,1.2586669921875
35.70113945007324,1.2330245971679688
35.71201944351196,1.2962608337402344
35.722890853881836,1.234375
35.73377537727356,1.2429428100585938
35.744657039642334,1.2468490600585938
35.755533933639526,1.298370361328125
35.76642155647278,1.2981719970703125
35.77730131149292,1.3079376220703125
35.78817939758301,1.3196563720703125
35.799057722091675,1.3294219970703125
35.80993318557739,1.3391876220703125
35.820805072784424,1.3767318725585938
35.83170127868652,1.3908004760742188
35.84259247779846,1.4142379760742188
35.853471755981445,1.47943115234375
35.86435866355896,1.4530487060546875
35.87522840499878,1.4950027465820312
35.886104106903076,1.5326080322265625
35.89698266983032,1.4908294677734375
35.90785551071167,1.4865074157714844
35.91873526573181,1.4816246032714844
35.92962169647217,1.5347557067871094
35.940509557724,1.6014060974121094
35.95138883590698,1.5857315063476562
35.962275981903076,1.6209831237792969
35.97316789627075,1.6742134094238281
35.98406910896301,1.6756248474121094
35.99496293067932,1.5302162170410156
36.00583744049072,1.5009613037109375
36.016711950302124,1.5449256896972656
36.027600049972534,1.5703887939453125
36.03848624229431,1.5919113159179688
36.04935908317566,1.5956497192382812
36.06023192405701,1.6504707336425781
36.07111716270447,1.6727828979492188
36.082016706466675,1.6479873657226562
36.09289288520813,1.6243095397949219
36.10376977920532,1.6464958190917969
36.114662408828735,1.7099990844726562
36.125550270080566,1.7721786499023438
36.136428356170654,1.8708381652832031
36.14730262756348,1.84393310546875
36.15818667411804,1.9010963439941406
36.169065713882446,1.20556640625
36.17995023727417,1.2688102722167969
36.19099140167236,1.2116737365722656
36.20185446739197,1.2590446472167969
36.212737798690796,1.2774620056152344
36.2236123085022,1.3149681091308594
36.23453068733215,1.38507080078125
36.245400190353394,1.3320045471191406
36.256271839141846,1.0931243896484375
36.26715445518494,0.6820526123046875
36.27802848815918,0.6820526123046875
36.28890013694763,0.6820526123046875
36.299766302108765,0.6820526123046875
36.31065630912781,0.6820526123046875
36.321540117263794,0.6820526123046875
36.3324179649353,0.6820526123046875
36.343286752700806,0.6820526123046875
36.35418772697449,0.6820526123046875
36.36506414413452,0.6820526123046875
36.37594389915466,0.6820526123046875
36.38681745529175,0.6820526123046875
36.39768600463867,0.6820526123046875
36.40855860710144,0.6820526123046875
36.41944479942322,0.6820526123046875
36.4303195476532,0.6820526123046875
36.44121503829956,0.6820526123046875
36.45209884643555,0.6820526123046875
36.462979793548584,0.6820526123046875
36.47384762763977,0.6820526123046875
36.48472356796265,0.6820526123046875
36.49560570716858,0.6820526123046875
36.506481647491455,0.6820526123046875
36.517356872558594,0.6820526123046875
36.52823352813721,0.6820526123046875
36.539108753204346,0.6820526123046875
36.549992084503174,0.6820526123046875
36.5608696937561,0.6820526123046875
36.57175016403198,0.6820526123046875
36.582666635513306,0.6820526123046875
36.593539237976074,0.6820526123046875
36.60441184043884,0.6820526123046875
36.61528468132019,0.6820526123046875
36.626158237457275,0.6820526123046875
36.63704967498779,0.6820526123046875
36.64793395996094,0.6820526123046875
36.65880012512207,0.6820526123046875
36.66967487335205,0.6820526123046875
36.68054389953613,0.6820526123046875
36.69141912460327,0.6820526123046875
36.70231652259827,0.6820526123046875
36.71320056915283,0.6820526123046875
36.72408628463745,0.6820526123046875
36.734965324401855,0.6820526123046875
36.7458279132843,0.6820526123046875
36.75673222541809,0.6820526123046875
36.76761436462402,0.6820526123046875
36.77848696708679,0.6820526123046875
36.78936457633972,0.6820526123046875
36.80024838447571,0.6820526123046875
36.81112551689148,0.6820526123046875
36.82200598716736,0.6820526123046875
36.83286738395691,0.6820526123046875
36.84374737739563,0.6820526123046875
36.85463786125183,0.6820526123046875
36.865517377853394,0.6820526123046875
36.8763952255249,0.6820526123046875
36.8873176574707,0.6820526123046875
36.89818739891052,0.6820526123046875
36.90906500816345,0.6820526123046875
36.91995358467102,0.6820526123046875
36.93082332611084,0.6820526123046875
36.94170331954956,0.6820526123046875
36.95258116722107,0.6820526123046875
36.96345615386963,0.6820526123046875
36.97434067726135,0.6820526123046875
36.98522090911865,0.6820526123046875
36.99610686302185,0.6820526123046875
37.00699257850647,0.6820526123046875
37.01786208152771,0.6820526123046875
37.028719425201416,0.6820526123046875
37.039602756500244,0.6820526123046875
37.050471782684326,0.6820526123046875
37.06134510040283,0.6820526123046875
37.072224140167236,0.6820526123046875
37.08311605453491,0.6820526123046875
37.09400486946106,0.6820526123046875
37.10486435890198,0.6820526123046875
37.11572456359863,0.6820526123046875
37.126617670059204,0.6820526123046875
37.1374933719635,0.6820526123046875
37.14837431907654,0.6820526123046875
37.15926694869995,0.6820526123046875
37.170153856277466,0.6820526123046875
37.181031465530396,0.6820526123046875
37.191900968551636,0.6820526123046875
37.20276951789856,0.6820526123046875
37.2136504650116,0.6820526123046875
37.22453045845032,0.6820526123046875
37.23540925979614,0.6820526123046875
37.24628686904907,0.6820526123046875
37.25718688964844,0.6820526123046875
37.268065214157104,0.6820526123046875
37.27894878387451,0.6820526123046875
37.28981924057007,0.6820526123046875
37.30069851875305,0.6820526123046875
37.31158685684204,0.6820526123046875
37.32246947288513,0.6820526123046875
37.33336019515991,0.6820526123046875
37.34424924850464,0.6820526123046875
37.35513257980347,0.6820526123046875
37.36601972579956,0.6820526123046875
37.376885175704956,0.6820526123046875
37.38775873184204,0.6820526123046875
37.3986451625824,0.6820526123046875
37.409525871276855,0.6820526123046875
37.42039942741394,0.6820526123046875
37.431275844573975,0.6820526123046875
37.44214701652527,0.6820526123046875
37.4530234336853,0.6820526123046875
37.46389198303223,0.6820526123046875
37.474753856658936,0.6820526123046875
37.485631227493286,0.6820526123046875
37.496511697769165,0.6820526123046875
37.50740194320679,0.6820526123046875
37.51827836036682,0.6820526123046875
37.52916121482849,0.6820526123046875
37.540034770965576,0.6820526123046875
37.55092716217041,0.6820526123046875
37.56179165840149,0.6820526123046875
37.57267904281616,0.6820526123046875
37.583558320999146,0.6820526123046875
37.59443545341492,0.6820526123046875
37.60531187057495,0.6820526123046875
37.61618685722351,0.6820526123046875
37.6270592212677,0.6820526123046875
37.637932777404785,0.6820526123046875
37.64879751205444,0.6820526123046875
37.65968370437622,0.6820526123046875
37.670562744140625,0.6820526123046875
37.68145489692688,0.6820526123046875
37.69233798980713,0.6820526123046875
37.70321559906006,0.6820526123046875
37.714091777801514,0.6820526123046875
37.72497606277466,0.6820526123046875
37.73585057258606,0.6820526123046875
37.74672985076904,0.6820526123046875
37.757606506347656,0.6820526123046875
37.76848483085632,0.6820526123046875
37.779359102249146,0.6820526123046875
37.79023456573486,0.6820526123046875
37.80110836029053,0.6820526123046875
37.812002182006836,0.6820526123046875
37.82286500930786,0.6820526123046875
37.83373165130615,0.6820526123046875
37.84460997581482,0.6820526123046875
37.85547757148743,0.6820526123046875
37.86634659767151,0.6820526123046875
37.877217054367065,0.6820526123046875
37.88809037208557,0.6820526123046875
37.8989577293396,0.6820526123046875
37.909812688827515,0.6820526123046875
37.92069935798645,0.6820526123046875
37.93156886100769,0.6820526123046875
37.94244861602783,0.6820526123046875
37.953325271606445,0.6820526123046875
37.964234828948975,0.6820526123046875
37.97512602806091,0.6820526123046875
37.98601675033569,0.6820526123046875
37.99689698219299,0.6820526123046875
38.00776743888855,0.6820526123046875
38.01865839958191,0.6820526123046875
38.02956414222717,0.6820526123046875
38.04044198989868,0.6820526123046875
38.05131459236145,0.6820526123046875
38.06218481063843,0.6820526123046875
38.07306909561157,0.6820526123046875
38.083950996398926,0.6820526123046875
38.094836950302124,0.6820526123046875
38.105708360672,0.6820526123046875
38.11658263206482,0.6820526123046875
38.12746214866638,0.6820526123046875
38.138346910476685,0.6820526123046875
38.149218797683716,0.6820526123046875
38.16009068489075,0.6820526123046875
38.17098307609558,0.6820526123046875
38.18186616897583,0.6820526123046875
38.19275498390198,0.6820526123046875
38.20364284515381,0.6820526123046875
38.21452593803406,0.6820526123046875
38.225409269332886,0.6820526123046875
38.23628902435303,0.6820526123046875
38.24718928337097,0.6820526123046875
38.2580680847168,0.6820526123046875
38.2689528465271,0.6820526123046875
38.27982807159424,0.6820526123046875
38.290714502334595,0.6820526123046875
38.301594257354736,0.6820526123046875
38.312474489212036,0.6820526123046875
38.323362827301025,0.6820526123046875
38.334240198135376,0.6820526123046875
38.34512186050415,0.6820526123046875
38.35601854324341,0.6820526123046875
38.36689805984497,0.6820526123046875
38.37776255607605,0.6820526123046875
38.38864850997925,0.6820526123046875
38.399534463882446,0.6820526123046875
38.41040635108948,0.6820526123046875
38.421289920806885,0.6820526123046875
38.432173013687134,0.6820526123046875
38.443071365356445,0.6820526123046875
38.453954219818115,0.6820526123046875
38.4648163318634,0.6820526123046875
38.47569155693054,0.6820526123046875
38.48657441139221,0.6820526123046875
38.49744772911072,0.6820526123046875
38.508342027664185,0.6820526123046875
38.51921272277832,0.6820526123046875
38.53008675575256,0.6820526123046875
38.540956020355225,0.6820526123046875
38.5518274307251,0.6820526123046875
38.5627019405365,0.6820526123046875
38.573575496673584,0.6820526123046875
38.584444999694824,0.6820526123046875
38.59531855583191,0.6820526123046875
38.60623002052307,0.6820526123046875
38.61713457107544,0.6820526123046875
38.62800741195679,0.6820526123046875
38.6388726234436,0.6820526123046875
38.649736166000366,0.6820526123046875
38.66061758995056,0.6820526123046875
38.67148685455322,0.6820526123046875
38.6823787689209,0.6820526123046875
38.693254470825195,0.6820526123046875
38.70414209365845,0.6820526123046875
38.71503973007202,0.6820526123046875
38.725903272628784,0.6820526123046875
38.7367799282074,0.6820526123046875
38.74767184257507,0.6820526123046875
38.75855016708374,0.6820526123046875
38.769428730010986,0.6820526123046875
38.780317544937134,0.6820526123046875
38.791207790374756,0.6820526123046875
38.802098989486694,0.6820526123046875
38.81298804283142,0.6820526123046875
38.82386565208435,0.6820526123046875
38.834757566452026,0.6820526123046875
38.84565043449402,0.6820526123046875
38.85652208328247,0.6820526123046875
38.867406606674194,0.6820526123046875
38.87828469276428,0.6820526123046875
38.88917326927185,0.6820526123046875
38.900060415267944,0.6820526123046875
38.91094160079956,0.6820526123046875
38.92181468009949,0.6820526123046875
38.93269467353821,0.6820526123046875
38.94358825683594,0.6820526123046875
38.954466581344604,0.6820526123046875
38.96534442901611,0.6820526123046875
38.976216077804565,0.6820526123046875
38.987098693847656,0.6820526123046875
38.99798369407654,0.6820526123046875
39.0088632106781,0.6820526123046875
39.01972842216492,0.6820526123046875
39.03062462806702,0.6820526123046875
39.04152512550354,0.6820526123046875
39.052401304244995,0.6820526123046875
39.063273191452026,0.6820526123046875
39.074156761169434,0.6820526123046875
39.08503818511963,0.6820526123046875
39.09590554237366,0.6820526123046875
39.106780767440796,0.6820526123046875
39.11765193939209,0.6820526123046875
39.12854552268982,0.6820526123046875
39.13942289352417,0.6820526123046875
39.15029788017273,0.6820526123046875
39.16117262840271,0.6820526123046875
39.17205619812012,0.6820526123046875
39.182942628860474,0.6820526123046875
39.193808794021606,0.6820526123046875
39.20469927787781,0.6820526123046875
39.215590476989746,0.6820526123046875
39.22648310661316,0.6820526123046875
39.23736238479614,0.6820526123046875
39.24824142456055,0.6820526123046875
39.25911736488342,0.6820526123046875
39.26999568939209,0.6820526123046875
39.28087139129639,0.6820526123046875
39.29174089431763,0.6820526123046875
39.30262017250061,0.6820526123046875
39.313499450683594,0.6820526123046875
39.32437562942505,0.6820526123046875
39.33525848388672,0.6820526123046875
39.34613633155823,0.6820526123046875
39.35701107978821,0.6820526123046875
39.36787295341492,0.6820526123046875
39.378737449645996,0.6820526123046875
39.389612436294556,0.6820526123046875
39.40048360824585,0.6820526123046875
39.41136598587036,0.6820526123046875
39.422250747680664,0.6820526123046875
39.433127641677856,0.6820526123046875
39.44401407241821,0.6820526123046875
39.45488214492798,0.6820526123046875
39.46576404571533,0.6820526123046875
39.47664403915405,0.6820526123046875
39.4875168800354,0.6820526123046875
39.498398303985596,0.6820526123046875
39.50927948951721,0.6820526123046875
39.52016544342041,0.6820526123046875
39.53104114532471,0.6820526123046875
39.54195308685303,0.6820526123046875
39.552823543548584,0.6820526123046875
39.56369233131409,0.6820526123046875
39.57457637786865,0.6820526123046875
39.58545517921448,0.6820526123046875
39.59634065628052,0.6820526123046875
39.607223987579346,0.6820526123046875
39.61811017990112,0.6820526123046875
39.62902235984802,0.6820526123046875
39.63989543914795,0.6820526123046875
39.650758028030396,0.6820526123046875
39.66164016723633,0.6820526123046875
39.67251443862915,0.6820526123046875
39.68339657783508,0.6820526123046875
39.694275856018066,0.6820526123046875
39.705498933792114,0.6820526123046875
39.7163827419281,0.6820526123046875
39.727253675460815,0.6820526123046875
39.73814034461975,0.6820526123046875
39.74902939796448,0.6820526123046875
39.759891510009766,0.6820526123046875
39.77076578140259,0.6820526123046875
39.78164768218994,0.6820526123046875
39.792516231536865,0.6820526123046875
39.80338740348816,0.6820526123046875
39.81426692008972,0.6820526123046875
39.82513689994812,0.6820526123046875
39.83603096008301,0.6820526123046875
39.846903800964355,0.6379165649414062
39.85772180557251,0.5702896118164062
39.8685941696167,0.5702896118164062
39.879472494125366,0.5702896118164062
39.8903443813324,0.5702896118164062
39.901235580444336,0.5702896118164062
39.912115812301636,0.5702896118164062
39.92298936843872,0.5702896118164062
39.93385720252991,0.5702896118164062
39.9447283744812,0.458526611328125
39.955610275268555,0.17772293090820312
39.96635866165161,0.17772674560546875
39.9771032333374,0.17772674560546875
39.9878625869751,0.17772674560546875
39.998576402664185,0.17772674560546875
40.00933909416199,0.17772674560546875
40.020087480545044,0.17772674560546875
40.03080749511719,0.17780303955078125
40.04153513908386,0.17780303955078125
40.05225419998169,0.17780303955078125
40.06297755241394,0.177825927734375
40.07369637489319,0.17792892456054688
40.08442139625549,0.17792892456054688
40.095154762268066,0.17792892456054688
40.10586595535278,0.17792892456054688
40.116573095321655,0.17792892456054688
40.127302408218384,0.17792892456054688
40.13803791999817,0.17792892456054688
40.148746490478516,0.1779327392578125
40.159472942352295,0.1779327392578125
40.170220613479614,0.17612457275390625
40.18095827102661,0.0
40.19169235229492,0.0
40.20241641998291,0.0
