t_sec,rss_gib
0.006027698516845703,0.004730224609375
0.01714038848876953,0.0078887939453125
0.027913331985473633,0.009349822998046875
0.03867793083190918,0.009853363037109375
0.04942464828491211,0.010356903076171875
0.060164690017700195,0.010608673095703125
0.07090187072753906,0.01091766357421875
0.08164620399475098,0.011627197265625
0.09238409996032715,0.01444244384765625
0.10311365127563477,0.016742706298828125
0.11382651329040527,0.018589019775390625
0.12456750869750977,0.019481658935546875
0.13529682159423828,0.019817352294921875
0.14600872993469238,0.0211334228515625
0.15673279762268066,0.021724700927734375
0.16745662689208984,0.021976470947265625
0.1781768798828125,0.022228240966796875
0.18891119956970215,0.022899627685546875
0.1996457576751709,0.023654937744140625
0.21036744117736816,0.023834228515625
0.22110366821289062,0.02414703369140625
0.23183465003967285,0.02445220947265625
0.24256181716918945,0.02520751953125
0.2533087730407715,0.02520751953125
0.26403260231018066,0.02520751953125
0.2747213840484619,0.02520751953125
0.285444974899292,0.02520751953125
0.29618144035339355,0.02520751953125
0.3068993091583252,0.02520751953125
0.31765151023864746,0.02520751953125
0.3283884525299072,0.02520751953125
0.33912158012390137,0.02520751953125
0.34984278678894043,0.02520751953125
0.3605804443359375,0.02520751953125
0.37131452560424805,0.02520751953125
0.38202738761901855,0.02520751953125
0.3927481174468994,0.02520751953125
0.40347719192504883,0.026081085205078125
0.4142308235168457,0.026584625244140625
0.4249587059020996,0.026775360107421875
0.4357161521911621,0.027462005615234375
0.4464585781097412,0.0281982421875
0.45719099044799805,0.02861785888671875
0.4679374694824219,0.030300140380859375
0.4786839485168457,0.030803680419921875
0.48941755294799805,0.030803680419921875
0.5001609325408936,0.031147003173828125
0.5108776092529297,0.031147003173828125
0.5216081142425537,0.031147003173828125
0.532332181930542,0.031147003173828125
0.5430657863616943,0.031147003173828125
0.5537903308868408,0.031147003173828125
0.5645530223846436,0.031147003173828125
0.5752968788146973,0.031147003173828125
0.5860199928283691,0.031147003173828125
0.5967404842376709,0.031147003173828125
0.6074786186218262,0.031147003173828125
0.6182217597961426,0.031147003173828125
0.6289370059967041,0.031147003173828125
0.6396694183349609,0.031147003173828125
0.6503961086273193,0.031147003173828125
0.6611409187316895,0.031147003173828125
0.6718506813049316,0.031147003173828125
0.6825873851776123,0.031147003173828125
0.6933317184448242,0.031147003173828125
0.7040507793426514,0.031147003173828125
0.7147979736328125,0.031147003173828125
0.7255287170410156,0.031780242919921875
0.7362585067749023,0.03594207763671875
0.7469871044158936,0.037761688232421875
0.7577178478240967,0.038013458251953125
0.7684524059295654,0.03853607177734375
0.7791891098022461,0.039173126220703125
0.7899079322814941,0.03992462158203125
0.8006472587585449,0.040569305419921875
0.8113772869110107,0.04076385498046875
0.8221209049224854,0.04076385498046875
0.8328509330749512,0.04076385498046875
0.8435873985290527,0.04076385498046875
0.8543117046356201,0.04076385498046875
0.86503005027771,0.04076385498046875
0.8757567405700684,0.04076385498046875
0.8864789009094238,0.04076385498046875
0.8972225189208984,0.04076385498046875
0.9079647064208984,0.040958404541015625
0.9187026023864746,0.041229248046875
0.9294297695159912,0.041713714599609375
0.9401633739471436,0.04186248779296875
0.9508910179138184,0.04221343994140625
0.961616039276123,0.04239654541015625
0.9723544120788574,0.042720794677734375
0.983090877532959,0.04322052001953125
0.9938151836395264,0.04322052001953125
1.0045392513275146,0.04322052001953125
1.015275478363037,0.04322052001953125
1.0259854793548584,0.04322052001953125
1.0367109775543213,0.04322052001953125
1.0474436283111572,0.04322052001953125
1.0581765174865723,0.04322052001953125
1.0688953399658203,0.04322052001953125
1.079627513885498,0.04322052001953125
1.0903701782226562,0.04322052001953125
1.1010985374450684,0.04322052001953125
1.1118152141571045,0.04322052001953125
1.1225392818450928,0.04322052001953125
1.1332674026489258,0.04322052001953125
1.144029140472412,0.04322052001953125
1.154740333557129,0.04322052001953125
1.165482997894287,0.04322052001953125
1.1762163639068604,0.04322052001953125
1.1869354248046875,0.04322052001953125
1.197662591934204,0.04322052001953125
1.2083868980407715,0.04322052001953125
1.219109296798706,0.04322052001953125
1.2298285961151123,0.04372406005859375
1.240556240081787,0.0443267822265625
1.2512812614440918,0.0447235107421875
1.2620105743408203,0.044879913330078125
1.272735834121704,0.04512786865234375
1.2834675312042236,0.04512786865234375
1.2942025661468506,0.0458831787109375
1.3049170970916748,0.046482086181640625
1.3156359195709229,0.047393798828125
1.3263754844665527,0.047393798828125
1.3371117115020752,0.049495697021484375
1.3478338718414307,0.051776885986328125
1.358560562133789,0.052814483642578125
1.3692867755889893,0.0536346435546875
1.3800127506256104,0.0536346435546875
1.39072585105896,0.0536346435546875
1.4014523029327393,0.0536346435546875
1.4121739864349365,0.0536346435546875
1.4228813648223877,0.0536346435546875
1.4336023330688477,0.0536346435546875
1.444324016571045,0.0536346435546875
1.4550349712371826,0.0536346435546875
1.4657487869262695,0.0536346435546875
1.4764745235443115,0.0536346435546875
1.4872264862060547,0.0536346435546875
1.4979357719421387,0.0536346435546875
1.5086662769317627,0.0536346435546875
1.5193943977355957,0.0536346435546875
1.5301153659820557,0.053897857666015625
1.5408270359039307,0.0541229248046875
1.5515556335449219,0.0541229248046875
1.562274694442749,0.0541229248046875
1.5729784965515137,0.0541229248046875
1.5836942195892334,0.0541229248046875
1.5944323539733887,0.0541229248046875
1.6051571369171143,0.0541229248046875
1.6158699989318848,0.0541229248046875
1.6265907287597656,0.0541229248046875
1.6373178958892822,0.0541229248046875
1.6480283737182617,0.0541229248046875
1.658761739730835,0.0541229248046875
1.669482946395874,0.0541229248046875
1.6802031993865967,0.0541229248046875
1.6909105777740479,0.0541229248046875
1.7016420364379883,0.0541229248046875
1.7123641967773438,0.0541229248046875
1.7230982780456543,0.0541229248046875
1.7338268756866455,0.0541229248046875
1.744551420211792,0.0541229248046875
1.7552752494812012,0.0541229248046875
1.7659988403320312,0.0541229248046875
1.7767109870910645,0.0541229248046875
1.7874579429626465,0.0541229248046875
1.7982032299041748,0.0541229248046875
1.8089189529418945,0.0541229248046875
1.8196539878845215,0.0541229248046875
1.830385684967041,0.0541229248046875
1.8411192893981934,0.0541229248046875
1.8518435955047607,0.0541229248046875
1.8625848293304443,0.0541229248046875
1.8733034133911133,0.0541229248046875
1.8840253353118896,0.0541229248046875
1.8947367668151855,0.0541229248046875
1.905470848083496,0.0541229248046875
1.9162037372589111,0.0541229248046875
1.9269139766693115,0.0541229248046875
1.937654733657837,0.054592132568359375
1.9483752250671387,0.0548248291015625
1.9591014385223389,0.05559539794921875
1.9698286056518555,0.0574951171875
1.9805610179901123,0.0580291748046875
1.9912962913513184,0.05973052978515625
2.002021312713623,0.05973052978515625
2.0127341747283936,0.05973052978515625
2.023468494415283,0.05973052978515625
2.034196138381958,0.05973052978515625
2.0449044704437256,0.05973052978515625
2.055633068084717,0.05973052978515625
2.0663552284240723,0.05973052978515625
2.077075242996216,0.05973052978515625
2.0877914428710938,0.05973052978515625
2.098517417907715,0.05973052978515625
2.1092476844787598,0.05973052978515625
2.1199586391448975,0.05973052978515625
2.1306827068328857,0.05973052978515625
2.1414153575897217,0.05973052978515625
2.15213680267334,0.05973052978515625
2.162858247756958,0.05973052978515625
2.173600196838379,0.05973052978515625
2.184330701828003,0.05973052978515625
2.1950502395629883,0.05973052978515625
2.205786943435669,0.05973052978515625
2.2165184020996094,0.05973052978515625
2.2272629737854004,0.05973052978515625
2.237995147705078,0.05973052978515625
2.2487082481384277,0.05973052978515625
2.2594330310821533,0.05973052978515625
2.2701575756073,0.05973052978515625
2.28086519241333,0.05973052978515625
2.2915894985198975,0.05973052978515625
2.3023128509521484,0.05973052978515625
2.3130409717559814,0.060577392578125
2.3237195014953613,0.0612945556640625
2.3344407081604004,0.0612945556640625
2.3451640605926514,0.0612945556640625
2.3558735847473145,0.0612945556640625
2.3666038513183594,0.0612945556640625
2.377336025238037,0.0612945556640625
2.3880505561828613,0.0612945556640625
2.3988027572631836,0.0612945556640625
2.4095423221588135,0.0612945556640625
2.4202780723571777,0.0612945556640625
2.430996894836426,0.0612945556640625
2.441723346710205,0.0612945556640625
2.452449321746826,0.0612945556640625
2.463175058364868,0.0612945556640625
2.4738855361938477,0.0612945556640625
2.4846181869506836,0.0612945556640625
2.4953505992889404,0.0612945556640625
2.5060760974884033,0.0612945556640625
2.5167927742004395,0.06169891357421875
2.527517318725586,0.06169891357421875
2.5382394790649414,0.06169891357421875
2.548964738845825,0.06169891357421875
2.55969500541687,0.06169891357421875
2.570418119430542,0.06169891357421875
2.581146001815796,0.06169891357421875
2.591853141784668,0.06169891357421875
2.60257887840271,0.06169891357421875
2.6133105754852295,0.06169891357421875
2.6240174770355225,0.06169891357421875
2.634737730026245,0.06169891357421875
2.6454668045043945,0.061862945556640625
2.6561951637268066,0.06396102905273438
2.666924476623535,0.06455612182617188
2.6776511669158936,0.06476211547851562
2.688384771347046,0.06476211547851562
2.6991186141967773,0.06476211547851562
2.709839105606079,0.06476211547851562
2.720580816268921,0.06476211547851562
2.7313246726989746,0.06476211547851562
2.7420473098754883,0.06476211547851562
2.752784013748169,0.06476211547851562
2.763517379760742,0.06476211547851562
2.7742559909820557,0.06476211547851562
2.78497576713562,0.06476211547851562
2.795720338821411,0.06476211547851562
2.8064496517181396,0.06476211547851562
2.8171963691711426,0.06476211547851562
2.8279223442077637,0.06476211547851562
2.838679552078247,0.0648956298828125
2.849421262741089,0.0654144287109375
2.860152006149292,0.06652450561523438
2.8708815574645996,0.06677627563476562
2.881617784500122,0.0670318603515625
2.8923442363739014,0.06723785400390625
2.903088092803955,0.06723785400390625
2.9138131141662598,0.06723785400390625
2.924548387527466,0.06723785400390625
2.9352874755859375,0.06723785400390625
2.946007251739502,0.06723785400390625
2.956733226776123,0.06723785400390625
2.9674606323242188,0.06723785400390625
2.9781861305236816,0.06723785400390625
2.9888930320739746,0.06723785400390625
2.9996354579925537,0.06723785400390625
3.0103659629821777,0.06723785400390625
3.0210978984832764,0.06723785400390625
3.03181529045105,0.06723785400390625
3.0425541400909424,0.06723785400390625
3.0532867908477783,0.06723785400390625
3.0640175342559814,0.06723785400390625
3.0747270584106445,0.06723785400390625
3.085465669631958,0.06723785400390625
3.0961930751800537,0.06723785400390625
3.106919050216675,0.06723785400390625
3.1176462173461914,0.06723785400390625
3.1283795833587646,0.06723785400390625
3.1391093730926514,0.06723785400390625
3.149827480316162,0.06753921508789062
3.1605544090270996,0.0676422119140625
3.1712825298309326,0.06851577758789062
3.182002067565918,0.0689849853515625
3.192716360092163,0.06921768188476562
3.203449249267578,0.06978225708007812
3.214186429977417,0.06978225708007812
3.2249085903167725,0.06978225708007812
3.235645055770874,0.06978225708007812
3.2463667392730713,0.06978225708007812
3.2571325302124023,0.06978225708007812
3.26785945892334,0.06978225708007812
3.2785961627960205,0.06978225708007812
3.2893354892730713,0.06978225708007812
3.3000779151916504,0.06978225708007812
3.31078839302063,0.06978225708007812
3.3215172290802,0.06978225708007812
3.33225154876709,0.06978225708007812
3.342973470687866,0.06978225708007812
3.353696584701538,0.06978225708007812
3.364438056945801,0.06978225708007812
3.375164270401001,0.06978225708007812
3.3858866691589355,0.06978225708007812
3.3966310024261475,0.06978225708007812
3.407360315322876,0.06978225708007812
3.4181084632873535,0.06978225708007812
3.4288244247436523,0.07177352905273438
3.4395527839660645,0.07282638549804688
3.4502816200256348,0.07312774658203125
3.46099591255188,0.07390594482421875
3.4717230796813965,0.07446670532226562
3.4824438095092773,0.07446670532226562
3.493175506591797,0.07446670532226562
3.503880262374878,0.07446670532226562
3.5146334171295166,0.07446670532226562
3.525369167327881,0.07446670532226562
3.536107063293457,0.07446670532226562
3.546815872192383,0.07446670532226562
3.5575368404388428,0.07446670532226562
3.5682642459869385,0.07446670532226562
3.578972578048706,0.07446670532226562
3.589698553085327,0.07446670532226562
3.600430965423584,0.07446670532226562
3.6111621856689453,0.07446670532226562
3.6218862533569336,0.07446670532226562
3.632610559463501,0.07446670532226562
3.643343210220337,0.07493972778320312
3.654071569442749,0.07493972778320312
3.6648004055023193,0.07571792602539062
3.675527334213257,0.07630538940429688
3.68625807762146,0.07718658447265625
3.696988821029663,0.07794189453125
3.707706928253174,0.07970428466796875
3.7184269428253174,0.08090972900390625
3.729172945022583,0.08168411254882812
3.739894390106201,0.08193206787109375
3.750633478164673,0.08411407470703125
3.76137638092041,0.08504486083984375
3.7721033096313477,0.085296630859375
3.7828145027160645,0.085296630859375
3.793551445007324,0.08554840087890625
3.804279088973999,0.08554840087890625
3.814995765686035,0.0858001708984375
3.825711250305176,0.0858001708984375
3.836451768875122,0.08605194091796875
3.8471879959106445,0.08605194091796875
3.857898712158203,0.08605194091796875
3.8686249256134033,0.08605194091796875
3.8793551921844482,0.08605194091796875
3.890080451965332,0.08605194091796875
3.900804042816162,0.08605194091796875
3.911552667617798,0.08605194091796875
3.9222872257232666,0.08605194091796875
3.932997703552246,0.08605194091796875
3.9437246322631836,0.08605194091796875
3.9544482231140137,0.0863037109375
3.9651761054992676,0.0863037109375
3.9758968353271484,0.0863037109375
3.9866318702697754,0.0863037109375
3.997358798980713,0.0863037109375
4.008085489273071,0.0863037109375
4.018801212310791,0.0863037109375
4.02954888343811,0.08654022216796875
4.040274620056152,0.08710479736328125
4.050990104675293,0.08710479736328125
4.061716794967651,0.08710479736328125
4.072445631027222,0.08710479736328125
4.083173036575317,0.08710479736328125
4.0938825607299805,0.08710479736328125
4.104608058929443,0.08710479736328125
4.115339040756226,0.08710479736328125
4.126094102859497,0.08710479736328125
4.136805295944214,0.08710479736328125
4.147529602050781,0.08710479736328125
4.158251523971558,0.08710479736328125
4.168959140777588,0.08710479736328125
4.1796839237213135,0.08710479736328125
4.190417528152466,0.08710479736328125
4.201157569885254,0.08710479736328125
4.211871147155762,0.08710479736328125
4.222597360610962,0.08710479736328125
4.23332142829895,0.08710479736328125
4.244033098220825,0.08710479736328125
4.254759073257446,0.08710479736328125
4.265490293502808,0.08710479736328125
4.276220083236694,0.08710479736328125
4.286931991577148,0.08710479736328125
4.2976601123809814,0.08710479736328125
4.308392286300659,0.08710479736328125
4.31912636756897,0.08710479736328125
4.32986044883728,0.08710479736328125
4.340604305267334,0.08710479736328125
4.35132360458374,0.08738327026367188
4.362030982971191,0.08738327026367188
4.372752904891968,0.08738327026367188
4.383484601974487,0.08738327026367188
4.394208908081055,0.08738327026367188
4.404916763305664,0.08738327026367188
4.415647268295288,0.08738327026367188
4.426372766494751,0.08738327026367188
4.437103033065796,0.08738327026367188
4.44782280921936,0.08738327026367188
4.458557367324829,0.08763504028320312
4.469284296035767,0.08763504028320312
4.480000019073486,0.08763504028320312
4.49072003364563,0.08763504028320312
4.501439094543457,0.08763504028320312
4.5121660232543945,0.08763504028320312
4.522884130477905,0.08763504028320312
4.533642292022705,0.08763504028320312
4.544368028640747,0.08763504028320312
4.555087566375732,0.08788681030273438
4.565797567367554,0.08788681030273438
4.576519012451172,0.08788681030273438
4.587255954742432,0.08788681030273438
4.597965717315674,0.08788681030273438
4.608699321746826,0.08788681030273438
4.619433879852295,0.08788681030273438
4.630162954330444,0.08788681030273438
4.640882968902588,0.08788681030273438
4.651616334915161,0.08788681030273438
4.662344694137573,0.08788681030273438
4.673078775405884,0.08839035034179688
4.6837921142578125,0.08839035034179688
4.694530725479126,0.08880233764648438
4.705268144607544,0.08905410766601562
4.715986251831055,0.08937454223632812
4.726736068725586,0.08977127075195312
4.7374725341796875,0.09009552001953125
4.7482099533081055,0.09078216552734375
4.758936405181885,0.09089279174804688
4.769673585891724,0.09154129028320312
4.780395984649658,0.09179306030273438
4.791141033172607,0.09179306030273438
4.801859378814697,0.09265899658203125
4.812580108642578,0.09293365478515625
4.823310852050781,0.09293365478515625
4.834031105041504,0.09293365478515625
4.844742774963379,0.09293365478515625
4.855474233627319,0.09293365478515625
4.866208553314209,0.09293365478515625
4.87691855430603,0.09293365478515625
4.8876471519470215,0.09293365478515625
4.898383140563965,0.09293365478515625
4.909107208251953,0.09293365478515625
4.919827222824097,0.09293365478515625
4.93056321144104,0.09293365478515625
4.941311836242676,0.09293365478515625
4.952039003372192,0.09293365478515625
4.962764739990234,0.09344100952148438
4.973481178283691,0.09344100952148438
4.984206914901733,0.09344100952148438
4.994919776916504,0.09344100952148438
5.005651473999023,0.09344100952148438
5.016376495361328,0.09344100952148438
5.02711296081543,0.09344100952148438
5.037824392318726,0.09344100952148438
5.048548698425293,0.09344100952148438
5.059282541275024,0.09344100952148438
5.07000732421875,0.09344100952148438
5.080719232559204,0.09344100952148438
5.091448068618774,0.09344100952148438
5.102173805236816,0.09344100952148438
5.1128857135772705,0.09344100952148438
5.123614311218262,0.09344100952148438
5.134344100952148,0.09344100952148438
5.145051717758179,0.09344100952148438
5.155799388885498,0.09344100952148438
5.166538953781128,0.09344100952148438
5.177269697189331,0.09344100952148438
5.187989234924316,0.09344100952148438
5.198711156845093,0.09344100952148438
5.209440469741821,0.09344100952148438
5.220173597335815,0.09344100952148438
5.230886936187744,0.09344100952148438
5.241609573364258,0.09344100952148438
5.252344608306885,0.09344100952148438
5.2630510330200195,0.09344100952148438
5.2737860679626465,0.09344100952148438
5.284515380859375,0.09344100952148438
5.295243740081787,0.09344100952148438
5.305963516235352,0.09344100952148438
5.316687107086182,0.09344100952148438
5.327419281005859,0.09344100952148438
5.3381617069244385,0.09344100952148438
5.348874092102051,0.09344100952148438
5.359611988067627,0.09344100952148438
5.370346546173096,0.09344100952148438
5.381083011627197,0.09344100952148438
5.391817331314087,0.09344100952148438
5.402547359466553,0.09344100952148438
5.413278579711914,0.09344100952148438
5.424002408981323,0.09344100952148438
5.434724807739258,0.09344100952148438
5.445455551147461,0.09344100952148438
5.456202030181885,0.09344100952148438
5.466925859451294,0.09344100952148438
5.477670907974243,0.09344100952148438
5.488406419754028,0.09344100952148438
5.499143600463867,0.09344100952148438
5.509891033172607,0.09344100952148438
5.520632743835449,0.09344100952148438
5.531371116638184,0.09344100952148438
5.542102336883545,0.09344100952148438
5.552830934524536,0.09344100952148438
5.563563585281372,0.09344100952148438
5.574299097061157,0.09344100952148438
5.5850136280059814,0.09344100952148438
5.595735311508179,0.09344100952148438
5.606470108032227,0.09344100952148438
5.617209434509277,0.09344100952148438
5.6279308795928955,0.09344100952148438
5.6386635303497314,0.09344100952148438
5.649390697479248,0.09344100952148438
5.6601338386535645,0.09344100952148438
5.670864582061768,0.09369277954101562
5.68158745765686,0.09369277954101562
5.692315578460693,0.09369277954101562
5.703043699264526,0.09369277954101562
5.713758230209351,0.09369277954101562
5.724491119384766,0.09369277954101562
5.735228538513184,0.09369277954101562
5.745943546295166,0.09369277954101562
5.756696701049805,0.09369277954101562
5.767430067062378,0.09369277954101562
5.778153657913208,0.09369277954101562
5.788865089416504,0.09369277954101562
5.799590587615967,0.09369277954101562
5.810327768325806,0.09369277954101562
5.82104229927063,0.09369277954101562
5.83176851272583,0.09369277954101562
5.8424904346466064,0.09369277954101562
5.853217124938965,0.09369277954101562
5.863922357559204,0.09369277954101562
5.874654054641724,0.09369277954101562
5.885382175445557,0.09369277954101562
5.896114826202393,0.09369277954101562
5.9068238735198975,0.09369277954101562
5.9175639152526855,0.09419631958007812
5.9282896518707275,0.09419631958007812
5.939007997512817,0.09419631958007812
5.949730634689331,0.09419631958007812
5.960483074188232,0.09419631958007812
5.971211194992065,0.09419631958007812
5.981927156448364,0.09419631958007812
5.99264931678772,0.09419631958007812
6.003376007080078,0.09419631958007812
6.014110326766968,0.09419631958007812
6.024836301803589,0.09437179565429688
6.035569429397583,0.09517669677734375
6.046303987503052,0.09568023681640625
6.057034492492676,0.0959320068359375
6.06776237487793,0.09618377685546875
6.078486919403076,0.09618377685546875
6.08922004699707,0.096435546875
6.099937677383423,0.096435546875
6.110659122467041,0.096435546875
6.121396064758301,0.096435546875
6.13214111328125,0.096435546875
6.14285683631897,0.096435546875
6.153580665588379,0.096435546875
6.164305210113525,0.096435546875
6.17501163482666,0.096435546875
6.185767889022827,0.096435546875
6.196493148803711,0.096435546875
6.207226276397705,0.096435546875
6.217935562133789,0.096435546875
6.228663206100464,0.096435546875
6.23938775062561,0.096435546875
6.250110149383545,0.096435546875
6.260866641998291,0.096435546875
6.2715904712677,0.096435546875
6.282315969467163,0.096435546875
6.293030500411987,0.096435546875
6.303767919540405,0.096435546875
6.3144941329956055,0.096435546875
6.3252294063568115,0.096435546875
6.335953235626221,0.096435546875
6.346678972244263,0.096435546875
6.357408761978149,0.09719085693359375
6.368151426315308,0.097442626953125
6.378881454467773,0.0979461669921875
6.389611005783081,0.09819793701171875
6.400336742401123,0.09844970703125
6.4110682010650635,0.09870147705078125
6.421794176101685,0.09920501708984375
6.432527303695679,0.09920501708984375
6.443255186080933,0.09920501708984375
6.4539713859558105,0.09920501708984375
6.4647016525268555,0.09920501708984375
6.475428819656372,0.09920501708984375
6.486151218414307,0.09920501708984375
6.496862411499023,0.09920501708984375
6.507584571838379,0.09920501708984375
6.51830792427063,0.09920501708984375
6.529017686843872,0.09920501708984375
6.5397326946258545,0.09920501708984375
6.550460338592529,0.09920501708984375
6.561203956604004,0.09920501708984375
6.571931600570679,0.09920501708984375
6.582660675048828,0.09920501708984375
6.593398332595825,0.09920501708984375
6.604133129119873,0.09920501708984375
6.614861249923706,0.09920501708984375
6.625604867935181,0.09920501708984375
6.6363420486450195,0.09920501708984375
6.647050619125366,0.09920501708984375
6.657778024673462,0.09920501708984375
6.668506622314453,0.09920501708984375
6.679229974746704,0.09920501708984375
6.689951658248901,0.09920501708984375
6.700693368911743,0.09920501708984375
6.7114081382751465,0.09920501708984375
6.722139835357666,0.09920501708984375
6.732850551605225,0.09920501708984375
6.743589162826538,0.099456787109375
6.754317045211792,0.099456787109375
6.765028476715088,0.099456787109375
6.775758743286133,0.099456787109375
6.786489486694336,0.099456787109375
6.797214984893799,0.099456787109375
6.807931900024414,0.099456787109375
6.8186609745025635,0.099456787109375
6.829403400421143,0.099456787109375
6.840143442153931,0.099456787109375
6.850848913192749,0.099456787109375
6.8615803718566895,0.099456787109375
6.8723180294036865,0.099456787109375
6.883026123046875,0.099456787109375
6.893747329711914,0.099456787109375
6.904475212097168,0.099456787109375
6.915195465087891,0.099456787109375
6.925907850265503,0.099456787109375
6.9366350173950195,0.099456787109375
6.947366952896118,0.099456787109375
6.958092451095581,0.099456787109375
6.9688146114349365,0.099456787109375
6.979537725448608,0.099456787109375
6.990265607833862,0.099456787109375
7.000972747802734,0.099456787109375
7.011687994003296,0.099456787109375
7.022419214248657,0.099456787109375
7.03314471244812,0.099456787109375
7.043878078460693,0.09975814819335938
7.054616689682007,0.09975814819335938
7.065335988998413,0.09975814819335938
7.076076507568359,0.09975814819335938
7.086797475814819,0.09975814819335938
7.097532510757446,0.09975814819335938
7.108264446258545,0.09975814819335938
7.118985652923584,0.09975814819335938
7.129716634750366,0.09975814819335938
7.140454053878784,0.09975814819335938
7.151188850402832,0.09975814819335938
7.161903381347656,0.09975814819335938
7.172629356384277,0.09975814819335938
7.1833555698394775,0.09975814819335938
7.194081544876099,0.09975814819335938
7.204839706420898,0.09975814819335938
7.215567350387573,0.09975814819335938
7.226292848587036,0.09975814819335938
7.237011671066284,0.09975814819335938
7.24772047996521,0.09975814819335938
7.258448600769043,0.09975814819335938
7.2691872119903564,0.09975814819335938
7.279898643493652,0.09975814819335938
7.290626049041748,0.09975814819335938
7.301355600357056,0.09975814819335938
7.312092304229736,0.09975814819335938
7.32280158996582,0.09975814819335938
7.333531141281128,0.09975814819335938
7.344258069992065,0.09975814819335938
7.354974269866943,0.09975814819335938
7.365712404251099,0.09975814819335938
7.376439094543457,0.09975814819335938
7.387174844741821,0.09975814819335938
7.3978822231292725,0.09975814819335938
7.408605098724365,0.09975814819335938
7.419330596923828,0.09975814819335938
7.430044174194336,0.09975814819335938
7.440707445144653,0.09975814819335938
7.451439142227173,0.09975814819335938
7.462166786193848,0.09975814819335938
7.472898006439209,0.10011672973632812
7.483625888824463,0.10036849975585938
7.494362831115723,0.10036849975585938
7.505104303359985,0.10036849975585938
7.51581072807312,0.10036849975585938
7.526541471481323,0.10036849975585938
7.537275314331055,0.10036849975585938
7.547991991043091,0.10036849975585938
7.558709621429443,0.10036849975585938
7.569451332092285,0.10036849975585938
7.58019232749939,0.10036849975585938
7.590906143188477,0.10036849975585938
7.601642370223999,0.10036849975585938
7.612377643585205,0.10036849975585938
7.623129844665527,0.10036849975585938
7.633850574493408,0.10036849975585938
7.644588947296143,0.10062026977539062
7.655322551727295,0.10062026977539062
7.666064023971558,0.10087203979492188
7.6767897605896,0.10137557983398438
7.6875159740448,0.10137557983398438
7.698251485824585,0.10187911987304688
7.7089738845825195,0.10213088989257812
7.719697713851929,0.10263442993164062
7.730438232421875,0.10313796997070312
7.741166591644287,0.10338973999023438
7.751896142959595,0.10384368896484375
7.762636661529541,0.10409164428710938
7.773378610610962,0.10434341430664062
7.7841269969940186,0.10459518432617188
7.794848203659058,0.10484695434570312
7.805594205856323,0.10509872436523438
7.816351890563965,0.10535049438476562
7.82707953453064,0.10585403442382812
7.837815999984741,0.10610580444335938
7.848565578460693,0.10635757446289062
7.859315395355225,0.10686111450195312
7.870039463043213,0.10736465454101562
7.880781888961792,0.10736465454101562
7.891522169113159,0.10736465454101562
7.90226674079895,0.10736465454101562
7.91299033164978,0.10736465454101562
7.923713445663452,0.10736465454101562
7.9344482421875,0.10736465454101562
7.945192098617554,0.10736465454101562
7.955925941467285,0.10736465454101562
7.966670989990234,0.10736465454101562
7.977417945861816,0.10932540893554688
7.988154411315918,0.10932540893554688
7.998886823654175,0.10932540893554688
8.009623289108276,0.10932540893554688
8.02034878730774,0.10932540893554688
8.031083345413208,0.10932540893554688
8.041790008544922,0.10932540893554688
8.05252718925476,0.10932540893554688
8.063249349594116,0.10932540893554688
8.073960542678833,0.10932540893554688
8.08468770980835,0.10932540893554688
8.09541630744934,0.10932540893554688
8.106149911880493,0.10932540893554688
8.116858005523682,0.10932540893554688
8.12759256362915,0.10932540893554688
8.138316631317139,0.10932540893554688
8.149039030075073,0.10932540893554688
8.159767866134644,0.10932540893554688
8.170499086380005,0.10932540893554688
8.18123745918274,0.10932540893554688
8.191949605941772,0.10932540893554688
8.202684164047241,0.10932540893554688
8.213422298431396,0.10932540893554688
8.224151849746704,0.10932540893554688
8.234870672225952,0.10932540893554688
8.245601654052734,0.10932540893554688
8.25632619857788,0.10932540893554688
8.267048358917236,0.10932540893554688
8.277786493301392,0.10932540893554688
8.288515090942383,0.10932540893554688
8.299245595932007,0.10932540893554688
8.30996036529541,0.10932540893554688
8.320693016052246,0.10932540893554688
8.331427335739136,0.10932540893554688
8.342157125473022,0.10932540893554688
8.352866172790527,0.10932540893554688
8.363590478897095,0.10932540893554688
8.374310970306396,0.10932540893554688
8.385016918182373,0.10932540893554688
8.395734786987305,0.10932540893554688
8.406462907791138,0.10932540893554688
8.417184114456177,0.10932540893554688
8.427895069122314,0.10932540893554688
8.438628673553467,0.10932540893554688
8.44936227798462,0.10932540893554688
8.4600830078125,0.10932540893554688
8.470792770385742,0.10932540893554688
8.481526851654053,0.10957717895507812
8.492254495620728,0.10957717895507812
8.502965211868286,0.10957717895507812
8.513696193695068,0.10957717895507812
8.524417161941528,0.10957717895507812
8.535145998001099,0.10957717895507812
8.545851945877075,0.10957717895507812
8.556578636169434,0.10957717895507812
8.56731367111206,0.10957717895507812
8.57802438735962,0.10957717895507812
8.58874797821045,0.10957717895507812
8.59947681427002,0.10957717895507812
8.610200643539429,0.10957717895507812
8.62093210220337,0.10957717895507812
8.6316659450531,0.10957717895507812
8.642404556274414,0.10957717895507812
8.65314269065857,0.10957717895507812
8.663853883743286,0.10957717895507812
8.67457365989685,0.10957717895507812
8.685307264328003,0.10957717895507812
8.696016073226929,0.10957717895507812
8.706753492355347,0.10957717895507812
8.717604398727417,0.10957717895507812
8.728348016738892,0.10957717895507812
8.739079475402832,0.10957717895507812
8.749803066253662,0.10957717895507812
8.760542392730713,0.10957717895507812
8.771269798278809,0.10957717895507812
8.782012224197388,0.10957717895507812
8.792720794677734,0.10957717895507812
8.803457021713257,0.10957717895507812
8.814185857772827,0.10957717895507812
8.824896812438965,0.10957717895507812
8.835623741149902,0.10957717895507812
8.846354484558105,0.10957717895507812
8.857083082199097,0.10957717895507812
8.867804050445557,0.10957717895507812
8.87852692604065,0.10957717895507812
8.889262437820435,0.10957717895507812
8.899967670440674,0.10957717895507812
8.910726547241211,0.10957717895507812
8.9214608669281,0.10957717895507812
8.932190656661987,0.10957717895507812
8.942897319793701,0.10957717895507812
8.953618049621582,0.10957717895507812
8.964341402053833,0.10957717895507812
8.975045680999756,0.10957717895507812
8.985755205154419,0.10957717895507812
8.996475458145142,0.10957717895507812
9.007193565368652,0.10982894897460938
9.017914533615112,0.10982894897460938
9.02864122390747,0.10982894897460938
9.039371728897095,0.10982894897460938
9.05009388923645,0.10982894897460938
9.060813903808594,0.10982894897460938
9.071547985076904,0.10982894897460938
9.082286834716797,0.10982894897460938
9.093003273010254,0.10982894897460938
9.103721380233765,0.10982894897460938
9.114450454711914,0.10982894897460938
9.12518310546875,0.10982894897460938
9.135891199111938,0.10982894897460938
9.146630048751831,0.10982894897460938
9.15735149383545,0.10982894897460938
9.168107032775879,0.10982894897460938
9.178826570510864,0.10982894897460938
9.189555406570435,0.10982894897460938
9.20028042793274,0.10982894897460938
9.210999250411987,0.10982894897460938
9.221726655960083,0.10982894897460938
9.232450723648071,0.10982894897460938
9.243177652359009,0.10982894897460938
9.253894090652466,0.10982894897460938
9.264618635177612,0.10982894897460938
9.275339365005493,0.10982894897460938
9.286048650741577,0.10982894897460938
9.296783685684204,0.10995864868164062
9.30751085281372,0.11059951782226562
9.318236112594604,0.11085128784179688
9.32895040512085,0.11227035522460938
9.339679479598999,0.11227035522460938
9.350402116775513,0.11227035522460938
9.361144542694092,0.11227035522460938
9.371856927871704,0.11227035522460938
9.382590293884277,0.11227035522460938
9.393327951431274,0.11227035522460938
9.404043197631836,0.11227035522460938
9.414758443832397,0.11227035522460938
9.425498247146606,0.11227035522460938
9.43622612953186,0.11227035522460938
9.44694709777832,0.11227035522460938
9.457695007324219,0.11227035522460938
9.468428373336792,0.11227035522460938
9.47916316986084,0.11227035522460938
9.489877700805664,0.11227035522460938
9.500604629516602,0.11227035522460938
9.511331796646118,0.11277389526367188
9.522075414657593,0.11388397216796875
9.53281283378601,0.11469650268554688
9.543546199798584,0.11595535278320312
9.554286241531372,0.11645889282226562
9.565013408660889,0.11693191528320312
9.575740337371826,0.11867523193359375
9.586473941802979,0.11867523193359375
9.597206354141235,0.11867523193359375
9.607921600341797,0.11867523193359375
9.61866545677185,0.11867523193359375
9.629419803619385,0.11867523193359375
9.64015531539917,0.11867523193359375
9.650874614715576,0.11867523193359375
9.661625623703003,0.11867523193359375
9.672350645065308,0.11867523193359375
9.683081150054932,0.11867523193359375
9.693803310394287,0.11867523193359375
9.704530000686646,0.11907958984375
9.715266227722168,0.11907958984375
9.7259840965271,0.11907958984375
9.736704587936401,0.11907958984375
9.747436046600342,0.11907958984375
9.758168697357178,0.11933135986328125
9.768888711929321,0.12031936645507812
9.779625415802002,0.12082290649414062
9.79035496711731,0.12107467651367188
9.80108380317688,0.12107467651367188
9.811830520629883,0.12182998657226562
9.82256007194519,0.12203598022460938
9.833293914794922,0.12203598022460938
9.844014883041382,0.12203598022460938
9.854743242263794,0.12203598022460938
9.865464925765991,0.12203598022460938
9.87619924545288,0.12203598022460938
9.886910915374756,0.12203598022460938
9.897639989852905,0.12203598022460938
9.908406734466553,0.12203598022460938
9.919146299362183,0.12203598022460938
9.929868221282959,0.12203598022460938
9.940600156784058,0.12203598022460938
9.951341152191162,0.12203598022460938
9.962094783782959,0.12203598022460938
9.97281551361084,0.12203598022460938
9.983554363250732,0.12203598022460938
9.99428939819336,0.12203598022460938
10.004999160766602,0.12229537963867188
10.015714883804321,0.12229537963867188
10.026435375213623,0.12229537963867188
10.037167310714722,0.12229537963867188
10.047884941101074,0.12229537963867188
10.058612585067749,0.12229537963867188
10.069352388381958,0.12229537963867188
10.080078125,0.12229537963867188
10.090787649154663,0.12229537963867188
10.101515293121338,0.12229537963867188
10.112250566482544,0.12229537963867188
10.122960805892944,0.12229537963867188
10.13369083404541,0.12229537963867188
10.14441204071045,0.12229537963867188
10.155147314071655,0.12229537963867188
10.16585373878479,0.12229537963867188
10.176586389541626,0.12229537963867188
10.187306642532349,0.12229537963867188
10.19802188873291,0.12254714965820312
10.208712577819824,0.12305068969726562
10.219449996948242,0.12355422973632812
10.230188608169556,0.12380599975585938
10.240920305252075,0.12405776977539062
10.251667737960815,0.12405776977539062
10.262385845184326,0.12405776977539062
10.27312684059143,0.12405776977539062
10.283844709396362,0.12405776977539062
10.294576644897461,0.12405776977539062
10.305317878723145,0.12405776977539062
10.31605076789856,0.12405776977539062
10.32678508758545,0.12405776977539062
10.33753252029419,0.12405776977539062
10.34826397895813,0.12405776977539062
10.35897421836853,0.12487030029296875
10.36970329284668,0.12487030029296875
10.380433320999146,0.12487030029296875
10.391160726547241,0.12487030029296875
10.4018874168396,0.12487030029296875
10.412628173828125,0.12487030029296875
10.423357009887695,0.12487030029296875
10.434098958969116,0.12487030029296875
10.444816827774048,0.12487030029296875
10.455551862716675,0.12487030029296875
10.466293334960938,0.12487030029296875
10.477023363113403,0.12487030029296875
10.487740278244019,0.12487030029296875
10.498483657836914,0.12487030029296875
10.509227991104126,0.12487030029296875
10.519957065582275,0.12565231323242188
10.530695676803589,0.12590408325195312
10.54142951965332,0.12615585327148438
10.552192687988281,0.12640762329101562
10.562918424606323,0.12640762329101562
10.573655605316162,0.12640762329101562
10.58440089225769,0.12640762329101562
10.595134496688843,0.12640762329101562
10.605857372283936,0.12640762329101562
10.616589784622192,0.12640762329101562
10.627319812774658,0.12640762329101562
10.638041734695435,0.12640762329101562
10.64876389503479,0.12640762329101562
10.659507513046265,0.12640762329101562
10.670241832733154,0.12640762329101562
10.68095350265503,0.12640762329101562
10.691685438156128,0.12640762329101562
10.702431917190552,0.12640762329101562
10.713157653808594,0.12640762329101562
10.723873138427734,0.12640762329101562
10.734595775604248,0.12640762329101562
10.745328664779663,0.12640762329101562
10.756046295166016,0.12640762329101562
10.76671838760376,0.12665939331054688
10.777454137802124,0.12716293334960938
10.78819489479065,0.12741470336914062
10.798908710479736,0.12766647338867188
10.809643268585205,0.12817001342773438
10.8203706741333,0.12817001342773438
10.831093311309814,0.12817001342773438
10.841814517974854,0.12842178344726562
10.85254979133606,0.12867355346679688
10.86327052116394,0.12917709350585938
10.873991012573242,0.12942886352539062
10.884710788726807,0.12993240356445312
10.895444631576538,0.13043594360351562
10.90617299079895,0.13068771362304688
10.916902780532837,0.13093948364257812
10.927639484405518,0.13093948364257812
10.938374519348145,0.13093948364257812
10.949105978012085,0.13093948364257812
10.959827661514282,0.13093948364257812
10.970552444458008,0.13093948364257812
10.981283187866211,0.13093948364257812
10.99199652671814,0.13093948364257812
11.00271201133728,0.13093948364257812
11.013447761535645,0.13093948364257812
11.024173498153687,0.13093948364257812
11.034881830215454,0.13093948364257812
11.045602321624756,0.13093948364257812
11.056331634521484,0.13093948364257812
11.06704306602478,0.13144302368164062
11.077767848968506,0.13144302368164062
11.088505983352661,0.13169479370117188
11.099226474761963,0.13194656372070312
11.10996961593628,0.1326141357421875
11.120702981948853,0.13479232788085938
11.131433248519897,0.13479232788085938
11.142160177230835,0.13479232788085938
11.152884483337402,0.13479232788085938
11.16361379623413,0.13479232788085938
11.174334287643433,0.13479232788085938
11.185043096542358,0.13479232788085938
11.195752382278442,0.13479232788085938
11.206484079360962,0.13479232788085938
11.217224836349487,0.13479232788085938
11.227956771850586,0.13479232788085938
11.238692283630371,0.13479232788085938
11.249418020248413,0.13479232788085938
11.26015830039978,0.13479232788085938
11.270871639251709,0.13479232788085938
11.281620979309082,0.13479232788085938
11.292356967926025,0.13479232788085938
11.30310869216919,0.13479232788085938
11.313835382461548,0.13479232788085938
11.324567079544067,0.13479232788085938
11.335324048995972,0.13479232788085938
11.346065759658813,0.13479232788085938
11.356781244277954,0.13479232788085938
11.367516279220581,0.13479232788085938
11.378247737884521,0.13479232788085938
11.38897705078125,0.13479232788085938
11.39971399307251,0.13479232788085938
11.410455703735352,0.13479232788085938
11.421194076538086,0.13479232788085938
11.431917190551758,0.13479232788085938
11.442662715911865,0.13479232788085938
11.453405380249023,0.13479232788085938
11.464144945144653,0.13479232788085938
11.474874496459961,0.13479232788085938
11.485613107681274,0.13479232788085938
11.49635100364685,0.1353912353515625
11.507078647613525,0.1353912353515625
11.517803430557251,0.1353912353515625
11.52853798866272,0.1353912353515625
11.539259433746338,0.1353912353515625
11.549983263015747,0.1353912353515625
11.56071400642395,0.1353912353515625
11.571454048156738,0.1353912353515625
11.58220624923706,0.1353912353515625
11.592915296554565,0.1353912353515625
11.603636503219604,0.1353912353515625
11.614354133605957,0.1353912353515625
11.625072717666626,0.1353912353515625
11.635784387588501,0.1353912353515625
11.646511793136597,0.1353912353515625
11.65723443031311,0.1353912353515625
11.667951107025146,0.1353912353515625
11.678674459457397,0.1353912353515625
11.689400911331177,0.1353912353515625
11.700132369995117,0.1353912353515625
11.710848569869995,0.1353912353515625
11.721569299697876,0.1353912353515625
11.732303380966187,0.1353912353515625
11.743035316467285,0.1353912353515625
11.753758907318115,0.1353912353515625
11.76449704170227,0.1353912353515625
11.775220394134521,0.1353912353515625
11.78592848777771,0.1353912353515625
11.796661853790283,0.1353912353515625
11.807386875152588,0.1353912353515625
11.818121433258057,0.13564300537109375
11.82884168624878,0.13564300537109375
11.839569091796875,0.13564300537109375
11.85028862953186,0.13564300537109375
11.861011028289795,0.13564300537109375
11.871721029281616,0.13564300537109375
11.88247299194336,0.13564300537109375
11.893203496932983,0.13564300537109375
11.903918981552124,0.13564300537109375
11.914659023284912,0.13564300537109375
11.925390243530273,0.13564300537109375
11.93612551689148,0.13564300537109375
11.946839570999146,0.13564300537109375
11.957560539245605,0.13564300537109375
11.968297004699707,0.13564300537109375
11.979018449783325,0.13564300537109375
11.989750385284424,0.13564300537109375
12.00048303604126,0.135894775390625
12.011213779449463,0.135894775390625
12.021933555603027,0.135894775390625
12.032679796218872,0.135894775390625
12.043409824371338,0.135894775390625
12.054143190383911,0.135894775390625
12.064863920211792,0.135894775390625
12.075610399246216,0.135894775390625
12.086355209350586,0.135894775390625
12.097095966339111,0.135894775390625
12.10782265663147,0.135894775390625
12.118563652038574,0.135894775390625
12.129305601119995,0.135894775390625
12.140021324157715,0.135894775390625
12.150731086730957,0.135894775390625
12.161461114883423,0.135894775390625
12.172219276428223,0.135894775390625
12.182941436767578,0.135894775390625
12.193671226501465,0.135894775390625
12.204403162002563,0.135894775390625
12.21513557434082,0.135894775390625
12.225849866867065,0.135894775390625
12.236581802368164,0.13614654541015625
12.247326135635376,0.1363983154296875
12.25804853439331,0.13665008544921875
12.268776655197144,0.13799667358398438
12.279515981674194,0.13885879516601562
12.290244102478027,0.1401824951171875
12.300952196121216,0.1401824951171875
12.311688661575317,0.1401824951171875
12.322428703308105,0.1401824951171875
12.333160638809204,0.1401824951171875
12.343895673751831,0.1401824951171875
12.35462737083435,0.1401824951171875
12.365349292755127,0.1401824951171875
12.376084327697754,0.1401824951171875
12.386789321899414,0.1401824951171875
12.397535800933838,0.1401824951171875
12.408267974853516,0.1401824951171875
12.41897964477539,0.1401824951171875
12.429711103439331,0.1401824951171875
12.44044804573059,0.1401824951171875
12.451175451278687,0.1401824951171875
12.461898565292358,0.1401824951171875
12.472631692886353,0.14123916625976562
12.483362197875977,0.14315032958984375
12.494084119796753,0.14469528198242188
12.504807472229004,0.14548110961914062
12.51555061340332,0.14548110961914062
12.526282548904419,0.14598464965820312
12.536994218826294,0.14615631103515625
12.54771637916565,0.14654922485351562
12.558439493179321,0.14705276489257812
12.569200992584229,0.14767074584960938
12.579948902130127,0.14817428588867188
12.59068250656128,0.14896392822265625
12.60141634941101,0.14896392822265625
12.612154722213745,0.14896392822265625
12.62287712097168,0.14896392822265625
12.633599758148193,0.14896392822265625
12.644323110580444,0.14896392822265625
12.65504503250122,0.14896392822265625
12.665765285491943,0.14896392822265625
12.676506519317627,0.14896392822265625
12.68722939491272,0.14896392822265625
12.697956800460815,0.14896392822265625
12.708678483963013,0.14896392822265625
12.719411373138428,0.14896392822265625
12.730136632919312,0.14896392822265625
12.740862369537354,0.14896392822265625
12.751599311828613,0.14896392822265625
12.762337684631348,0.14896392822265625
12.773081541061401,0.14896392822265625
12.783790111541748,0.14896392822265625
12.794522285461426,0.14896392822265625
12.805261611938477,0.14896392822265625
12.815986633300781,0.14896392822265625
12.826721429824829,0.14896392822265625
12.837459564208984,0.14896392822265625
12.848198652267456,0.14896392822265625
12.858914613723755,0.14896392822265625
12.86965537071228,0.14896392822265625
12.880411863327026,0.14896392822265625
12.8911452293396,0.14896392822265625
12.901881217956543,0.14896392822265625
12.912627696990967,0.1492156982421875
12.923382997512817,0.1492156982421875
12.934119701385498,0.1492156982421875
12.944843292236328,0.1492156982421875
12.955569505691528,0.1492156982421875
12.966320753097534,0.1492156982421875
12.977046489715576,0.15014266967773438
12.987781047821045,0.1526641845703125
12.998536348342896,0.15416336059570312
13.00927209854126,0.15503311157226562
13.019997119903564,0.1555328369140625
13.03074049949646,0.156036376953125
13.041486740112305,0.156829833984375
13.052220106124878,0.15729141235351562
13.062938451766968,0.15793609619140625
13.073665857315063,0.15848159790039062
13.084393501281738,0.15915298461914062
13.095127820968628,0.15940475463867188
13.105842113494873,0.160552978515625
13.116573810577393,0.160552978515625
13.127296686172485,0.160552978515625
13.138006448745728,0.160552978515625
13.148727655410767,0.160552978515625
13.159454107284546,0.160552978515625
13.170175313949585,0.160552978515625
13.180889129638672,0.160552978515625
13.191620349884033,0.160552978515625
13.202348947525024,0.160552978515625
13.213083505630493,0.160552978515625
13.223788976669312,0.160552978515625
13.234511613845825,0.160552978515625
13.245237350463867,0.160552978515625
13.255958080291748,0.160552978515625
13.266685724258423,0.160552978515625
13.277422428131104,0.1610565185546875
13.288177013397217,0.1610565185546875
13.298903942108154,0.16130828857421875
13.309634685516357,0.16201019287109375
13.320384979248047,0.16309356689453125
13.331115007400513,0.16349411010742188
13.341864109039307,0.1638336181640625
13.352607488632202,0.16408538818359375
13.36334753036499,0.16458892822265625
13.37407636642456,0.16458892822265625
13.3847975730896,0.16458892822265625
13.3955237865448,0.16458892822265625
13.406251668930054,0.16458892822265625
13.416961908340454,0.16458892822265625
13.427693367004395,0.16458892822265625
13.438428163528442,0.16458892822265625
13.449150562286377,0.16458892822265625
13.459860563278198,0.16458892822265625
13.470587491989136,0.16458892822265625
13.48130178451538,0.16458892822265625
13.4920334815979,0.16458892822265625
13.502754926681519,0.16458892822265625
13.513490676879883,0.16458892822265625
13.524227142333984,0.1648406982421875
13.534952640533447,0.16548538208007812
13.54568862915039,0.16548538208007812
13.55643892288208,0.16548538208007812
13.567163944244385,0.16548538208007812
13.577872037887573,0.16548538208007812
13.588599920272827,0.16548538208007812
13.599334716796875,0.16548538208007812
13.610067367553711,0.16548538208007812
13.620788097381592,0.16548538208007812
13.631524801254272,0.16548538208007812
13.642255783081055,0.16548538208007812
13.652964353561401,0.16548538208007812
13.663703918457031,0.16548538208007812
13.674441814422607,0.16548538208007812
13.685163974761963,0.16548538208007812
13.695876359939575,0.16548538208007812
13.70659875869751,0.16548538208007812
13.717318534851074,0.16548538208007812
13.728063583374023,0.16563034057617188
13.738789081573486,0.16901397705078125
13.749513149261475,0.16910552978515625
13.760253429412842,0.17007064819335938
13.770976066589355,0.17033767700195312
13.781703472137451,0.170989990234375
13.792444944381714,0.17193222045898438
13.80316162109375,0.17193222045898438
13.813868999481201,0.17193222045898438
13.824605226516724,0.17193222045898438
13.835330724716187,0.17193222045898438
13.846037864685059,0.17193222045898438
13.856761455535889,0.17193222045898438
13.86748719215393,0.17193222045898438
13.878214597702026,0.17193222045898438
13.888933181762695,0.17193222045898438
13.89966344833374,0.17193222045898438
13.910394430160522,0.17193222045898438
13.921125650405884,0.17193222045898438
13.931844472885132,0.17195892333984375
13.942581176757812,0.17195892333984375
13.953311681747437,0.17195892333984375
13.964027166366577,0.17523574829101562
13.974729537963867,0.17548751831054688
13.985464572906494,0.17548751831054688
13.996197938919067,0.17548751831054688
14.006910800933838,0.17548751831054688
14.017647743225098,0.17548751831054688
14.028371810913086,0.1757965087890625
14.039103031158447,0.1763916015625
14.04981255531311,0.1763916015625
14.060542821884155,0.1763916015625
14.071269750595093,0.1763916015625
14.081986665725708,0.1763916015625
14.092713356018066,0.1763916015625
14.103448152542114,0.1763916015625
14.114173650741577,0.1763916015625
14.124918460845947,0.1763916015625
14.135646343231201,0.1763916015625
14.146368980407715,0.1763916015625
14.157104969024658,0.1763916015625
14.16781735420227,0.1763916015625
14.178556680679321,0.1763916015625
14.189290046691895,0.1763916015625
14.199999570846558,0.1763916015625
14.210747718811035,0.1763916015625
14.221477031707764,0.1763916015625
14.232200860977173,0.1763916015625
14.242915391921997,0.1763916015625
14.253641843795776,0.1763916015625
14.264375448226929,0.1763916015625
14.275124311447144,0.1763916015625
14.285845756530762,0.1763916015625
14.29658055305481,0.1763916015625
14.307313203811646,0.1763916015625
14.318022966384888,0.1763916015625
14.328752517700195,0.1763916015625
14.33948016166687,0.1763916015625
14.350203037261963,0.1763916015625
14.360925436019897,0.1763916015625
14.371654987335205,0.1763916015625
14.382394552230835,0.1763916015625
14.393129825592041,0.1763916015625
14.403836965560913,0.1763916015625
14.41457748413086,0.1763916015625
14.425302743911743,0.1763916015625
14.436031579971313,0.1763916015625
14.446758270263672,0.17664337158203125
14.457495927810669,0.17664337158203125
14.468239784240723,0.1768951416015625
14.478973865509033,0.17714691162109375
14.489718437194824,0.17767715454101562
14.500718116760254,0.2972869873046875
14.51198959350586,0.7740364074707031
14.523823261260986,1.1333961486816406
14.535610437393188,1.1777153015136719
14.547217607498169,1.1792144775390625
14.558538436889648,1.1802940368652344
14.569885015487671,1.1809158325195312
14.581264734268188,1.1816558837890625
14.592631578445435,1.1828117370605469
14.604387283325195,1.1835479736328125
14.617639541625977,1.1842994689941406
14.628977537155151,1.1855430603027344
14.640303611755371,1.1855430603027344
14.651610136032104,1.1875267028808594
14.662909030914307,1.1878471374511719
14.674689531326294,1.1887779235839844
14.686436891555786,1.1901397705078125
14.697744131088257,1.1907157897949219
14.709046840667725,1.1907157897949219
14.720349788665771,1.1918983459472656
14.731661319732666,1.1923637390136719
14.742948770523071,1.1923637390136719
14.754250049591064,1.1923637390136719
14.76555323600769,1.1923637390136719
14.77684497833252,1.1923637390136719
14.788134098052979,1.1923637390136719
14.799461841583252,1.1923637390136719
14.810763120651245,1.1927299499511719
14.82431697845459,1.5227508544921875
14.837706089019775,1.8301315307617188
14.851009607315063,1.7776832580566406
14.864408254623413,1.7161521911621094
14.877511501312256,1.7921371459960938
14.89043140411377,1.7388420104980469
14.903427124023438,1.8906745910644531
14.916586875915527,2.213886260986328
14.929626941680908,2.1107521057128906
14.942625045776367,2.1094512939453125
14.955650329589844,2.067310333251953
14.968602418899536,2.2290573120117188
14.98170781135559,2.541271209716797
14.99492335319519,2.809070587158203
15.007878303527832,2.861583709716797
15.021171569824219,3.065288543701172
15.03450894355774,3.1934852600097656
15.047457218170166,3.020679473876953
15.060675859451294,3.1784629821777344
15.07532024383545,3.3184356689453125
15.088647365570068,3.4456443786621094
15.100006103515625,3.4994163513183594
15.111327886581421,3.4798316955566406
15.122642755508423,3.3893280029296875
15.13396406173706,3.6190414428710938
15.145312070846558,3.7291488647460938
15.156646013259888,3.70501708984375
15.167984008789062,3.8256072998046875
15.179353475570679,3.838459014892578
15.190667629241943,3.7658538818359375
15.202008485794067,3.5941200256347656
15.213371276855469,3.6682701110839844
15.224685430526733,3.7037582397460938
15.236000299453735,3.7745895385742188
15.247328519821167,3.633331298828125
15.258699655532837,3.7723426818847656
15.270003080368042,3.599773406982422
15.281352519989014,3.7788772583007812
15.292660474777222,3.7214393615722656
15.30396842956543,3.726757049560547
15.315335988998413,3.906627655029297
15.326642513275146,3.818500518798828
15.337934970855713,3.6452102661132812
15.34928035736084,3.8135299682617188
15.360605239868164,3.730682373046875
15.371935844421387,3.8515892028808594
15.383230924606323,3.6213607788085938
15.394563913345337,3.684581756591797
15.40589714050293,3.7977066040039062
15.417251586914062,3.6477699279785156
15.428562641143799,3.6966323852539062
15.440034866333008,3.714710235595703
15.451284170150757,3.78192138671875
15.462629556655884,3.746807098388672
15.473961114883423,3.917949676513672
15.485260248184204,3.745044708251953
15.496545791625977,3.6089096069335938
15.507880449295044,3.7103004455566406
15.51917314529419,3.746532440185547
15.530538082122803,3.802398681640625
15.542042970657349,3.6867103576660156
15.553364753723145,3.7619285583496094
15.564664125442505,3.6871795654296875
15.575954675674438,3.758258819580078
15.587253332138062,3.756824493408203
15.598543167114258,3.837444305419922
15.60983657836914,3.82598876953125
15.621127843856812,3.649871826171875
15.632418155670166,3.71514892578125
15.643709182739258,3.7535858154296875
15.655010223388672,3.8293991088867188
15.66628909111023,3.7796592712402344
15.677586317062378,3.6293258666992188
15.688873767852783,3.762847900390625
15.700168132781982,3.713603973388672
15.711455583572388,3.756561279296875
15.72273850440979,3.696502685546875
15.73403024673462,3.7917251586914062
15.745292901992798,3.7145156860351562
15.75658655166626,3.830158233642578
15.767880916595459,3.6469688415527344
15.779175519943237,3.8214569091796875
15.790458679199219,3.6951332092285156
15.801758527755737,3.861186981201172
15.813069105148315,3.7704811096191406
15.824362516403198,3.591358184814453
15.835665225982666,3.681682586669922
15.846956968307495,3.8067779541015625
15.858250856399536,3.836193084716797
15.869535684585571,3.7951393127441406
15.880854845046997,3.6457443237304688
15.892174005508423,3.7141151428222656
15.903486490249634,3.6900482177734375
15.914803981781006,3.641407012939453
15.9261155128479,3.752460479736328
15.937422752380371,3.768573760986328
15.94871187210083,3.7077560424804688
15.96001672744751,3.652873992919922
15.971300601959229,3.740245819091797
15.982594013214111,3.797191619873047
15.993899822235107,3.7568931579589844
16.005213737487793,3.7128143310546875
16.016515016555786,3.7713584899902344
16.027799367904663,3.7655868530273438
16.039095640182495,3.6534347534179688
16.050432682037354,3.738567352294922
16.06206750869751,3.7255401611328125
16.07335638999939,3.82061767578125
16.084645986557007,3.6817626953125
16.0959415435791,3.8086280822753906
16.107236862182617,3.7367172241210938
16.118538856506348,3.746814727783203
16.12983989715576,3.7370834350585938
16.141143321990967,3.749217987060547
16.15243673324585,3.8175315856933594
16.163788080215454,3.7211837768554688
16.175092220306396,3.6703872680664062
16.1863911151886,3.736713409423828
16.197683572769165,3.738037109375
16.208959341049194,3.76055908203125
16.22026252746582,3.821746826171875
16.2315616607666,3.8546791076660156
16.242852687835693,3.7781753540039062
16.254143953323364,3.7795372009277344
16.265422344207764,3.6615219116210938
16.276699781417847,3.7914581298828125
16.287999153137207,3.8398399353027344
16.299474954605103,3.7474212646484375
16.310792207717896,3.8431320190429688
16.32208275794983,3.756450653076172
16.33337426185608,3.7927207946777344
16.34466242790222,3.657611846923828
16.355949640274048,3.7059173583984375
16.367239475250244,3.843902587890625
16.378540992736816,3.7358932495117188
16.389824390411377,3.6606292724609375
16.40117073059082,3.664234161376953
16.412476778030396,3.7451324462890625
16.42378520965576,3.7971649169921875
16.435084104537964,3.7633819580078125
16.446370840072632,3.5646133422851562
16.457658290863037,3.6824073791503906
16.46894598007202,3.690013885498047
16.480260372161865,3.7853660583496094
16.491543292999268,3.6619834899902344
16.502852201461792,3.7401161193847656
16.514148712158203,3.9002914428710938
16.52543878555298,3.7539520263671875
16.536733627319336,3.757343292236328
16.548020362854004,3.633392333984375
16.559301137924194,3.801807403564453
16.570767879486084,3.7876853942871094
16.58206272125244,3.6792945861816406
16.59336280822754,3.748516082763672
16.604645490646362,3.76153564453125
16.61592388153076,3.7253265380859375
16.62723970413208,3.673168182373047
16.63853645324707,3.809795379638672
16.649813413619995,3.8483734130859375
16.661109447479248,3.6955909729003906
16.67241072654724,3.5913848876953125
16.683711290359497,3.8457069396972656
16.695000171661377,3.8239288330078125
16.706299543380737,3.7544593811035156
16.71759271621704,3.6495285034179688
16.728880405426025,3.7246170043945312
16.740183115005493,3.778362274169922
16.75146985054016,3.7386856079101562
16.762744188308716,3.80792236328125
16.774020195007324,3.766613006591797
16.785290002822876,3.789398193359375
16.796585083007812,3.6821022033691406
16.80786943435669,3.6993255615234375
16.81916069984436,3.7769203186035156
16.830456733703613,3.7018280029296875
16.84174394607544,3.655139923095703
16.85304546356201,3.7727890014648438
16.864283561706543,3.7763938903808594
16.875571489334106,3.7855567932128906
16.886861085891724,3.784435272216797
16.89816403388977,3.6482887268066406
16.90945291519165,3.822582244873047
16.920742988586426,3.7239036560058594
16.932050704956055,3.8473281860351562
16.94335651397705,3.8301315307617188
16.954652309417725,3.8714141845703125
16.96594786643982,3.8077545166015625
16.97725009918213,3.6419754028320312
16.988553047180176,3.760223388671875
16.999842166900635,3.7721023559570312
17.011160135269165,3.736736297607422
17.02245593070984,3.8194656372070312
17.033742666244507,3.6875648498535156
17.045034885406494,3.6738014221191406
17.056296586990356,3.670391082763672
17.06758975982666,3.783069610595703
17.078869819641113,3.9319801330566406
17.09017038345337,3.6610565185546875
17.101457834243774,3.6968727111816406
17.112749576568604,3.5893478393554688
17.124048948287964,3.7522544860839844
17.13535761833191,3.747211456298828
17.146650314331055,3.9247779846191406
17.157936811447144,3.6339035034179688
17.169262409210205,3.549560546875
17.1805579662323,3.771556854248047
17.191855907440186,3.7851333618164062
17.203158378601074,3.867298126220703
17.2144615650177,3.696502685546875
17.225757122039795,3.60504150390625
17.237048387527466,3.6178855895996094
17.24836230278015,3.7089576721191406
17.259660243988037,3.859905242919922
17.271134853363037,3.9100189208984375
17.282432556152344,3.7961769104003906
17.29372000694275,3.770252227783203
17.305011510849,3.629505157470703
17.316295623779297,3.805309295654297
17.32757568359375,3.8746109008789062
17.33885622024536,3.6855506896972656
17.35015320777893,3.883342742919922
17.361440896987915,3.648151397705078
17.37272071838379,3.6186256408691406
17.384005069732666,3.6956863403320312
17.39528465270996,3.8570709228515625
17.40671682357788,3.7519187927246094
17.418015956878662,3.7667312622070312
17.429310083389282,3.745330810546875
17.440616607666016,3.656635284423828
17.451916217803955,3.764404296875
17.463229656219482,3.7139968872070312
17.474534273147583,3.8432579040527344
17.48583149909973,3.6390037536621094
17.497146129608154,3.762237548828125
17.508466720581055,3.7097091674804688
17.51976776123047,3.607879638671875
17.531086683273315,3.7716102600097656
17.542402267456055,3.8863868713378906
17.553711891174316,3.814678192138672
17.565224409103394,3.6612510681152344
17.576514959335327,3.6701202392578125
17.587810039520264,3.80316162109375
17.599106073379517,3.7585716247558594
17.610400438308716,3.850849151611328
17.621695280075073,3.6586875915527344
17.632989406585693,3.712574005126953
17.64427924156189,3.792926788330078
17.655593395233154,3.831073760986328
17.666906118392944,3.758148193359375
17.67819857597351,3.703876495361328
17.689486265182495,3.847492218017578
17.700784921646118,3.760181427001953
17.712085008621216,3.799407958984375
17.72338366508484,3.8683815002441406
17.734673738479614,3.907855987548828
17.74597477912903,3.8448028564453125
17.757262229919434,3.7724838256835938
17.768549919128418,3.734050750732422
17.77987027168274,3.762226104736328
17.791168928146362,3.8408432006835938
17.802449226379395,3.8201141357421875
17.813740253448486,3.8880691528320312
17.82502055168152,3.974109649658203
17.836294174194336,3.8267173767089844
17.847574472427368,3.696258544921875
17.85885763168335,3.9040374755859375
17.870156049728394,3.8719406127929688
17.88144016265869,3.9578628540039062
17.892733335494995,3.8479270935058594
17.904040575027466,3.7538108825683594
17.915302515029907,3.7344970703125
17.926594495773315,3.9034767150878906
17.93789029121399,3.950946807861328
17.94918179512024,3.840045928955078
17.96047854423523,3.9163856506347656
17.971768856048584,3.842132568359375
17.983062028884888,3.72998046875
17.994359731674194,3.871662139892578
18.005653381347656,4.047534942626953
18.017130136489868,4.06109619140625
18.028421640396118,3.8153076171875
18.039726495742798,3.8166770935058594
18.051037073135376,3.7646408081054688
18.06232476234436,3.931018829345703
18.07362461090088,4.008342742919922
18.084911346435547,4.038387298583984
18.096210718154907,3.8435516357421875
18.107497692108154,3.8724288940429688
18.118781089782715,3.9517974853515625
18.130082845687866,3.8671798706054688
18.141368865966797,3.960052490234375
18.15265989303589,3.9771652221679688
18.163952827453613,3.8444175720214844
18.175267219543457,3.845043182373047
18.186551332473755,3.9059677124023438
18.19783663749695,4.029426574707031
18.209171772003174,3.9171104431152344
18.220470428466797,4.000186920166016
18.231775999069214,3.9123458862304688
18.243099451065063,3.8008766174316406
18.25439453125,3.9830665588378906
18.265692710876465,3.9896316528320312
18.276989221572876,3.947917938232422
18.288291454315186,3.9014816284179688
18.299583196640015,3.75634765625
18.310867071151733,3.8021888732910156
18.322168350219727,3.8196563720703125
18.333478927612305,3.9322853088378906
18.344783306121826,3.938751220703125
18.356088638305664,3.8917160034179688
18.367400884628296,3.805133819580078
18.378703832626343,3.8660736083984375
18.38999915122986,3.8718948364257812
18.40129852294922,3.9334449768066406
18.412598848342896,4.050746917724609
18.423887252807617,3.929229736328125
18.435190200805664,3.7837753295898438
18.446488618850708,3.8234176635742188
18.4577796459198,3.974010467529297
18.469080924987793,3.8728256225585938
18.48039174079895,3.9161033630371094
18.491691827774048,4.032077789306641
18.502995491027832,4.021327972412109
18.51429033279419,3.8743667602539062
18.52558732032776,3.9572219848632812
18.536901712417603,4.041107177734375
18.548235416412354,3.9454727172851562
18.559531450271606,3.9898681640625
18.57081389427185,3.9551239013671875
18.582125425338745,3.8909645080566406
18.593409538269043,4.015254974365234
18.60469341278076,4.115238189697266
18.615998029708862,4.074256896972656
18.627286195755005,3.9908065795898438
18.63858413696289,3.9643783569335938
18.649866104125977,4.015460968017578
18.66116166114807,3.938404083251953
18.672487258911133,4.006092071533203
18.68380117416382,4.136608123779297
18.695091724395752,4.002349853515625
18.706384897232056,4.022724151611328
18.7176775932312,3.9571304321289062
18.728970289230347,3.9729576110839844
18.740265130996704,4.0535888671875
18.751556158065796,4.084827423095703
18.762856006622314,4.031105041503906
18.77415704727173,3.930988311767578
18.785449028015137,4.0524444580078125
18.796745777130127,4.058940887451172
18.808070421218872,4.141448974609375
18.81936502456665,3.9644851684570312
18.8306622505188,3.9488754272460938
18.84194588661194,4.020534515380859
18.853245735168457,4.1873931884765625
18.864530086517334,4.0457611083984375
18.875816106796265,4.009937286376953
18.887110233306885,4.140613555908203
18.898412704467773,4.003612518310547
18.909717798233032,4.061077117919922
18.921021699905396,3.9806251525878906
18.932313680648804,4.080974578857422
18.943598985671997,4.150257110595703
18.95489239692688,4.247764587402344
18.966191291809082,4.096240997314453
18.977487564086914,3.9489402770996094
18.988786220550537,4.0422821044921875
19.00010633468628,3.973888397216797
19.011395931243896,4.163887023925781
19.022684574127197,4.190258026123047
19.03396725654602,4.019710540771484
19.045294284820557,3.8470726013183594
19.056740760803223,3.998504638671875
19.06803035736084,4.072383880615234
19.079290866851807,4.129066467285156
19.090575218200684,4.121288299560547
19.101866006851196,3.879985809326172
19.113163948059082,3.9541549682617188
19.124457120895386,3.9834671020507812
19.135759115219116,3.982707977294922
19.147061109542847,4.094688415527344
19.15836787223816,4.170139312744141
19.16967797279358,4.161060333251953
19.180978536605835,3.9158363342285156
19.192278146743774,3.9614334106445312
19.203577995300293,4.188892364501953
19.214878797531128,4.081073760986328
19.22617530822754,3.9459877014160156
19.237462997436523,4.0369873046875
19.24874711036682,4.094547271728516
19.26002860069275,3.922199249267578
19.27130150794983,4.062252044677734
19.282601594924927,4.1218719482421875
19.293904781341553,4.014213562011719
19.30541491508484,4.067718505859375
19.316713333129883,4.067302703857422
19.328014612197876,4.106296539306641
19.33928680419922,4.293060302734375
19.350587844848633,4.219348907470703
19.361889362335205,4.192222595214844
19.373196840286255,4.090450286865234
19.38449263572693,4.141693115234375
19.395779609680176,4.146892547607422
19.407103061676025,4.150886535644531
19.41840934753418,4.147212982177734
19.42971110343933,4.220470428466797
19.441006660461426,4.245567321777344
19.452297687530518,4.191883087158203
19.46358609199524,4.171958923339844
19.474878549575806,4.191436767578125
19.48617124557495,4.229877471923828
19.49748396873474,4.234336853027344
19.50876522064209,4.1175537109375
19.520052433013916,4.271167755126953
19.5313503742218,4.202861785888672
19.54265570640564,4.294734954833984
19.5539608001709,4.285186767578125
19.565292596817017,4.011039733886719
19.57659411430359,4.213665008544922
19.587888717651367,4.221954345703125
19.59918522834778,4.271781921386719
19.61047649383545,4.428047180175781
19.621771097183228,4.280143737792969
19.6330783367157,4.17010498046875
19.644378423690796,4.2479248046875
19.655659675598145,4.263008117675781
19.666954278945923,4.14715576171875
19.678268432617188,4.386676788330078
19.689573764801025,4.349769592285156
19.700862169265747,4.383872985839844
19.712157249450684,4.3143157958984375
19.72344946861267,4.311435699462891
19.734742641448975,4.272891998291016
19.746023893356323,4.427745819091797
19.757291316986084,4.476390838623047
19.768580436706543,4.339393615722656
19.77987551689148,4.266208648681641
19.791192054748535,4.392276763916016
19.80250072479248,4.5562286376953125
19.813802003860474,4.493110656738281
19.825103282928467,4.451351165771484
19.83639168739319,4.497489929199219
19.847681045532227,4.4349212646484375
19.858985662460327,4.4970550537109375
19.870288133621216,4.537086486816406
19.881574869155884,4.597942352294922
19.89286708831787,4.466419219970703
19.904168367385864,4.441783905029297
19.915462255477905,4.447628021240234
19.926751136779785,4.548320770263672
19.938036918640137,4.595256805419922
19.94929575920105,4.519916534423828
19.96059274673462,4.471668243408203
19.97188973426819,4.460174560546875
19.983204126358032,4.448951721191406
19.994491577148438,4.489589691162109
20.005797147750854,4.5142974853515625
20.017104148864746,4.560375213623047
20.02838921546936,4.592876434326172
20.03973126411438,4.647617340087891
20.051021575927734,4.694618225097656
20.062288761138916,4.772037506103516
20.073593378067017,4.684398651123047
20.08488702774048,4.658946990966797
20.09618830680847,4.853996276855469
20.107484579086304,4.666831970214844
20.118797779083252,4.843318939208984
20.13009762763977,4.862648010253906
20.141393423080444,4.983619689941406
20.1527099609375,4.162361145019531
20.164016723632812,4.234409332275391
20.175291538238525,4.1094818115234375
20.186577081680298,4.204929351806641
20.197861909866333,4.233180999755859
20.209158182144165,4.254608154296875
20.22044610977173,4.1209259033203125
20.231730937957764,4.225650787353516
20.243013620376587,4.302635192871094
20.254276275634766,4.291118621826172
20.26555109024048,4.175407409667969
20.276849269866943,4.149433135986328
20.288145542144775,4.1930084228515625
20.299429893493652,4.251827239990234
20.31072163581848,4.217441558837891
20.322009086608887,4.3416595458984375
20.33328413963318,4.4346160888671875
20.344570875167847,4.196788787841797
20.355863332748413,4.3194732666015625
20.36716651916504,4.411144256591797
20.378458738327026,4.388618469238281
20.389745712280273,4.394901275634766
20.401041269302368,4.459148406982422
20.412293434143066,4.442314147949219
20.423607110977173,4.434684753417969
20.43491816520691,4.487529754638672
20.446218490600586,4.378044128417969
20.457510948181152,3.7385482788085938
20.468798875808716,3.7520065307617188
20.480104446411133,3.8654632568359375
20.491391897201538,3.7629432678222656
20.502683401107788,3.7445030212402344
20.5139639377594,3.7686729431152344
20.525258541107178,3.7455902099609375
20.53655457496643,3.7698936462402344
20.548062086105347,3.8594627380371094
20.55936336517334,3.7189674377441406
20.570663452148438,3.6711387634277344
20.58197021484375,3.6990737915039062
20.593297719955444,3.832611083984375
20.604604244232178,3.8322830200195312
20.615894556045532,3.874492645263672
20.627206087112427,3.8017539978027344
20.638503313064575,3.6825294494628906
20.64978337287903,3.7765159606933594
20.661089420318604,3.74530029296875
20.672380685806274,3.7280006408691406
20.68366551399231,3.851001739501953
20.69495129585266,3.7883224487304688
20.70631456375122,3.781524658203125
20.717620134353638,3.794719696044922
20.728923082351685,3.7824630737304688
20.740222215652466,3.8310890197753906
20.751511335372925,3.794891357421875
20.762807846069336,3.751148223876953
20.77410101890564,3.782184600830078
20.785395860671997,3.796436309814453
20.7966890335083,3.853656768798828
20.807966470718384,3.744068145751953
20.819276571273804,3.805583953857422
20.8305823802948,3.8293495178222656
20.841899633407593,3.833984375
20.85321593284607,3.6436500549316406
20.864507913589478,3.7650718688964844
20.8757963180542,3.8774948120117188
20.887104272842407,3.76397705078125
20.898393154144287,3.8235511779785156
20.909688234329224,3.8642921447753906
20.920976638793945,3.7003440856933594
20.93227243423462,3.794109344482422
20.943774938583374,3.7363510131835938
20.955084800720215,3.791728973388672
20.966380834579468,3.7379074096679688
20.977684497833252,3.809062957763672
20.98899483680725,3.7085609436035156
21.00029492378235,3.7769126892089844
21.011592388153076,3.7429466247558594
21.02290415763855,3.7288131713867188
21.034215927124023,3.7984771728515625
21.04552435874939,3.8401527404785156
21.056828260421753,3.833538055419922
21.068138122558594,3.891510009765625
21.07943868637085,3.8394203186035156
21.090739965438843,3.7994842529296875
21.102028608322144,3.864330291748047
21.11328911781311,3.949840545654297
21.124587059020996,3.894054412841797
21.13588571548462,3.9310569763183594
21.147194623947144,3.9373855590820312
21.158496856689453,3.9728851318359375
21.169800758361816,3.9538841247558594
21.18110990524292,3.9400863647460938
21.192416429519653,3.9853248596191406
21.203707218170166,3.963268280029297
21.214991569519043,4.017921447753906
21.22646975517273,3.928333282470703
21.23775339126587,3.848155975341797
21.249047994613647,4.023052215576172
21.260342597961426,4.048797607421875
21.27163028717041,4.125846862792969
21.28292489051819,4.076328277587891
21.294241666793823,4.051109313964844
21.30552864074707,4.009502410888672
21.31682062149048,4.00579833984375
21.328136205673218,4.079551696777344
21.339441061019897,4.158027648925781
21.350740909576416,4.157085418701172
21.362031936645508,4.1844329833984375
21.37329864501953,4.193870544433594
21.384599924087524,4.278415679931641
21.395893335342407,4.239875793457031
21.40721106529236,4.2310333251953125
21.41851234436035,4.070247650146484
21.429810047149658,4.2366790771484375
21.44111442565918,4.188575744628906
21.452419996261597,4.221931457519531
21.463701009750366,4.312786102294922
21.47499179840088,4.458225250244141
21.486300230026245,4.437202453613281
21.49760675430298,4.220909118652344
21.50889277458191,3.697906494140625
21.520355939865112,3.5988426208496094
21.531643390655518,3.6941680908203125
21.542938232421875,3.6956710815429688
21.554237127304077,3.6533737182617188
21.565531253814697,3.7384605407714844
21.5768141746521,3.7244224548339844
21.588109731674194,3.595470428466797
21.599411725997925,3.7558059692382812
21.61068844795227,3.7561721801757812
21.621997117996216,3.7613449096679688
21.633310079574585,3.7468299865722656
21.64461350440979,3.7500228881835938
21.65590810775757,3.8404617309570312
21.6672260761261,3.821971893310547
21.67851734161377,3.7452392578125
21.68980622291565,3.8547630310058594
21.701117277145386,3.829753875732422
21.71240782737732,3.8135414123535156
21.72390365600586,3.8917579650878906
21.735230207443237,3.375751495361328
21.746581077575684,3.247394561767578
21.757866621017456,3.1699371337890625
21.769163846969604,3.1436080932617188
21.780449390411377,3.2503395080566406
21.791735887527466,3.2759323120117188
21.803024768829346,3.2514991760253906
21.81428623199463,3.2216415405273438
21.82556939125061,3.1822433471679688
21.83686351776123,3.2526092529296875
21.848180532455444,3.222564697265625
21.8594810962677,3.1563682556152344
21.87077283859253,3.222644805908203
21.88206934928894,3.227283477783203
21.893378496170044,3.21331787109375
21.904680967330933,3.2673568725585938
21.915963649749756,3.303852081298828
21.927271366119385,3.1931228637695312
21.93855309486389,3.2372360229492188
21.9498348236084,3.224170684814453
21.961129426956177,3.2386932373046875
21.97243881225586,3.203746795654297
21.98373579978943,3.145000457763672
21.995033264160156,3.247608184814453
22.00631070137024,3.269500732421875
22.01761484146118,3.1891212463378906
22.028928518295288,3.2375335693359375
22.040244340896606,3.211627960205078
22.051560640335083,3.2157936096191406
22.06286120414734,3.338348388671875
22.0743727684021,3.185565948486328
22.085649728775024,3.176654815673828
22.096941471099854,3.2212181091308594
22.108248949050903,3.1367874145507812
22.11954164505005,3.2146263122558594
22.13083267211914,3.3425064086914062
22.142119884490967,3.161876678466797
22.153407096862793,3.155101776123047
22.164682388305664,3.2759437561035156
22.175959825515747,3.297496795654297
22.187274932861328,3.3060989379882812
22.198583364486694,3.3030166625976562
22.209869623184204,3.1219825744628906
22.221193075180054,3.2900314331054688
22.23249077796936,3.271099090576172
22.243788957595825,3.1631851196289062
22.255096673965454,3.2588653564453125
22.26639676094055,3.25201416015625
22.2776882648468,3.34503173828125
22.28899645805359,3.220966339111328
22.300309419631958,3.1529693603515625
22.31161093711853,3.2028732299804688
22.322896003723145,3.237773895263672
22.334195375442505,3.2937850952148438
22.345500707626343,3.230487823486328
22.356795072555542,3.1700477600097656
22.368107080459595,3.2030181884765625
22.379413604736328,3.3104820251464844
22.390894651412964,3.2134132385253906
22.402196407318115,3.238452911376953
22.413500785827637,3.246612548828125
22.424800157546997,3.157573699951172
22.436087131500244,3.196014404296875
22.447375059127808,3.2531509399414062
22.45866298675537,3.303394317626953
22.469942331314087,3.2048072814941406
22.48123025894165,3.250946044921875
22.492511749267578,3.1398086547851562
22.503965139389038,3.2483253479003906
22.5152804851532,3.2579879760742188
22.5265691280365,3.250965118408203
22.53786587715149,3.297222137451172
22.549155712127686,3.1953887939453125
22.560439586639404,3.216522216796875
22.5717134475708,3.2315444946289062
22.582998991012573,3.1805191040039062
22.594274759292603,3.2960433959960938
22.605592966079712,3.2209243774414062
22.616894245147705,3.1924819946289062
22.62820076942444,3.1964874267578125
22.639491081237793,3.207000732421875
22.650782108306885,3.2227859497070312
22.662081241607666,3.3034744262695312
22.67336654663086,3.1975936889648438
22.684677839279175,3.2133102416992188
22.695977210998535,3.295703887939453
22.707276105880737,3.2438583374023438
22.71871018409729,3.2738876342773438
22.729990482330322,3.2871856689453125
22.74129366874695,3.289684295654297
22.75259757041931,3.304424285888672
22.763887405395508,3.3364028930664062
22.775180339813232,3.2342567443847656
22.786471843719482,3.3210792541503906
22.797748565673828,3.3007431030273438
22.80903148651123,3.336833953857422
22.82030415534973,3.307567596435547
22.831586837768555,3.26776123046875
22.842886209487915,3.3233413696289062
22.854177474975586,3.389690399169922
22.86545491218567,3.3901748657226562
22.87676167488098,3.4258270263671875
22.888061046600342,3.3651657104492188
22.89936375617981,3.37939453125
22.910646677017212,3.3933258056640625
22.921939373016357,3.3772735595703125
22.933247804641724,3.440937042236328
22.9445481300354,3.4034347534179688
22.95582938194275,3.3116302490234375
22.967122793197632,3.3889541625976562
22.97862720489502,3.4132652282714844
22.989911317825317,3.257770538330078
23.001210689544678,3.3980712890625
23.012507915496826,3.4574241638183594
23.02379035949707,3.4763221740722656
23.035114765167236,3.2632904052734375
23.04641842842102,3.404338836669922
23.057725191116333,3.337677001953125
23.069018363952637,3.4056053161621094
23.08029580116272,3.376056671142578
23.091580629348755,3.424877166748047
23.102861881256104,3.4152183532714844
23.114155054092407,3.433979034423828
23.125450611114502,3.5285072326660156
23.13673996925354,3.5680389404296875
23.148018836975098,3.5494613647460938
23.159281492233276,3.556224822998047
23.170559406280518,3.567584991455078
23.18185067176819,3.5845565795898438
23.193156719207764,3.580455780029297
23.204453229904175,3.6297988891601562
23.215742111206055,3.6403427124023438
23.22702670097351,3.793720245361328
23.238285064697266,3.776397705078125
23.249683618545532,3.7292861938476562
23.260977745056152,3.8186721801757812
23.272284746170044,3.2648658752441406
23.283589363098145,3.1926002502441406
23.29491353034973,3.1624832153320312
23.30623507499695,3.1352806091308594
23.317527770996094,3.1647872924804688
23.32883882522583,3.149261474609375
23.34017062187195,3.1711349487304688
23.35146450996399,3.2023849487304688
23.36276364326477,3.2459640502929688
23.37408208847046,3.238079071044922
23.385390758514404,3.3130722045898438
23.3967022895813,3.3278465270996094
23.40800189971924,3.370849609375
23.419312715530396,3.3691787719726562
23.430601835250854,3.3576011657714844
23.4418888092041,3.3926544189453125
23.453200340270996,3.3457374572753906
23.46449327468872,3.404865264892578
23.47577452659607,3.47576904296875
23.487051725387573,3.54547119140625
23.498362064361572,3.4695587158203125
23.50964331626892,3.513439178466797
23.52092218399048,3.5210189819335938
23.53221106529236,3.487548828125
23.543501615524292,3.4886016845703125
23.554805517196655,3.517559051513672
23.566116094589233,3.543487548828125
23.57741093635559,3.48748779296875
23.588696718215942,3.566516876220703
23.599979162216187,3.5978660583496094
23.611287832260132,3.6525115966796875
23.622572898864746,3.5834503173828125
23.633851051330566,3.6199951171875
23.64514923095703,3.668182373046875
23.656448364257812,3.678741455078125
23.66793155670166,3.6904373168945312
23.679231643676758,3.622913360595703
23.690536975860596,3.6763381958007812
23.701820373535156,3.7075347900390625
23.71312379837036,3.006439208984375
23.724438190460205,3.0506591796875
23.735717058181763,3.0447311401367188
23.746998071670532,3.1229476928710938
23.758300065994263,3.1602554321289062
23.769590616226196,3.1143722534179688
23.780891180038452,3.188282012939453
23.792206525802612,3.2760276794433594
23.80351948738098,3.2169113159179688
23.81482481956482,3.2888717651367188
23.826125860214233,3.328876495361328
23.837427377700806,3.3519325256347656
23.84871768951416,3.34539794921875
23.86001992225647,3.383403778076172
23.87130117416382,3.4976539611816406
23.882787704467773,2.7787704467773438
23.89408302307129,2.794902801513672
23.905381679534912,2.841259002685547
23.916672468185425,2.13348388671875
23.9279522895813,2.13348388671875
23.93925714492798,2.13348388671875
23.95055317878723,2.13348388671875
23.961843967437744,2.13348388671875
23.97313690185547,2.13348388671875
23.9844331741333,2.13348388671875
23.995725631713867,2.138957977294922
24.0070161819458,2.142505645751953
24.018296718597412,2.1428680419921875
24.02958607673645,2.1428680419921875
24.040887594223022,2.1428680419921875
24.052197694778442,2.1428680419921875
24.063487768173218,2.1428680419921875
24.074777126312256,2.0312843322753906
24.086100578308105,2.0312843322753906
24.09738850593567,2.0312843322753906
24.108683109283447,2.0312843322753906
24.11997699737549,2.0312843322753906
24.131292819976807,2.0312843322753906
24.142580270767212,2.0312843322753906
24.153873682022095,2.0312957763671875
24.165213346481323,2.0312957763671875
24.176523685455322,2.0312957763671875
24.187813758850098,2.0338096618652344
24.199135303497314,2.0338096618652344
24.210440635681152,2.0338096618652344
24.221728324890137,2.0338096618652344
24.233012676239014,2.0338096618652344
24.244300603866577,2.0338096618652344
24.255599975585938,2.0338096618652344
24.266900300979614,2.0957069396972656
24.27821183204651,2.147167205810547
24.289522886276245,2.0859718322753906
24.30083656311035,2.0681838989257812
24.3121600151062,1.9741477966308594
24.323449850082397,2.0393409729003906
24.334747552871704,2.007495880126953
24.346044778823853,2.0272789001464844
24.35732388496399,2.0038414001464844
24.36862802505493,2.030933380126953
24.37993311882019,2.092456817626953
24.391268968582153,2.111968994140625
24.402568340301514,2.135601043701172
24.41385507583618,2.12518310546875
24.42515754699707,2.168750762939453
24.436462879180908,2.2079811096191406
24.447746992111206,2.1687393188476562
24.459039449691772,2.19818115234375
24.471031665802002,2.2393417358398438
24.482436180114746,2.3002777099609375
24.493735551834106,2.282379150390625
24.505232334136963,2.3235397338867188
24.51654362678528,2.34942626953125
24.527849674224854,2.3611412048339844
24.53915762901306,2.3239364624023438
24.550455331802368,2.365447998046875
24.561755895614624,2.4123687744140625
24.573042392730713,2.4558372497558594
24.584306478500366,2.5328025817871094
24.595588445663452,2.3967437744140625
24.606868505477905,2.4398574829101562
24.618168354034424,2.5260887145996094
24.629451274871826,2.5166702270507812
24.640729904174805,2.538585662841797
24.65200638771057,2.6194610595703125
24.663288354873657,2.5986366271972656
24.674586057662964,2.5285720825195312
24.685879945755005,2.5655517578125
24.69719099998474,2.5839920043945312
24.70848298072815,2.4835968017578125
24.719775438308716,2.56787109375
24.731093645095825,2.634918212890625
24.7423837184906,2.4990234375
24.753690719604492,2.527782440185547
24.76498508453369,2.5997657775878906
24.77629852294922,2.552093505859375
24.7877836227417,2.5304718017578125
24.799116611480713,2.5671844482421875
24.810412883758545,2.60150146484375
24.82170605659485,2.49267578125
24.83300280570984,2.5847625732421875
24.844292402267456,2.6149978637695312
24.855589151382446,2.5206451416015625
24.866878986358643,2.5715370178222656
24.87818479537964,2.5909652709960938
24.889477252960205,2.5485496520996094
24.900766134262085,2.5782432556152344
24.91208052635193,2.6266212463378906
24.92337942123413,2.5305099487304688
24.934666872024536,2.5009498596191406
24.945965051651,2.583965301513672
24.957270622253418,2.5637474060058594
24.968584299087524,2.53289794921875
24.97989559173584,2.574207305908203
24.99120807647705,2.6352005004882812
25.002495050430298,2.5327796936035156
25.013794422149658,2.5738906860351562
25.025126218795776,2.5728378295898438
25.036431312561035,2.4834518432617188
25.047765493392944,2.582366943359375
25.0593044757843,2.6056976318359375
25.070607662200928,2.5984878540039062
25.081885814666748,2.50128173828125
25.093172073364258,2.5850448608398438
25.104461431503296,2.5679779052734375
25.115739345550537,2.5393142700195312
25.127017498016357,2.5787391662597656
25.13829016685486,2.5647659301757812
25.149587392807007,2.545185089111328
25.16087031364441,2.5701866149902344
25.17217707633972,2.6631927490234375
25.1834876537323,2.471576690673828
25.19477868080139,2.499065399169922
25.206080675125122,2.6070632934570312
25.21737813949585,2.4333877563476562
25.228666305541992,2.381622314453125
25.23995041847229,2.4737091064453125
25.251256227493286,2.454181671142578
25.262548446655273,2.429180145263672
25.27398443222046,2.4706802368164062
25.285292625427246,2.492229461669922
25.2965989112854,2.4566917419433594
25.30788779258728,2.465129852294922
25.31917691230774,2.4965286254882812
25.3304545879364,2.4213905334472656
25.34172511100769,2.4593353271484375
25.353004932403564,2.5255355834960938
25.364273071289062,2.4651451110839844
25.37555170059204,2.4396514892578125
25.386826753616333,2.516620635986328
25.39811420440674,2.475994110107422
25.40941047668457,2.5335922241210938
25.420840740203857,2.5488128662109375
25.43214750289917,2.5605735778808594
25.443439245224,2.459667205810547
25.454729080200195,2.5469131469726562
25.46602201461792,2.4579811096191406
25.47728991508484,2.3798446655273438
25.488579273223877,2.4746665954589844
25.499869108200073,2.6009178161621094
25.5111563205719,2.5924835205078125
25.522436380386353,2.5670089721679688
25.533752918243408,2.6653175354003906
25.545186758041382,2.622089385986328
25.556488513946533,2.5887451171875
25.567944526672363,2.614307403564453
25.579252004623413,2.714458465576172
25.590567111968994,2.662090301513672
25.601853847503662,2.735729217529297
25.613155364990234,2.6530685424804688
25.624447345733643,2.7729034423828125
25.635746717453003,2.638904571533203
25.647031545639038,2.7506675720214844
25.658305406570435,2.7648773193359375
25.669601678848267,2.6913414001464844
25.680901765823364,2.756122589111328
25.69220495223999,2.8207015991210938
25.703503131866455,2.757030487060547
25.714800596237183,2.8185348510742188
25.72610569000244,2.875812530517578
25.73742127418518,2.8115310668945312
25.748718738555908,2.9225234985351562
25.760030269622803,2.9803314208984375
25.7712984085083,2.82598876953125
25.78259301185608,2.951152801513672
25.793880701065063,2.9759559631347656
25.80518364906311,2.912555694580078
25.81647300720215,2.9266929626464844
25.827756881713867,2.996551513671875
25.839042901992798,2.961841583251953
25.85028600692749,2.9983749389648438
25.861801385879517,2.982807159423828
25.873514652252197,2.9968109130859375
25.884796857833862,2.8707351684570312
25.896093130111694,2.943378448486328
25.907384872436523,3.026397705078125
25.918679237365723,2.9235916137695312
25.929962635040283,3.0277976989746094
25.94125485420227,3.0521087646484375
25.952539443969727,2.9481544494628906
25.96382713317871,3.029571533203125
25.975330352783203,3.1021270751953125
25.986632108688354,2.8494873046875
25.997912645339966,3.0531959533691406
26.009212017059326,3.0685997009277344
26.02050757408142,2.892955780029297
26.03178882598877,2.956348419189453
26.043081045150757,3.017181396484375
26.05437707901001,2.9576148986816406
26.065673828125,2.957714080810547
26.076959133148193,3.024768829345703
26.088250160217285,2.9066925048828125
26.099567890167236,2.8848114013671875
26.110862016677856,2.9707489013671875
26.122175693511963,2.9556655883789062
26.13361096382141,2.9899063110351562
26.144899606704712,2.9818801879882812
26.15619206428528,3.0284271240234375
26.16747546195984,2.9541549682617188
26.178756952285767,2.9595108032226562
26.190044403076172,2.9799232482910156
26.201289892196655,3.017871856689453
26.212589263916016,3.028270721435547
26.22388005256653,3.084423065185547
26.23518967628479,3.044788360595703
26.24649453163147,2.9723434448242188
26.257776975631714,3.0661659240722656
26.269094467163086,3.001300811767578
26.280388593673706,3.0387611389160156
26.291675567626953,3.0156784057617188
26.302969455718994,2.976062774658203
26.31428027153015,2.9182395935058594
26.325571537017822,2.9830322265625
26.336854219436646,3.032329559326172
26.34853458404541,3.0959510803222656
26.359822034835815,3.004444122314453
26.37111258506775,3.011524200439453
26.382404804229736,2.982074737548828
26.39369773864746,3.0167770385742188
26.404994249343872,2.9362220764160156
26.416303873062134,2.96331787109375
26.427594900131226,2.985401153564453
26.438875675201416,2.9680938720703125
26.450167179107666,2.9925308227539062
26.461453676223755,2.9436798095703125
26.472745656967163,3.030517578125
26.484050512313843,2.926616668701172
26.4953875541687,3.0029830932617188
26.50684881210327,3.0477066040039062
26.51813507080078,2.8870582580566406
26.529423713684082,2.9516639709472656
26.54070496559143,3.0131874084472656
26.551981925964355,2.8828163146972656
26.56328582763672,3.0343284606933594
26.574565649032593,3.0937652587890625
26.585855960845947,2.8827247619628906
26.59718656539917,2.975444793701172
26.60854482650757,3.1742019653320312
26.61984372138977,2.8087615966796875
26.63116955757141,2.9658775329589844
26.64245915412903,3.0416717529296875
26.65374255180359,3.0351181030273438
26.66503143310547,2.8618621826171875
26.676295280456543,2.9890670776367188
26.68759512901306,2.9558677673339844
26.698883056640625,2.8616981506347656
26.710184812545776,3.0578765869140625
26.72147536277771,3.0453338623046875
26.732775926589966,2.9584693908691406
26.744086027145386,2.996368408203125
26.755401849746704,3.0078811645507812
26.76672053337097,2.9255104064941406
26.778018474578857,2.9776992797851562
26.78931474685669,3.0580101013183594
26.800608158111572,2.982147216796875
26.81189227104187,2.9725418090820312
26.823188066482544,3.020416259765625
26.83447790145874,3.0872230529785156
26.8457612991333,3.0186538696289062
26.857049226760864,3.1115455627441406
26.868354558944702,3.0030059814453125
26.87963557243347,3.032543182373047
26.890942335128784,3.0219573974609375
26.902282238006592,3.048511505126953
26.913635730743408,3.0226211547851562
26.9249267578125,3.101207733154297
26.936229944229126,3.090251922607422
26.947531700134277,3.1011734008789062
26.95883274078369,3.11822509765625
26.97012448310852,3.1311721801757812
26.981417655944824,3.1087074279785156
26.99270272254944,3.14886474609375
27.003981828689575,3.0917091369628906
27.01527500152588,3.033374786376953
27.026599168777466,3.1896514892578125
27.03792667388916,3.097412109375
27.049242734909058,3.089019775390625
27.060549020767212,3.1380767822265625
27.07186508178711,3.1061859130859375
27.08316731452942,3.0754013061523438
27.094462871551514,3.046844482421875
27.10573959350586,3.170330047607422
27.11702299118042,3.1290321350097656
27.12829828262329,3.0446929931640625
27.13960361480713,3.238605499267578
27.15090584754944,3.1688880920410156
27.162205696105957,3.064159393310547
27.173490285873413,3.1924667358398438
27.184796571731567,3.1375389099121094
27.19611954689026,3.0879669189453125
27.20742440223694,3.1624832153320312
27.218727827072144,3.2024497985839844
27.230013132095337,3.185291290283203
27.24130606651306,3.07574462890625
27.252606868743896,3.150554656982422
27.263898134231567,3.270519256591797
27.27519965171814,3.0020065307617188
27.28648066520691,3.1776809692382812
27.29776906967163,3.091094970703125
27.309065103530884,3.100963592529297
27.320353746414185,3.1899337768554688
27.33163857460022,3.2916336059570312
27.342934370040894,3.052165985107422
27.354243278503418,3.2043380737304688
27.365524530410767,3.183490753173828
27.376813650131226,3.1627044677734375
27.38810706138611,3.0923919677734375
27.399391889572144,3.2406654357910156
27.410674571990967,3.1898536682128906
27.421963930130005,3.059497833251953
27.433278560638428,3.241161346435547
27.444578170776367,3.1232070922851562
27.455867290496826,3.114429473876953
27.467201948165894,3.0455284118652344
27.478487730026245,3.093616485595703
27.48977518081665,2.911975860595703
27.501067876815796,3.096752166748047
27.51235842704773,3.03619384765625
27.52364444732666,3.0281829833984375
27.53493595123291,3.010040283203125
27.546247243881226,3.0915908813476562
27.557523727416992,3.0818099975585938
27.568806648254395,2.9888381958007812
27.58009910583496,3.1399383544921875
27.591384649276733,2.9905624389648438
27.602681636810303,3.081531524658203
27.6139714717865,3.0894927978515625
27.625266075134277,3.091930389404297
27.636554956436157,3.08331298828125
27.6478533744812,3.1736717224121094
27.659170150756836,3.0054855346679688
27.67046308517456,3.1359481811523438
27.681750774383545,3.0720901489257812
27.693033456802368,3.220409393310547
27.704289436340332,3.1052780151367188
27.71556854248047,3.206329345703125
27.726855039596558,3.235187530517578
27.7381591796875,2.9906692504882812
27.749452829360962,2.986034393310547
27.760751962661743,3.1131515502929688
27.77213215827942,3.075855255126953
27.783435106277466,3.0491104125976562
27.794722318649292,3.1965370178222656
27.806008100509644,3.171295166015625
27.817285537719727,3.1717453002929688
27.82858180999756,3.123668670654297
27.839871168136597,3.196727752685547
27.851165294647217,3.1584243774414062
27.862454414367676,3.065082550048828
27.873759269714355,3.1478195190429688
27.885045766830444,3.083911895751953
27.896313667297363,3.1434402465820312
27.90760374069214,3.2206878662109375
27.918891668319702,3.2852859497070312
27.93020009994507,3.2174301147460938
27.941503286361694,3.242694854736328
27.95280122756958,3.173686981201172
27.964094161987305,3.2092666625976562
27.97539186477661,3.333873748779297
27.98668122291565,3.3274917602539062
27.99796414375305,3.3851547241210938
28.009294748306274,3.273334503173828
28.020610570907593,3.2108230590820312
28.0319344997406,3.316925048828125
28.043258666992188,3.3630104064941406
28.05474281311035,3.348316192626953
28.066028356552124,3.3084068298339844
28.077295064926147,3.3996620178222656
28.088595151901245,3.5950965881347656
28.099884748458862,3.465850830078125
28.111181497573853,3.5757102966308594
28.122469186782837,3.6350479125976562
28.13376522064209,3.6806106567382812
28.14505100250244,3.516399383544922
28.156380891799927,3.6205215454101562
28.16783833503723,3.7212486267089844
28.17915177345276,3.6073074340820312
28.19045352935791,3.6368255615234375
28.20173931121826,3.680084228515625
28.213032007217407,3.688018798828125
28.22429871559143,3.7644805908203125
28.235593795776367,3.8596267700195312
28.246890783309937,3.78753662109375
28.258190631866455,3.89227294921875
28.26950979232788,3.889759063720703
28.280811309814453,3.861846923828125
28.292118310928345,3.8716392517089844
28.30340814590454,3.7998390197753906
28.314698696136475,3.885650634765625
28.325988054275513,3.7555465698242188
28.337294578552246,3.894847869873047
28.34875226020813,3.8390159606933594
28.360037803649902,4.074924468994141
28.37128973007202,3.8646812438964844
28.38258385658264,4.024517059326172
28.393879175186157,4.123619079589844
28.405186891555786,3.998016357421875
28.416486024856567,4.086818695068359
28.427780389785767,4.164669036865234
28.439078092575073,4.121807098388672
28.450559854507446,4.102813720703125
28.461857318878174,4.065959930419922
28.473169565200806,4.027210235595703
28.484468936920166,4.110218048095703
28.495764017105103,4.145072937011719
28.507048845291138,4.0966033935546875
28.518367052078247,4.048561096191406
28.52966332435608,4.097347259521484
28.540955305099487,4.272274017333984
28.552258253097534,4.0164031982421875
28.563557147979736,4.105812072753906
28.57487463951111,4.064361572265625
28.5861873626709,4.172401428222656
28.59749174118042,4.183135986328125
28.60879349708557,4.18048095703125
28.620126724243164,4.044048309326172
28.631436586380005,4.068454742431641
28.64291501045227,4.091503143310547
28.654210805892944,4.1251678466796875
28.665496587753296,4.249744415283203
28.676785945892334,4.163902282714844
28.68809223175049,4.085102081298828
28.69938349723816,4.214962005615234
28.71066951751709,4.114841461181641
28.72195816040039,4.114738464355469
28.733264446258545,4.075836181640625
28.744564294815063,4.154857635498047
28.755852699279785,4.090568542480469
28.767157077789307,4.090602874755859
28.778460264205933,4.007656097412109
28.78974676132202,4.1009979248046875
28.80103087425232,4.189197540283203
28.812705993652344,4.077777862548828
28.824008464813232,4.103515625
28.835307121276855,4.079349517822266
28.846787691116333,4.105499267578125
28.858097791671753,4.158115386962891
28.86939573287964,4.219371795654297
28.88068699836731,4.044166564941406
28.891972303390503,4.165992736816406
28.903281211853027,4.193305969238281
28.91457223892212,4.15093994140625
28.92586612701416,4.067516326904297
28.937169790267944,4.115619659423828
28.948466777801514,4.220401763916016
28.959751844406128,4.279293060302734
28.97103261947632,4.108100891113281
28.982285261154175,4.279888153076172
28.993582010269165,4.192142486572266
29.004881620407104,4.246715545654297
29.016175985336304,4.374855041503906
29.02752113342285,4.321628570556641
29.03880524635315,4.248889923095703
29.050102710723877,4.3084259033203125
29.06139636039734,4.304531097412109
29.072681665420532,4.300544738769531
29.083991050720215,4.368625640869141
29.095319986343384,4.323947906494141
29.106603384017944,4.223201751708984
29.117891788482666,4.346424102783203
29.129196882247925,4.3782196044921875
29.140478372573853,4.356746673583984
29.151772022247314,4.283905029296875
29.163066625595093,4.4627838134765625
29.174357414245605,4.370185852050781
29.185641050338745,4.503856658935547
29.19694685935974,4.357593536376953
29.20826292037964,4.525672912597656
29.21956729888916,4.567649841308594
29.230857133865356,4.746559143066406
29.242169618606567,4.463417053222656
29.25348734855652,4.538414001464844
29.264769792556763,4.494312286376953
29.27606749534607,4.584285736083984
29.28736424446106,4.802803039550781
29.298650979995728,4.762851715087891
29.309924125671387,4.5904083251953125
29.32121992111206,4.588710784912109
29.332502126693726,4.077396392822266
29.34378409385681,3.9719772338867188
29.355102062225342,4.045818328857422
29.366387367248535,4.055835723876953
29.377683877944946,3.926654815673828
29.388976573944092,4.151435852050781
29.400267601013184,4.070945739746094
29.41155982017517,4.065513610839844
29.422854900360107,4.262153625488281
29.43415880203247,4.088287353515625
29.445457220077515,4.120502471923828
29.456757307052612,4.131996154785156
29.46804714202881,4.115531921386719
29.479302167892456,4.235984802246094
29.490596055984497,4.234844207763672
29.501877069473267,4.302558898925781
29.513169288635254,3.5231056213378906
29.52445387840271,3.5364532470703125
29.535735368728638,3.5307540893554688
29.54702377319336,3.464599609375
29.558286666870117,3.593578338623047
29.569623947143555,3.515155792236328
29.580915212631226,3.5590896606445312
29.592215061187744,3.56207275390625
29.60350275039673,3.4228744506835938
29.614798545837402,3.5212478637695312
29.62610101699829,3.538585662841797
29.637397527694702,3.556659698486328
29.6486873626709,3.5750350952148438
29.659968376159668,3.6490707397460938
29.67127752304077,3.654754638671875
29.682573556900024,3.529041290283203
29.69386577606201,3.48760986328125
29.705163955688477,3.5166473388671875
29.716464281082153,3.493816375732422
29.727756023406982,3.4669189453125
29.739041328430176,3.645923614501953
29.75028920173645,3.592151641845703
29.76158595085144,3.5052719116210938
29.772884607315063,3.443737030029297
29.78417944908142,3.503711700439453
29.79546618461609,3.6047592163085938
29.806768894195557,3.5845985412597656
29.818105936050415,3.5828475952148438
29.82942771911621,3.427532196044922
29.84102439880371,3.510478973388672
29.852279663085938,3.5326805114746094
29.863569498062134,3.607471466064453
29.874852657318115,3.5772438049316406
29.88614559173584,3.680755615234375
29.89744472503662,3.5050315856933594
29.908724784851074,3.4818077087402344
29.920006036758423,3.677135467529297
29.9313006401062,3.5130462646484375
29.942797422409058,3.5897789001464844
29.95409655570984,3.5322227478027344
29.965384244918823,3.4375839233398438
29.97668719291687,3.69036865234375
29.987972736358643,3.5253639221191406
29.99927854537964,3.5213165283203125
30.010576009750366,3.5517311096191406
30.021872997283936,3.5822486877441406
30.03316903114319,3.5685043334960938
30.04465126991272,3.557849884033203
30.05593967437744,3.490192413330078
30.0672390460968,3.5611953735351562
30.07852578163147,3.608795166015625
30.089811086654663,3.605457305908203
30.10111665725708,3.6107940673828125
30.11240816116333,3.6230125427246094
30.123703002929688,3.504119873046875
30.134989976882935,3.600811004638672
30.146289587020874,3.5092735290527344
30.157615900039673,3.6590614318847656
30.168915271759033,3.6075401306152344
30.180246591567993,3.4526290893554688
30.191561937332153,3.577301025390625
30.203051567077637,3.5824661254882812
30.21436309814453,3.5017318725585938
30.22566246986389,3.5151214599609375
30.23694920539856,3.5525283813476562
30.248250246047974,3.6089630126953125
30.259531259536743,3.5864219665527344
30.270823001861572,3.5625877380371094
30.28211522102356,3.5787353515625
30.29341769218445,3.5394821166992188
30.304710388183594,3.5114364624023438
30.316012859344482,3.4237709045410156
30.327305555343628,3.544891357421875
30.33860993385315,3.7459182739257812
30.349907636642456,3.5424957275390625
30.361202001571655,3.459369659423828
30.37250065803528,3.542400360107422
30.38378405570984,3.556854248046875
30.395097017288208,3.4760055541992188
30.406397342681885,3.5982627868652344
30.417722463607788,3.5150718688964844
30.42901873588562,3.5496673583984375
30.44052028656006,3.511768341064453
30.451825857162476,3.5494232177734375
30.463329076766968,3.6279067993164062
30.474631309509277,3.4684410095214844
30.485998153686523,3.5752296447753906
30.497307538986206,3.6092376708984375
30.508618593215942,3.4519309997558594
30.519924640655518,3.513275146484375
30.531235694885254,3.5289764404296875
30.542532205581665,3.5720138549804688
30.55381941795349,3.615612030029297
30.565125703811646,3.543437957763672
30.57643413543701,3.5019760131835938
30.587735176086426,3.5457839965820312
30.59903120994568,3.5316162109375
30.61030626296997,3.606616973876953
30.621606826782227,3.5753135681152344
30.6329345703125,3.5081329345703125
30.644268035888672,3.609649658203125
30.65558409690857,3.6701393127441406
30.6668803691864,3.6041221618652344
30.678210496902466,3.5683937072753906
30.689517736434937,3.5729637145996094
30.70081853866577,3.557098388671875
30.71213173866272,3.61407470703125
30.723432540893555,3.6442794799804688
30.73474621772766,3.5979156494140625
30.74617600440979,3.5827407836914062
30.757466554641724,3.666278839111328
30.768768787384033,3.6477622985839844
30.78005051612854,3.6675186157226562
30.79134964942932,3.628101348876953
30.8026340007782,3.7382164001464844
30.813929080963135,3.7802810668945312
30.82522225379944,3.8369407653808594
30.836512088775635,3.7146644592285156
30.847824573516846,3.591564178466797
30.85914635658264,3.7389564514160156
30.8704617023468,3.745502471923828
30.881773710250854,3.7953529357910156
30.8930926322937,3.7012863159179688
30.904404640197754,3.659770965576172
30.915716409683228,3.744586944580078
30.927021741867065,3.6940879821777344
30.93829369544983,3.786540985107422
30.949586629867554,3.643798828125
30.96087121963501,3.7602767944335938
30.97217035293579,3.7098770141601562
30.983470916748047,3.8752288818359375
30.99476718902588,3.7600250244140625
31.00605082511902,3.7854156494140625
31.017359018325806,3.8034515380859375
31.02865505218506,3.856964111328125
31.039953470230103,3.7731246948242188
31.051250219345093,3.7954139709472656
31.062538385391235,3.9014930725097656
31.073840856552124,4.012027740478516
31.085132360458374,3.8642578125
31.096436500549316,4.00762939453125
31.10772180557251,3.1407470703125
31.119003295898438,3.260967254638672
31.130285501480103,3.3526039123535156
31.141576290130615,3.403209686279297
31.152868032455444,3.327953338623047
31.164165496826172,3.134838104248047
31.175453186035156,3.2379798889160156
31.186742067337036,3.2111434936523438
31.19802689552307,3.2080230712890625
31.20929265022278,3.3344879150390625
31.220588207244873,3.24493408203125
31.231871843338013,3.233184814453125
31.243178606033325,3.2577972412109375
31.254468202590942,3.266498565673828
31.26576828956604,3.3530540466308594
31.277068614959717,3.326366424560547
31.288355112075806,3.1352806091308594
31.29966926574707,3.206981658935547
31.31096053123474,3.2289657592773438
31.32228684425354,3.3315773010253906
31.33372402191162,3.315296173095703
31.345008373260498,3.342113494873047
31.356309175491333,3.1884002685546875
31.36759662628174,3.1922225952148438
31.378880500793457,3.3161544799804688
31.390178680419922,3.3633155822753906
31.401458263397217,3.40167236328125
31.412734031677246,3.2669601440429688
31.42402195930481,3.179180145263672
31.435301780700684,3.3160629272460938
31.44660997390747,3.254131317138672
31.457911729812622,3.4034461975097656
31.469226121902466,3.3616790771484375
31.480540990829468,3.3198471069335938
31.491849660873413,3.2649917602539062
31.503167390823364,3.3026580810546875
31.514463663101196,3.348175048828125
31.525758028030396,3.3693466186523438
31.53705072402954,3.4113121032714844
31.548361778259277,3.3099327087402344
31.559661388397217,3.26055908203125
31.5709707736969,3.3784637451171875
31.582292079925537,3.410938262939453
31.593612670898438,3.4134483337402344
31.60490608215332,3.410144805908203
31.616196870803833,3.3024673461914062
31.62748098373413,3.464618682861328
31.638770580291748,3.4067039489746094
31.650066137313843,3.469860076904297
31.66136074066162,3.468547821044922
31.672646284103394,3.3573951721191406
31.68393325805664,3.5069007873535156
31.695237398147583,3.5934104919433594
31.706523895263672,3.462482452392578
31.71780776977539,3.4943504333496094
31.729106426239014,3.510425567626953
31.740404844284058,3.498210906982422
31.751699209213257,3.508098602294922
31.762988567352295,3.4450836181640625
31.774293661117554,3.5111770629882812
31.785584211349487,3.511180877685547
31.796876668930054,3.418872833251953
31.808173179626465,3.409687042236328
31.81945490837097,3.4746131896972656
31.830735206604004,3.5632476806640625
31.842025756835938,3.4583816528320312
31.85329794883728,3.3836898803710938
31.86457920074463,3.551952362060547
31.875865936279297,3.60101318359375
31.88716769218445,3.603229522705078
31.898458003997803,3.4888153076171875
31.909735679626465,3.5529403686523438
31.921027421951294,3.6191139221191406
31.932284832000732,3.482898712158203
31.943912982940674,3.5733375549316406
31.955209970474243,3.4555892944335938
31.966509103775024,3.5150222778320312
31.977801084518433,3.5400352478027344
31.98911476135254,3.6475677490234375
32.00040531158447,3.6193466186523438
32.011693716049194,3.5404930114746094
32.022987604141235,3.503223419189453
32.03428316116333,3.712677001953125
32.045592308044434,3.578174591064453
32.056884765625,3.634349822998047
32.06821084022522,3.612628936767578
32.07951617240906,3.7134170532226562
32.09097695350647,3.6012535095214844
32.10227394104004,3.6783790588378906
32.11356496810913,3.7872467041015625
32.12485980987549,3.79296875
32.13615083694458,3.8212623596191406
32.14743900299072,3.846454620361328
32.158730030059814,3.875232696533203
32.17002511024475,3.8655471801757812
32.18129110336304,3.1269607543945312
32.19257998466492,3.1865310668945312
32.203866720199585,3.1694297790527344
32.21517086029053,3.2236900329589844
32.22646617889404,3.1382064819335938
32.23775124549866,3.2308578491210938
32.249045610427856,3.1811065673828125
32.260294914245605,3.1985740661621094
32.27157640457153,3.2036056518554688
32.28285455703735,3.195201873779297
32.294158935546875,3.1593971252441406
32.30546283721924,3.2428016662597656
32.316776275634766,3.219837188720703
32.3280930519104,3.1860809326171875
32.339393615722656,3.2600631713867188
32.350693225860596,3.3017005920410156
32.3619909286499,3.229846954345703
32.37330460548401,3.2192916870117188
32.3846173286438,3.3037986755371094
32.39591336250305,3.295757293701172
32.40722155570984,3.270557403564453
32.41852116584778,3.232666015625
32.429810523986816,3.2504348754882812
32.44112777709961,3.3514175415039062
32.4524347782135,3.3365631103515625
32.46404004096985,3.3396949768066406
32.475308895111084,3.2080650329589844
32.48660373687744,3.2831497192382812
32.4979031085968,3.335784912109375
32.509217739105225,3.3291893005371094
32.52051281929016,3.322795867919922
32.53182029724121,3.3280296325683594
32.54312539100647,3.293354034423828
32.55444025993347,3.3290252685546875
32.56573677062988,3.2772560119628906
32.57702922821045,3.2527732849121094
32.588306188583374,3.334735870361328
32.59960627555847,3.284130096435547
32.610893964767456,3.26800537109375
32.622193574905396,3.3018531799316406
32.6335015296936,3.297557830810547
32.64479660987854,3.3308944702148438
32.6561062335968,3.393798828125
32.66741228103638,3.3663597106933594
32.67893862724304,3.2969284057617188
32.69023251533508,3.2417526245117188
32.701520681381226,3.356792449951172
32.71280550956726,3.295391082763672
32.724109172821045,3.2025718688964844
32.735392332077026,3.3362770080566406
32.74667716026306,3.254077911376953
32.757954835891724,3.2876319885253906
32.76925253868103,3.324291229248047
32.78053402900696,3.260791778564453
32.79193925857544,3.2715835571289062
32.80323338508606,3.2236251831054688
32.81452989578247,3.362071990966797
32.82581853866577,3.2734718322753906
32.83711886405945,3.2570877075195312
32.84841227531433,3.3151779174804688
32.85969638824463,3.3203125
32.870988607406616,3.42694091796875
32.88227558135986,3.3340492248535156
32.89358448982239,3.3008041381835938
32.90510320663452,3.2105865478515625
32.916393756866455,3.3602981567382812
32.92768597602844,3.3917274475097656
32.93898105621338,3.2580528259277344
32.950279712677,3.265056610107422
32.9615638256073,3.2909584045410156
32.97284722328186,3.273059844970703
32.98414444923401,3.303844451904297
32.995441913604736,3.2878761291503906
33.00693154335022,3.3012962341308594
33.01824736595154,3.2278671264648438
33.02955937385559,3.3095970153808594
33.04085850715637,3.3356056213378906
33.05215811729431,3.2954025268554688
33.063462257385254,3.312286376953125
33.074756145477295,3.2613677978515625
33.08607721328735,3.144092559814453
33.09736490249634,3.2067604064941406
33.10865545272827,3.233715057373047
33.11994123458862,3.11383056640625
33.13124966621399,3.1396446228027344
33.14255952835083,3.2244796752929688
33.15398597717285,3.2724761962890625
33.16530895233154,3.1158103942871094
33.1766254901886,3.1669158935546875
33.187931537628174,3.1963577270507812
33.19926333427429,3.2504806518554688
33.21056866645813,3.0549468994140625
33.2218759059906,3.138134002685547
33.23319387435913,3.104358673095703
33.244489431381226,3.0176658630371094
33.255775928497314,3.1353378295898438
33.26708650588989,3.0159149169921875
33.27839994430542,3.1994247436523438
33.28969645500183,3.0878257751464844
33.301002740859985,3.037181854248047
33.312307357788086,3.043445587158203
33.32361149787903,3.0883026123046875
33.33491063117981,3.1366539001464844
33.34622502326965,3.0126800537109375
33.35751700401306,3.142261505126953
33.36881232261658,3.0365333557128906
33.38014316558838,3.015064239501953
33.39145874977112,3.1531410217285156
33.4027681350708,3.0734100341796875
33.41406869888306,3.0489425659179688
33.42537236213684,3.0769805908203125
33.436673402786255,2.9830245971679688
33.44797229766846,3.074443817138672
33.45928430557251,3.0476760864257812
33.47059345245361,3.1370010375976562
33.481903314590454,2.9900283813476562
33.49321532249451,3.037883758544922
33.50452518463135,3.1091537475585938
33.515817403793335,3.1405487060546875
33.52712941169739,3.153533935546875
33.538432121276855,3.0594253540039062
33.54973220825195,3.0920791625976562
33.561039686203,3.0811729431152344
33.57230997085571,3.0359878540039062
33.58363676071167,3.0932540893554688
33.59493446350098,2.9983482360839844
33.60624098777771,2.959430694580078
33.617531061172485,3.051006317138672
33.62882208824158,3.143199920654297
33.64012813568115,3.1030349731445312
33.651421308517456,3.0340118408203125
33.66270303726196,3.095489501953125
33.6739981174469,3.068714141845703
33.685296058654785,3.0951004028320312
33.69661736488342,3.0661277770996094
33.70791459083557,3.031890869140625
33.719226360321045,3.0535430908203125
33.73054099082947,3.1551055908203125
33.74184560775757,3.18194580078125
33.753164529800415,3.016033172607422
33.76447367668152,3.049102783203125
33.775776386260986,3.026988983154297
33.7870991230011,3.14276123046875
33.798415660858154,3.1198577880859375
33.8097243309021,3.034008026123047
33.821040391922,2.928386688232422
33.832314014434814,3.16064453125
33.84360671043396,3.1097869873046875
33.85491895675659,3.1231765747070312
33.86622619628906,3.142536163330078
33.87752556800842,3.009296417236328
33.88882517814636,3.1127700805664062
33.90014290809631,3.099517822265625
33.911468744277954,3.061023712158203
33.92276406288147,3.0054397583007812
33.93409752845764,3.123016357421875
33.945409297943115,3.175445556640625
33.95669388771057,3.093280792236328
33.96801018714905,3.0073509216308594
33.97931146621704,3.0605201721191406
33.99061632156372,3.1718292236328125
34.00190210342407,3.1028099060058594
34.013214111328125,3.0294342041015625
34.0245201587677,3.0975799560546875
34.03583121299744,2.9891357421875
34.047142028808594,3.096923828125
34.05845499038696,3.0800514221191406
34.06976079940796,3.1998291015625
34.08107328414917,3.0791053771972656
34.092389822006226,2.982433319091797
34.10369634628296,3.094371795654297
34.115015506744385,3.1279220581054688
34.12631058692932,3.0448074340820312
34.137688398361206,3.0022544860839844
34.14900469779968,3.0095138549804688
34.16032123565674,3.0776138305664062
34.17161774635315,3.137939453125
34.182926654815674,3.184417724609375
34.19423246383667,3.084789276123047
34.205533504486084,3.0352935791015625
34.21684813499451,3.101318359375
34.22816300392151,3.1377220153808594
34.23946499824524,3.119659423828125
34.25075626373291,3.0009422302246094
34.26206851005554,2.9581756591796875
34.27338242530823,3.076641082763672
34.284690380096436,3.1009674072265625
34.29600763320923,3.0958328247070312
34.30730652809143,3.031085968017578
34.31861090660095,3.0043106079101562
34.32991623878479,3.0976219177246094
34.341230392456055,3.1935462951660156
34.352590799331665,3.0546417236328125
34.363887310028076,2.9459991455078125
34.37519860267639,3.0514869689941406
34.38650870323181,3.051311492919922
34.39780902862549,3.1228904724121094
34.40912127494812,3.213886260986328
34.420459270477295,3.0113487243652344
34.43176293373108,3.068706512451172
34.443082332611084,3.0616683959960938
34.45440483093262,3.0887908935546875
34.46572017669678,3.047992706298828
34.477020025253296,3.0976409912109375
34.48834037780762,3.179058074951172
34.499635219573975,3.1651611328125
34.510934591293335,3.118804931640625
34.52224802970886,3.1282806396484375
34.53356647491455,3.2016754150390625
34.5448694229126,3.185436248779297
34.55620050430298,3.1440658569335938
34.567519664764404,3.2075767517089844
34.57882332801819,3.2523727416992188
34.590325117111206,3.323589324951172
34.6016263961792,3.2421913146972656
34.61292481422424,3.2435302734375
34.62423276901245,3.2978782653808594
34.635544776916504,3.1871109008789062
34.646852016448975,3.2787742614746094
34.65815711021423,3.2079391479492188
34.66945934295654,3.212413787841797
34.68075633049011,3.2592239379882812
34.692081928253174,3.2288131713867188
34.7033953666687,3.2746047973632812
34.71471977233887,3.305011749267578
34.726027727127075,3.2319908142089844
34.73730397224426,3.0837020874023438
34.7486252784729,3.2281494140625
34.759931564331055,3.2905311584472656
34.77124285697937,3.2589378356933594
34.7827353477478,3.2193679809570312
34.79404878616333,3.1526718139648438
34.80536341667175,3.1702041625976562
34.8166618347168,3.3419227600097656
34.82795596122742,3.208515167236328
34.83927893638611,3.1294174194335938
34.85057711601257,3.171966552734375
34.86188101768494,3.21649169921875
34.873199462890625,3.3155593872070312
34.8844895362854,3.321746826171875
34.89578890800476,3.3002395629882812
34.90709853172302,3.3734169006347656
34.918410301208496,2.7022323608398438
34.92971706390381,2.7007217407226562
34.941017866134644,2.6628684997558594
34.95230031013489,2.6706809997558594
34.9636070728302,2.7022781372070312
34.974905490875244,2.7578582763671875
34.98621964454651,2.758045196533203
34.99750828742981,2.761615753173828
35.00879502296448,2.771331787109375
35.02009916305542,2.7647438049316406
35.03138780593872,2.7674903869628906
35.04267621040344,2.815196990966797
35.054142475128174,2.8974609375
35.06544303894043,2.8639373779296875
35.07673668861389,2.9015350341796875
35.088030099868774,2.957874298095703
35.099318742752075,2.936717987060547
35.1106116771698,2.9820709228515625
35.12190365791321,2.9952774047851562
35.13322138786316,3.0458717346191406
35.14453458786011,2.9664459228515625
35.15583634376526,3.0579071044921875
35.16730976104736,3.0117111206054688
35.17860531806946,2.9599380493164062
35.189889430999756,3.0273361206054688
35.20119309425354,3.056659698486328
35.21248388290405,3.1062545776367188
35.22378587722778,3.0770835876464844
35.23510479927063,3.065521240234375
35.246408224105835,2.9246864318847656
35.25771450996399,2.9324913024902344
35.2690155506134,2.9765548706054688
35.28029918670654,3.039440155029297
35.2915894985199,2.997112274169922
35.30288028717041,3.1027488708496094
35.31419801712036,3.078449249267578
35.3255033493042,3.1217575073242188
35.3368124961853,3.0933799743652344
35.34813714027405,3.1157875061035156
35.359442710876465,3.0928802490234375
35.370749711990356,3.114002227783203
35.382041692733765,3.1609153747558594
35.39331030845642,3.2753334045410156
35.405447006225586,3.3208236694335938
35.416852951049805,3.3153762817382812
35.42818021774292,3.365673065185547
35.43951153755188,2.6641921997070312
35.45081043243408,2.698932647705078
35.46212816238403,2.7555313110351562
35.47341990470886,2.787616729736328
35.48470497131348,2.833698272705078
35.49598741531372,2.8338394165039062
35.50727415084839,2.8647384643554688
35.5185604095459,2.9049415588378906
35.529844522476196,2.965576171875
35.54116654396057,2.9888458251953125
35.552557706832886,2.9091033935546875
35.56385588645935,2.9420547485351562
35.5751748085022,2.9831771850585938
35.58648157119751,2.3200912475585938
35.59777522087097,2.2756271362304688
35.609071254730225,2.3071212768554688
35.62037110328674,2.2953033447265625
35.63166260719299,2.3206939697265625
35.64296102523804,2.366077423095703
35.65427923202515,2.2735748291015625
35.6655809879303,2.254993438720703
35.67687964439392,2.2919387817382812
35.68818759918213,2.3167877197265625
35.69947814941406,2.292247772216797
35.71077561378479,2.3347015380859375
35.72208905220032,2.3535842895507812
35.733407735824585,2.3187713623046875
35.74470591545105,2.33233642578125
35.75599694252014,2.3896636962890625
35.76730799674988,2.3668861389160156
35.77860164642334,2.4095916748046875
35.78989028930664,2.4263916015625
35.80120062828064,2.3896255493164062
35.81248998641968,2.4132080078125
35.823790073394775,2.441394805908203
35.8350932598114,2.523845672607422
35.84638285636902,2.5131072998046875
35.857675552368164,2.5512733459472656
35.86896276473999,1.8453254699707031
35.880263805389404,1.8453254699707031
35.89155983924866,1.8453254699707031
35.902843713760376,1.8453254699707031
35.914159297943115,1.8453254699707031
35.925457239151,1.8453254699707031
35.936750411987305,1.8453254699707031
35.94804072380066,1.8453254699707031
35.9592969417572,1.8453254699707031
35.97058176994324,1.8453254699707031
35.98186230659485,1.8453254699707031
35.99317479133606,1.8453254699707031
36.00447630882263,1.8453254699707031
36.01575589179993,1.8453254699707031
36.02706980705261,1.8453254699707031
36.03836441040039,1.8453254699707031
36.04967713356018,1.8453254699707031
36.06097865104675,1.8453254699707031
36.07229256629944,1.8453254699707031
36.08359694480896,1.8453254699707031
36.09489321708679,1.8453254699707031
36.10621190071106,1.8453254699707031
36.11750888824463,1.8453254699707031
36.12881326675415,1.8453254699707031
36.14012050628662,1.8453254699707031
36.151429176330566,1.8453254699707031
36.16272306442261,1.8453254699707031
36.174015522003174,1.8453254699707031
36.185314893722534,1.8453254699707031
36.196603775024414,1.8453254699707031
36.20788645744324,1.8453254699707031
36.21919512748718,1.8453254699707031
36.23051118850708,1.8453254699707031
36.24179697036743,1.8453254699707031
36.253103256225586,1.8453254699707031
36.264402627944946,1.8453254699707031
36.27569341659546,1.8453254699707031
36.28698992729187,1.8453254699707031
36.29828882217407,1.8453254699707031
36.30959963798523,1.8453292846679688
36.3210244178772,1.8453330993652344
36.3323073387146,1.8453330993652344
36.34360361099243,1.8453330993652344
36.35488677024841,1.8453330993652344
36.36619853973389,1.8453330993652344
36.37749886512756,1.8453330993652344
36.38879466056824,1.8453330993652344
36.400094747543335,1.8453330993652344
36.411391496658325,1.8453330993652344
36.422693967819214,1.8453330993652344
36.43398928642273,1.8453330993652344
36.44529604911804,1.8453330993652344
36.45658540725708,1.8453330993652344
36.46786689758301,1.8453330993652344
36.479177713394165,1.8453330993652344
36.4904682636261,1.8453330993652344
36.50175714492798,1.8453330993652344
36.51304602622986,1.8453330993652344
36.52430081367493,1.8453330993652344
36.535595417022705,1.8453330993652344
36.54688787460327,1.8453330993652344
36.55821990966797,1.8453330993652344
36.5695059299469,1.8453330993652344
36.58078598976135,1.8453330993652344
36.59208631515503,1.8453330993652344
36.603381633758545,1.8453330993652344
36.61466336250305,1.8453330993652344
36.62595081329346,1.8453330993652344
36.6372754573822,1.8453330993652344
36.64857339859009,1.8453330993652344
36.65986442565918,1.8453330993652344
36.671164989471436,1.8453330993652344
36.68246531486511,1.8453330993652344
36.693767786026,1.8453330993652344
36.70504975318909,1.8453330993652344
36.71635627746582,1.8453330993652344
36.72764849662781,1.8453330993652344
36.73893857002258,1.8453330993652344
36.75024700164795,1.8453330993652344
36.761547327041626,1.8453330993652344
36.77284073829651,1.8453330993652344
36.78415250778198,1.8453330993652344
36.795456886291504,1.8453330993652344
36.80674958229065,1.8453330993652344
36.818033933639526,1.8453330993652344
36.82930541038513,1.8453330993652344
36.84060096740723,1.8453330993652344
36.851890325546265,1.8453330993652344
36.86319375038147,1.8453330993652344
36.87448787689209,1.8453330993652344
36.885777711868286,1.8453330993652344
36.89707350730896,1.8453330993652344
36.90837240219116,1.8453330993652344
36.91966223716736,1.8453330993652344
36.930941343307495,1.8453330993652344
36.942241191864014,1.8453330993652344
36.95354509353638,1.8453330993652344
36.96483635902405,1.8453330993652344
36.976128578186035,1.8453330993652344
36.98744082450867,1.8453330993652344
36.99873924255371,1.8453330993652344
37.0100200176239,1.8453330993652344
37.02129530906677,1.8453330993652344
37.03259587287903,1.8373374938964844
37.04389214515686,1.7335777282714844
37.05519914627075,1.7335777282714844
37.066487073898315,1.7335777282714844
37.077784061431885,1.7335777282714844
37.089088916778564,1.7335777282714844
37.100390911102295,1.7335777282714844
37.11167550086975,1.7335777282714844
37.12297463417053,1.7335777282714844
37.13427138328552,1.7335777282714844
37.14556121826172,1.7335777282714844
37.15684771537781,1.7335777282714844
37.16815161705017,1.7335777282714844
37.17944550514221,1.7335777282714844
37.19073295593262,1.7335777282714844
37.20203137397766,1.7335777282714844
37.213305711746216,1.7335777282714844
37.22460675239563,1.7335777282714844
37.235899209976196,1.7335777282714844
37.24720120429993,1.7335777282714844
37.258495569229126,1.7335777282714844
37.26978802680969,1.7335777282714844
37.28109383583069,1.7335777282714844
37.29239511489868,1.7335777282714844
37.303688526153564,1.7335777282714844
37.314990758895874,1.7335777282714844
37.3262939453125,1.7335777282714844
37.337591886520386,1.7335777282714844
37.34886932373047,1.7335777282714844
37.36017894744873,1.7335777282714844
37.371458292007446,1.7335777282714844
37.38275218009949,1.7335777282714844
37.39402627944946,1.7335777282714844
37.40529012680054,1.7335777282714844
37.41657733917236,1.7335777282714844
37.42786693572998,1.7335777282714844
37.439159870147705,1.7335777282714844
37.450454235076904,1.73358154296875
37.46173405647278,1.73358154296875
37.47302722930908,1.73358154296875
37.48429727554321,1.73358154296875
37.495593786239624,1.73358154296875
37.506874799728394,1.73358154296875
37.51817226409912,1.73358154296875
37.529457330703735,1.73358154296875
37.540754318237305,1.73358154296875
37.55203199386597,1.73358154296875
37.563294649124146,1.73358154296875
37.574578523635864,1.73358154296875
37.58585476875305,1.73358154296875
37.597151041030884,1.73358154296875
37.60844445228577,1.73358154296875
37.619728326797485,1.73358154296875
37.631030559539795,1.73358154296875
37.64230227470398,1.73358154296875
37.653592348098755,1.73358154296875
37.66487765312195,1.73358154296875
37.67619013786316,1.73358154296875
37.687477827072144,1.73358154296875
37.69876742362976,1.73358154296875
37.71006941795349,1.73358154296875
37.721357583999634,1.73358154296875
37.73264408111572,1.73358154296875
37.74393320083618,1.73358154296875
37.755231857299805,1.73358154296875
37.76652455329895,1.73358154296875
37.77781558036804,1.73358154296875
37.78911066055298,1.73358154296875
37.800402879714966,1.73358154296875
37.81169772148132,1.73358154296875
37.82299494743347,1.73358154296875
37.83430504798889,1.73358154296875
37.845598220825195,1.73358154296875
37.85687875747681,1.73358154296875
37.86817502975464,1.73358154296875
37.87945771217346,1.73358154296875
37.89073443412781,1.73358154296875
37.90201735496521,1.73358154296875
37.913299798965454,1.73358154296875
37.9246027469635,1.73358154296875
37.935903787612915,1.73358154296875
37.94721555709839,1.73358154296875
37.95851492881775,1.73358154296875
37.96980047225952,1.73358154296875
37.981122732162476,1.73358154296875
37.99241542816162,1.73358154296875
38.003713846206665,1.73358154296875
38.01501441001892,1.73358154296875
38.02628970146179,1.73358154296875
38.037578105926514,1.73358154296875
38.04886484146118,1.73358154296875
38.060168504714966,1.73358154296875
38.071473598480225,1.73358154296875
38.08277893066406,1.73358154296875
38.09408164024353,1.73358154296875
38.105390787124634,1.73358154296875
38.116684675216675,1.73358154296875
38.12797164916992,1.73358154296875
38.13928556442261,1.73358154296875
38.150580406188965,1.73358154296875
38.16187310218811,1.73358154296875
38.173187017440796,1.73358154296875
38.18447256088257,1.73358154296875
38.19577217102051,1.73358154296875
38.207082748413086,1.73358154296875
38.21836733818054,1.73358154296875
38.22964930534363,1.73358154296875
38.24093842506409,1.73358154296875
38.2522246837616,1.73358154296875
38.263511180877686,1.73358154296875
38.274795055389404,1.73358154296875
38.28610324859619,1.73358154296875
38.29738926887512,1.73358154296875
38.30868101119995,1.73358154296875
38.31997776031494,1.73358154296875
38.331281661987305,1.73358154296875
38.34256339073181,1.73358154296875
38.35384202003479,1.73358154296875
38.36514687538147,1.73358154296875
38.37643575668335,1.73358154296875
38.38773012161255,1.73358154296875
38.39902853965759,1.73358154296875
38.410284996032715,1.73358154296875
38.4215772151947,1.73358154296875
38.432865381240845,1.73358154296875
38.444170236587524,1.73358154296875
38.45546841621399,1.73358154296875
38.466750144958496,1.73358154296875
38.47803497314453,1.73358154296875
38.4893479347229,1.73358154296875
38.50063419342041,1.73358154296875
38.511929512023926,1.73358154296875
38.523242712020874,1.73358154296875
38.53453874588013,1.73358154296875
38.54583120346069,1.73358154296875
38.55714297294617,1.73358154296875
38.568437576293945,1.73358154296875
38.57973074913025,1.73358154296875
38.591012716293335,1.73358154296875
38.60228610038757,1.73358154296875
38.613595724105835,1.6218223571777344
38.62487816810608,1.6218223571777344
38.636175870895386,1.6218223571777344
38.647467613220215,1.6218223571777344
38.658766746520996,1.6218223571777344
38.670074701309204,1.6218223571777344
38.68137717247009,1.6218223571777344
38.6926646232605,1.6218223571777344
38.70394945144653,1.6218223571777344
38.71524429321289,1.6218223571777344
38.72653293609619,1.6218223571777344
38.73783254623413,1.6218223571777344
38.749123096466064,1.6218223571777344
38.76041126251221,1.6218223571777344
38.77170920372009,1.6218223571777344
38.78299427032471,1.6218223571777344
38.794299840927124,1.6218223571777344
38.80560111999512,1.6218223571777344
38.81689500808716,1.6218223571777344
38.828187704086304,1.6218223571777344
38.83949136734009,1.6218223571777344
38.85077261924744,1.6218223571777344
38.86205220222473,1.6218223571777344
38.87336564064026,1.6218223571777344
38.88464903831482,1.6218223571777344
38.895957469940186,1.6218223571777344
38.90727615356445,1.6218223571777344
38.91857075691223,1.6218223571777344
38.92987585067749,1.6218223571777344
38.9411735534668,1.6218223571777344
38.952462673187256,1.6218223571777344
38.96374845504761,1.6218223571777344
38.97503328323364,1.6218223571777344
38.986302614212036,1.6218223571777344
38.99760603904724,1.6218223571777344
39.008891344070435,1.6218223571777344
39.020193338394165,1.6218223571777344
39.03148579597473,1.6218223571777344
39.04278016090393,1.6218223571777344
39.054078817367554,1.6218223571777344
39.0653760433197,1.6218223571777344
39.076688051223755,1.6218223571777344
39.0879909992218,1.6218223571777344
39.09929037094116,1.6218223571777344
39.11058521270752,1.6218223571777344
39.12187457084656,1.6218223571777344
39.133169651031494,1.6218223571777344
39.144461154937744,1.6218223571777344
39.155752182006836,1.547576904296875
39.16708278656006,1.5100631713867188
39.17836666107178,1.5100631713867188
39.189666748046875,1.5100631713867188
39.20094704627991,1.5100631713867188
39.212236166000366,1.5100631713867188
39.223533630371094,1.5100631713867188
39.23482322692871,1.5100631713867188
39.24612474441528,1.5100631713867188
39.25742483139038,1.5100631713867188
39.26871633529663,1.5100631713867188
39.28001284599304,1.5100631713867188
39.29129457473755,1.5100631713867188
39.302579402923584,1.5100631713867188
39.3138747215271,1.4395942687988281
39.32516932487488,1.3983116149902344
39.33645939826965,1.3983116149902344
39.34775900840759,1.3983116149902344
39.359046459198,1.3983116149902344
39.3702871799469,1.3983116149902344
39.381577253341675,1.3983116149902344
39.39285683631897,1.3983116149902344
39.404154539108276,1.3983116149902344
39.4154486656189,1.3983116149902344
39.42673373222351,1.3983116149902344
39.438016176223755,1.3983116149902344
39.44930338859558,1.3983116149902344
39.46058535575867,1.3983116149902344
39.47187304496765,1.3983116149902344
39.483173847198486,1.3983116149902344
39.4944748878479,1.3983116149902344
39.50577521324158,1.3983116149902344
39.517066955566406,1.3983116149902344
39.52836275100708,1.3983116149902344
39.53964424133301,1.3983116149902344
39.55092811584473,1.3983116149902344
39.56224489212036,1.341522216796875
39.573559284210205,1.2865676879882812
39.584843158721924,0.18033599853515625
39.59589743614197,0.18033599853515625
39.60664176940918,0.17851638793945312
39.61743235588074,0.17851638793945312
39.62815022468567,0.17851638793945312
39.63885951042175,0.17851638793945312
39.649576902389526,0.1785888671875
39.66029191017151,0.1785888671875
39.67099642753601,0.1785888671875
39.68190860748291,0.17860794067382812
39.69264316558838,0.17860794067382812
39.70336174964905,0.17866897583007812
39.714077949523926,0.17866897583007812
39.724788188934326,0.17866897583007812
39.735514640808105,0.17866897583007812
39.74623394012451,0.17866897583007812
39.756943225860596,0.17867660522460938
39.76767444610596,0.178680419921875
39.77840042114258,0.178680419921875
39.789127588272095,0.178680419921875
39.79983592033386,0.0
39.81055021286011,0.0
39.82127094268799,0.0
39.83196997642517,0.0
