t_sec,rss_gib
0.006530284881591797,0.00482177734375
0.017602205276489258,0.007701873779296875
0.028388023376464844,0.008464813232421875
0.03916788101196289,0.00989532470703125
0.04993271827697754,0.01039886474609375
0.06075286865234375,0.01039886474609375
0.07151198387145996,0.01039886474609375
0.08225655555725098,0.01039886474609375
0.09301877021789551,0.01039886474609375
0.10377693176269531,0.01039886474609375
0.11453795433044434,0.01039886474609375
0.12528729438781738,0.01039886474609375
0.13604164123535156,0.01039886474609375
0.14680743217468262,0.01039886474609375
0.15756893157958984,0.01039886474609375
0.16831469535827637,0.01039886474609375
0.1790757179260254,0.01039886474609375
0.18983674049377441,0.01039886474609375
0.20059776306152344,0.01039886474609375
0.21137189865112305,0.01039886474609375
0.2221052646636963,0.01039886474609375
0.23286056518554688,0.01039886474609375
0.24413323402404785,0.01039886474609375
0.25492191314697266,0.01039886474609375
0.26569414138793945,0.01039886474609375
0.27648115158081055,0.01039886474609375
0.2872307300567627,0.01039886474609375
0.29799652099609375,0.010650634765625
0.3087613582611084,0.01090240478515625
0.3195207118988037,0.01090240478515625
0.3302628993988037,0.01165771484375
0.3410212993621826,0.01424407958984375
0.35178327560424805,0.0157012939453125
0.36255359649658203,0.0185546875
0.3733031749725342,0.0185546875
0.3840799331665039,0.01880645751953125
0.3948500156402588,0.01935577392578125
0.4056084156036377,0.01978302001953125
0.41635847091674805,0.01978302001953125
0.4271106719970703,0.020595550537109375
0.4378805160522461,0.021205902099609375
0.44864583015441895,0.021541595458984375
0.45938992500305176,0.021541595458984375
0.4701573848724365,0.021793365478515625
0.480912446975708,0.021793365478515625
0.49167370796203613,0.021793365478515625
0.5024318695068359,0.021793365478515625
0.5131855010986328,0.021793365478515625
0.5239510536193848,0.021793365478515625
0.5347182750701904,0.021793365478515625
0.5454778671264648,0.021793365478515625
0.5562233924865723,0.021793365478515625
0.5669801235198975,0.021793365478515625
0.5777392387390137,0.021793365478515625
0.5885069370269775,0.021793365478515625
0.5992686748504639,0.021793365478515625
0.6100351810455322,0.021793365478515625
0.6207907199859619,0.021793365478515625
0.6315534114837646,0.021793365478515625
0.6422927379608154,0.021793365478515625
0.653043270111084,0.021793365478515625
0.6638028621673584,0.021793365478515625
0.6745831966400146,0.021793365478515625
0.6853210926055908,0.021793365478515625
0.6960709095001221,0.021793365478515625
0.7068336009979248,0.021793365478515625
0.7175936698913574,0.021793365478515625
0.72833251953125,0.021793365478515625
0.7390861511230469,0.021793365478515625
0.7498483657836914,0.021793365478515625
0.7606077194213867,0.021793365478515625
0.7713587284088135,0.021793365478515625
0.7821061611175537,0.021793365478515625
0.7928652763366699,0.021793365478515625
0.8036172389984131,0.021793365478515625
0.8143680095672607,0.021793365478515625
0.8251297473907471,0.021793365478515625
0.835895299911499,0.021793365478515625
0.8466575145721436,0.021793365478515625
0.857414722442627,0.021793365478515625
0.8681607246398926,0.021793365478515625
0.8789136409759521,0.021793365478515625
0.8896615505218506,0.021793365478515625
0.9004378318786621,0.021793365478515625
0.9111819267272949,0.021793365478515625
0.9219677448272705,0.021793365478515625
0.9327373504638672,0.021793365478515625
0.9435062408447266,0.021793365478515625
0.9542524814605713,0.021793365478515625
0.9650146961212158,0.021793365478515625
0.9757633209228516,0.021793365478515625
0.9865162372589111,0.021793365478515625
0.9972636699676514,0.021793365478515625
1.008026361465454,0.021793365478515625
1.0187819004058838,0.021793365478515625
1.0295376777648926,0.021793365478515625
1.0403027534484863,0.021793365478515625
1.0510518550872803,0.021793365478515625
1.0618112087249756,0.022045135498046875
1.0725703239440918,0.022045135498046875
1.0833098888397217,0.022045135498046875
1.094099521636963,0.022045135498046875
1.1048550605773926,0.022045135498046875
1.1156156063079834,0.022045135498046875
1.1263628005981445,0.022045135498046875
1.1371207237243652,0.022045135498046875
1.147874116897583,0.022045135498046875
1.1586406230926514,0.022045135498046875
1.1694111824035645,0.022663116455078125
1.1801602840423584,0.022663116455078125
1.1909337043762207,0.02384185791015625
1.2017276287078857,0.02384185791015625
1.212524652481079,0.02423858642578125
1.2233068943023682,0.024852752685546875
1.2341163158416748,0.025356292724609375
1.2449228763580322,0.025356292724609375
1.2557101249694824,0.025356292724609375
1.2665259838104248,0.026660919189453125
1.2773401737213135,0.026996612548828125
1.2881031036376953,0.02701568603515625
1.2988758087158203,0.02701568603515625
1.309629201889038,0.02701568603515625
1.3203670978546143,0.02701568603515625
1.3311059474945068,0.02701568603515625
1.3418641090393066,0.02701568603515625
1.3526146411895752,0.02701568603515625
1.363349437713623,0.02701568603515625
1.3740949630737305,0.02701568603515625
1.3848652839660645,0.027194976806640625
1.3956286907196045,0.027194976806640625
1.4063820838928223,0.027210235595703125
1.4171006679534912,0.02768707275390625
1.427868366241455,0.028087615966796875
1.4386298656463623,0.028507232666015625
1.4493792057037354,0.029575347900390625
1.4601366519927979,0.030445098876953125
1.470893383026123,0.030696868896484375
1.481649398803711,0.030696868896484375
1.4923882484436035,0.030696868896484375
1.5031518936157227,0.030696868896484375
1.513904333114624,0.030696868896484375
1.5246632099151611,0.030696868896484375
1.5354111194610596,0.030696868896484375
1.5461609363555908,0.030696868896484375
1.5569205284118652,0.030696868896484375
1.567678451538086,0.030696868896484375
1.5784344673156738,0.030696868896484375
1.5891757011413574,0.030696868896484375
1.5999369621276855,0.030696868896484375
1.6107165813446045,0.031078338623046875
1.6215128898620605,0.03168487548828125
1.6322650909423828,0.03218841552734375
1.6430456638336182,0.03261566162109375
1.6538050174713135,0.03261566162109375
1.6645631790161133,0.03261566162109375
1.675304651260376,0.03261566162109375
1.6860630512237549,0.03261566162109375
1.696817398071289,0.03261566162109375
1.707566738128662,0.03261566162109375
1.718301773071289,0.03261566162109375
1.729048252105713,0.03261566162109375
1.739799976348877,0.03261566162109375
1.7505512237548828,0.03261566162109375
1.7612910270690918,0.03261566162109375
1.7720434665679932,0.03261566162109375
1.7827937602996826,0.03261566162109375
1.793548345565796,0.03261566162109375
1.80428147315979,0.03261566162109375
1.8150458335876465,0.032695770263671875
1.8258042335510254,0.032695770263671875
1.836573839187622,0.032695770263671875
1.847311019897461,0.032695770263671875
1.8580636978149414,0.032695770263671875
1.8688385486602783,0.032695770263671875
1.8795981407165527,0.032695770263671875
1.890340805053711,0.032695770263671875
1.9010944366455078,0.032695770263671875
1.911844253540039,0.032695770263671875
1.9226045608520508,0.032695770263671875
1.9333467483520508,0.032695770263671875
1.9440932273864746,0.032695770263671875
1.9548523426055908,0.032695770263671875
1.9656400680541992,0.03293609619140625
1.9764089584350586,0.034374237060546875
1.98716139793396,0.03730010986328125
1.9979326725006104,0.03730010986328125
2.0086934566497803,0.03730010986328125
2.019446849822998,0.03730010986328125
2.030189037322998,0.03730010986328125
2.040958881378174,0.03730010986328125
2.051715135574341,0.03730010986328125
2.062469482421875,0.03730010986328125
2.0732223987579346,0.03730010986328125
2.083975076675415,0.03730010986328125
2.094773530960083,0.03730010986328125
2.1055338382720947,0.03730010986328125
2.116276741027832,0.03730010986328125
2.1270453929901123,0.03730010986328125
2.1377956867218018,0.03730010986328125
2.148563861846924,0.03730010986328125
2.1593093872070312,0.03730010986328125
2.1700611114501953,0.03730010986328125
2.180814027786255,0.03730010986328125
2.1915814876556396,0.03730010986328125
2.2023258209228516,0.03730010986328125
2.213097095489502,0.03730010986328125
2.223846673965454,0.03730010986328125
2.2346043586730957,0.03730010986328125
2.2453532218933105,0.03730010986328125
2.256113052368164,0.03730010986328125
2.2668774127960205,0.037715911865234375
2.2776405811309814,0.037746429443359375
2.2883899211883545,0.037761688232421875
2.299161195755005,0.0380096435546875
2.309925079345703,0.0380096435546875
2.3206961154937744,0.03826141357421875
2.3314616680145264,0.038364410400390625
2.342228889465332,0.038646697998046875
2.3529937267303467,0.038951873779296875
2.363764762878418,0.039203643798828125
2.3745310306549072,0.039844512939453125
2.3852810859680176,0.039844512939453125
2.396045684814453,0.039844512939453125
2.406803846359253,0.039844512939453125
2.4175548553466797,0.039844512939453125
2.4282922744750977,0.039844512939453125
2.4390456676483154,0.039844512939453125
2.449795961380005,0.039844512939453125
2.460549831390381,0.039844512939453125
2.471297025680542,0.039844512939453125
2.4820454120635986,0.039844512939453125
2.4928019046783447,0.039844512939453125
2.5035617351531982,0.039844512939453125
2.514310598373413,0.039844512939453125
2.525057554244995,0.039844512939453125
2.535834550857544,0.039844512939453125
2.5465877056121826,0.039844512939453125
2.5573337078094482,0.039844512939453125
2.568127393722534,0.039844512939453125
2.578887462615967,0.039844512939453125
2.5896389484405518,0.039844512939453125
2.6003761291503906,0.039844512939453125
2.611126661300659,0.039844512939453125
2.621880292892456,0.039844512939453125
2.6326348781585693,0.039844512939453125
2.6433825492858887,0.039844512939453125
2.6541240215301514,0.039844512939453125
2.6648974418640137,0.039844512939453125
2.675654649734497,0.039844512939453125
2.6864147186279297,0.039844512939453125
2.6971709728240967,0.04010009765625
2.7079315185546875,0.040325164794921875
2.718703269958496,0.040546417236328125
2.7294986248016357,0.040851593017578125
2.740244150161743,0.04100799560546875
2.7510080337524414,0.041259765625
2.7617740631103516,0.041385650634765625
2.772541046142578,0.041385650634765625
2.7832934856414795,0.041515350341796875
2.7940518856048584,0.041759490966796875
2.8048195838928223,0.0422821044921875
2.8155875205993652,0.043430328369140625
2.8263347148895264,0.043430328369140625
2.837087392807007,0.043430328369140625
2.8478384017944336,0.043430328369140625
2.858600378036499,0.043430328369140625
2.8693432807922363,0.043430328369140625
2.880096435546875,0.043430328369140625
2.890866279602051,0.043430328369140625
2.901625633239746,0.043430328369140625
2.912367343902588,0.043430328369140625
2.923121213912964,0.043430328369140625
2.933879852294922,0.043430328369140625
2.944640636444092,0.043430328369140625
2.95538330078125,0.043430328369140625
2.9661521911621094,0.043430328369140625
2.976926326751709,0.043430328369140625
2.9877350330352783,0.043430328369140625
2.9984960556030273,0.043430328369140625
3.009253740310669,0.0435028076171875
3.020012617111206,0.044178009033203125
3.0307729244232178,0.044178009033203125
3.041538953781128,0.044178009033203125
3.0522847175598145,0.044178009033203125
3.0630478858947754,0.044178009033203125
3.073805332183838,0.044178009033203125
3.0845601558685303,0.044178009033203125
3.0953118801116943,0.044178009033203125
3.1060636043548584,0.044178009033203125
3.116825819015503,0.044178009033203125
3.1275856494903564,0.044178009033203125
3.1383323669433594,0.044178009033203125
3.149073362350464,0.044178009033203125
3.1598284244537354,0.044178009033203125
3.170588731765747,0.04448699951171875
3.1813371181488037,0.04448699951171875
3.192096710205078,0.0453948974609375
3.2028632164001465,0.046009063720703125
3.2136118412017822,0.046009063720703125
3.2243599891662598,0.046009063720703125
3.235103130340576,0.046009063720703125
3.245863199234009,0.046009063720703125
3.2566123008728027,0.046009063720703125
3.2673511505126953,0.046009063720703125
3.2780935764312744,0.046009063720703125
3.2888450622558594,0.046009063720703125
3.2995963096618652,0.046009063720703125
3.3103394508361816,0.046009063720703125
3.3210926055908203,0.046833038330078125
3.3318543434143066,0.046833038330078125
3.3426084518432617,0.046833038330078125
3.3533430099487305,0.046833038330078125
3.3640804290771484,0.046833038330078125
3.3748464584350586,0.046833038330078125
3.3856003284454346,0.046833038330078125
3.3963518142700195,0.047084808349609375
3.407102346420288,0.047336578369140625
3.4178686141967773,0.04926300048828125
3.428637981414795,0.052341461181640625
3.4394099712371826,0.052581787109375
3.4501760005950928,0.0533447265625
3.460947275161743,0.0538330078125
3.4717063903808594,0.05426025390625
3.48248028755188,0.05450439453125
3.4932405948638916,0.05530548095703125
3.5040085315704346,0.056995391845703125
3.5147783756256104,0.057933807373046875
3.5255374908447266,0.057933807373046875
3.5362980365753174,0.057933807373046875
3.547067403793335,0.057933807373046875
3.557827949523926,0.057933807373046875
3.5686256885528564,0.057933807373046875
3.5793721675872803,0.057933807373046875
3.590115547180176,0.057933807373046875
3.6008875370025635,0.057933807373046875
3.6116437911987305,0.057933807373046875
3.622405767440796,0.057933807373046875
3.633164882659912,0.057933807373046875
3.6439130306243896,0.057933807373046875
3.6546695232391357,0.057933807373046875
3.6654350757598877,0.057933807373046875
3.676191568374634,0.057933807373046875
3.6869595050811768,0.057933807373046875
3.6977152824401855,0.057933807373046875
3.7084710597991943,0.057933807373046875
3.7192161083221436,0.057933807373046875
3.729973554611206,0.057933807373046875
3.740736961364746,0.057933807373046875
3.751519203186035,0.057933807373046875
3.762305736541748,0.057933807373046875
3.7730660438537598,0.057933807373046875
3.783825397491455,0.057933807373046875
3.794588327407837,0.057933807373046875
3.805331230163574,0.057933807373046875
3.8160743713378906,0.057933807373046875
3.826833724975586,0.057933807373046875
3.837594747543335,0.057933807373046875
3.8483548164367676,0.057933807373046875
3.8591127395629883,0.057933807373046875
3.8698718547821045,0.057933807373046875
3.8806278705596924,0.057933807373046875
3.8914523124694824,0.057933807373046875
3.902256965637207,0.057933807373046875
3.913065195083618,0.057933807373046875
3.9238638877868652,0.057933807373046875
3.934621572494507,0.057933807373046875
3.9454309940338135,0.057933807373046875
3.9562149047851562,0.057933807373046875
3.9670310020446777,0.057933807373046875
3.9778482913970947,0.057933807373046875
3.9886066913604736,0.057933807373046875
3.9994332790374756,0.057933807373046875
4.010183095932007,0.057933807373046875
4.020954132080078,0.057933807373046875
4.031709671020508,0.057933807373046875
4.04246711730957,0.057933807373046875
4.053215265274048,0.057933807373046875
4.06397008895874,0.057933807373046875
4.074720144271851,0.057933807373046875
4.08549165725708,0.057933807373046875
4.096259117126465,0.057933807373046875
4.107030153274536,0.057933807373046875
4.117804765701294,0.057933807373046875
4.128570318222046,0.057933807373046875
4.139310836791992,0.057933807373046875
4.150071859359741,0.057933807373046875
4.160834789276123,0.057933807373046875
4.171593904495239,0.057933807373046875
4.1823365688323975,0.057933807373046875
4.193077802658081,0.057933807373046875
4.203837156295776,0.057933807373046875
4.214605331420898,0.05814361572265625
4.225360155105591,0.059680938720703125
4.236119985580444,0.059680938720703125
4.246889114379883,0.061214447021484375
4.257658243179321,0.061977386474609375
4.2684221267700195,0.06410598754882812
4.279185056686401,0.06460952758789062
4.289951801300049,0.06460952758789062
4.300708293914795,0.0648193359375
4.311482667922974,0.0648193359375
4.322227478027344,0.0648193359375
4.332984685897827,0.0648193359375
4.343751668930054,0.0648193359375
4.354505777359009,0.0648193359375
4.3652472496032715,0.0648193359375
4.376031398773193,0.0648193359375
4.386786937713623,0.0648193359375
4.39755392074585,0.0648193359375
4.40828800201416,0.0648193359375
4.419055938720703,0.0648193359375
4.429813385009766,0.0648193359375
4.440571546554565,0.0648193359375
4.451314687728882,0.0648193359375
4.462061643600464,0.0648193359375
4.472818851470947,0.0648193359375
4.48357367515564,0.0648193359375
4.494323492050171,0.0648193359375
4.505086660385132,0.06496810913085938
4.515854597091675,0.065521240234375
4.526618003845215,0.06690597534179688
4.537373065948486,0.06715774536132812
4.548077344894409,0.06715774536132812
4.55889105796814,0.06715774536132812
4.569660186767578,0.06715774536132812
4.580444097518921,0.06715774536132812
4.591183185577393,0.06715774536132812
4.601945400238037,0.06715774536132812
4.61269736289978,0.06715774536132812
4.623457193374634,0.06715774536132812
4.634193181991577,0.06715774536132812
4.644944667816162,0.06715774536132812
4.655706167221069,0.06715774536132812
4.666460275650024,0.06715774536132812
4.677203178405762,0.06715774536132812
4.6879613399505615,0.06715774536132812
4.698716163635254,0.06715774536132812
4.709476947784424,0.06715774536132812
4.720226764678955,0.06715774536132812
4.730984687805176,0.06715774536132812
4.7417356967926025,0.06715774536132812
4.752490997314453,0.06715774536132812
4.763232469558716,0.06715774536132812
4.77399468421936,0.06715774536132812
4.784748315811157,0.06715774536132812
4.795510530471802,0.06715774536132812
4.806251525878906,0.0673675537109375
4.817015886306763,0.0673675537109375
4.827771425247192,0.0673675537109375
4.838526248931885,0.0673675537109375
4.849279403686523,0.0673675537109375
4.860034942626953,0.0673675537109375
4.870783805847168,0.0673675537109375
4.881567478179932,0.06766891479492188
4.892318248748779,0.06777572631835938
4.9030845165252686,0.06832504272460938
4.913854122161865,0.06875991821289062
4.92462682723999,0.06910324096679688
4.935370683670044,0.06973648071289062
4.946091651916504,0.0699005126953125
4.9568586349487305,0.0699005126953125
4.967636585235596,0.0699005126953125
4.978379964828491,0.0699005126953125
4.989117383956909,0.0699005126953125
4.99988055229187,0.0699005126953125
5.010630369186401,0.0699005126953125
5.0213727951049805,0.0699005126953125
5.0321204662323,0.0699005126953125
5.042876243591309,0.0699005126953125
5.053645372390747,0.0699005126953125
5.064390182495117,0.0699005126953125
5.0751495361328125,0.0699005126953125
5.085909366607666,0.0699005126953125
5.0966761112213135,0.07008743286132812
5.1074888706207275,0.07177734375
5.118238925933838,0.07177734375
5.129003524780273,0.07177734375
5.1397705078125,0.07177734375
5.150538444519043,0.07177734375
5.1612868309021,0.07177734375
5.172054290771484,0.07177734375
5.182817697525024,0.07177734375
5.1935765743255615,0.07177734375
5.204333543777466,0.07177734375
5.215080261230469,0.07177734375
5.225841045379639,0.07177734375
5.236597299575806,0.07177734375
5.247339725494385,0.07177734375
5.258098363876343,0.07177734375
5.268871068954468,0.07177734375
5.279635906219482,0.07177734375
5.290384292602539,0.07177734375
5.3011474609375,0.07239913940429688
5.311920642852783,0.072906494140625
5.322726249694824,0.072906494140625
5.33349347114563,0.072906494140625
5.344253301620483,0.072906494140625
5.355048179626465,0.072906494140625
5.365810871124268,0.072906494140625
5.376579284667969,0.072906494140625
5.387322664260864,0.072906494140625
5.398073196411133,0.072906494140625
5.4088335037231445,0.072906494140625
5.419586420059204,0.072906494140625
5.43034553527832,0.07316207885742188
5.441091537475586,0.07316207885742188
5.451846599578857,0.07316207885742188
5.462601900100708,0.07316207885742188
5.473339080810547,0.07316207885742188
5.4840898513793945,0.07316207885742188
5.494845867156982,0.07316207885742188
5.505606651306152,0.07316207885742188
5.5163493156433105,0.07432937622070312
5.527101039886475,0.07432937622070312
5.53786301612854,0.07432937622070312
5.54862642288208,0.07432937622070312
5.559373617172241,0.07432937622070312
5.57015323638916,0.07432937622070312
5.580911159515381,0.07432937622070312
5.591665744781494,0.07432937622070312
5.60242223739624,0.07432937622070312
5.613162517547607,0.07432937622070312
5.6239237785339355,0.07432937622070312
5.634677171707153,0.07432937622070312
5.6454243659973145,0.07432937622070312
5.6561665534973145,0.07432937622070312
5.666934967041016,0.07432937622070312
5.677690267562866,0.07432937622070312
5.6884472370147705,0.07432937622070312
5.699203014373779,0.07437896728515625
5.709977626800537,0.07466888427734375
5.720740079879761,0.07514190673828125
5.731500148773193,0.07514190673828125
5.742239952087402,0.07514190673828125
5.752991437911987,0.07514190673828125
5.763749599456787,0.07514190673828125
5.774503231048584,0.07514190673828125
5.785248279571533,0.07514190673828125
5.796000003814697,0.07514190673828125
5.806755542755127,0.07514190673828125
5.817540645599365,0.07514190673828125
5.8282859325408936,0.07514190673828125
5.839040517807007,0.07514190673828125
5.8497936725616455,0.07514190673828125
5.860546350479126,0.07514190673828125
5.871288776397705,0.07514190673828125
5.882044792175293,0.07514190673828125
5.892794847488403,0.07514190673828125
5.903553485870361,0.07514190673828125
5.914299964904785,0.07514190673828125
5.925049066543579,0.07514190673828125
5.935816764831543,0.07514190673828125
5.9465718269348145,0.07514190673828125
5.957310676574707,0.07514190673828125
5.968062162399292,0.07514190673828125
5.978823661804199,0.07514190673828125
5.98958158493042,0.07514190673828125
6.000336647033691,0.07514190673828125
6.011077165603638,0.07514190673828125
6.021825313568115,0.07514190673828125
6.032573938369751,0.07514190673828125
6.043312072753906,0.07514190673828125
6.054065227508545,0.07514190673828125
6.064824819564819,0.07514190673828125
6.075580358505249,0.07514190673828125
6.086314678192139,0.07514190673828125
6.097068786621094,0.07514190673828125
6.107828378677368,0.07514190673828125
6.118582487106323,0.07514190673828125
6.129321575164795,0.07514190673828125
6.1400744915008545,0.07514190673828125
6.150830030441284,0.07514190673828125
6.161583423614502,0.07514190673828125
6.172318935394287,0.07514190673828125
6.183068752288818,0.07514190673828125
6.193820953369141,0.07514190673828125
6.204571962356567,0.07514190673828125
6.215306758880615,0.07514190673828125
6.22605299949646,0.07514190673828125
6.2368080615997314,0.07514190673828125
6.247588634490967,0.07514190673828125
6.258334398269653,0.07514190673828125
6.269077301025391,0.07514190673828125
6.279833793640137,0.07514190673828125
6.290591478347778,0.07514190673828125
6.301327228546143,0.07514190673828125
6.312079429626465,0.07514190673828125
6.32283878326416,0.07514190673828125
6.333592891693115,0.07514190673828125
6.34433126449585,0.07514190673828125
6.355076551437378,0.07514190673828125
6.365830659866333,0.07514190673828125
6.376588582992554,0.07514190673828125
6.387353897094727,0.075408935546875
6.398090124130249,0.075408935546875
6.408854246139526,0.075408935546875
6.419620990753174,0.075408935546875
6.430388450622559,0.075408935546875
6.44116735458374,0.075408935546875
6.451938629150391,0.075408935546875
6.462704181671143,0.075408935546875
6.473471641540527,0.075408935546875
6.484209775924683,0.075408935546875
6.494973659515381,0.075408935546875
6.505741596221924,0.075408935546875
6.516503810882568,0.075408935546875
6.5272440910339355,0.075408935546875
6.538000583648682,0.075408935546875
6.5487518310546875,0.075408935546875
6.559502124786377,0.075408935546875
6.570247650146484,0.075408935546875
6.58099889755249,0.075408935546875
6.591753721237183,0.075408935546875
6.602517366409302,0.075408935546875
6.613275527954102,0.0759429931640625
6.624042272567749,0.07659149169921875
6.634813070297241,0.07712936401367188
6.645581960678101,0.07736587524414062
6.656341314315796,0.07812118530273438
6.667088031768799,0.07812118530273438
6.6778435707092285,0.07812118530273438
6.68861722946167,0.08018875122070312
6.6993653774261475,0.08111572265625
6.7100865840911865,0.08191299438476562
6.720853328704834,0.08213424682617188
6.731636047363281,0.08426284790039062
6.742383241653442,0.08451461791992188
6.753144025802612,0.08516693115234375
6.763928651809692,0.085418701171875
6.7746901512146,0.085418701171875
6.785446405410767,0.08567047119140625
6.796190500259399,0.0859222412109375
6.806985378265381,0.0859222412109375
6.817745923995972,0.08617401123046875
6.828522205352783,0.08665847778320312
6.839273452758789,0.0869903564453125
6.85006046295166,0.0869903564453125
6.860825777053833,0.0869903564453125
6.871580362319946,0.0869903564453125
6.88231897354126,0.0869903564453125
6.893064260482788,0.0869903564453125
6.903819799423218,0.0869903564453125
6.914670467376709,0.0869903564453125
6.925495147705078,0.0869903564453125
6.936295032501221,0.0869903564453125
6.947090148925781,0.0869903564453125
6.957867383956909,0.0869903564453125
6.96869158744812,0.0869903564453125
6.979517459869385,0.0869903564453125
6.990307807922363,0.0869903564453125
7.0011351108551025,0.08721923828125
7.011917591094971,0.08774948120117188
7.022675514221191,0.08825302124023438
7.033439636230469,0.08850479125976562
7.044187068939209,0.0888671875
7.054956436157227,0.08911895751953125
7.065719842910767,0.0898590087890625
7.076478719711304,0.09021377563476562
7.0872273445129395,0.09037017822265625
7.097996711730957,0.09091567993164062
7.108764886856079,0.09145736694335938
7.119527339935303,0.09170913696289062
7.130281448364258,0.09196090698242188
7.141047954559326,0.09196090698242188
7.151800632476807,0.09196090698242188
7.1625816822052,0.09196090698242188
7.173327922821045,0.09196090698242188
7.184075593948364,0.09196090698242188
7.194839954376221,0.09196090698242188
7.2056028842926025,0.09196090698242188
7.216366529464722,0.09196090698242188
7.22711443901062,0.09196090698242188
7.237882852554321,0.09196090698242188
7.248640537261963,0.09196090698242188
7.259379148483276,0.09196090698242188
7.2701191902160645,0.09196090698242188
7.280871152877808,0.09196090698242188
7.291654825210571,0.09196090698242188
7.302419662475586,0.09196090698242188
7.313196182250977,0.09196090698242188
7.323957443237305,0.09196090698242188
7.334722280502319,0.09196090698242188
7.345486879348755,0.09196090698242188
7.356224536895752,0.09196090698242188
7.366982936859131,0.09196090698242188
7.377748966217041,0.09196090698242188
7.388506889343262,0.09196090698242188
7.399248361587524,0.09196090698242188
7.410011291503906,0.09196090698242188
7.420770883560181,0.09196090698242188
7.431517601013184,0.09196090698242188
7.442256689071655,0.09196090698242188
7.453021049499512,0.09196090698242188
7.463768243789673,0.09196090698242188
7.474520683288574,0.09196090698242188
7.485259294509888,0.09196090698242188
7.496019601821899,0.092559814453125
7.506776809692383,0.092559814453125
7.517534494400024,0.092559814453125
7.528280973434448,0.092559814453125
7.539041519165039,0.092559814453125
7.549804925918579,0.092559814453125
7.560573101043701,0.092559814453125
7.571311950683594,0.092559814453125
7.582056522369385,0.092559814453125
7.592815399169922,0.09264755249023438
7.603575706481934,0.09264755249023438
7.614331007003784,0.09264755249023438
7.625082015991211,0.09264755249023438
7.635849714279175,0.09264755249023438
7.646611928939819,0.09264755249023438
7.657352685928345,0.09264755249023438
7.668248891830444,0.09264755249023438
7.67900013923645,0.09264755249023438
7.689754962921143,0.09264755249023438
7.700509071350098,0.09264755249023438
7.711265563964844,0.09290313720703125
7.722027540206909,0.09337997436523438
7.732789516448975,0.09337997436523438
7.743561029434204,0.09337997436523438
7.754314422607422,0.09337997436523438
7.765080213546753,0.09337997436523438
7.775903224945068,0.09428024291992188
7.7866692543029785,0.09428024291992188
7.7974278926849365,0.09428024291992188
7.8081748485565186,0.09428024291992188
7.818940877914429,0.09428024291992188
7.829693555831909,0.09428024291992188
7.840450286865234,0.09428024291992188
7.851198434829712,0.09428024291992188
7.861961603164673,0.09428024291992188
7.872728586196899,0.09428024291992188
7.883493423461914,0.09428024291992188
7.894238471984863,0.09428024291992188
7.905007362365723,0.09428024291992188
7.91577672958374,0.09428024291992188
7.926535129547119,0.09428024291992188
7.937296390533447,0.09428024291992188
7.948048830032349,0.09428024291992188
7.958815336227417,0.09428024291992188
7.9695823192596436,0.09428024291992188
7.980330944061279,0.09428024291992188
7.9910829067230225,0.09428024291992188
8.001865863800049,0.09482192993164062
8.012631177902222,0.09507369995117188
8.02341341972351,0.09507369995117188
8.034184455871582,0.09507369995117188
8.044958114624023,0.09507369995117188
8.055712699890137,0.09507369995117188
8.066479682922363,0.09507369995117188
8.077229738235474,0.09507369995117188
8.08798861503601,0.09507369995117188
8.098739624023438,0.09507369995117188
8.109506130218506,0.09507369995117188
8.120243310928345,0.09507369995117188
8.130994319915771,0.09507369995117188
8.141743898391724,0.09507369995117188
8.15250301361084,0.09507369995117188
8.163245677947998,0.09507369995117188
8.174001216888428,0.09507369995117188
8.184760093688965,0.09507369995117188
8.195514678955078,0.09507369995117188
8.206261396408081,0.09507369995117188
8.217034578323364,0.09532546997070312
8.22780156135559,0.09557723999023438
8.238561153411865,0.09582901000976562
8.24929690361023,0.09582901000976562
8.260060548782349,0.09582901000976562
8.270824670791626,0.09582901000976562
8.281599760055542,0.09582901000976562
8.292345762252808,0.09582901000976562
8.303093910217285,0.09582901000976562
8.313847780227661,0.09582901000976562
8.324613094329834,0.09582901000976562
8.335355043411255,0.09582901000976562
8.346103429794312,0.09582901000976562
8.356874465942383,0.09582901000976562
8.367631435394287,0.09582901000976562
8.37838101387024,0.09582901000976562
8.389126300811768,0.09582901000976562
8.399879932403564,0.09582901000976562
8.410638570785522,0.09582901000976562
8.421381711959839,0.09582901000976562
8.432133913040161,0.09582901000976562
8.442888498306274,0.09582901000976562
8.45365285873413,0.09582901000976562
8.464418172836304,0.09582901000976562
8.475159168243408,0.09582901000976562
8.485956907272339,0.09582901000976562
8.496712684631348,0.09582901000976562
8.50746750831604,0.09582901000976562
8.518223285675049,0.09582901000976562
8.528978109359741,0.09582901000976562
8.539739608764648,0.09582901000976562
8.550490856170654,0.09582901000976562
8.56123399734497,0.09582901000976562
8.571989297866821,0.09582901000976562
8.582735776901245,0.09582901000976562
8.593489646911621,0.09582901000976562
8.604261636734009,0.09608078002929688
8.615030288696289,0.09608078002929688
8.625808954238892,0.09608078002929688
8.636568307876587,0.09633255004882812
8.647329807281494,0.09633255004882812
8.65807580947876,0.09633255004882812
8.668833494186401,0.09633255004882812
8.679588317871094,0.09633255004882812
8.690339803695679,0.09633255004882812
8.701080560684204,0.09633255004882812
8.711831092834473,0.09633255004882812
8.72258472442627,0.09633255004882812
8.733325958251953,0.09633255004882812
8.74406909942627,0.09633255004882812
8.754821062088013,0.09633255004882812
8.765570878982544,0.09633255004882812
8.776305437088013,0.09633255004882812
8.787058353424072,0.09633255004882812
8.79780888557434,0.09633255004882812
8.808563947677612,0.09633255004882812
8.819309949874878,0.09633255004882812
8.830058813095093,0.09633255004882812
8.840814113616943,0.09633255004882812
8.851571321487427,0.09633255004882812
8.862308263778687,0.09633255004882812
8.873063325881958,0.09633255004882812
8.88381028175354,0.09633255004882812
8.894561052322388,0.09633255004882812
8.90529489517212,0.09633255004882812
8.916036605834961,0.09633255004882812
8.926785707473755,0.09633255004882812
8.937544345855713,0.09633255004882812
8.948315858840942,0.09633255004882812
8.95907711982727,0.09633255004882812
8.969831943511963,0.09633255004882812
8.980594873428345,0.09633255004882812
8.991331338882446,0.09633255004882812
9.002081155776978,0.09633255004882812
9.012856721878052,0.09633255004882812
9.023624181747437,0.09633255004882812
9.034369230270386,0.09633255004882812
9.045128583908081,0.09633255004882812
9.05589771270752,0.09633255004882812
9.066662073135376,0.09658432006835938
9.077418804168701,0.09708786010742188
9.088170766830444,0.09733963012695312
9.098931789398193,0.09759140014648438
9.109690189361572,0.09784317016601562
9.12045431137085,0.09809494018554688
9.131213903427124,0.09834671020507812
9.14199447631836,0.09859848022460938
9.152748823165894,0.09910202026367188
9.163539409637451,0.09910202026367188
9.174281597137451,0.09910202026367188
9.185049772262573,0.09910202026367188
9.195797204971313,0.09910202026367188
9.206562757492065,0.09910202026367188
9.217308282852173,0.09910202026367188
9.228060722351074,0.09910202026367188
9.238833904266357,0.09910202026367188
9.249591588973999,0.09910202026367188
9.260331392288208,0.09910202026367188
9.271076679229736,0.09910202026367188
9.281840085983276,0.09910202026367188
9.292592525482178,0.09910202026367188
9.303329229354858,0.09910202026367188
9.314077377319336,0.09910202026367188
9.324836015701294,0.09910202026367188
9.335592985153198,0.09910202026367188
9.346333742141724,0.09910202026367188
9.35708236694336,0.09910202026367188
9.3678297996521,0.09910202026367188
9.378582239151001,0.09910202026367188
9.38931679725647,0.09910202026367188
9.400071859359741,0.09910202026367188
9.410839080810547,0.09935379028320312
9.421603441238403,0.09966278076171875
9.432356595993042,0.09966278076171875
9.443082094192505,0.1000213623046875
9.453838109970093,0.1000213623046875
9.464612483978271,0.10027313232421875
9.475422382354736,0.10027313232421875
9.486174583435059,0.10052490234375
9.496936559677124,0.10052490234375
9.507708072662354,0.10077667236328125
9.518472671508789,0.1010284423828125
9.529224872589111,0.10128021240234375
9.53999662399292,0.101531982421875
9.550764083862305,0.1020355224609375
9.561543941497803,0.10228729248046875
9.572293043136597,0.10279083251953125
9.583085775375366,0.1030426025390625
9.593840837478638,0.10329437255859375
9.604652404785156,0.103759765625
9.615449666976929,0.10425949096679688
9.62627387046814,0.10425949096679688
9.637069940567017,0.10425949096679688
9.647815704345703,0.10425949096679688
9.658660650253296,0.10425949096679688
9.669451236724854,0.10425949096679688
9.680215120315552,0.10425949096679688
9.691041469573975,0.10425949096679688
9.701793432235718,0.10425949096679688
9.712604999542236,0.10425949096679688
9.723357677459717,0.10425949096679688
9.734099626541138,0.10425949096679688
9.744859457015991,0.10425949096679688
9.755610942840576,0.10425949096679688
9.766347408294678,0.10425949096679688
9.777094841003418,0.10425949096679688
9.787864685058594,0.10425949096679688
9.798616647720337,0.10425949096679688
9.809364795684814,0.10425949096679688
9.820115089416504,0.10425949096679688
9.830888509750366,0.10425949096679688
9.841652870178223,0.10425949096679688
9.852424383163452,0.10425949096679688
9.863177299499512,0.10425949096679688
9.873939514160156,0.10425949096679688
9.884693384170532,0.10425949096679688
9.895447015762329,0.10425949096679688
9.90619945526123,0.10425949096679688
9.916965007781982,0.10451126098632812
9.92775821685791,0.10476303100585938
9.938520431518555,0.10476303100585938
9.949264287948608,0.10501480102539062
9.960062265396118,0.10526657104492188
9.970839500427246,0.10526657104492188
9.981615543365479,0.10577011108398438
9.992365598678589,0.10602188110351562
10.003119230270386,0.10602188110351562
10.013886451721191,0.10602188110351562
10.024662971496582,0.10602188110351562
10.035409688949585,0.10602188110351562
10.046152591705322,0.10602188110351562
10.056925773620605,0.10602188110351562
10.067676544189453,0.10602188110351562
10.078442096710205,0.10602188110351562
10.089183568954468,0.10602188110351562
10.099935531616211,0.10602188110351562
10.110697031021118,0.10602188110351562
10.121445178985596,0.10602188110351562
10.132184505462646,0.10602188110351562
10.142968893051147,0.10602188110351562
10.153757572174072,0.10602188110351562
10.164510726928711,0.10602188110351562
10.175251960754395,0.10602188110351562
10.18600845336914,0.10602188110351562
10.196765899658203,0.10602188110351562
10.20753288269043,0.10602188110351562
10.218281745910645,0.10602188110351562
10.229045152664185,0.10602188110351562
10.239816427230835,0.10602188110351562
10.250580787658691,0.10602188110351562
10.261324882507324,0.10602188110351562
10.272077798843384,0.10602188110351562
10.282839059829712,0.10602188110351562
10.293594121932983,0.10602188110351562
10.304360389709473,0.10602188110351562
10.315120458602905,0.10627365112304688
10.325886964797974,0.10652542114257812
10.33665156364441,0.10702896118164062
10.347425699234009,0.10728073120117188
10.358216762542725,0.1092376708984375
10.368987083435059,0.1092376708984375
10.379769325256348,0.1092376708984375
10.390557050704956,0.10948944091796875
10.401310443878174,0.1097412109375
10.412082195281982,0.11026382446289062
10.422853708267212,0.11076736450195312
10.433615922927856,0.11096572875976562
10.44436502456665,0.1111297607421875
10.455111026763916,0.11225128173828125
10.465873956680298,0.11275482177734375
10.476632833480835,0.11370086669921875
10.487383842468262,0.11426162719726562
10.498128652572632,0.115325927734375
10.508881330490112,0.11608123779296875
10.519638299942017,0.1163330078125
10.530378580093384,0.1163330078125
10.541120052337646,0.1163330078125
10.55187702178955,0.1163330078125
10.562634468078613,0.1163330078125
10.573370218276978,0.1163330078125
10.584106683731079,0.1163330078125
10.594863653182983,0.1163330078125
10.605627298355103,0.1163330078125
10.616371631622314,0.1163330078125
10.627124786376953,0.11658477783203125
10.637887477874756,0.11681365966796875
10.648647546768188,0.118408203125
10.659390211105347,0.119049072265625
10.670153379440308,0.11980438232421875
10.680928945541382,0.12028884887695312
10.691691637039185,0.12028884887695312
10.702445030212402,0.12028884887695312
10.713184833526611,0.12028884887695312
10.723933935165405,0.12028884887695312
10.734687089920044,0.12028884887695312
10.745444774627686,0.12028884887695312
10.756184816360474,0.12028884887695312
10.766936302185059,0.12028884887695312
10.77768325805664,0.12028884887695312
10.788440465927124,0.12028884887695312
10.799185276031494,0.12028884887695312
10.809942960739136,0.12028884887695312
10.82070803642273,0.12028884887695312
10.83146595954895,0.12028884887695312
10.84220576286316,0.12028884887695312
10.852970361709595,0.12028884887695312
10.863762617111206,0.12028884887695312
10.874521017074585,0.12028884887695312
10.88525938987732,0.12028884887695312
10.896020412445068,0.12028884887695312
10.906772375106812,0.12028884887695312
10.917526960372925,0.12028884887695312
10.928261756896973,0.12028884887695312
10.939015865325928,0.12028884887695312
10.949783563613892,0.12028884887695312
10.960542678833008,0.12028884887695312
10.971289157867432,0.12028884887695312
10.98204493522644,0.12028884887695312
10.992798566818237,0.12028884887695312
11.003546476364136,0.12028884887695312
11.014285326004028,0.12028884887695312
11.025055170059204,0.12054061889648438
11.03581690788269,0.12079238891601562
11.046571731567383,0.12079238891601562
11.057314157485962,0.12079238891601562
11.068068027496338,0.12104415893554688
11.078817129135132,0.12104415893554688
11.089569807052612,0.12104415893554688
11.100319147109985,0.12104415893554688
11.11105990409851,0.12104415893554688
11.121813774108887,0.12104415893554688
11.13256025314331,0.12104415893554688
11.143295764923096,0.12104415893554688
11.154057264328003,0.12104415893554688
11.164802312850952,0.12104415893554688
11.175559997558594,0.12104415893554688
11.186296939849854,0.12104415893554688
11.19704532623291,0.12104415893554688
11.207801103591919,0.12104415893554688
11.218554019927979,0.12104415893554688
11.229291439056396,0.12104415893554688
11.240044593811035,0.12104415893554688
11.250794887542725,0.12104415893554688
11.261556386947632,0.12104415893554688
11.272309303283691,0.12104415893554688
11.283092737197876,0.12104415893554688
11.293852090835571,0.12104415893554688
11.304612398147583,0.12104415893554688
11.31534743309021,0.12104415893554688
11.326084613800049,0.12104415893554688
11.336836338043213,0.12104415893554688
11.347590923309326,0.12104415893554688
11.358324766159058,0.12104415893554688
11.369067430496216,0.12104415893554688
11.379830837249756,0.12104415893554688
11.390581607818604,0.12104415893554688
11.40132188796997,0.12104415893554688
11.412073850631714,0.12104415893554688
11.42283582687378,0.12104415893554688
11.433586597442627,0.12104415893554688
11.444324254989624,0.12104415893554688
11.455063819885254,0.12104415893554688
11.465835809707642,0.12154769897460938
11.476592063903809,0.12154769897460938
11.487336874008179,0.12154769897460938
11.498089790344238,0.12154769897460938
11.50883936882019,0.12154769897460938
11.519594192504883,0.12154769897460938
11.530326843261719,0.12154769897460938
11.541076898574829,0.12154769897460938
11.551827430725098,0.12154769897460938
11.562593698501587,0.12154769897460938
11.573330640792847,0.12154769897460938
11.584074020385742,0.12154769897460938
11.594825983047485,0.12154769897460938
11.605577230453491,0.12154769897460938
11.616309881210327,0.12154769897460938
11.62705683708191,0.12154769897460938
11.637815952301025,0.12154769897460938
11.648577213287354,0.12154769897460938
11.659313678741455,0.12154769897460938
11.670061111450195,0.12154769897460938
11.680815696716309,0.12154769897460938
11.69157361984253,0.12154769897460938
11.702346563339233,0.12154769897460938
11.713088989257812,0.12154769897460938
11.72386121749878,0.12174224853515625
11.734627962112427,0.12250518798828125
11.745378971099854,0.123260498046875
11.756131649017334,0.123260498046875
11.766904592514038,0.1237640380859375
11.77766466140747,0.124267578125
11.788433074951172,0.12451934814453125
11.799170970916748,0.12535858154296875
11.809929847717285,0.12535858154296875
11.820687055587769,0.12535858154296875
11.831438779830933,0.12535858154296875
11.842177867889404,0.12535858154296875
11.852927684783936,0.12535858154296875
11.863676071166992,0.12535858154296875
11.874428272247314,0.12535858154296875
11.885170698165894,0.12535858154296875
11.895932912826538,0.12535858154296875
11.906688928604126,0.12535858154296875
11.917447566986084,0.12535858154296875
11.928191184997559,0.12535858154296875
11.938945293426514,0.12535858154296875
11.949694871902466,0.12535858154296875
11.960482358932495,0.12535858154296875
11.971218347549438,0.12535858154296875
11.981968879699707,0.12535858154296875
11.9927339553833,0.12535858154296875
12.003483772277832,0.12535858154296875
12.014220714569092,0.12535858154296875
12.024985790252686,0.1256103515625
12.035746097564697,0.12586212158203125
12.046509742736816,0.1261138916015625
12.057254791259766,0.1261138916015625
12.068019151687622,0.1261138916015625
12.078795909881592,0.12636566162109375
12.089556694030762,0.12686920166015625
12.100313663482666,0.12686920166015625
12.11106562614441,0.12686920166015625
12.12182331085205,0.12686920166015625
12.132613897323608,0.12686920166015625
12.14335823059082,0.12686920166015625
12.154122829437256,0.12686920166015625
12.164881944656372,0.12686920166015625
12.175641059875488,0.12686920166015625
12.186407566070557,0.12686920166015625
12.19719910621643,0.12686920166015625
12.207982778549194,0.12686920166015625
12.218740940093994,0.12686920166015625
12.229509592056274,0.12686920166015625
12.240262031555176,0.12686920166015625
12.251029014587402,0.12686920166015625
12.261811971664429,0.12686920166015625
12.27258038520813,0.12686920166015625
12.283328533172607,0.12686920166015625
12.294084787368774,0.12686920166015625
12.30484914779663,0.12686920166015625
12.315605640411377,0.12686920166015625
12.32640790939331,0.12686920166015625
12.337158441543579,0.12686920166015625
12.34793472290039,0.12686920166015625
12.35870909690857,0.12686920166015625
12.369470834732056,0.12686920166015625
12.380213975906372,0.12686920166015625
12.390982151031494,0.12686920166015625
12.401729583740234,0.12686920166015625
12.412487983703613,0.12686920166015625
12.423235893249512,0.1271209716796875
12.43399453163147,0.1271209716796875
12.444764614105225,0.12737274169921875
12.455523490905762,0.12787628173828125
12.466275215148926,0.12787628173828125
12.47705078125,0.12787628173828125
12.48781156539917,0.12787628173828125
12.498571395874023,0.1281280517578125
12.509329557418823,0.12837982177734375
12.520090818405151,0.128631591796875
12.530887126922607,0.1291351318359375
12.541656017303467,0.1291351318359375
12.552426099777222,0.129638671875
12.563196420669556,0.12989044189453125
12.573959827423096,0.1301422119140625
12.58472490310669,0.13039398193359375
12.595484495162964,0.130645751953125
12.606230735778809,0.130645751953125
12.616997957229614,0.130645751953125
12.627859592437744,0.130645751953125
12.638696670532227,0.130645751953125
12.649489164352417,0.130645751953125
12.660237789154053,0.130645751953125
12.67103910446167,0.130645751953125
12.681866645812988,0.130645751953125
12.692696332931519,0.130645751953125
12.703510999679565,0.130645751953125
12.714262247085571,0.130645751953125
12.725077867507935,0.130645751953125
12.735845804214478,0.130645751953125
12.746598720550537,0.130645751953125
12.757333278656006,0.130645751953125
12.768080711364746,0.130645751953125
12.778836727142334,0.130645751953125
12.789586305618286,0.130645751953125
12.800317287445068,0.130645751953125
12.811090469360352,0.130645751953125
12.821877479553223,0.130645751953125
12.832638025283813,0.1311492919921875
12.84338641166687,0.1311492919921875
12.854159832000732,0.13140106201171875
12.864918231964111,0.13140106201171875
12.875676155090332,0.13165283203125
12.88645339012146,0.1321563720703125
12.897207975387573,0.13232040405273438
12.907984972000122,0.1344757080078125
12.9187593460083,0.13484954833984375
12.929523468017578,0.135101318359375
12.94027853012085,0.135101318359375
12.951048851013184,0.13535308837890625
12.961811304092407,0.13535308837890625
12.97259783744812,0.13535308837890625
12.983341693878174,0.13535308837890625
12.994089365005493,0.13535308837890625
13.004844903945923,0.13535308837890625
13.015605926513672,0.13535308837890625
13.026350975036621,0.13535308837890625
13.037096977233887,0.13535308837890625
13.047857999801636,0.13535308837890625
13.058646202087402,0.13535308837890625
13.069473028182983,0.13535308837890625
13.080223798751831,0.13535308837890625
13.0909903049469,0.13535308837890625
13.101747751235962,0.13535308837890625
13.112502098083496,0.13535308837890625
13.123255252838135,0.13535308837890625
13.134029388427734,0.1356048583984375
13.144783020019531,0.1356048583984375
13.155544757843018,0.1356048583984375
13.166293144226074,0.13585662841796875
13.177044868469238,0.1361083984375
13.18779730796814,0.13636016845703125
13.19855260848999,0.13636016845703125
13.20929765701294,0.13770675659179688
13.220059394836426,0.139190673828125
13.230822801589966,0.14048004150390625
13.241586446762085,0.14107131958007812
13.252338886260986,0.1428070068359375
13.263100385665894,0.14429473876953125
13.273860216140747,0.14485549926757812
13.284616470336914,0.14510726928710938
13.295361042022705,0.14510726928710938
13.306112051010132,0.14561080932617188
13.316876649856567,0.1457977294921875
13.327654838562012,0.1461944580078125
13.338414907455444,0.146697998046875
13.349180459976196,0.14714813232421875
13.35995626449585,0.14747238159179688
13.370715141296387,0.14747238159179688
13.381467819213867,0.14747238159179688
13.392210960388184,0.14747238159179688
13.402965784072876,0.14747238159179688
13.413717985153198,0.14747238159179688
13.42447018623352,0.14747238159179688
13.435211181640625,0.14747238159179688
13.445960998535156,0.14747238159179688
13.456721782684326,0.14747238159179688
13.467476844787598,0.14747238159179688
13.478222846984863,0.14747238159179688
13.488986253738403,0.14747238159179688
13.499743223190308,0.14747238159179688
13.510504722595215,0.14747238159179688
13.521262884140015,0.14747238159179688
13.532060146331787,0.14772415161132812
13.542830228805542,0.14822769165039062
13.553591966629028,0.1485443115234375
13.564336061477661,0.1485443115234375
13.5750892162323,0.1485443115234375
13.585846185684204,0.1485443115234375
13.596595048904419,0.1485443115234375
13.60733413696289,0.1485443115234375
13.618075609207153,0.1485443115234375
13.628834962844849,0.1485443115234375
13.639615774154663,0.1485443115234375
13.650353908538818,0.1485443115234375
13.661102294921875,0.1485443115234375
13.671863317489624,0.1485443115234375
13.682617425918579,0.1485443115234375
13.693365097045898,0.1485443115234375
13.704102993011475,0.1485443115234375
13.71485185623169,0.1485443115234375
13.72562026977539,0.14899826049804688
13.736372947692871,0.14950180053710938
13.747095823287964,0.15045166015625
13.757858037948608,0.1518402099609375
13.768644332885742,0.1527557373046875
13.779407262802124,0.15378570556640625
13.790154933929443,0.15426254272460938
13.800915002822876,0.15485000610351562
13.81168270111084,0.15510177612304688
13.822448968887329,0.15560531616210938
13.83319878578186,0.15560531616210938
13.8439621925354,0.15560531616210938
13.854717254638672,0.15560531616210938
13.865479707717896,0.15560531616210938
13.876216888427734,0.15560531616210938
13.88697600364685,0.15560531616210938
13.897727251052856,0.15560531616210938
13.908479452133179,0.15560531616210938
13.919226169586182,0.15560531616210938
13.92999005317688,0.15560531616210938
13.940755605697632,0.15560531616210938
13.951513528823853,0.15560531616210938
13.962254524230957,0.15560531616210938
13.97301983833313,0.15560531616210938
13.98377537727356,0.15560531616210938
13.994568347930908,0.15560531616210938
14.005315780639648,0.15560531616210938
14.01605749130249,0.15560531616210938
14.026808738708496,0.15560531616210938
14.037575244903564,0.15560531616210938
14.048315525054932,0.15560531616210938
14.059066772460938,0.15560531616210938
14.069829940795898,0.15560531616210938
14.080584049224854,0.15560531616210938
14.09133529663086,0.15560531616210938
14.102073669433594,0.15560531616210938
14.112828731536865,0.15560531616210938
14.1235933303833,0.15560531616210938
14.13434648513794,0.15585708618164062
14.14509391784668,0.15585708618164062
14.15584945678711,0.15585708618164062
14.16660213470459,0.15585708618164062
14.177357196807861,0.15585708618164062
14.188098430633545,0.15585708618164062
14.198849201202393,0.15585708618164062
14.20960783958435,0.15585708618164062
14.220340728759766,0.15585708618164062
14.23108458518982,0.15585708618164062
14.241844654083252,0.15585708618164062
14.252601861953735,0.15585708618164062
14.263343095779419,0.15585708618164062
14.27407693862915,0.15585708618164062
14.284843683242798,0.15639877319335938
14.295610189437866,0.15639877319335938
14.306351900100708,0.15639877319335938
14.31709361076355,0.15639877319335938
14.327840805053711,0.15639877319335938
14.338600635528564,0.15639877319335938
14.349342107772827,0.15639877319335938
14.360085248947144,0.15639877319335938
14.370867490768433,0.15639877319335938
14.381626605987549,0.15639877319335938
14.392374992370605,0.15639877319335938
14.403115034103394,0.15639877319335938
14.413868427276611,0.15639877319335938
14.424625873565674,0.15639877319335938
14.435380458831787,0.15659332275390625
14.446081399917603,0.156829833984375
14.456828117370605,0.156829833984375
14.467594146728516,0.156829833984375
14.478333711624146,0.156829833984375
14.489073514938354,0.156829833984375
14.499826908111572,0.156829833984375
14.510576248168945,0.156829833984375
14.52131986618042,0.156829833984375
14.532080173492432,0.156829833984375
14.542836666107178,0.156829833984375
14.553590297698975,0.156829833984375
14.56432318687439,0.156829833984375
14.575077056884766,0.156829833984375
14.58584189414978,0.156829833984375
14.596592426300049,0.156829833984375
14.607331037521362,0.156829833984375
14.618074893951416,0.156829833984375
14.62883472442627,0.156829833984375
14.639586448669434,0.156829833984375
14.650333881378174,0.156829833984375
14.661096572875977,0.156829833984375
14.67188024520874,0.156829833984375
14.682639598846436,0.156829833984375
14.693388938903809,0.156829833984375
14.704136371612549,0.156829833984375
14.714889526367188,0.156829833984375
14.725639581680298,0.156829833984375
14.736379384994507,0.156829833984375
14.747121334075928,0.156829833984375
14.757873058319092,0.156829833984375
14.768623113632202,0.156829833984375
14.77936053276062,0.156829833984375
14.79010272026062,0.156829833984375
14.800865650177002,0.156829833984375
14.811623096466064,0.156829833984375
14.822370052337646,0.156829833984375
14.833114862442017,0.156829833984375
14.843863725662231,0.156829833984375
14.854621887207031,0.156829833984375
14.865357875823975,0.156829833984375
14.87612009048462,0.156829833984375
14.88687515258789,0.156829833984375
14.897636890411377,0.156829833984375
14.908382892608643,0.156829833984375
14.919128179550171,0.156829833984375
14.92989206314087,0.156829833984375
14.940656423568726,0.156829833984375
14.951416254043579,0.156829833984375
14.96216607093811,0.156829833984375
14.972933530807495,0.156829833984375
14.98368215560913,0.156829833984375
14.994465827941895,0.156829833984375
15.0052170753479,0.15748977661132812
15.015976667404175,0.15805435180664062
15.026757001876831,0.15850448608398438
15.037516355514526,0.15875625610351562
15.048278570175171,0.15900802612304688
15.059045314788818,0.15903854370117188
15.069804430007935,0.15903854370117188
15.080555200576782,0.15903854370117188
15.09129524230957,0.15903854370117188
15.10204792022705,0.15903854370117188
15.112799882888794,0.15903854370117188
15.123561143875122,0.15903854370117188
15.13430118560791,0.15903854370117188
15.145059823989868,0.15903854370117188
15.1558256149292,0.15903854370117188
15.166591167449951,0.15903854370117188
15.177342653274536,0.15903854370117188
15.18810510635376,0.15903854370117188
15.198892593383789,0.15903854370117188
15.209644556045532,0.15903854370117188
15.220388650894165,0.15903854370117188
15.23114562034607,0.15903854370117188
15.241910457611084,0.15986251831054688
15.252677917480469,0.16011428833007812
15.26344609260559,0.16061782836914062
15.274210453033447,0.16061782836914062
15.284976243972778,0.16112136840820312
15.295759677886963,0.16130447387695312
15.306514978408813,0.16130447387695312
15.317270040512085,0.16130447387695312
15.328063249588013,0.16130447387695312
15.338953971862793,0.16130447387695312
15.349774599075317,0.16130447387695312
15.360533237457275,0.16130447387695312
15.371333122253418,0.16130447387695312
15.382073879241943,0.16130447387695312
15.392904996871948,0.16130447387695312
15.40567398071289,0.16212844848632812
15.419421195983887,0.16263198852539062
15.430509567260742,0.1630401611328125
15.441300630569458,0.1630401611328125
15.452067852020264,0.16332244873046875
15.462844133377075,0.16332244873046875
15.473604202270508,0.16332244873046875
15.484349250793457,0.16332244873046875
15.495088815689087,0.16332244873046875
15.505845308303833,0.16332244873046875
15.516597509384155,0.16332244873046875
15.527332544326782,0.16332244873046875
15.538075685501099,0.16332244873046875
15.548827171325684,0.16332244873046875
15.559578895568848,0.16332244873046875
15.570330381393433,0.16332244873046875
15.58107876777649,0.16332244873046875
15.591833353042603,0.16332244873046875
15.60258173942566,0.16332244873046875
15.613325119018555,0.16332244873046875
15.624074220657349,0.16332244873046875
15.63483214378357,0.16332244873046875
15.645588874816895,0.16332244873046875
15.656336784362793,0.16332244873046875
15.667089700698853,0.16332244873046875
15.677843570709229,0.16332244873046875
15.688600301742554,0.16332244873046875
15.699347496032715,0.16332244873046875
15.710097551345825,0.16332244873046875
15.720852613449097,0.16332244873046875
15.731616497039795,0.16332244873046875
15.74235463142395,0.16332244873046875
15.753105640411377,0.16332244873046875
15.763859987258911,0.16332244873046875
15.774616003036499,0.16332244873046875
15.785414218902588,0.16332244873046875
15.79616928100586,0.16332244873046875
15.806929111480713,0.1640777587890625
15.817683935165405,0.16432952880859375
15.828433275222778,0.16483306884765625
15.83917236328125,0.16483306884765625
15.849925994873047,0.16483306884765625
15.860677242279053,0.16483306884765625
15.87142300605774,0.16483306884765625
15.882158517837524,0.16483306884765625
15.892916679382324,0.16483306884765625
15.903682708740234,0.16483306884765625
15.914440393447876,0.16483306884765625
15.925178289413452,0.16483306884765625
15.935935497283936,0.16483306884765625
15.946699142456055,0.16833114624023438
15.957459449768066,0.16859054565429688
15.968212842941284,0.16921234130859375
15.978969097137451,0.16921234130859375
15.989732503890991,0.16921234130859375
16.000495672225952,0.16921234130859375
16.011232614517212,0.16921234130859375
16.021994829177856,0.16921234130859375
16.032750129699707,0.16921234130859375
16.043505430221558,0.16921234130859375
16.05424189567566,0.16921234130859375
16.06500816345215,0.16921234130859375
16.075759887695312,0.16921234130859375
16.086506605148315,0.16921234130859375
16.097240686416626,0.16921234130859375
16.107990741729736,0.16921234130859375
16.118738174438477,0.16921234130859375
16.129485845565796,0.16921234130859375
16.14022922515869,0.16921234130859375
16.150984525680542,0.16921234130859375
16.16173768043518,0.16921234130859375
16.1724910736084,0.16921234130859375
16.1832275390625,0.16921234130859375
16.193979024887085,0.16921234130859375
16.204729557037354,0.16921234130859375
16.21547842025757,0.16921234130859375
16.226213455200195,0.16921234130859375
16.236958980560303,0.16921234130859375
16.247710704803467,0.16921234130859375
16.258463144302368,0.16921234130859375
16.269205331802368,0.16921234130859375
16.279962301254272,0.16921234130859375
16.290703058242798,0.16921234130859375
16.301453828811646,0.16949844360351562
16.312193870544434,0.16949844360351562
16.322942972183228,0.16949844360351562
16.333703756332397,0.16949844360351562
16.344449043273926,0.16949844360351562
16.355186700820923,0.16949844360351562
16.365938663482666,0.16949844360351562
16.37668752670288,0.16949844360351562
16.387442588806152,0.16949844360351562
16.398195505142212,0.16949844360351562
16.408954620361328,0.16949844360351562
16.419699907302856,0.16949844360351562
16.43045163154602,0.16949844360351562
16.441197395324707,0.16949844360351562
16.45194697380066,0.16949844360351562
16.462697744369507,0.16949844360351562
16.473445177078247,0.16949844360351562
16.48418879508972,0.16949844360351562
16.49495530128479,0.16961669921875
16.50570845603943,0.16961669921875
16.51645541191101,0.16961669921875
16.5272057056427,0.16961669921875
16.53798484802246,0.16961669921875
16.548739194869995,0.16961669921875
16.559495449066162,0.16961669921875
16.57024097442627,0.16961669921875
16.58099889755249,0.16961669921875
16.59175443649292,0.16961669921875
16.602518558502197,0.16961669921875
16.613330364227295,0.16961669921875
16.624078512191772,0.16961669921875
16.634835958480835,0.16961669921875
16.64559006690979,0.16961669921875
16.656328916549683,0.16961669921875
16.66707754135132,0.16961669921875
16.67784094810486,0.16961669921875
16.688602924346924,0.16961669921875
16.6993625164032,0.16961669921875
16.710098028182983,0.16961669921875
16.720861673355103,0.16961669921875
16.731624126434326,0.16961669921875
16.74241304397583,0.16961669921875
16.753209829330444,0.17012786865234375
16.763996124267578,0.1704254150390625
16.774762630462646,0.17137527465820312
16.785544872283936,0.1731414794921875
16.79629898071289,0.17490386962890625
16.807063579559326,0.17490386962890625
16.817829608917236,0.1751861572265625
16.82859444618225,0.17554092407226562
16.83937120437622,0.17603683471679688
16.85012149810791,0.17603683471679688
16.86088275909424,0.17628860473632812
16.87164282798767,0.17628860473632812
16.882402420043945,0.17654037475585938
16.893186330795288,0.17704391479492188
16.903951406478882,0.1771392822265625
16.914971351623535,0.4152069091796875
16.92611575126648,0.6695480346679688
16.9371817111969,0.6849327087402344
16.948228120803833,0.6855278015136719
16.959279537200928,0.6855278015136719
16.970332145690918,0.6864051818847656
16.98136043548584,0.6864051818847656
16.992440938949585,0.6871604919433594
17.003573179244995,0.6874122619628906
17.014675617218018,0.6881675720214844
17.025779724121094,0.6881675720214844
17.036881923675537,0.6889152526855469
17.047967672348022,0.6891632080078125
17.059083700180054,0.6899757385253906
17.07018756866455,0.6899757385253906
17.081252098083496,0.6905670166015625
17.092339277267456,0.7048721313476562
17.103383541107178,0.8609733581542969
17.11437487602234,0.9824180603027344
17.12536907196045,0.868011474609375
17.13637065887451,0.88671875
17.147366523742676,0.9724273681640625
17.158371210098267,1.0807456970214844
17.169360399246216,1.0064010620117188
17.180376052856445,1.0847129821777344
17.191378116607666,1.0377197265625
17.204817295074463,1.1398773193359375
17.21821928024292,1.1720771789550781
17.23110055923462,1.1834335327148438
17.244073390960693,1.3330116271972656
17.257091283798218,1.4686355590820312
17.270342111587524,1.6322364807128906
17.28351068496704,1.573211669921875
17.2966365814209,1.6382522583007812
17.309763431549072,1.7509307861328125
17.32291007041931,1.8242073059082031
17.336175441741943,1.8868865966796875
17.349505186080933,1.9208946228027344
17.36267638206482,1.8525123596191406
17.375855922698975,1.9803085327148438
17.38899302482605,1.9989051818847656
17.402231693267822,1.9126930236816406
17.41593885421753,1.9312171936035156
17.42902374267578,1.99188232421875
17.442131519317627,1.8991851806640625
17.45540428161621,1.8930091857910156
17.468571424484253,1.9571495056152344
17.48174214363098,1.9530143737792969
17.494858503341675,2.0707969665527344
17.507997751235962,2.019756317138672
17.52112889289856,1.9491462707519531
17.534271717071533,2.013202667236328
17.54736042022705,1.9823455810546875
17.560333013534546,1.8703689575195312
17.573452472686768,2.0081825256347656
17.586540699005127,1.9354400634765625
17.599644899368286,2.0120582580566406
17.612818241119385,1.9503631591796875
17.626101970672607,1.9359779357910156
17.63922691345215,1.9885139465332031
17.652469873428345,2.0121002197265625
17.665600299835205,1.8613166809082031
17.678884506225586,1.8564109802246094
17.690967798233032,1.8635368347167969
17.70302677154541,2.0157432556152344
17.71512007713318,1.9937973022460938
17.727137565612793,1.9616355895996094
17.73920774459839,1.9825592041015625
17.751266956329346,2.0161666870117188
17.763302087783813,1.8767929077148438
17.775466442108154,1.9960289001464844
17.78753900527954,1.9498023986816406
17.800618886947632,1.9899940490722656
17.812702417373657,1.9691696166992188
17.82477307319641,2.0299835205078125
17.836902856826782,2.029956817626953
17.849014043807983,1.8975830078125
17.861145496368408,2.0157699584960938
17.87325882911682,1.9776420593261719
17.88531732559204,2.0345115661621094
17.89745831489563,1.8785972595214844
17.90996527671814,1.9232101440429688
17.922457456588745,2.047466278076172
17.93456482887268,1.9295997619628906
17.946595907211304,1.934326171875
17.958651304244995,1.9252090454101562
17.970740795135498,1.9996147155761719
17.982736110687256,1.9929542541503906
17.99479651451111,1.9055252075195312
18.006874561309814,1.9707756042480469
18.0188570022583,1.9058761596679688
18.03176736831665,2.036632537841797
18.04467010498047,2.0223236083984375
18.057568788528442,1.8843154907226562
18.06954002380371,1.8565750122070312
18.08147430419922,1.9154472351074219
18.09346842765808,2.0392112731933594
18.105539321899414,1.9157905578613281
18.117554187774658,1.9078330993652344
18.129568815231323,1.9587173461914062
18.141571044921875,2.0497398376464844
18.15353226661682,1.8857650756835938
18.16675639152527,1.8818550109863281
18.179726600646973,1.91412353515625
18.191816091537476,2.0047225952148438
18.20389223098755,2.0220489501953125
18.21594548225403,1.9802589416503906
18.22801899909973,1.9530143737792969
18.240150690078735,1.9794769287109375
18.25223422050476,2.0952682495117188
18.264364004135132,2.0448837280273438
18.276389360427856,1.9330253601074219
18.289340019226074,1.9693260192871094
18.301668405532837,2.03741455078125
18.313745737075806,1.9979248046875
18.325754165649414,1.9579048156738281
18.337844848632812,1.9177131652832031
18.349905729293823,2.0374526977539062
18.361928462982178,1.968048095703125
18.37387180328369,1.9429359436035156
18.385900259017944,2.0223960876464844
18.397883653640747,2.027172088623047
18.4098641872406,1.9739608764648438
18.423131704330444,1.9267539978027344
18.435187578201294,2.0187110900878906
18.44725799560547,1.9650497436523438
18.459327220916748,1.9096260070800781
18.471383571624756,1.9871444702148438
18.483437299728394,1.8759231567382812
18.49546766281128,1.8778038024902344
18.50757122039795,1.9831275939941406
18.519646644592285,2.0491905212402344
18.532588720321655,1.9367942810058594
18.54464864730835,1.8270759582519531
18.556708812713623,2.0143585205078125
18.568805694580078,1.9624595642089844
18.58089256286621,2.0365562438964844
18.59295153617859,1.8812599182128906
18.60496425628662,1.9165573120117188
18.617048263549805,1.9920730590820312
18.629106760025024,1.9168205261230469
18.642101287841797,1.8875236511230469
18.655054807662964,1.9205322265625
18.668057918548584,1.9505958557128906
18.681032419204712,1.9463005065917969
18.693937301635742,2.0283470153808594
18.70681118965149,1.9712181091308594
18.718928337097168,1.9426803588867188
18.73119306564331,2.008800506591797
18.743226289749146,1.9554100036621094
18.755316972732544,1.9097061157226562
18.767356395721436,1.8854255676269531
18.779415607452393,2.007343292236328
18.791550636291504,1.9901046752929688
18.8035888671875,1.9713935852050781
18.815704345703125,1.9620628356933594
18.82868242263794,1.8912200927734375
18.841715097427368,2.0140419006347656
18.8547146320343,2.034770965576172
18.867566108703613,1.9731979370117188
18.881089210510254,1.9605751037597656
18.894067525863647,1.9619255065917969
18.906992435455322,2.033794403076172
18.919963121414185,1.9436187744140625
18.93294405937195,1.9236679077148438
18.94588303565979,1.9998130798339844
18.958829879760742,2.0181045532226562
18.971776723861694,2.0528526306152344
18.984971284866333,1.9649543762207031
18.997898817062378,1.9061851501464844
19.010924100875854,1.9593658447265625
19.023985624313354,2.008697509765625
19.036916255950928,2.026592254638672
19.04990005493164,1.9665870666503906
19.062859535217285,1.9194717407226562
19.075764179229736,1.9787406921386719
19.088760375976562,1.9846343994140625
19.102033853530884,2.058990478515625
19.11498188972473,2.019542694091797
19.127846002578735,1.9847984313964844
19.140868663787842,1.8980484008789062
19.1539568901062,1.9062423706054688
19.167099714279175,1.9928169250488281
19.18018674850464,2.0732765197753906
19.19349455833435,1.9363899230957031
19.206549644470215,1.9012260437011719
19.219589233398438,1.9933967590332031
19.232611656188965,1.9641647338867188
19.24618887901306,1.8835067749023438
19.259339570999146,2.0274620056152344
19.272456407546997,1.9317817687988281
19.285888671875,2.0166091918945312
19.298778533935547,2.045970916748047
19.311790227890015,1.9374351501464844
19.32483196258545,1.9337196350097656
19.338643312454224,1.9712257385253906
19.351634979248047,1.8995323181152344
19.364582538604736,1.9923057556152344
19.376665353775024,1.9472770690917969
19.388787269592285,1.9573135375976562
19.400856256484985,1.8921279907226562
19.41294765472412,1.9474258422851562
19.424983978271484,1.9914360046386719
19.437068700790405,2.024822235107422
19.44917893409729,2.0284500122070312
19.461252212524414,2.003314971923828
19.474162578582764,1.8920402526855469
19.4871027469635,2.0487632751464844
19.499866247177124,1.9644088745117188
19.512714385986328,1.9671592712402344
19.525651693344116,1.9704360961914062
19.538594007492065,1.9745941162109375
19.55063033103943,1.9682044982910156
19.562678813934326,2.0128517150878906
19.574657917022705,1.9469490051269531
19.58665442466736,2.0190582275390625
19.59870147705078,1.9919090270996094
19.610697984695435,1.9402961730957031
19.622776746749878,2.0035934448242188
19.634777545928955,2.006336212158203
19.64772605895996,1.9757118225097656
19.660598039627075,2.026134490966797
19.67420530319214,2.025196075439453
19.68608570098877,1.907501220703125
19.698038816452026,2.029327392578125
19.710047960281372,2.06378173828125
19.72208333015442,1.8508186340332031
19.73409914970398,1.9607658386230469
19.746087789535522,1.9955863952636719
19.758121252059937,2.0282249450683594
19.770115852355957,1.9159393310546875
19.78335738182068,1.9655342102050781
19.796156883239746,2.0218772888183594
19.808130025863647,1.9989128112792969
19.82007145881653,1.9710807800292969
19.83193850517273,1.9249801635742188
19.843920946121216,2.021587371826172
19.85574984550476,2.010967254638672
19.867473363876343,1.8781929016113281
19.879474401474,2.0406723022460938
19.891452312469482,2.01812744140625
19.90426254272461,1.9778366088867188
19.916173219680786,2.02880859375
19.92812156677246,2.0718460083007812
19.940226554870605,1.9747886657714844
19.952447652816772,1.9983749389648438
19.96472978591919,2.0888442993164062
19.9769766330719,2.0402450561523438
19.98926281929016,2.056102752685547
20.001545906066895,2.145465850830078
20.015286684036255,2.158885955810547
20.029144525527954,2.0854759216308594
20.04140043258667,2.138805389404297
20.053686141967773,2.164691925048828
20.06595253944397,2.2151145935058594
20.078230381011963,2.141338348388672
20.0905601978302,2.1244850158691406
20.102842092514038,2.1611595153808594
20.115119218826294,2.1565170288085938
20.12737727165222,2.1171188354492188
20.14067578315735,2.1968841552734375
20.1542706489563,2.210601806640625
20.1666042804718,2.22265625
20.178876399993896,2.1575698852539062
20.191136837005615,2.2842483520507812
20.203354597091675,2.1211814880371094
20.215594053268433,2.2176170349121094
20.22787857055664,2.185932159423828
20.240203380584717,2.2026901245117188
20.252501249313354,2.2209434509277344
20.266524076461792,2.1712913513183594
20.28009581565857,2.181018829345703
20.292382955551147,2.253429412841797
20.304668188095093,2.275066375732422
20.31692385673523,2.103961944580078
20.32920813560486,2.214385986328125
20.34147882461548,2.2538681030273438
20.353736639022827,2.1738433837890625
20.365989685058594,2.2703323364257812
20.378299713134766,2.1507186889648438
20.390613317489624,2.1920814514160156
20.40290856361389,2.2114524841308594
20.415148973464966,2.202098846435547
20.427448749542236,2.1715850830078125
20.439701557159424,2.202899932861328
20.4519259929657,2.169872283935547
20.464089393615723,2.1445884704589844
20.476370573043823,2.2443809509277344
20.489917039871216,2.1412277221679688
20.503440380096436,2.216815948486328
20.51565718650818,2.2711181640625
20.52787160873413,2.079315185546875
20.540129899978638,2.2367935180664062
20.55241560935974,2.2652626037597656
20.564703702926636,2.2013282775878906
20.57704520225525,2.2544479370117188
20.58932137489319,2.258922576904297
20.60159683227539,2.1873512268066406
20.61515164375305,2.2337989807128906
20.627490282058716,2.294506072998047
20.639771461486816,2.2149620056152344
20.65200901031494,2.270526885986328
20.664254426956177,2.3950157165527344
20.676544189453125,2.1929702758789062
20.68881893157959,2.3345718383789062
20.701117753982544,2.3640518188476562
20.71336793899536,2.223785400390625
20.727020025253296,2.2575225830078125
20.73930788040161,2.294902801513672
20.751606941223145,2.2219200134277344
20.76390838623047,2.2711143493652344
20.776167631149292,2.3334732055664062
20.788470029830933,2.257831573486328
20.800743103027344,2.2688255310058594
20.813012838363647,2.3959121704101562
20.825271606445312,2.2000350952148438
20.83876061439514,2.2444610595703125
20.852242708206177,2.267425537109375
20.8644802570343,2.266979217529297
20.87673592567444,2.264049530029297
20.888988971710205,2.2832603454589844
20.90126347541809,2.289398193359375
20.91350269317627,2.2878150939941406
20.92579984664917,2.3599090576171875
20.938050746917725,2.2377853393554688
20.950275897979736,2.2903594970703125
20.963946104049683,2.2987213134765625
20.97724986076355,2.2367820739746094
20.98950219154358,2.200592041015625
21.00173258781433,2.2978897094726562
21.01396083831787,2.2264747619628906
21.02617859840393,2.2513809204101562
21.038448572158813,2.3478317260742188
21.050742149353027,2.294506072998047
21.06295657157898,2.1995277404785156
21.075209379196167,2.3851852416992188
21.08894419670105,2.1672706604003906
21.102078676223755,2.3451309204101562
21.114314317703247,2.2844772338867188
21.126553535461426,2.2543487548828125
21.138797760009766,2.2323341369628906
21.15099048614502,2.3438034057617188
21.163244485855103,2.3094482421875
21.175461769104004,2.254108428955078
21.187719345092773,2.391368865966797
21.19999670982361,2.2545547485351562
21.21340775489807,2.1854095458984375
21.22566556930542,2.339061737060547
21.237852573394775,2.2527694702148438
21.250051021575928,2.336315155029297
21.26222538948059,2.277942657470703
21.274465084075928,2.246112823486328
21.28668212890625,2.259929656982422
21.298872470855713,2.329376220703125
21.311131715774536,2.2613143920898438
21.324240922927856,2.2561111450195312
21.338090658187866,2.2181053161621094
21.35161280632019,2.240703582763672
21.363818168640137,2.21820068359375
21.376033782958984,2.236530303955078
21.38821005821228,2.2769393920898438
21.400417804718018,2.2760848999023438
21.41259002685547,2.2680206298828125
21.424784660339355,2.220867156982422
21.436985731124878,2.2388916015625
21.449172735214233,2.34967041015625
21.46268916130066,2.2082862854003906
21.47490406036377,2.2823104858398438
21.487064361572266,2.2629623413085938
21.499234199523926,2.2610626220703125
21.511426210403442,2.2055435180664062
21.523606538772583,2.2163009643554688
21.53577733039856,2.3035736083984375
21.547919511795044,2.2387237548828125
21.560060739517212,2.2172508239746094
21.573463916778564,2.245941162109375
21.586828470230103,2.2938079833984375
21.59898567199707,2.3396034240722656
21.61118984222412,2.2040367126464844
21.623384952545166,2.3030319213867188
21.635634899139404,2.2379417419433594
21.64786124229431,2.2914505004882812
21.660069704055786,2.2411270141601562
21.672252893447876,2.1774978637695312
21.684410095214844,2.2496490478515625
21.697770833969116,2.315196990966797
21.711103677749634,2.2129478454589844
21.723278045654297,2.2461471557617188
21.735475540161133,2.291759490966797
21.747675895690918,2.3776626586914062
21.759921073913574,2.2271156311035156
21.772077322006226,2.2569313049316406
21.78423833847046,2.2813072204589844
21.796385049819946,2.2632179260253906
21.80853509902954,2.130939483642578
21.82095503807068,2.227489471435547
21.834218502044678,2.1928749084472656
21.8474280834198,2.3619155883789062
21.86105513572693,2.1860122680664062
21.873827695846558,2.2395401000976562
21.884978771209717,2.268535614013672
21.89604640007019,2.2871322631835938
21.90710735321045,2.2267379760742188
21.918150901794434,2.2156600952148438
21.929205179214478,2.2926254272460938
21.94024968147278,2.221668243408203
21.951305866241455,2.3017425537109375
21.9623544216156,2.215545654296875
21.97337031364441,2.3096160888671875
21.98441791534424,2.2794189453125
21.995468139648438,2.294841766357422
22.006514072418213,2.325298309326172
22.017566680908203,2.40380859375
22.028623342514038,2.3308067321777344
22.0396785736084,2.3204803466796875
22.050738096237183,2.33233642578125
22.0617835521698,2.4029464721679688
22.07284379005432,2.3939476013183594
22.083895683288574,2.3677101135253906
22.094950914382935,2.4678726196289062
22.10601496696472,2.544677734375
22.117079973220825,2.540081024169922
22.12813138961792,2.4987640380859375
22.139201164245605,2.4738845825195312
22.150261163711548,2.5275611877441406
22.16130232810974,2.4460372924804688
22.172346115112305,2.570507049560547
22.183385133743286,2.6531829833984375
22.19450068473816,2.5772171020507812
22.205548763275146,2.6313438415527344
22.216598987579346,2.629650115966797
22.227663278579712,2.67071533203125
22.23872423171997,2.620227813720703
22.24975562095642,2.6015396118164062
22.260793924331665,2.6016693115234375
22.271831274032593,2.7149810791015625
22.282875537872314,2.7312240600585938
22.29392385482788,2.7831344604492188
22.30497097969055,2.821094512939453
22.316030740737915,2.8594017028808594
22.32707452774048,2.858692169189453
22.33811616897583,2.8375396728515625
22.34935235977173,2.9170989990234375
22.360431671142578,2.9329566955566406
22.371483325958252,3.017108917236328
22.382532835006714,3.031665802001953
22.393608570098877,2.9839019775390625
22.40464735031128,2.998821258544922
22.41569209098816,2.408679962158203
22.426726818084717,2.4118614196777344
22.43778347969055,2.41473388671875
22.44882822036743,2.513885498046875
22.45987820625305,2.4907302856445312
22.47107744216919,2.470672607421875
22.482128858566284,2.535297393798828
22.493175745010376,2.533111572265625
22.504430055618286,2.6269073486328125
22.515478134155273,1.8794593811035156
22.52653670310974,1.9276771545410156
22.537596702575684,1.8952560424804688
22.54863953590393,1.982086181640625
22.55967378616333,1.9737319946289062
22.570733785629272,1.970977783203125
22.58178424835205,2.0130653381347656
22.592838048934937,2.0045394897460938
22.603872776031494,1.9446258544921875
22.61491346359253,1.9998092651367188
22.62595295906067,2.0372390747070312
22.636991262435913,2.046794891357422
22.64804720878601,2.0499343872070312
22.659117698669434,2.084259033203125
22.670180320739746,2.1983871459960938
22.681232452392578,1.4177436828613281
22.692269325256348,1.4224052429199219
22.703306436538696,1.4243583679199219
22.71433973312378,1.4282646179199219
22.725375652313232,1.4302177429199219
22.73641347885132,1.4341239929199219
22.747483253479004,1.4360771179199219
22.75857162475586,1.4399833679199219
22.76962971687317,1.4419364929199219
22.78067398071289,1.4458427429199219
22.791749238967896,1.4477958679199219
22.802823305130005,1.4517021179199219
22.813876628875732,1.4538383483886719
22.824936389923096,1.4999046325683594
22.835997581481934,1.4997291564941406
22.847049474716187,1.5055885314941406
22.858091831207275,1.5134010314941406
22.86912989616394,1.5192604064941406
22.880210638046265,1.5270729064941406
22.89125657081604,1.5354156494140625
22.90230441093445,1.5526695251464844
22.913341522216797,1.5845832824707031
22.924379587173462,1.6041145324707031
22.935436487197876,1.6437873840332031
22.946476221084595,1.6101303100585938
22.95752263069153,1.6277084350585938
22.968563079833984,1.649688720703125
22.979610443115234,1.6154594421386719
22.99064540863037,1.588470458984375
23.001683712005615,1.5703926086425781
23.012722492218018,1.5807533264160156
23.02375626564026,1.6041908264160156
23.034796476364136,1.5821113586425781
23.045828104019165,1.6238670349121094
23.056878328323364,1.645599365234375
23.067917346954346,1.6369438171386719
23.078954696655273,1.5863494873046875
23.089991569519043,1.5530014038085938
23.101022958755493,1.6025352478027344
23.11207342147827,1.6085205078125
23.123108863830566,1.62286376953125
23.13414740562439,1.6298828125
23.145179271697998,1.6755485534667969
23.156221866607666,1.6456489562988281
23.167285919189453,1.6484527587890625
23.178319692611694,1.6634750366210938
23.189356088638306,1.7150039672851562
23.200387001037598,1.6852264404296875
23.211440324783325,1.72698974609375
23.222487211227417,1.7400741577148438
23.233532667160034,1.70135498046875
23.24457049369812,1.7229843139648438
23.25561833381653,1.7940101623535156
23.26665997505188,1.829345703125
23.27769637107849,1.8170242309570312
23.28873038291931,1.843414306640625
23.299771785736084,1.1614646911621094
23.310816526412964,1.1614646911621094
23.321859121322632,1.1614646911621094
23.332907676696777,1.1614646911621094
23.34394598007202,1.1614646911621094
23.354973077774048,1.1614646911621094
23.36600613594055,1.1614646911621094
23.37703847885132,1.1614646911621094
23.38808798789978,1.1622161865234375
23.399131774902344,1.1645545959472656
23.410216093063354,1.1662712097167969
23.421257734298706,1.1662712097167969
23.43229341506958,1.1662712097167969
23.44332456588745,1.1662712097167969
23.45434880256653,1.1662712097167969
23.465365171432495,1.1662712097167969
23.476385831832886,1.1662712097167969
23.48742651939392,1.1662712097167969
23.498451232910156,1.1662712097167969
23.509483575820923,1.1662712097167969
23.520519733428955,1.1662712097167969
23.531555652618408,1.1662712097167969
23.542596578598022,1.1662712097167969
23.553633213043213,1.1662712097167969
23.56467628479004,1.1662712097167969
23.57570743560791,1.1662712097167969
23.58674955368042,1.1662712097167969
23.597809314727783,1.1662712097167969
23.608843564987183,1.1662712097167969
23.619883060455322,1.1662712097167969
23.630931854248047,1.1662712097167969
23.64197301864624,1.1662712097167969
23.65303921699524,1.1662712097167969
23.66407799720764,1.1662712097167969
23.67511487007141,1.1662712097167969
23.686153888702393,1.1662712097167969
23.697198390960693,1.1662712097167969
23.708231449127197,1.1662712097167969
23.719268798828125,1.1662712097167969
23.73031258583069,1.1662712097167969
23.74134087562561,1.1662712097167969
23.752368450164795,1.1662712097167969
23.763426065444946,1.1662712097167969
23.774462699890137,1.1662712097167969
23.78550696372986,1.1662712097167969
23.79655933380127,1.1662712097167969
23.807607173919678,1.1662712097167969
23.81864857673645,1.1664466857910156
23.829692125320435,1.1664466857910156
23.84073042869568,1.1664466857910156
23.851764917373657,1.1664466857910156
23.862804412841797,1.1664466857910156
23.873845100402832,1.1664466857910156
23.884881258010864,1.1664466857910156
23.895928621292114,1.1664466857910156
23.906964778900146,1.1664466857910156
23.917999505996704,1.1664466857910156
23.92903232574463,1.1664466857910156
23.940061807632446,1.1664466857910156
23.951095819473267,1.1664466857910156
23.962127685546875,1.1664466857910156
23.973161935806274,1.1664466857910156
23.9841947555542,1.1664466857910156
23.99522829055786,1.1664466857910156
24.006258964538574,1.1664466857910156
24.017290115356445,1.1664466857910156
24.028324604034424,1.1664466857910156
24.03935194015503,1.1664466857910156
24.05037498474121,1.1664466857910156
24.061431169509888,1.1664466857910156
24.072470903396606,1.1664466857910156
24.083515405654907,1.1664466857910156
24.094570875167847,1.1664466857910156
24.10560965538025,1.1664466857910156
24.116678476333618,1.1664466857910156
24.127723455429077,1.1664466857910156
24.138773202896118,1.1664466857910156
24.1498064994812,1.1664466857910156
24.16084599494934,1.1664466857910156
24.17188048362732,1.1664466857910156
24.182923555374146,1.1664466857910156
24.193968296051025,1.1664466857910156
24.205009937286377,1.1664466857910156
24.216049671173096,1.1664466857910156
24.227082014083862,1.1664466857910156
24.238137006759644,1.1664466857910156
24.249170541763306,1.1664466857910156
24.26020646095276,1.1664466857910156
24.271251440048218,1.1664466857910156
24.28233504295349,1.1664466857910156
24.293368101119995,1.1664466857910156
24.304367065429688,1.1664466857910156
24.315377950668335,1.1664466857910156
24.326423168182373,1.1664466857910156
24.337469577789307,1.1664466857910156
24.348514556884766,1.1664466857910156
24.35956907272339,1.1664466857910156
24.37061882019043,1.1664466857910156
24.381661415100098,1.1664466857910156
24.39271068572998,1.1664466857910156
24.403756618499756,1.1664466857910156
24.414798498153687,1.1664466857910156
24.425854444503784,1.1664466857910156
24.43691110610962,1.1664466857910156
24.447952270507812,1.1664466857910156
24.458998203277588,1.1664466857910156
24.47004461288452,1.1664466857910156
24.481087684631348,1.1664466857910156
24.49212908744812,1.1664466857910156
24.50317072868347,1.1664466857910156
24.514214277267456,1.1664466857910156
24.525278568267822,1.1664466857910156
24.536354064941406,1.1664466857910156
24.547362804412842,1.1664466857910156
24.558422327041626,1.1664466857910156
24.569465398788452,1.1664466857910156
24.58051085472107,1.1664466857910156
24.591553211212158,1.1664466857910156
24.602599143981934,1.1664466857910156
24.613638877868652,1.1664466857910156
24.62467885017395,1.1664466857910156
24.63572120666504,1.1664466857910156
24.64676785469055,1.1664466857910156
24.657809257507324,1.1664466857910156
24.668851613998413,1.1664466857910156
24.6798894405365,1.1664466857910156
24.690948486328125,1.1664466857910156
24.70199942588806,1.1664466857910156
24.713037490844727,1.1664466857910156
24.724080562591553,1.1664466857910156
24.735127687454224,1.1666450500488281
24.746166467666626,1.1666450500488281
24.757211685180664,1.1666450500488281
24.768251180648804,1.1666450500488281
24.779287338256836,1.1666450500488281
24.7903254032135,1.1666450500488281
24.801366090774536,1.1666450500488281
24.8124418258667,1.1666450500488281
24.82349419593811,1.1666450500488281
24.834531784057617,1.1666450500488281
24.845572233200073,1.1666450500488281
24.85660719871521,1.1668548583984375
24.86764621734619,1.1668548583984375
24.878676176071167,1.1668548583984375
24.88971996307373,1.1668548583984375
24.900758266448975,1.1668548583984375
24.91178822517395,1.1668548583984375
24.92283034324646,1.1668548583984375
24.9338698387146,1.1668548583984375
24.94492244720459,1.1668548583984375
24.95597195625305,1.1668548583984375
24.96701979637146,1.1668548583984375
24.978063583374023,1.1670684814453125
24.989117860794067,1.1670684814453125
25.00015950202942,1.1670684814453125
25.01119828224182,1.1670684814453125
25.022243976593018,1.1670684814453125
25.03329372406006,1.1670684814453125
25.04433298110962,1.1670684814453125
25.055362701416016,1.1670684814453125
25.066417932510376,1.1670684814453125
25.077471256256104,1.1670684814453125
25.088534355163574,1.1670684814453125
25.09958267211914,1.1670684814453125
25.110619068145752,1.1670684814453125
25.121684074401855,1.1670684814453125
25.13274621963501,1.1670684814453125
25.143792629241943,1.1670684814453125
25.15484309196472,1.1670684814453125
25.16588521003723,1.1670684814453125
25.176933765411377,1.1670684814453125
25.18798565864563,1.1670684814453125
25.199026823043823,1.1670684814453125
25.210058450698853,1.1670684814453125
25.22112536430359,1.1670684814453125
25.232179641723633,1.1670684814453125
25.243221282958984,1.1670684814453125
25.254258632659912,1.1670684814453125
25.26529359817505,1.1670684814453125
25.276333332061768,1.1670684814453125
25.28736138343811,1.1670684814453125
25.298409938812256,1.1670684814453125
25.309471607208252,1.1670684814453125
25.32053518295288,1.1672401428222656
25.331583261489868,1.1672401428222656
25.342628717422485,1.1672401428222656
25.353673458099365,1.1672401428222656
25.364710092544556,1.1672401428222656
25.375749588012695,1.1672401428222656
25.38679575920105,1.1672401428222656
25.397852897644043,1.1672401428222656
25.408883094787598,1.1672401428222656
25.419933080673218,1.1672401428222656
25.430967330932617,1.1672401428222656
25.442031621932983,1.1672401428222656
25.453102588653564,1.1672401428222656
25.46419596672058,1.1672401428222656
25.47525906562805,1.1672401428222656
25.486296892166138,1.1672401428222656
25.497360706329346,1.1672401428222656
25.508416175842285,1.1672401428222656
25.519525289535522,1.1672401428222656
25.530569791793823,1.1672401428222656
25.54161524772644,1.1672401428222656
25.552801847457886,1.1672401428222656
25.563846588134766,1.1672401428222656
25.574891090393066,1.1672401428222656
25.585919618606567,1.1672401428222656
25.59696888923645,1.1672401428222656
25.608008861541748,1.1672401428222656
25.61904287338257,1.1672401428222656
25.630083560943604,1.1672401428222656
25.641143083572388,1.1672401428222656
25.652193546295166,1.1672401428222656
25.66323494911194,1.1672401428222656
25.674288511276245,1.1672401428222656
25.685327291488647,1.1672401428222656
25.69636631011963,1.1672401428222656
25.707367181777954,1.1672401428222656
25.718417644500732,1.1672401428222656
25.729465007781982,1.1672401428222656
25.74050760269165,1.1672401428222656
25.75155282020569,1.1672401428222656
25.762612104415894,1.1672401428222656
25.77366542816162,1.1672401428222656
25.784708738327026,1.1672401428222656
25.795751333236694,1.1672401428222656
25.80679416656494,1.1672401428222656
25.817832469940186,1.1672401428222656
25.828875303268433,1.1672401428222656
25.839921236038208,1.1672401428222656
25.850958585739136,1.1672401428222656
25.86200261116028,1.1672401428222656
25.873046159744263,1.1672401428222656
25.884082078933716,1.1672401428222656
25.89512586593628,1.1672401428222656
25.90616488456726,1.1672401428222656
25.917199850082397,1.1672401428222656
25.92823362350464,1.1672401428222656
25.93927550315857,1.1672401428222656
25.950311183929443,1.1672401428222656
25.961341619491577,1.1672401428222656
25.972379207611084,1.1672401428222656
25.983419179916382,1.1672401428222656
25.994462966918945,1.1672401428222656
26.00550103187561,1.1672401428222656
26.016539335250854,1.1672401428222656
26.027579069137573,1.1672401428222656
26.03863763809204,1.1672401428222656
26.049681425094604,1.1672401428222656
26.060725927352905,1.1672401428222656
26.071765899658203,1.1672401428222656
26.08280301094055,1.1672401428222656
26.093847036361694,1.1672401428222656
26.104883193969727,1.1672401428222656
26.11591911315918,1.1672401428222656
26.126970291137695,1.1672401428222656
26.138041019439697,1.0557365417480469
26.149102210998535,1.0557365417480469
26.160149574279785,1.0557365417480469
26.171197175979614,1.0557365417480469
26.182238340377808,1.0557365417480469
26.19327425956726,1.0557365417480469
26.204313278198242,1.0557479858398438
26.21535849571228,1.0557479858398438
26.226364612579346,0.9926185607910156
26.237372875213623,0.9444618225097656
26.248416662216187,0.9481658935546875
26.259459972381592,0.9481658935546875
26.270509004592896,0.9481658935546875
26.281558990478516,0.9481658935546875
26.292600870132446,0.9481658935546875
26.30364465713501,0.9481658935546875
26.31469464302063,0.9755210876464844
26.325746297836304,1.0350379943847656
26.336799383163452,1.0072288513183594
26.34785223007202,0.9880256652832031
26.35889458656311,1.0075569152832031
26.369948625564575,1.0353279113769531
26.380998611450195,1.0863533020019531
26.39204454421997,1.0255279541015625
26.403088331222534,1.0468330383300781
26.414133071899414,1.0734100341796875
26.42517924308777,1.18017578125
26.43622875213623,1.21807861328125
26.447274208068848,1.2259101867675781
26.45832347869873,1.2299919128417969
26.469357013702393,1.2555961608886719
26.480369329452515,1.2948036193847656
26.491406202316284,1.3337669372558594
26.50245428085327,1.4187507629394531
26.513507604599,1.4992599487304688
26.524547576904297,1.5606803894042969
26.535595417022705,1.4786148071289062
26.546635150909424,1.4484291076660156
26.55767822265625,1.4765625
26.568721055984497,1.4170341491699219
26.57976198196411,1.4233894348144531
26.590800523757935,1.4546852111816406
26.60184621810913,1.5137557983398438
26.612897157669067,1.3993873596191406
26.623945713043213,1.4778251647949219
26.635000228881836,1.5705146789550781
26.646052360534668,1.4070587158203125
26.657135248184204,1.4426155090332031
26.66817855834961,1.5159568786621094
26.679237127304077,1.4935417175292969
26.69028878211975,1.4646949768066406
26.70134210586548,1.5338287353515625
26.712374925613403,1.432098388671875
26.723432302474976,1.571044921875
26.734477758407593,1.523712158203125
26.745537519454956,1.6068496704101562
26.756597757339478,1.5267982482910156
26.76765203475952,1.5821990966796875
26.778692483901978,1.6454734802246094
26.789758920669556,1.5603904724121094
26.800805807113647,1.6678352355957031
26.811870098114014,1.7060737609863281
26.82291269302368,1.6726264953613281
26.83395266532898,1.6728172302246094
26.84500479698181,1.7772102355957031
26.85604763031006,1.7963600158691406
26.86712336540222,1.7205314636230469
26.87819743156433,1.7774620056152344
26.889249324798584,1.8827590942382812
26.900314807891846,1.7708244323730469
26.911349296569824,1.7660636901855469
26.92240595817566,1.8622016906738281
26.933470010757446,1.7962150573730469
26.944518089294434,1.7424812316894531
26.955560445785522,1.753143310546875
26.966609954833984,1.8881149291992188
26.977659463882446,1.6885032653808594
26.988699913024902,1.8002662658691406
26.999751806259155,1.8369140625
27.010799407958984,1.7224540710449219
27.02184510231018,1.7416343688964844
27.032896757125854,1.8481216430664062
27.043953895568848,1.7337150573730469
27.055013179779053,1.7179450988769531
27.06607151031494,1.8644332885742188
27.077120780944824,1.7495918273925781
27.088164806365967,1.6968116760253906
27.099215269088745,1.7734260559082031
27.11026668548584,1.9068374633789062
27.121326446533203,1.6628608703613281
27.132367372512817,1.7782821655273438
27.143380165100098,1.8631401062011719
27.154433488845825,1.5796585083007812
27.16548490524292,1.6578559875488281
27.176531314849854,1.7286262512207031
27.187582969665527,1.7421798706054688
27.198631763458252,1.65301513671875
27.20968723297119,1.7211341857910156
27.22074031829834,1.6851425170898438
27.231804370880127,1.6252784729003906
27.242915153503418,1.6865577697753906
27.253950119018555,1.7875823974609375
27.264991283416748,1.6290855407714844
27.276034116744995,1.7017364501953125
27.287066221237183,1.8267784118652344
27.29810357093811,1.5485458374023438
27.309142589569092,1.6463584899902344
27.320178985595703,1.7192649841308594
27.331217527389526,1.734771728515625
27.342252254486084,1.6866226196289062
27.35329270362854,1.8435745239257812
27.364341497421265,1.740386962890625
27.375409841537476,1.6692161560058594
27.38646697998047,1.729888916015625
27.397518157958984,1.8906211853027344
27.408568859100342,1.7766876220703125
27.41960835456848,1.7425994873046875
27.430654764175415,1.8964500427246094
27.44170379638672,1.7824058532714844
27.452744007110596,1.7785377502441406
27.46378517150879,1.8588485717773438
27.475024461746216,1.9756202697753906
27.486082315444946,1.8533592224121094
27.497116327285767,1.8867034912109375
27.508148431777954,2.059406280517578
27.51918053627014,1.9297332763671875
27.530218362808228,1.8945770263671875
27.54125714302063,1.9929008483886719
27.552294731140137,2.039276123046875
27.56333899497986,2.046276092529297
27.574368476867676,2.080852508544922
27.58535885810852,1.9705352783203125
27.596389055252075,2.037006378173828
27.60744595527649,1.968841552734375
27.618479251861572,2.043933868408203
27.629515647888184,1.9728317260742188
27.64055347442627,2.014240264892578
27.651602506637573,2.0277061462402344
27.66264271736145,1.9540596008300781
27.673684120178223,2.0311050415039062
27.684728860855103,2.02606201171875
27.695770263671875,2.0253562927246094
27.70680856704712,1.9435501098632812
27.717847108840942,2.101215362548828
27.72890043258667,2.0772972106933594
27.739932775497437,1.9687881469726562
27.75097966194153,1.9851951599121094
27.762019634246826,2.005218505859375
27.77306056022644,1.9617271423339844
27.78410291671753,2.009857177734375
27.795149564743042,2.092304229736328
27.806183338165283,1.9641761779785156
27.81722640991211,2.0141067504882812
27.828274488449097,2.0859375
27.839332342147827,2.059307098388672
27.850363731384277,1.9216690063476562
27.86140489578247,2.065746307373047
27.87244939804077,2.0971603393554688
27.883493661880493,1.9690399169921875
27.894532203674316,1.9888687133789062
27.9055757522583,2.0433311462402344
27.91660976409912,1.9566154479980469
27.927640438079834,2.0025405883789062
27.93867254257202,2.094005584716797
27.949731588363647,1.9385414123535156
27.960774660110474,2.0007362365722656
27.971832275390625,2.061676025390625
27.98287057876587,2.0727920532226562
27.993911027908325,1.9870147705078125
28.004944801330566,2.050098419189453
28.015989303588867,2.1438331604003906
28.027037620544434,1.9826126098632812
28.038083791732788,1.9457550048828125
28.049127340316772,2.0452804565429688
28.06016731262207,2.0416641235351562
28.07120442390442,1.9909210205078125
28.082254648208618,2.0732765197753906
28.09330105781555,2.0888328552246094
28.104341745376587,1.9408340454101562
28.11537194252014,2.021320343017578
28.126442432403564,2.0633697509765625
28.137474060058594,1.9806594848632812
28.148504972457886,2.034717559814453
28.15953803062439,2.0722732543945312
28.170576572418213,1.9995269775390625
28.181626796722412,1.9232711791992188
28.192663192749023,2.0619468688964844
28.20371174812317,2.072956085205078
28.21475648880005,1.9970245361328125
28.225813388824463,2.057849884033203
28.23685574531555,2.0602493286132812
28.247902154922485,1.9747428894042969
28.25894021987915,2.049793243408203
28.269972801208496,2.0491867065429688
28.281015872955322,1.9759330749511719
28.292054653167725,2.1074562072753906
28.30309557914734,2.0247955322265625
28.314155340194702,2.0006866455078125
28.325377225875854,2.010101318359375
28.336369037628174,1.969085693359375
28.34741520881653,2.0284996032714844
28.3584566116333,1.9867515563964844
28.369505643844604,2.0610084533691406
28.380563974380493,2.0312118530273438
28.391610860824585,2.0257034301757812
28.40266513824463,2.0027923583984375
28.41370391845703,2.0245132446289062
28.424752950668335,2.0577049255371094
28.435797214508057,2.0130348205566406
28.446849822998047,2.0962600708007812
28.457897663116455,2.033782958984375
28.468944787979126,2.0088958740234375
28.479987621307373,2.01654052734375
28.491048574447632,2.0235137939453125
28.50210165977478,2.0671119689941406
28.513148546218872,2.0645599365234375
28.52420163154602,2.0354690551757812
28.53526258468628,2.005695343017578
28.54631543159485,2.055652618408203
28.557363510131836,1.9499092102050781
28.56841206550598,1.9646759033203125
28.579474687576294,2.0519790649414062
28.590514421463013,2.032917022705078
28.60155439376831,2.0310745239257812
28.612590074539185,1.9748001098632812
28.623631238937378,2.0253562927246094
28.6346697807312,1.9857444763183594
28.64571189880371,1.9909934997558594
28.65676212310791,2.1043052673339844
28.667799949645996,1.9732437133789062
28.678834676742554,1.9805526733398438
28.689883947372437,2.008045196533203
28.70094394683838,2.1109695434570312
28.71200132369995,1.9689216613769531
28.72305393218994,2.000316619873047
28.734126806259155,2.076274871826172
28.745171070098877,2.014141082763672
28.75621008872986,1.935760498046875
28.767252445220947,1.9243812561035156
28.77830958366394,2.010791778564453
28.78936004638672,2.0094375610351562
28.800378561019897,1.9792594909667969
28.81142520904541,2.0708351135253906
28.822463035583496,2.013397216796875
28.833503484725952,1.9940528869628906
28.844558715820312,2.061748504638672
28.85563564300537,1.9923324584960938
28.86670756340027,2.0501060485839844
28.877774715423584,2.0553817749023438
28.88882088661194,2.0542945861816406
28.89987826347351,2.1911239624023438
28.910916328430176,2.024017333984375
28.921950340270996,2.0845413208007812
28.93298625946045,2.0852394104003906
28.944026231765747,2.1453475952148438
28.955068111419678,2.1127586364746094
28.96610713005066,2.02984619140625
28.97716474533081,2.1367454528808594
28.98820400238037,2.1214942932128906
28.999244689941406,2.1008644104003906
29.010304927825928,2.1767539978027344
29.02134084701538,2.1799697875976562
29.03237009048462,2.0954513549804688
29.043375730514526,2.1544723510742188
29.05441665649414,2.1616439819335938
29.065454244613647,2.1798171997070312
29.076490879058838,2.1887969970703125
29.087530374526978,2.2170791625976562
29.09857988357544,2.2300376892089844
29.10962414741516,2.107074737548828
29.120856285095215,2.148052215576172
29.131894826889038,2.16680908203125
29.142929792404175,2.129039764404297
29.154528379440308,2.1401710510253906
29.165595769882202,2.27069091796875
29.176640033721924,2.1447715759277344
29.187679529190063,2.1602745056152344
29.19872283935547,2.2979049682617188
29.209757804870605,2.093250274658203
29.22079634666443,2.1935272216796875
29.231829166412354,2.1589889526367188
29.242995500564575,2.1995887756347656
29.254150390625,2.2280731201171875
29.265192985534668,2.184375762939453
29.276230335235596,2.1645965576171875
29.28727102279663,2.2351531982421875
29.29848885536194,2.2159576416015625
29.309523105621338,2.143218994140625
29.320565938949585,2.1970672607421875
29.331602811813354,2.2337493896484375
29.342658758163452,2.2148208618164062
29.35370445251465,2.1914825439453125
29.364743947982788,2.2329330444335938
29.375779151916504,2.328662872314453
29.38682460784912,2.2249374389648438
29.397856950759888,2.2338485717773438
29.408912420272827,2.2122039794921875
29.41996693611145,2.2649192810058594
29.43101191520691,2.2493934631347656
29.442055225372314,2.2534523010253906
29.453094482421875,2.204265594482422
29.464143991470337,2.2234840393066406
29.47518277168274,2.1884117126464844
29.486225843429565,2.1709556579589844
29.497272729873657,2.340984344482422
29.508304834365845,2.175445556640625
29.519346714019775,2.1690025329589844
29.530375480651855,2.3067245483398438
29.54137897491455,2.072643280029297
29.552382230758667,2.2189712524414062
29.563365936279297,2.2354507446289062
29.574411392211914,2.2228317260742188
29.58546257019043,2.2842788696289062
29.59651255607605,2.3162307739257812
29.60754656791687,2.160186767578125
29.6185884475708,2.2148208618164062
29.62963104248047,2.25286865234375
29.640702962875366,2.1715545654296875
29.651755809783936,2.1913490295410156
29.662796020507812,2.202373504638672
29.673837900161743,2.2280807495117188
29.68487548828125,2.2591018676757812
29.695918321609497,2.2039947509765625
29.706961154937744,2.229827880859375
29.71800136566162,2.1823196411132812
29.72903800010681,2.2296791076660156
29.740082025527954,2.191791534423828
29.751121044158936,2.190631866455078
29.762163877487183,2.2216148376464844
29.77321219444275,2.2019424438476562
29.784246683120728,2.301982879638672
29.795284509658813,2.2406349182128906
29.80632472038269,2.2357711791992188
29.817357778549194,2.2855682373046875
29.828385591506958,2.3406639099121094
29.839439868927002,2.0747108459472656
29.85049057006836,2.218578338623047
29.861531257629395,2.273540496826172
29.872580766677856,2.218578338623047
29.88368248939514,2.273571014404297
29.89473056793213,2.3193359375
29.905761003494263,2.2768630981445312
29.916795015335083,2.2043724060058594
29.92783236503601,2.2488174438476562
29.93887710571289,2.2689552307128906
29.949925422668457,2.2693862915039062
29.960968732833862,2.1958084106445312
29.97201156616211,2.266590118408203
29.98304510116577,2.2869300842285156
29.994086265563965,2.176525115966797
30.005136013031006,2.276226043701172
30.016188621520996,2.260082244873047
30.027226448059082,2.2716827392578125
30.0382719039917,2.26385498046875
30.049322366714478,2.298656463623047
30.060410022735596,2.256847381591797
30.071464776992798,2.2355422973632812
30.082666635513306,2.2907981872558594
30.093706130981445,2.239849090576172
30.104752779006958,2.2409896850585938
30.115785598754883,2.2142562866210938
30.12682342529297,2.361797332763672
30.137868404388428,2.3123207092285156
30.148903846740723,2.2254714965820312
30.159939527511597,2.267375946044922
30.170985460281372,2.348896026611328
30.182022094726562,2.20098876953125
30.1930730342865,2.2727890014648438
30.204130172729492,2.4127731323242188
30.21517586708069,2.2301864624023438
30.226221561431885,2.258026123046875
30.23726511001587,2.3254776000976562
30.24875497817993,2.3282470703125
30.259910106658936,2.203369140625
30.27098035812378,2.32867431640625
30.282034158706665,2.4498748779296875
30.293078899383545,2.24432373046875
30.30412530899048,2.269989013671875
30.315162420272827,2.3410415649414062
30.326206922531128,2.3904075622558594
30.337243795394897,2.2804412841796875
30.34828472137451,2.3208236694335938
30.35933780670166,2.4292564392089844
30.370434999465942,2.259979248046875
30.3814697265625,2.19122314453125
30.39251708984375,2.297027587890625
30.40355348587036,2.3535728454589844
30.414599895477295,2.264728546142578
30.425631999969482,2.3388442993164062
30.436673164367676,2.4181289672851562
30.447708129882812,2.210254669189453
30.458747148513794,2.2692413330078125
30.46978998184204,2.3695068359375
30.48084568977356,2.3753623962402344
30.49188804626465,2.2875709533691406
30.502946853637695,2.3219070434570312
30.513991594314575,2.3911972045898438
30.52503776550293,2.3039321899414062
30.536080360412598,2.2826576232910156
30.547128915786743,2.3779525756835938
30.558178186416626,2.304065704345703
30.569220066070557,2.2246475219726562
30.58026647567749,2.364459991455078
30.591309070587158,2.326313018798828
30.60235857963562,2.3381080627441406
30.613389253616333,2.3025360107421875
30.624467134475708,2.3867340087890625
30.63551902770996,2.199634552001953
30.646559476852417,2.2681427001953125
30.65760850906372,2.3518295288085938
30.668874263763428,2.3728713989257812
30.679913759231567,2.22137451171875
30.690962553024292,2.3030929565429688
30.70199966430664,2.3924636840820312
30.713042497634888,2.3031234741210938
30.724087715148926,2.3163604736328125
30.735126733779907,2.368267059326172
30.74617052078247,2.2931556701660156
30.75720453262329,2.276691436767578
30.76823925971985,2.3377647399902344
30.779287338256836,2.3948974609375
30.790388107299805,2.224475860595703
30.80143642425537,2.2732391357421875
30.812469482421875,2.3712310791015625
30.823497533798218,2.2923202514648438
30.834540605545044,2.27374267578125
30.845571994781494,2.3022422790527344
30.85660481452942,2.4262161254882812
30.86763906478882,2.2580223083496094
30.878687143325806,2.2898712158203125
30.889914512634277,2.3413352966308594
30.90096426010132,2.2411956787109375
30.912012100219727,2.2613372802734375
30.92305088043213,2.319366455078125
30.9342839717865,2.3680686950683594
30.945328950881958,2.2279510498046875
30.956366300582886,2.3087997436523438
30.967411994934082,2.2542724609375
30.978453397750854,2.2582778930664062
30.98949694633484,2.2845077514648438
31.000528812408447,2.3375015258789062
31.01156759262085,2.4030723571777344
31.022604942321777,2.3230056762695312
31.033637523651123,2.31585693359375
31.04468870162964,2.399272918701172
31.055731058120728,2.381500244140625
31.06677508354187,2.34967041015625
31.077818393707275,2.387176513671875
31.088871479034424,2.4776344299316406
31.099929332733154,2.4874038696289062
31.110981702804565,2.44329833984375
31.12202763557434,2.5209579467773438
31.13307499885559,2.507884979248047
31.144319772720337,2.5256195068359375
31.155369997024536,2.648834228515625
31.166418075561523,2.5112762451171875
31.1774582862854,2.5383338928222656
31.188501119613647,2.5422401428222656
31.199549674987793,2.5384674072265625
31.210604429244995,2.5963363647460938
31.221657276153564,2.6075477600097656
31.23270583152771,2.6568145751953125
31.243740797042847,2.593189239501953
31.254788637161255,2.6092605590820312
31.265822172164917,2.6028976440429688
31.276870727539062,2.6194534301757812
31.287925004959106,2.6339569091796875
31.298993825912476,2.58367919921875
31.31024479866028,2.6455726623535156
31.321290254592896,2.7062416076660156
31.332334995269775,2.6950912475585938
31.343367099761963,2.7270431518554688
31.35441565513611,2.7923240661621094
31.3654842376709,2.8450469970703125
31.37653613090515,2.711681365966797
31.387579202651978,2.7435264587402344
31.398624897003174,2.857097625732422
31.409663915634155,2.8859405517578125
31.420696258544922,2.934612274169922
31.43173050880432,2.3381423950195312
31.442757844924927,2.2496566772460938
31.45379376411438,2.3641433715820312
31.4648277759552,2.328136444091797
31.475862503051758,2.4384078979492188
31.486998558044434,2.4354209899902344
31.498042583465576,2.4384193420410156
31.5091073513031,2.495880126953125
31.520161151885986,2.5852127075195312
31.53121256828308,2.594402313232422
31.542291164398193,2.5146026611328125
31.553549766540527,2.6340980529785156
31.56460452079773,1.8758201599121094
31.575665950775146,1.9546737670898438
31.586716890335083,1.8261985778808594
31.597768306732178,1.8893394470214844
31.608830213546753,1.9608840942382812
31.619874715805054,1.8289947509765625
31.63093400001526,1.8992462158203125
31.641987323760986,1.9210853576660156
31.653046131134033,1.9883232116699219
31.66409397125244,1.9460258483886719
31.675155878067017,1.8461265563964844
31.686203956604004,1.8456268310546875
31.69724726676941,1.9329376220703125
31.708284616470337,1.9355201721191406
31.71933126449585,1.9195060729980469
31.73038125038147,1.9689521789550781
31.741441249847412,1.9309005737304688
31.752487182617188,1.9335556030273438
31.763524770736694,1.9805335998535156
31.774574041366577,2.024322509765625
31.785634517669678,2.011425018310547
31.796688318252563,2.0568008422851562
31.80773901939392,1.980194091796875
31.818785190582275,2.021282196044922
31.829833507537842,2.1007843017578125
31.840878009796143,2.1453704833984375
31.851921796798706,2.087574005126953
31.862960815429688,2.1355972290039062
31.873992919921875,1.5066680908203125
31.8850359916687,1.44659423828125
31.89609146118164,1.4730873107910156
31.907132148742676,1.4729881286621094
31.918174028396606,1.4585609436035156
31.92922282218933,1.4496498107910156
31.940259218215942,1.4869041442871094
31.951318740844727,1.5155982971191406
31.96235942840576,1.4652748107910156
31.9734103679657,1.4232597351074219
31.984544277191162,1.4789466857910156
31.9955952167511,1.4908103942871094
32.0066351890564,1.4722328186035156
32.0176796913147,1.4496498107910156
32.028724908828735,1.4888572692871094
32.03976583480835,1.4780921936035156
32.05083084106445,1.4574623107910156
32.06187558174133,1.4573631286621094
32.0729284286499,1.44659423828125
32.08397459983826,1.4391021728515625
32.095009088516235,1.4763565063476562
32.10605835914612,1.5207939147949219
32.11709952354431,1.4156990051269531
32.12813591957092,1.44659423828125
32.1391863822937,1.4469413757324219
32.15023422241211,1.4836921691894531
32.161271810531616,1.4688301086425781
32.172322034835815,1.4469413757324219
32.18336772918701,1.4839439392089844
32.19436597824097,1.4707832336425781
32.20541000366211,1.4464378356933594
32.21644401550293,1.4106826782226562
32.22748923301697,1.4613685607910156
32.23852515220642,1.4432945251464844
32.249573945999146,1.4100914001464844
32.260611057281494,1.4630699157714844
32.271669149398804,1.44659423828125
32.28272199630737,1.4492988586425781
32.293758392333984,1.4512519836425781
32.30479955673218,1.4551582336425781
32.31583762168884,1.4571113586425781
32.32687449455261,1.4610176086425781
32.337918758392334,1.4629707336425781
32.34895706176758,1.4668769836425781
32.35998773574829,1.4688301086425781
32.371028423309326,1.4727363586425781
32.38208556175232,1.4746894836425781
32.39312553405762,1.4785957336425781
32.40416669845581,1.4825019836425781
32.41520953178406,1.4836921691894531
32.42625451087952,1.5323219299316406
32.437297344207764,1.5243110656738281
32.448346853256226,1.5321235656738281
32.45937538146973,1.5399360656738281
32.470428228378296,1.5477485656738281
32.481483697891235,1.5555610656738281
32.492526054382324,1.5775413513183594
32.503573179244995,1.5952033996582031
32.51461386680603,1.6147956848144531
32.5256621837616,1.6338157653808594
32.536717891693115,1.6027297973632812
32.547760248184204,1.6403350830078125
32.55882120132446,1.6579132080078125
32.569859743118286,1.6876449584960938
32.58089995384216,1.653656005859375
32.59193706512451,1.6325302124023438
32.602970600128174,1.5693817138671875
32.61402201652527,1.6108932495117188
32.62506818771362,1.633819580078125
32.63610601425171,1.6261672973632812
32.647164821624756,1.6540069580078125
32.658204078674316,1.6876449584960938
32.66925597190857,1.5971221923828125
32.680309772491455,1.6322097778320312
32.691370487213135,1.5949554443359375
32.7024040222168,1.6063804626464844
32.713446855545044,1.6639518737792969
32.72449564933777,1.636077880859375
32.735543727874756,1.6799850463867188
32.746580362319946,1.6947250366210938
32.757630825042725,1.6601638793945312
32.768678188323975,1.6773834228515625
32.77971959114075,1.7144012451171875
32.7907657623291,1.7402801513671875
32.8018057346344,1.7774887084960938
32.81284832954407,1.7626380920410156
32.82388782501221,1.7884254455566406
32.83492588996887,1.8295860290527344
32.8459632396698,1.8231925964355469
32.8570122718811,1.8551292419433594
32.868208169937134,1.3349800109863281
32.87928318977356,1.1859626770019531
32.8903226852417,1.1859626770019531
32.90135836601257,1.1859626770019531
32.9124059677124,1.1859626770019531
32.92344617843628,1.1859626770019531
32.9344916343689,1.1859626770019531
32.94552564620972,1.1859626770019531
32.95655941963196,1.1859626770019531
32.96760320663452,1.1859626770019531
32.97865033149719,1.1859626770019531
32.989689111709595,1.1859626770019531
33.00071883201599,1.1859626770019531
33.01175570487976,1.1859626770019531
33.022796392440796,1.1859626770019531
33.033828258514404,1.1859626770019531
33.04486894607544,1.1859626770019531
33.05591344833374,1.1859626770019531
33.06695890426636,1.1859626770019531
33.07799744606018,1.1859626770019531
33.08904051780701,1.1859626770019531
33.100072145462036,1.1859626770019531
33.111106157302856,1.1859626770019531
33.12213754653931,1.1859626770019531
33.13317847251892,1.1859626770019531
33.144208908081055,1.1859626770019531
33.15524888038635,1.1859626770019531
33.16628170013428,1.1859626770019531
33.17731809616089,1.1859626770019531
33.18834376335144,1.1859626770019531
33.19937038421631,1.1859626770019531
33.21040606498718,1.1859626770019531
33.2214457988739,1.1859626770019531
33.23248028755188,1.1859626770019531
33.24351763725281,1.1859626770019531
33.254554271698,1.1859626770019531
33.26560044288635,1.1859626770019531
33.27664566040039,1.1859626770019531
33.28771638870239,1.1859626770019531
33.298760652542114,1.1859626770019531
33.30980682373047,1.1859626770019531
33.3208487033844,1.1859626770019531
33.33189034461975,1.1859626770019531
33.342926025390625,1.1859626770019531
33.35396695137024,1.1859626770019531
33.36500382423401,1.1859626770019531
33.37604784965515,1.1859626770019531
33.387083530426025,1.1859626770019531
33.39812684059143,1.1859626770019531
33.40916442871094,1.1859626770019531
33.4202024936676,1.1859626770019531
33.432278633117676,1.1859626770019531
33.44345998764038,1.1859626770019531
33.45450401306152,1.1859626770019531
33.4655556678772,1.1859626770019531
33.476608991622925,1.1859626770019531
33.48766112327576,1.1859626770019531
33.49870562553406,1.1859626770019531
33.50974464416504,1.1859626770019531
33.52078127861023,1.1859626770019531
33.53181791305542,1.1859626770019531
33.54288053512573,1.1859626770019531
33.55392384529114,1.1859626770019531
33.564964294433594,1.1859626770019531
33.576014280319214,1.1859626770019531
33.587061405181885,1.1859626770019531
33.59810733795166,1.1859626770019531
33.60914325714111,1.1859626770019531
33.620182037353516,1.1859626770019531
33.63121843338013,1.1859626770019531
33.642255783081055,1.1859626770019531
33.65329051017761,1.1859626770019531
33.664342164993286,1.1859626770019531
33.67537307739258,1.1859626770019531
33.68641662597656,1.1859626770019531
33.697466135025024,1.1859626770019531
33.70850992202759,1.1859626770019531
33.71955060958862,1.1859626770019531
33.73059034347534,1.1859626770019531
33.741628885269165,1.1859626770019531
33.75267195701599,1.1859626770019531
33.763700008392334,1.1859626770019531
33.77475714683533,1.1859626770019531
33.785807371139526,1.1859626770019531
33.796860218048096,1.1859626770019531
33.80789828300476,1.1859626770019531
33.8189377784729,1.1859626770019531
33.82997703552246,1.1859626770019531
33.84102821350098,1.1859626770019531
33.85208320617676,1.1859626770019531
33.86311745643616,1.1859626770019531
33.874160051345825,1.1859626770019531
33.885199546813965,1.1859626770019531
33.896228075027466,1.1859626770019531
33.90727114677429,1.1859626770019531
33.91833806037903,1.1859626770019531
33.92936897277832,1.1859626770019531
33.94043278694153,1.1859626770019531
33.95147705078125,1.1859626770019531
33.96252489089966,1.1859626770019531
33.97357368469238,1.1859626770019531
33.98461294174194,1.1859626770019531
33.99564838409424,1.1859626770019531
34.00668478012085,1.1859626770019531
34.01772689819336,1.1859626770019531
34.02876091003418,1.1859626770019531
34.03980326652527,1.1859626770019531
34.05086016654968,1.1859626770019531
34.06190586090088,1.1859626770019531
34.07294178009033,1.1859626770019531
34.083977937698364,1.1859626770019531
34.095024824142456,1.1859626770019531
34.106061935424805,1.1859626770019531
34.117109537124634,1.1859626770019531
34.128140926361084,1.1859626770019531
34.139179944992065,1.1859626770019531
34.15021848678589,1.1859626770019531
34.16125512123108,1.1859626770019531
34.17229914665222,1.1859626770019531
34.18333029747009,1.1859626770019531
34.19436287879944,1.1859626770019531
34.20538878440857,1.1859626770019531
34.21646189689636,1.1859626770019531
34.22753643989563,1.1859626770019531
34.23859715461731,1.1859626770019531
34.24964237213135,1.1859626770019531
34.260682821273804,1.1859626770019531
34.271751403808594,1.1859626770019531
34.28280591964722,1.1859626770019531
34.293846130371094,1.1859626770019531
34.30490851402283,1.1859626770019531
34.31593585014343,1.1859626770019531
34.326969385147095,1.1859626770019531
34.33799481391907,1.1859626770019531
34.34902548789978,1.1859626770019531
34.36004972457886,1.1859626770019531
34.37108325958252,1.1859626770019531
34.382110357284546,1.1859626770019531
34.39313983917236,1.1859626770019531
34.40421724319458,1.1859626770019531
34.415255069732666,1.1859626770019531
34.42628717422485,1.1859626770019531
34.4373254776001,1.1859626770019531
34.448357820510864,1.1859626770019531
34.45938539505005,1.1859626770019531
34.47043013572693,1.1859626770019531
34.48152685165405,1.1859626770019531
34.49259805679321,1.1859626770019531
34.503745794296265,1.1859626770019531
34.51480555534363,1.1859626770019531
34.52586793899536,1.1859626770019531
34.53693604469299,1.1859626770019531
34.54800510406494,1.1859626770019531
34.55907130241394,1.1859626770019531
34.57012677192688,1.1859626770019531
34.581172943115234,1.1859626770019531
34.59221863746643,1.1859626770019531
34.60326623916626,1.1859626770019531
34.61430740356445,1.1859626770019531
34.62535905838013,1.1859626770019531
34.636412382125854,1.1859626770019531
34.64748573303223,1.1859626770019531
34.65857720375061,1.1859626770019531
34.66961669921875,1.1859626770019531
34.68065786361694,1.1859626770019531
34.69170093536377,1.1859626770019531
34.70274519920349,1.1859626770019531
34.71378779411316,1.1859626770019531
34.724828481674194,1.1859626770019531
34.7358615398407,1.1859626770019531
34.74689435958862,1.1859626770019531
34.75793433189392,1.1859626770019531
34.76897382736206,1.1859626770019531
34.78000354766846,1.1859626770019531
34.79104566574097,1.1859626770019531
34.8020966053009,1.1859626770019531
34.81314945220947,1.1859626770019531
34.82418990135193,1.1859626770019531
34.83524298667908,1.1859626770019531
34.84628891944885,1.1859626770019531
34.85732626914978,1.1859626770019531
34.86836767196655,1.1859626770019531
34.879403829574585,1.1859626770019531
34.89044380187988,1.1859626770019531
34.90148997306824,1.1859626770019531
34.91253089904785,1.1859626770019531
34.923569679260254,1.1859626770019531
34.934616804122925,1.1859626770019531
34.94565510749817,1.1859626770019531
34.956687688827515,1.1859626770019531
34.96772480010986,1.1859626770019531
34.97875642776489,1.1859626770019531
34.989794969558716,1.1859626770019531
35.00082993507385,1.1859626770019531
35.011860847473145,1.1859626770019531
35.02289915084839,1.1859626770019531
35.03393077850342,1.1859626770019531
35.04496884346008,1.1859626770019531
35.05600190162659,1.1859626770019531
35.06706380844116,1.1859626770019531
35.078113079071045,1.1859626770019531
35.08915615081787,1.1859626770019531
35.10019373893738,1.1859626770019531
35.11125731468201,1.1859626770019531
35.12230587005615,1.1859626770019531
35.133342027664185,1.0742111206054688
35.14437556266785,1.0742111206054688
35.15541219711304,1.0742111206054688
35.166454553604126,1.0742111206054688
35.17748665809631,1.0742111206054688
35.188515186309814,1.0742111206054688
35.19955134391785,1.0742111206054688
35.210583209991455,1.0742111206054688
35.22161078453064,1.0742111206054688
35.23265504837036,1.0742111206054688
35.24368476867676,1.0742111206054688
35.25477719306946,1.0742111206054688
35.26581382751465,1.0742111206054688
35.27687335014343,1.0369606018066406
35.28791308403015,0.9624519348144531
35.29894685745239,0.9624519348144531
35.3099844455719,0.9624519348144531
35.32102990150452,0.9624519348144531
35.33207607269287,0.9624519348144531
35.343111753463745,0.9624519348144531
35.354169607162476,0.9624519348144531
35.36520600318909,0.9624519348144531
35.37624216079712,0.9624519348144531
35.38727307319641,0.9624519348144531
35.398313760757446,0.9624519348144531
35.40934753417969,0.9624519348144531
35.4203724861145,0.9624519348144531
35.43141150474548,0.9624519348144531
35.44247841835022,0.9624519348144531
35.4535276889801,0.9624519348144531
35.46457266807556,0.9624519348144531
35.47561287879944,0.9624519348144531
35.486655473709106,0.9624519348144531
35.49769449234009,0.9624519348144531
35.50874090194702,0.9624519348144531
35.519776582717896,0.9624519348144531
35.530811071395874,0.9624519348144531
35.541842222213745,0.9624519348144531
35.55287790298462,0.9624519348144531
35.5639111995697,0.9624519348144531
35.574941873550415,0.9624519348144531
35.58598351478577,0.9624519348144531
35.59705853462219,0.8507041931152344
35.60809826850891,0.8507041931152344
35.61913299560547,0.8507041931152344
35.63016414642334,0.8507041931152344
35.641204595565796,0.8507041931152344
35.652235984802246,0.8507041931152344
35.663280963897705,0.8507041931152344
35.674325942993164,0.8507041931152344
35.685362100601196,0.8507041931152344
35.696412086486816,0.8507041931152344
35.707446575164795,0.8507041931152344
35.718477725982666,0.8507041931152344
35.72950506210327,0.8507041931152344
35.740546226501465,0.8507041931152344
35.751582622528076,0.8507041931152344
35.762622594833374,0.8507041931152344
35.7736759185791,0.8507041931152344
35.78472137451172,0.8507041931152344
35.7957718372345,0.8507041931152344
35.806809425354004,0.8507041931152344
35.81784796714783,0.8507041931152344
35.82887649536133,0.8507041931152344
35.839980363845825,0.8507041931152344
35.851012229919434,0.8507041931152344
35.862038135528564,0.8507041931152344
35.87307834625244,0.8507041931152344
35.88410782814026,0.8507041931152344
35.89513659477234,0.8507041931152344
35.90617537498474,0.8507041931152344
35.917210817337036,0.8507041931152344
35.92824053764343,0.8507041931152344
35.939292192459106,0.8507041931152344
35.95033001899719,0.8507041931152344
35.961376905441284,0.8507041931152344
35.972419023513794,0.8507041931152344
35.98346185684204,0.8507041931152344
35.99449419975281,0.8507041931152344
36.00556397438049,0.8507041931152344
36.01659965515137,0.8507041931152344
36.02763557434082,0.8507041931152344
36.038702964782715,0.8507041931152344
36.04974865913391,0.8507041931152344
36.060789823532104,0.8507041931152344
36.071826219558716,0.8507041931152344
36.08285999298096,0.8507041931152344
36.093897342681885,0.8507041931152344
36.104944705963135,0.8507041931152344
36.11598348617554,0.8507041931152344
36.127015829086304,0.8507041931152344
36.138054847717285,0.8507041931152344
36.149089097976685,0.8507041931152344
36.160120487213135,0.8507041931152344
36.171156883239746,0.8507041931152344
36.18218660354614,0.8507041931152344
36.19321823120117,0.8507041931152344
36.2042498588562,0.8507041931152344
36.215301513671875,0.8507041931152344
36.22633600234985,0.8507041931152344
36.23736095428467,0.8507041931152344
36.248409032821655,0.8507041931152344
36.259480237960815,0.8507041931152344
36.27052354812622,0.8507041931152344
36.28156518936157,0.8507041931152344
36.29259896278381,0.8507041931152344
36.30364418029785,0.8507041931152344
36.31468415260315,0.8507041931152344
36.32572889328003,0.8507041931152344
36.33677315711975,0.8507041931152344
36.34780550003052,0.8507041931152344
36.358861207962036,0.8507041931152344
36.36989951133728,0.8507041931152344
36.38093662261963,0.8507041931152344
36.391974210739136,0.8507041931152344
36.40300679206848,0.8507041931152344
36.41408705711365,0.8507041931152344
36.425143241882324,0.8507041931152344
36.43619394302368,0.8507041931152344
36.44725561141968,0.8507041931152344
36.458314180374146,0.8507041931152344
36.469404458999634,0.8507041931152344
36.4804904460907,0.8507041931152344
36.49152588844299,0.8507041931152344
36.502583742141724,0.8507041931152344
36.51362657546997,0.8507041931152344
36.52467942237854,0.8507041931152344
36.53572726249695,0.8507041931152344
36.54676699638367,0.8507041931152344
36.5578293800354,0.8507041931152344
36.56886625289917,0.8507041931152344
36.579899072647095,0.8507041931152344
36.59096360206604,0.8507041931152344
36.60199189186096,0.8507041931152344
36.613035440444946,0.8507041931152344
36.62425136566162,0.7389564514160156
36.63531756401062,0.7389564514160156
36.64637732505798,0.7389564514160156
36.65742826461792,0.7389564514160156
36.66847085952759,0.7389564514160156
36.67951416969299,0.7389564514160156
36.69055485725403,0.7389564514160156
36.70159387588501,0.7389564514160156
36.712636947631836,0.7389564514160156
36.72368860244751,0.7389564514160156
36.73474454879761,0.7389564514160156
36.74578094482422,0.7389564514160156
36.756819009780884,0.7389564514160156
36.76785659790039,0.7389564514160156
36.77890753746033,0.7389564514160156
36.78996157646179,0.17779541015625
36.80101466178894,0.17779541015625
36.81205081939697,0.17779541015625
36.82308650016785,0.17779541015625
36.83411407470703,0.17779541015625
36.84487438201904,0.17778396606445312
36.855637311935425,0.17778396606445312
36.866376638412476,0.17778396606445312
36.877132177352905,0.17778396606445312
36.887885093688965,0.17785263061523438
36.89863443374634,0.17785263061523438
36.90938639640808,0.17785263061523438
36.92013669013977,0.17785263061523438
36.930931091308594,0.17787933349609375
36.94170093536377,0.17793655395507812
36.95245289802551,0.17793655395507812
36.96321511268616,0.17793655395507812
36.973984241485596,0.17793655395507812
36.98478579521179,0.17793655395507812
36.99553847312927,0.17793655395507812
37.00627517700195,0.17793655395507812
37.01707148551941,0.17794418334960938
37.027827739715576,0.17794418334960938
37.03858280181885,0.17794418334960938
37.0493278503418,0.17613601684570312
37.060072898864746,0.17613601684570312
37.070828437805176,0.17613601684570312
37.081581115722656,0.17613601684570312
37.09231734275818,0.17613601684570312
37.10306930541992,0.17613601684570312
37.11381649971008,0.17613601684570312
37.124568700790405,0.17613601684570312
37.135327100753784,0.17613601684570312
37.14608097076416,0.17613601684570312
37.15684795379639,0.17613601684570312
37.167616844177246,0.17613601684570312
37.17838263511658,0.0
37.1890971660614,0.0
37.19984817504883,0.0
