t_sec,rss_gib
0.0076291561126708984,0.00563812255859375
0.01968836784362793,0.007472991943359375
0.03105783462524414,0.007472991943359375
0.042359113693237305,0.007472991943359375
0.053848981857299805,0.007472991943359375
0.06519651412963867,0.007472991943359375
0.07671046257019043,0.007472991943359375
0.08803224563598633,0.007472991943359375
0.0995790958404541,0.007472991943359375
0.11087369918823242,0.007472991943359375
0.12218642234802246,0.0078887939453125
0.133528470993042,0.0096588134765625
0.1447901725769043,0.00991058349609375
0.15628862380981445,0.01041412353515625
0.16758203506469727,0.01041412353515625
0.17877936363220215,0.01041412353515625
0.19022464752197266,0.01041412353515625
0.20154500007629395,0.01041412353515625
0.21309947967529297,0.01041412353515625
0.2244582176208496,0.01041412353515625
0.2359449863433838,0.01041412353515625
0.2473442554473877,0.01041412353515625
0.2586841583251953,0.01041412353515625
0.26998043060302734,0.01041412353515625
0.28159451484680176,0.01041412353515625
0.29312825202941895,0.01041412353515625
0.3043200969696045,0.01041412353515625
0.3157682418823242,0.0106658935546875
0.3270406723022461,0.0106658935546875
0.33837246894836426,0.0106658935546875
0.34955883026123047,0.0106658935546875
0.3611459732055664,0.0106658935546875
0.37254905700683594,0.0106658935546875
0.3839731216430664,0.0106658935546875
0.39528441429138184,0.0106658935546875
0.4065873622894287,0.0106658935546875
0.41788434982299805,0.0106658935546875
0.4291996955871582,0.0106658935546875
0.4406883716583252,0.0106658935546875
0.45207762718200684,0.0106658935546875
0.4633750915527344,0.0106658935546875
0.47466611862182617,0.0106658935546875
0.4861288070678711,0.0106658935546875
0.49745798110961914,0.0106658935546875
0.508897066116333,0.0106658935546875
0.520169734954834,0.0106658935546875
0.5316908359527588,0.0106658935546875
0.5428860187530518,0.0106658935546875
0.5542593002319336,0.0106658935546875
0.5654664039611816,0.0106658935546875
0.576932430267334,0.0106658935546875
0.5881557464599609,0.0106658935546875
0.5998415946960449,0.0106658935546875
0.6112504005432129,0.0106658935546875
0.6225688457489014,0.0106658935546875
0.6338620185852051,0.0106658935546875
0.6451497077941895,0.0106658935546875
0.656435489654541,0.0106658935546875
0.6676194667816162,0.0106658935546875
0.6790144443511963,0.0106658935546875
0.6902904510498047,0.0106658935546875
0.701960563659668,0.0106658935546875
0.7133409976959229,0.0106658935546875
0.7249407768249512,0.0106658935546875
0.7363500595092773,0.010974884033203125
0.7476377487182617,0.010974884033203125
0.7588505744934082,0.010974884033203125
0.7702136039733887,0.010974884033203125
0.7816891670227051,0.010974884033203125
0.7929697036743164,0.010974884033203125
0.8042452335357666,0.010974884033203125
0.8154385089874268,0.010974884033203125
0.8269097805023193,0.01302337646484375
0.8382635116577148,0.018733978271484375
0.8494448661804199,0.019237518310546875
0.8607501983642578,0.019992828369140625
0.8719451427459717,0.02130889892578125
0.8833014965057373,0.021877288818359375
0.8945436477661133,0.022747039794921875
0.905785322189331,0.022998809814453125
0.9171304702758789,0.02400970458984375
0.9284658432006836,0.02435302734375
0.9396793842315674,0.02435302734375
0.9509379863739014,0.02435302734375
0.9623253345489502,0.02435302734375
0.9736573696136475,0.02435302734375
0.9850358963012695,0.02435302734375
0.9967684745788574,0.02435302734375
1.0081794261932373,0.02435302734375
1.0195188522338867,0.02435302734375
1.0308091640472412,0.02435302734375
1.0423080921173096,0.02435302734375
1.0536651611328125,0.02435302734375
1.0649724006652832,0.02435302734375
1.076453685760498,0.02435302734375
1.0877609252929688,0.02435302734375
1.099139928817749,0.02435302734375
1.1106469631195068,0.02435302734375
1.1220593452453613,0.0252227783203125
1.1335675716400146,0.02622222900390625
1.14487886428833,0.026821136474609375
1.1562695503234863,0.02742767333984375
1.167518138885498,0.028564453125
1.1786749362945557,0.029796600341796875
1.1901345252990723,0.030918121337890625
1.201592206954956,0.030918121337890625
1.2127883434295654,0.031818389892578125
1.2239770889282227,0.03305816650390625
1.2355678081512451,0.035869598388671875
1.2469379901885986,0.035869598388671875
1.2583353519439697,0.035869598388671875
1.2695245742797852,0.035869598388671875
1.2810282707214355,0.035869598388671875
1.2924494743347168,0.035869598388671875
1.303720235824585,0.035869598388671875
1.315237045288086,0.035869598388671875
1.3265962600708008,0.035869598388671875
1.3380773067474365,0.035869598388671875
1.3494808673858643,0.035869598388671875
1.361032485961914,0.035869598388671875
1.3724658489227295,0.035869598388671875
1.3842406272888184,0.035869598388671875
1.395589828491211,0.035869598388671875
1.4074573516845703,0.035869598388671875
1.4190130233764648,0.035923004150390625
1.4303717613220215,0.036647796630859375
1.4417035579681396,0.037136077880859375
1.4531745910644531,0.037815093994140625
1.4646100997924805,0.038516998291015625
1.4759018421173096,0.038982391357421875
1.4871292114257812,0.039485931396484375
1.4983198642730713,0.039737701416015625
1.5097739696502686,0.039920806884765625
1.5210866928100586,0.04034423828125
1.5326039791107178,0.04059600830078125
1.5440115928649902,0.04080963134765625
1.5554921627044678,0.041194915771484375
1.5666818618774414,0.0413818359375
1.5779838562011719,0.04161834716796875
1.5893969535827637,0.04161834716796875
1.6007072925567627,0.04161834716796875
1.6119351387023926,0.04161834716796875
1.6231186389923096,0.04161834716796875
1.6348307132720947,0.04161834716796875
1.6462457180023193,0.04161834716796875
1.657663106918335,0.04161834716796875
1.6689083576202393,0.04161834716796875
1.680086612701416,0.04161834716796875
1.6915428638458252,0.04161834716796875
1.7030107975006104,0.04161834716796875
1.7145049571990967,0.04161834716796875
1.7259957790374756,0.04161834716796875
1.7372713088989258,0.04161834716796875
1.748678207397461,0.042018890380859375
1.759871006011963,0.0427703857421875
1.7712714672088623,0.0436553955078125
1.7825677394866943,0.04422760009765625
1.7938570976257324,0.044261932373046875
1.8051347732543945,0.0445098876953125
1.8166744709014893,0.04476165771484375
1.8281049728393555,0.04526519775390625
1.839418888092041,0.0455169677734375
1.850632667541504,0.0460205078125
1.8621702194213867,0.0460205078125
1.8735496997833252,0.0460205078125
1.8850688934326172,0.0460205078125
1.8964171409606934,0.0460205078125
1.9076781272888184,0.0460205078125
1.9192309379577637,0.0460205078125
1.9306342601776123,0.0460205078125
1.9420642852783203,0.0460205078125
1.9533107280731201,0.0460205078125
1.9645054340362549,0.0460205078125
1.9758119583129883,0.0460205078125
1.9873018264770508,0.0460205078125
1.9987032413482666,0.0460205078125
2.010190963745117,0.0460205078125
2.021498441696167,0.0460205078125
2.0327038764953613,0.046749114990234375
2.0439629554748535,0.047576904296875
2.0553901195526123,0.04834747314453125
2.0666842460632324,0.052570343017578125
2.0779659748077393,0.0535430908203125
2.0892536640167236,0.054058074951171875
2.1005423069000244,0.054485321044921875
2.11185359954834,0.0554656982421875
2.12343168258667,0.05741119384765625
2.1347668170928955,0.05741119384765625
2.146113634109497,0.05741119384765625
2.1574130058288574,0.05741119384765625
2.1687819957733154,0.05741119384765625
2.1803224086761475,0.05741119384765625
2.191624879837036,0.05741119384765625
2.202918291091919,0.05741119384765625
2.2144851684570312,0.05741119384765625
2.2259113788604736,0.05796051025390625
2.2371881008148193,0.059680938720703125
2.248689889907837,0.06008148193359375
2.2598788738250732,0.06237030029296875
2.2712008953094482,0.06450271606445312
2.282407283782959,0.06484222412109375
2.293959617614746,0.0667572021484375
2.3051533699035645,0.06763839721679688
2.316692352294922,0.068756103515625
2.327878952026367,0.069732666015625
2.3390767574310303,0.0714111328125
2.3504621982574463,0.07218551635742188
2.3618276119232178,0.07218551635742188
2.3732964992523193,0.07218551635742188
2.384751081466675,0.07218551635742188
2.3962531089782715,0.07218551635742188
2.4074370861053467,0.07218551635742188
2.4187204837799072,0.07218551635742188
2.430452346801758,0.07218551635742188
2.4417002201080322,0.07218551635742188
2.4532532691955566,0.07218551635742188
2.4646244049072266,0.07218551635742188
2.475815534591675,0.07218551635742188
2.4872827529907227,0.07218551635742188
2.498473882675171,0.07218551635742188
2.509742498397827,0.07218551635742188
2.521050453186035,0.07218551635742188
2.532494068145752,0.07218551635742188
2.5437710285186768,0.07218551635742188
2.5552377700805664,0.07218551635742188
2.5664288997650146,0.07218551635742188
2.577688455581665,0.07218551635742188
2.5892159938812256,0.07218551635742188
2.60050630569458,0.07218551635742188
2.6118316650390625,0.07218551635742188
2.6232542991638184,0.07218551635742188
2.6347548961639404,0.07218551635742188
2.6462936401367188,0.07218551635742188
2.6576521396636963,0.07218551635742188
2.668876886367798,0.07218551635742188
2.6803948879241943,0.07218551635742188
2.69169282913208,0.07218551635742188
2.703122854232788,0.07218551635742188
2.7146010398864746,0.07218551635742188
2.7260611057281494,0.07218551635742188
2.737337827682495,0.07218551635742188
2.7487149238586426,0.07218551635742188
2.7601242065429688,0.07218551635742188
2.7713043689727783,0.07218551635742188
2.782526731491089,0.07218551635742188
2.7939820289611816,0.07218551635742188
2.805506944656372,0.07218551635742188
2.8166744709014893,0.07218551635742188
2.8278565406799316,0.07218551635742188
2.839047431945801,0.07218551635742188
2.8504080772399902,0.07218551635742188
2.861663579940796,0.07218551635742188
2.873157501220703,0.07218551635742188
2.8849260807037354,0.07218551635742188
2.896270275115967,0.07218551635742188
2.9075539112091064,0.07218551635742188
2.9187934398651123,0.07218551635742188
2.9300529956817627,0.07218551635742188
2.9415407180786133,0.07218551635742188
2.952768564224243,0.07218551635742188
2.964294195175171,0.07218551635742188
2.975700616836548,0.07218551635742188
2.9871864318847656,0.07218551635742188
2.9985930919647217,0.07218551635742188
3.010010004043579,0.07218551635742188
3.0213568210601807,0.07218551635742188
3.032707691192627,0.07218551635742188
3.044027805328369,0.07218551635742188
3.0553219318389893,0.07218551635742188
3.0666370391845703,0.07218551635742188
3.0778887271881104,0.07218551635742188
3.089200973510742,0.07218551635742188
3.1010210514068604,0.07268905639648438
3.1125435829162598,0.07294464111328125
3.1238510608673096,0.07294464111328125
3.135059118270874,0.07294464111328125
3.1464409828186035,0.07294464111328125
3.157639265060425,0.07294464111328125
3.1688342094421387,0.07294464111328125
3.1801047325134277,0.07294464111328125
3.1914350986480713,0.07294464111328125
3.2027251720428467,0.07294464111328125
3.2141311168670654,0.07294464111328125
3.225414276123047,0.07294464111328125
3.236717700958252,0.073455810546875
3.2481048107147217,0.074462890625
3.2596518993377686,0.074920654296875
3.2710440158843994,0.07543182373046875
3.282310724258423,0.07683563232421875
3.293877363204956,0.07782745361328125
3.305263042449951,0.07989501953125
3.3167002201080322,0.08160018920898438
3.3279905319213867,0.08182144165039062
3.3394358158111572,0.08182144165039062
3.3509442806243896,0.08182144165039062
3.3622350692749023,0.08182144165039062
3.3734116554260254,0.08182144165039062
3.384620428085327,0.08182144165039062
3.3960137367248535,0.08182144165039062
3.407423496246338,0.08182144165039062
3.4190704822540283,0.08182144165039062
3.4304730892181396,0.08182144165039062
3.441774368286133,0.08182144165039062
3.4530537128448486,0.08182144165039062
3.464421510696411,0.08182144165039062
3.475616216659546,0.08182144165039062
3.4868884086608887,0.08182144165039062
3.498084545135498,0.08182144165039062
3.5093376636505127,0.08182144165039062
3.5209126472473145,0.08182144165039062
3.5321044921875,0.08182144165039062
3.5433082580566406,0.08182144165039062
3.5546963214874268,0.08182144165039062
3.5661866664886475,0.08182144165039062
3.5773732662200928,0.08182144165039062
3.588574171066284,0.08182144165039062
3.5998528003692627,0.08182144165039062
3.6112239360809326,0.08182144165039062
3.62284517288208,0.08182144165039062
3.6346044540405273,0.08182144165039062
3.6458823680877686,0.08182144165039062
3.6572859287261963,0.08182144165039062
3.6686222553253174,0.08182144165039062
3.6798079013824463,0.08182144165039062
3.6911797523498535,0.08182144165039062
3.702540636062622,0.08182144165039062
3.71394681930542,0.08182144165039062
3.72536563873291,0.08182144165039062
3.7367053031921387,0.08182144165039062
3.7478880882263184,0.08182144165039062
3.7592434883117676,0.08300018310546875
3.770716428756714,0.08423233032226562
3.7820911407470703,0.0848846435546875
3.7936108112335205,0.08513641357421875
3.8049376010894775,0.08538818359375
3.8162872791290283,0.08563995361328125
3.8275184631347656,0.0858917236328125
3.8392298221588135,0.0858917236328125
3.8506364822387695,0.0858917236328125
3.861837387084961,0.0858917236328125
3.8730101585388184,0.0858917236328125
3.8845772743225098,0.0858917236328125
3.895827293395996,0.0858917236328125
3.9072606563568115,0.0858917236328125
3.9188036918640137,0.0858917236328125
3.9300079345703125,0.0858917236328125
3.941296100616455,0.0858917236328125
3.952559232711792,0.0858917236328125
3.9639413356781006,0.0858917236328125
3.9752566814422607,0.0858917236328125
3.986609935760498,0.0858917236328125
3.998180389404297,0.0858917236328125
4.009486436843872,0.0858917236328125
4.020937919616699,0.0858917236328125
4.032128095626831,0.0858917236328125
4.043588161468506,0.0858917236328125
4.054958820343018,0.08614349365234375
4.066437244415283,0.08673095703125
4.077623128890991,0.08673095703125
4.08942174911499,0.08673095703125
4.100958824157715,0.08673095703125
4.112141847610474,0.08673095703125
4.123324394226074,0.08673095703125
4.1347291469573975,0.08673095703125
4.146174192428589,0.08673095703125
4.157359600067139,0.08673095703125
4.168548583984375,0.08673095703125
4.17989706993103,0.08673095703125
4.191448926925659,0.08673095703125
4.2026448249816895,0.08695220947265625
4.214084625244141,0.08695220947265625
4.225614786148071,0.08695220947265625
4.237326622009277,0.08695220947265625
4.249050855636597,0.08695220947265625
4.260655164718628,0.08695220947265625
4.2720489501953125,0.08695220947265625
4.283508777618408,0.08695220947265625
4.294762372970581,0.08695220947265625
4.305949926376343,0.08695220947265625
4.3174755573272705,0.08695220947265625
4.328659296035767,0.08695220947265625
4.3401172161102295,0.08695220947265625
4.351622819900513,0.08695220947265625
4.362820625305176,0.08723068237304688
4.374116659164429,0.08798599243164062
4.385460376739502,0.08823776245117188
4.396929502487183,0.08859634399414062
4.408563852310181,0.0891876220703125
4.420010566711426,0.0895843505859375
4.4312968254089355,0.08994293212890625
4.442591905593872,0.09075164794921875
4.453884601593018,0.09141921997070312
4.465101957321167,0.09167098999023438
4.476392030715942,0.092559814453125
4.487965106964111,0.092559814453125
4.499143838882446,0.092559814453125
4.510608911514282,0.092559814453125
4.52196478843689,0.092559814453125
4.533392667770386,0.092559814453125
4.545107126235962,0.092559814453125
4.556532144546509,0.092559814453125
4.567739009857178,0.092559814453125
4.578941106796265,0.092559814453125
4.590426206588745,0.092559814453125
4.602280855178833,0.092559814453125
4.6135945320129395,0.092559814453125
4.62531304359436,0.092559814453125
4.636713027954102,0.092559814453125
4.647960424423218,0.092559814453125
4.6593403816223145,0.092559814453125
4.6706438064575195,0.09302139282226562
4.6820244789123535,0.09352493286132812
4.693531513214111,0.094451904296875
4.704943418502808,0.09520721435546875
4.71623420715332,0.09571075439453125
4.72791600227356,0.09571075439453125
4.739257335662842,0.0959625244140625
4.75071382522583,0.0959625244140625
4.76225209236145,0.0959625244140625
4.773579120635986,0.0959625244140625
4.785091876983643,0.0959625244140625
4.796436548233032,0.09671783447265625
4.807788133621216,0.09671783447265625
4.819289207458496,0.09671783447265625
4.8306639194488525,0.09671783447265625
4.842120409011841,0.09671783447265625
4.853633165359497,0.09671783447265625
4.864980220794678,0.09671783447265625
4.876547574996948,0.09671783447265625
4.88804292678833,0.09671783447265625
4.899552583694458,0.09671783447265625
4.9110107421875,0.09671783447265625
4.922483682632446,0.09671783447265625
4.9340667724609375,0.09671783447265625
4.945765733718872,0.09671783447265625
4.9572434425354,0.09671783447265625
4.96859073638916,0.09671783447265625
4.980092525482178,0.09671783447265625
4.991493463516235,0.09671783447265625
5.00290846824646,0.09671783447265625
5.014232873916626,0.09671783447265625
5.0255913734436035,0.09671783447265625
5.036989688873291,0.09671783447265625
5.048198938369751,0.09671783447265625
5.0595738887786865,0.09671783447265625
5.070778131484985,0.09671783447265625
5.081976652145386,0.09671783447265625
5.0934388637542725,0.09671783447265625
5.105072975158691,0.09671783447265625
5.116524696350098,0.09671783447265625
5.128008127212524,0.09671783447265625
5.139208078384399,0.09671783447265625
5.150525808334351,0.09671783447265625
5.161787509918213,0.09671783447265625
5.17327880859375,0.09671783447265625
5.184544801712036,0.09671783447265625
5.195744752883911,0.09671783447265625
5.207026958465576,0.09671783447265625
5.21823525428772,0.09671783447265625
5.229434251785278,0.09671783447265625
5.240633726119995,0.09671783447265625
5.25195837020874,0.09671783447265625
5.2633514404296875,0.09671783447265625
5.274642705917358,0.09671783447265625
5.286017179489136,0.09671783447265625
5.297318458557129,0.09671783447265625
5.308513164520264,0.09671783447265625
5.31990909576416,0.09671783447265625
5.331378698348999,0.09671783447265625
5.342565536499023,0.09671783447265625
5.353983640670776,0.09671783447265625
5.365410804748535,0.09671783447265625
5.376907825469971,0.09671783447265625
5.3880956172943115,0.09671783447265625
5.399389982223511,0.09671783447265625
5.410830497741699,0.09722137451171875
5.422122001647949,0.09722137451171875
5.433653831481934,0.09722137451171875
5.4450953006744385,0.09722137451171875
5.456551551818848,0.09722137451171875
5.467989921569824,0.09722137451171875
5.479504346847534,0.09722137451171875
5.4910430908203125,0.09722137451171875
5.502457857131958,0.09722137451171875
5.5138843059539795,0.09722137451171875
5.5252509117126465,0.09722137451171875
5.536635875701904,0.09722137451171875
5.548206567764282,0.09722137451171875
5.559884548187256,0.09722137451171875
5.571301460266113,0.09722137451171875
5.582969903945923,0.09722137451171875
5.59426474571228,0.09722137451171875
5.605464458465576,0.09722137451171875
5.617208957672119,0.09722137451171875
5.628764390945435,0.09722137451171875
5.640295743942261,0.09722137451171875
5.651690483093262,0.09722137451171875
5.663003444671631,0.09722137451171875
5.674412250518799,0.09722137451171875
5.686081886291504,0.09722137451171875
5.697423219680786,0.09722137451171875
5.708802223205566,0.09747314453125
5.720085859298706,0.09747314453125
5.731286287307739,0.09747314453125
5.742490768432617,0.09747314453125
5.75378155708313,0.09747314453125
5.764965772628784,0.09747314453125
5.776203393936157,0.09747314453125
5.787547826766968,0.09747314453125
5.798964262008667,0.09747314453125
5.810460805892944,0.09747314453125
5.821876049041748,0.09747314453125
5.83311128616333,0.09747314453125
5.844330549240112,0.09747314453125
5.8555333614349365,0.09747314453125
5.866990327835083,0.0979766845703125
5.878201007843018,0.09822845458984375
5.889472246170044,0.0989837646484375
5.9008917808532715,0.0992889404296875
5.9122397899627686,0.0992889404296875
5.923491477966309,0.09964752197265625
5.934705018997192,0.09964752197265625
5.946047067642212,0.09964752197265625
5.957403898239136,0.09964752197265625
5.968703508377075,0.09964752197265625
5.980146646499634,0.09964752197265625
5.991523742675781,0.09964752197265625
6.003009796142578,0.09964752197265625
6.014209270477295,0.09964752197265625
6.025542974472046,0.09964752197265625
6.036839485168457,0.09964752197265625
6.048265695571899,0.09964752197265625
6.059828758239746,0.09964752197265625
6.071151971817017,0.09964752197265625
6.082601547241211,0.0998992919921875
6.0939249992370605,0.0998992919921875
6.105174779891968,0.10015106201171875
6.11638617515564,0.10015106201171875
6.127958059310913,0.10040283203125
6.139167308807373,0.1009063720703125
6.150399446487427,0.1009063720703125
6.161785840988159,0.10115814208984375
6.173345565795898,0.10166168212890625
6.18465781211853,0.10216522216796875
6.195899486541748,0.10266876220703125
6.207354784011841,0.1029205322265625
6.218690395355225,0.10362625122070312
6.230133533477783,0.10362625122070312
6.241567373275757,0.10362625122070312
6.252760887145996,0.10362625122070312
6.264279365539551,0.10362625122070312
6.275712251663208,0.10362625122070312
6.286913871765137,0.10362625122070312
6.298153877258301,0.10362625122070312
6.309351444244385,0.10362625122070312
6.320533275604248,0.10362625122070312
6.331860542297363,0.10362625122070312
6.343101739883423,0.10362625122070312
6.354593515396118,0.10362625122070312
6.36583399772644,0.10412979125976562
6.37702751159668,0.10438156127929688
6.388563871383667,0.10438156127929688
6.399991273880005,0.10463333129882812
6.411283731460571,0.10513687133789062
6.422471046447754,0.10538864135742188
6.433661699295044,0.10564041137695312
6.444987058639526,0.10639572143554688
6.456514120101929,0.10886764526367188
6.467828273773193,0.10886764526367188
6.479226589202881,0.10911941528320312
6.490522861480713,0.10988998413085938
6.501770973205566,0.11039352416992188
6.513186931610107,0.111968994140625
6.524608373641968,0.11388397216796875
6.5359132289886475,0.11388397216796875
6.5472023487091064,0.11388397216796875
6.558451175689697,0.11388397216796875
6.569848299026489,0.11388397216796875
6.581167459487915,0.11388397216796875
6.5923590660095215,0.11388397216796875
6.603691816329956,0.11388397216796875
6.615372657775879,0.11388397216796875
6.626623153686523,0.11388397216796875
6.63780951499939,0.11388397216796875
6.649004697799683,0.11388397216796875
6.660321474075317,0.11388397216796875
6.671686172485352,0.11388397216796875
6.682976245880127,0.1141357421875
6.694272994995117,0.11589813232421875
6.705569505691528,0.11614990234375
6.7170820236206055,0.11818313598632812
6.728496551513672,0.11933517456054688
6.73997163772583,0.12032318115234375
6.751250743865967,0.120574951171875
6.762658357620239,0.12082672119140625
6.773955583572388,0.122039794921875
6.785414695739746,0.123046875
6.796844482421875,0.12329864501953125
6.8082239627838135,0.12447357177734375
6.81941556930542,0.12514877319335938
6.830621719360352,0.12565231323242188
6.841912031173706,0.12590408325195312
6.853132724761963,0.12615585327148438
6.864468812942505,0.12665939331054688
6.875885248184204,0.12691116333007812
6.887109041213989,0.12716293334960938
6.898395776748657,0.12716293334960938
6.909881114959717,0.12716293334960938
6.921216011047363,0.12716293334960938
6.932417154312134,0.12716293334960938
6.943622827529907,0.12716293334960938
6.954939126968384,0.12716293334960938
6.966183662414551,0.12716293334960938
6.977672100067139,0.12716293334960938
6.989081144332886,0.12716293334960938
7.00030255317688,0.12716293334960938
7.01172137260437,0.12716293334960938
7.023040771484375,0.12716293334960938
7.034362554550171,0.12716293334960938
7.045562267303467,0.12716293334960938
7.056859493255615,0.12766647338867188
7.068183183670044,0.12766647338867188
7.079649209976196,0.12766647338867188
7.091082811355591,0.12791824340820312
7.102542161941528,0.12892532348632812
7.113813161849976,0.12917709350585938
7.1252312660217285,0.12993240356445312
7.136609077453613,0.12993240356445312
7.1478753089904785,0.12993240356445312
7.1593101024627686,0.12993240356445312
7.171053886413574,0.12993240356445312
7.182675361633301,0.12993240356445312
7.194052219390869,0.12993240356445312
7.205735921859741,0.12993240356445312
7.2174296379089355,0.12993240356445312
7.229028940200806,0.12993240356445312
7.240233659744263,0.12993240356445312
7.251479148864746,0.12993240356445312
7.263307571411133,0.13018417358398438
7.2752463817596436,0.13018417358398438
7.286666393280029,0.13018417358398438
7.298285961151123,0.13018417358398438
7.309646844863892,0.13018417358398438
7.321120500564575,0.13018417358398438
7.332404851913452,0.13018417358398438
7.343780517578125,0.13018417358398438
7.355077028274536,0.13018417358398438
7.36644721031189,0.13018417358398438
7.377641201019287,0.13018417358398438
7.388986349105835,0.13043594360351562
7.400514125823975,0.13043594360351562
7.411834478378296,0.13043594360351562
7.423027276992798,0.13043594360351562
7.4345862865448,0.13043594360351562
7.445977449417114,0.13043594360351562
7.457320213317871,0.13043594360351562
7.468660116195679,0.13043594360351562
7.479961156845093,0.13043594360351562
7.491447448730469,0.13043594360351562
7.502648830413818,0.13043594360351562
7.513951063156128,0.13043594360351562
7.525248765945435,0.13043594360351562
7.536655902862549,0.13043594360351562
7.547852277755737,0.13043594360351562
7.55904483795166,0.13043594360351562
7.570598125457764,0.13043594360351562
7.581934452056885,0.13043594360351562
7.593219041824341,0.13068771362304688
7.604579210281372,0.13068771362304688
7.6160664558410645,0.13068771362304688
7.627719402313232,0.13068771362304688
7.638905763626099,0.13068771362304688
7.650224447250366,0.13068771362304688
7.661670684814453,0.13068771362304688
7.673022985458374,0.13068771362304688
7.6842145919799805,0.13068771362304688
7.695565938949585,0.13068771362304688
7.707094430923462,0.13068771362304688
7.718398332595825,0.13068771362304688
7.7295989990234375,0.13068771362304688
7.7408530712127686,0.13068771362304688
7.752381324768066,0.13068771362304688
7.763931035995483,0.13093948364257812
7.775494575500488,0.13119125366210938
7.786842584609985,0.13194656372070312
7.79830527305603,0.13428878784179688
7.809599161148071,0.13489913940429688
7.820905447006226,0.13489913940429688
7.832092761993408,0.13489913940429688
7.843457937240601,0.13489913940429688
7.854825019836426,0.13489913940429688
7.8660266399383545,0.13489913940429688
7.87739634513855,0.13489913940429688
7.8885862827301025,0.13489913940429688
7.899938106536865,0.13489913940429688
7.9113757610321045,0.13489913940429688
7.922813415527344,0.13489913940429688
7.934061527252197,0.13489913940429688
7.945277214050293,0.13489913940429688
7.956740856170654,0.13489913940429688
7.968250513076782,0.13515090942382812
7.979578733444214,0.13565444946289062
7.990905046463013,0.13590621948242188
8.002202272415161,0.13615798950195312
8.013495683670044,0.13835525512695312
8.024949550628662,0.1407928466796875
8.036468505859375,0.14413070678710938
8.047673225402832,0.14493560791015625
8.058960437774658,0.14561843872070312
8.070287227630615,0.14601516723632812
8.08146858215332,0.14626693725585938
8.092647790908813,0.14678573608398438
8.104079961776733,0.14678573608398438
8.11571192741394,0.14678573608398438
8.12714672088623,0.14678573608398438
8.138772964477539,0.14678573608398438
8.149966478347778,0.14678573608398438
8.161253452301025,0.14678573608398438
8.172505855560303,0.14678573608398438
8.18390965461731,0.14678573608398438
8.195514440536499,0.14678573608398438
8.206979513168335,0.14678573608398438
8.21837830543518,0.14678573608398438
8.229857444763184,0.14678573608398438
8.241046905517578,0.14678573608398438
8.252466678619385,0.14678573608398438
8.263817548751831,0.14678573608398438
8.275325775146484,0.147613525390625
8.286998748779297,0.14837646484375
8.298513174057007,0.14886474609375
8.310157299041748,0.15057754516601562
8.321458578109741,0.15362930297851562
8.332929611206055,0.15410232543945312
8.344112396240234,0.15410232543945312
8.355581283569336,0.15410232543945312
8.367056369781494,0.15410232543945312
8.37824821472168,0.15410232543945312
8.389575481414795,0.15410232543945312
8.40079379081726,0.15410232543945312
8.412032127380371,0.15410232543945312
8.4232177734375,0.15410232543945312
8.434665203094482,0.15410232543945312
8.44592833518982,0.15410232543945312
8.457160234451294,0.15410232543945312
8.468482732772827,0.15410232543945312
8.479685306549072,0.15410232543945312
8.49105978012085,0.15410232543945312
8.502260208129883,0.15470504760742188
8.513521194458008,0.15520858764648438
8.525031089782715,0.15595245361328125
8.536652088165283,0.1564483642578125
8.547898292541504,0.15707778930664062
8.55940055847168,0.15707778930664062
8.570789337158203,0.15707778930664062
8.582167387008667,0.15707778930664062
8.59342622756958,0.15707778930664062
8.605129718780518,0.15707778930664062
8.61668348312378,0.15707778930664062
8.628002882003784,0.15707778930664062
8.639511108398438,0.15707778930664062
8.651463985443115,0.15707778930664062
8.666450262069702,0.15707778930664062
8.678597450256348,0.15789031982421875
8.690134525299072,0.1585845947265625
8.701474905014038,0.15994644165039062
8.712985277175903,0.16044998168945312
8.724286079406738,0.16070175170898438
8.735818862915039,0.16070175170898438
8.747026443481445,0.16070175170898438
8.758329153060913,0.16070175170898438
8.769630908966064,0.16070175170898438
8.78092646598816,0.16070175170898438
8.792187452316284,0.16070175170898438
8.803615808486938,0.16070175170898438
8.814826250076294,0.16070175170898438
8.826021909713745,0.16070175170898438
8.837239027023315,0.16070175170898438
8.848543882369995,0.16070175170898438
8.859918117523193,0.16070175170898438
8.87110424041748,0.16070175170898438
8.882291555404663,0.16070175170898438
8.893843650817871,0.16070175170898438
8.905329465866089,0.16114044189453125
8.916563272476196,0.16196060180664062
8.928141593933105,0.16246414184570312
8.939435958862305,0.1631317138671875
8.95087194442749,0.1631317138671875
8.962157249450684,0.16388702392578125
8.973682880401611,0.164642333984375
8.985241174697876,0.16836166381835938
8.996848344802856,0.16853713989257812
9.008201599121094,0.16916656494140625
9.019517660140991,0.16916656494140625
9.03076696395874,0.16916656494140625
9.042222738265991,0.16916656494140625
9.053481340408325,0.16916656494140625
9.064776420593262,0.16916656494140625
9.076275110244751,0.16916656494140625
9.087801218032837,0.16916656494140625
9.099000453948975,0.16916656494140625
9.110272884368896,0.16916656494140625
9.121663093566895,0.16916656494140625
9.132853746414185,0.16916656494140625
9.144234657287598,0.16916656494140625
9.155412673950195,0.16916656494140625
9.166791677474976,0.16916656494140625
9.17809796333313,0.16916656494140625
9.18963098526001,0.16916656494140625
9.201082706451416,0.1694488525390625
9.212486982345581,0.17037582397460938
9.223766088485718,0.17134857177734375
9.235060453414917,0.17303085327148438
9.246397018432617,0.17504501342773438
9.257900476455688,0.17588043212890625
9.269352436065674,0.1761322021484375
9.280704498291016,0.1761322021484375
9.291902303695679,0.1761322021484375
9.303099155426025,0.1761322021484375
9.314393520355225,0.1761322021484375
9.325921535491943,0.1761322021484375
9.337106466293335,0.1761322021484375
9.348332405090332,0.1761322021484375
9.35962462425232,0.1761322021484375
9.370829343795776,0.1761322021484375
9.382349014282227,0.1761322021484375
9.393714904785156,0.1761322021484375
9.404971837997437,0.1761322021484375
9.416171550750732,0.1766357421875
9.42766261100769,0.4146881103515625
9.439223527908325,0.6754646301269531
9.45089077949524,0.6767082214355469
9.462664127349854,0.6773681640625
9.474239826202393,0.6778373718261719
9.509900331497192,0.6780662536621094
9.521732330322266,0.678802490234375
9.533351421356201,0.6795539855957031
9.545009851455688,0.6800498962402344
9.610006332397461,0.6810493469238281
9.621653318405151,0.6816978454589844
9.63331651687622,0.6822242736816406
9.644881963729858,0.683074951171875
9.656521797180176,0.683074951171875
9.668026447296143,0.683074951171875
9.67958402633667,0.683074951171875
9.691316843032837,0.683074951171875
9.702890634536743,0.683074951171875
9.71444034576416,0.826385498046875
9.726027250289917,0.9982109069824219
9.737735748291016,1.1100082397460938
9.749254703521729,0.9398536682128906
9.810178518295288,0.9232673645019531
9.821836709976196,0.9183692932128906
9.833427906036377,0.9115638732910156
9.845185041427612,0.9403114318847656
9.909902572631836,1.1506919860839844
9.92158317565918,1.1883125305175781
9.9331374168396,1.0577392578125
9.944856882095337,1.0504302978515625
10.009958982467651,1.0716629028320312
10.021644830703735,1.0762100219726562
10.033268928527832,1.2641983032226562
10.044822454452515,1.4252395629882812
10.109960556030273,1.5100212097167969
10.122101306915283,1.5138702392578125
10.134366750717163,1.614776611328125
10.146149158477783,1.5763931274414062
10.210506200790405,1.7032508850097656
10.221999168395996,1.677032470703125
10.23357367515564,1.8418350219726562
10.245311975479126,1.7827110290527344
10.31053376197815,1.8014602661132812
10.322066307067871,1.868408203125
10.333735942840576,1.9176864624023438
10.345474481582642,1.9534339904785156
10.409876346588135,2.017284393310547
10.421965837478638,2.0490570068359375
10.433562517166138,1.8879928588867188
10.44527006149292,1.8866424560546875
10.510731935501099,2.023651123046875
10.522739887237549,2.0537796020507812
10.534457921981812,1.9821395874023438
10.545987844467163,1.9226722717285156
10.61035943031311,1.9514274597167969
10.62249493598938,2.0329627990722656
10.634047985076904,1.9317131042480469
10.645598888397217,1.972412109375
10.657211542129517,1.9320716857910156
10.711498260498047,1.9810676574707031
10.723068952560425,2.025371551513672
10.734768629074097,1.9581222534179688
10.74632215499878,2.077484130859375
10.810373306274414,1.926910400390625
10.822011947631836,2.0037193298339844
10.833696603775024,1.8746185302734375
10.845225811004639,1.9303627014160156
10.910616159439087,2.029998779296875
10.92215609550476,1.9516830444335938
10.933897018432617,1.8459892272949219
10.945578336715698,1.8894500732421875
10.957190036773682,1.9920005798339844
11.009965658187866,2.0129737854003906
11.021641254425049,2.076427459716797
11.033182382583618,1.9720573425292969
11.044710874557495,1.8581390380859375
11.109957456588745,1.9412574768066406
11.121650695800781,1.9830970764160156
11.133526086807251,2.0067291259765625
11.145020961761475,2.0548782348632812
11.21067190170288,1.8914413452148438
11.222200155258179,1.901702880859375
11.233674049377441,1.9984474182128906
11.245214939117432,2.128803253173828
11.310136318206787,1.8401641845703125
11.321817636489868,1.8716201782226562
11.333412408828735,1.9545860290527344
11.344967126846313,2.0624618530273438
11.409960746765137,2.0124855041503906
11.42155647277832,1.9111213684082031
11.433176040649414,1.9133262634277344
11.444855451583862,1.9785232543945312
11.509955167770386,1.9576072692871094
11.521633625030518,1.9515953063964844
11.533267736434937,1.9720954895019531
11.54494571685791,1.9327278137207031
11.609952449798584,1.9763908386230469
11.621604919433594,1.8308525085449219
11.633307456970215,1.9946441650390625
11.645053625106812,1.8752021789550781
11.710429668426514,1.9268074035644531
11.722066164016724,1.9905128479003906
11.733855962753296,2.019603729248047
11.74539303779602,1.9996757507324219
11.757072687149048,1.8361129760742188
11.811328887939453,1.8561058044433594
11.822959184646606,2.0260543823242188
11.834744930267334,1.8941383361816406
11.846309423446655,1.9268074035644531
11.91059398651123,2.0138816833496094
11.922260522842407,1.9013175964355469
11.933939933776855,1.9015655517578125
11.945650815963745,1.96881103515625
11.957441806793213,1.9330024719238281
12.011878252029419,1.9362258911132812
12.023433208465576,2.0453834533691406
12.035009384155273,2.0159034729003906
12.046562910079956,1.9486885070800781
12.11005973815918,1.9134788513183594
12.121748208999634,1.9211997985839844
12.133652925491333,2.0079917907714844
12.145267248153687,2.0512847900390625
12.2107572555542,1.8599472045898438
12.222745418548584,1.8892745971679688
12.23424243927002,1.9818229675292969
12.246049880981445,2.1062965393066406
12.257789373397827,1.9261093139648438
12.311547756195068,1.8280181884765625
12.323050260543823,1.8954086303710938
12.334839105606079,1.9409980773925781
12.34637451171875,1.962646484375
12.410577774047852,2.022563934326172
12.422107219696045,1.9322166442871094
12.434003353118896,1.9484329223632812
12.445687770843506,1.8601913452148438
12.457366704940796,1.9916534423828125
12.510460138320923,1.9815406799316406
12.522087335586548,2.1434707641601562
12.5336434841156,1.9208869934082031
12.545160293579102,1.8049278259277344
12.610146284103394,1.8942184448242188
12.62188720703125,2.0096664428710938
12.6336088180542,2.019336700439453
12.645511150360107,2.0259971618652344
12.709951877593994,1.8862342834472656
12.72166657447815,2.0010414123535156
12.733290672302246,1.9644584655761719
12.744864225387573,2.0181350708007812
12.810098648071289,2.0209503173828125
12.8218355178833,1.9522018432617188
12.833664417266846,2.015064239501953
12.845201253890991,1.9103775024414062
12.909955978393555,1.94354248046875
12.921613931655884,2.114215850830078
12.933393001556396,1.9986610412597656
12.94521713256836,1.8478965759277344
13.011188983917236,1.8420829772949219
13.022840976715088,2.0475540161132812
13.034582376480103,2.0115814208984375
13.046122789382935,1.9224510192871094
13.057775020599365,1.8729286193847656
13.10997986793518,1.85205078125
13.121628046035767,1.9462394714355469
13.133167266845703,2.0131263732910156
13.144824981689453,1.9882469177246094
13.210357904434204,1.8028755187988281
13.221888780593872,1.9747505187988281
13.23337435722351,1.9971427917480469
13.244804382324219,2.00927734375
13.310088634490967,1.8818893432617188
13.32179594039917,1.9925346374511719
13.333593130111694,1.8579559326171875
13.345241785049438,2.033966064453125
13.410292863845825,1.9748611450195312
13.422298431396484,1.9847526550292969
13.433907270431519,1.9137306213378906
13.44588017463684,1.883880615234375
13.51046109199524,2.008716583251953
13.5225510597229,2.0096282958984375
13.53418231010437,1.8638153076171875
13.54565167427063,1.9620361328125
13.557355880737305,1.94903564453125
13.611527919769287,1.9834213256835938
13.623123168945312,1.951995849609375
13.634766578674316,1.9138908386230469
13.646201133728027,2.064014434814453
13.657857894897461,2.0151138305664062
13.710928201675415,2.0478057861328125
13.722594738006592,1.9734420776367188
13.73413372039795,1.9173812866210938
13.74565839767456,2.047760009765625
13.810486555099487,1.9092330932617188
13.822014570236206,1.9986114501953125
13.834078788757324,1.7860145568847656
13.845924854278564,1.9585838317871094
13.909965753555298,1.98919677734375
13.921725034713745,2.0141563415527344
13.933404922485352,1.9742393493652344
13.9449622631073,1.8830986022949219
14.00996732711792,1.9485397338867188
14.021655559539795,1.9817886352539062
14.033406972885132,2.0335121154785156
14.045126676559448,1.9847030639648438
14.11067533493042,1.9211311340332031
14.122238636016846,1.9492378234863281
14.133942365646362,1.93133544921875
14.14547061920166,2.0473365783691406
14.156877279281616,1.9889450073242188
14.210048913955688,1.9492225646972656
14.221583366394043,1.9553337097167969
14.23304533958435,1.992401123046875
14.244624614715576,2.1248550415039062
14.309963941574097,1.9595832824707031
14.321653127670288,1.8719444274902344
14.333348751068115,1.8731727600097656
14.345064163208008,1.9987335205078125
14.409952163696289,1.9999809265136719
14.421592950820923,1.8579559326171875
14.433259963989258,1.9127845764160156
14.444833755493164,1.9346237182617188
14.510308265686035,1.9814376831054688
14.521887063980103,1.9832496643066406
14.53347897529602,1.9595146179199219
14.54500699043274,1.8518486022949219
14.609952926635742,2.0138587951660156
14.621633529663086,1.9093818664550781
14.633150339126587,2.0118637084960938
14.644747018814087,1.9593124389648438
14.709972143173218,1.9269981384277344
14.721982479095459,1.9202880859375
14.733791589736938,2.094036102294922
14.745357275009155,2.0562705993652344
14.810157537460327,1.9517288208007812
14.821825981140137,1.9278602600097656
14.83360242843628,1.9601516723632812
14.845311403274536,1.9255332946777344
14.910188436508179,2.0154571533203125
14.921889543533325,1.9347686767578125
14.933733701705933,1.8667030334472656
14.945282936096191,1.9214439392089844
15.00991702079773,1.9447212219238281
15.021790266036987,2.0279197692871094
15.033365488052368,1.9739761352539062
15.04491138458252,1.830963134765625
15.110475778579712,1.9770126342773438
15.12216329574585,2.0195693969726562
15.133958578109741,2.0595932006835938
15.145511388778687,1.8993644714355469
15.157001733779907,1.80902099609375
15.209911108016968,1.85198974609375
15.22156286239624,2.0224533081054688
15.233054637908936,2.0767288208007812
15.244593858718872,2.0109825134277344
15.31038498878479,1.8376388549804688
15.322086334228516,1.985870361328125
15.334174394607544,2.001689910888672
15.34587836265564,1.9143905639648438
15.410102844238281,1.9961585998535156
15.42177700996399,1.9944801330566406
15.433244943618774,1.9048728942871094
15.444666624069214,1.9028968811035156
15.510095596313477,1.9651718139648438
15.521760940551758,2.0460662841796875
15.533423662185669,1.9768905639648438
15.544976234436035,1.864166259765625
15.609964609146118,2.0145721435546875
15.621639251708984,2.0310821533203125
15.633493185043335,1.9236488342285156
15.6452054977417,1.9623374938964844
15.7101571559906,1.9380455017089844
15.721812725067139,2.0085411071777344
15.733585596084595,1.9306068420410156
15.745320558547974,2.043365478515625
15.810112237930298,1.9902610778808594
15.821796178817749,1.9196128845214844
15.833311080932617,1.8599472045898438
15.845060586929321,1.9492568969726562
15.910412788391113,2.0551681518554688
15.921983480453491,1.9874229431152344
15.933770656585693,1.9566879272460938
15.945321321487427,1.8756370544433594
15.95685338973999,2.0134811401367188
16.013054847717285,1.9750709533691406
16.02646255493164,2.075916290283203
16.038203239440918,1.9663581848144531
16.049932718276978,1.840728759765625
16.109951496124268,1.9807510375976562
16.121715545654297,1.9105873107910156
16.133406400680542,1.9568023681640625
16.145233392715454,2.0633544921875
16.210108518600464,1.9698600769042969
16.221869468688965,1.8563461303710938
16.23347282409668,1.9167442321777344
16.245226621627808,2.0887222290039062
16.311200618743896,1.9418296813964844
16.322889804840088,1.9193916320800781
16.33445453643799,1.8896942138671875
16.34604024887085,2.043773651123047
16.40991449356079,2.082660675048828
16.42177724838257,1.9402809143066406
16.433517932891846,1.9385986328125
16.44517683982849,1.9918479919433594
16.510157346725464,2.0421066284179688
16.521862983703613,2.0567703247070312
16.53358507156372,2.0116920471191406
16.545249938964844,1.8520317077636719
16.610504150390625,1.986724853515625
16.622042179107666,1.9898872375488281
16.633562088012695,2.0866661071777344
16.645232677459717,2.026439666748047
16.709954023361206,2.0356826782226562
16.721644163131714,2.022686004638672
16.733441829681396,2.0104827880859375
16.745002508163452,2.0789108276367188
16.810047388076782,1.9681549072265625
16.821719646453857,2.114643096923828
16.83360266685486,1.9722023010253906
16.84514832496643,2.0336761474609375
16.91059184074402,2.0885658264160156
16.92212963104248,2.0398178100585938
16.933956384658813,1.9916915893554688
16.94551420211792,1.9854774475097656
16.95716118812561,1.9479789733886719
17.009958505630493,1.978118896484375
17.02161979675293,2.0746116638183594
17.033170223236084,2.0604476928710938
17.044729948043823,2.0125656127929688
17.110151290893555,1.8982696533203125
17.12181520462036,2.073650360107422
17.133368253707886,2.0491180419921875
17.144919395446777,2.0586471557617188
17.209945678710938,1.9807395935058594
17.22206997871399,1.9684944152832031
17.23391056060791,2.088665008544922
17.245563507080078,2.074535369873047
17.310132026672363,2.110401153564453
17.321808576583862,2.0047149658203125
17.333609342575073,2.1782264709472656
17.3453688621521,1.9740486145019531
17.410095691680908,2.087230682373047
17.4218270778656,2.1555023193359375
17.433496236801147,2.085071563720703
17.445027112960815,1.9124221801757812
17.509979963302612,2.0305213928222656
17.521928787231445,2.1174049377441406
17.533769607543945,2.1387672424316406
17.54530906677246,2.0163726806640625
17.610244750976562,1.9993629455566406
17.621927976608276,2.0701332092285156
17.63358426094055,2.109466552734375
17.645017862319946,2.1980972290039062
17.709965467453003,1.9791259765625
17.721638202667236,2.088287353515625
17.733410835266113,2.1124305725097656
17.744969367980957,2.184803009033203
17.810617446899414,1.9287948608398438
17.82229471206665,2.1120948791503906
17.83418035507202,1.9246368408203125
17.845832586288452,2.0924644470214844
17.91014337539673,2.1904945373535156
17.922291040420532,2.1739044189453125
17.933948516845703,2.064239501953125
17.945550203323364,2.009510040283203
18.00995635986328,2.075115203857422
18.02188229560852,2.2096481323242188
18.03355836868286,2.1603164672851562
18.04525351524353,2.0011863708496094
18.11035180091858,1.9959945678710938
18.122026681900024,2.186920166015625
18.13363790512085,2.1641998291015625
18.145190000534058,2.0631370544433594
18.21014428138733,2.1203994750976562
18.222326040267944,2.207691192626953
18.234133005142212,2.276844024658203
18.24587631225586,2.1494369506835938
18.31065559387207,2.1321372985839844
18.322197914123535,2.2244834899902344
18.33390784263611,2.187847137451172
18.3455913066864,2.073169708251953
18.410501956939697,2.1662521362304688
18.422176361083984,2.2066307067871094
18.434004068374634,2.1328773498535156
18.445569038391113,2.1239967346191406
18.510080814361572,2.125457763671875
18.521806001663208,2.169231414794922
18.53345799446106,2.1191062927246094
18.54511523246765,2.1387901306152344
18.6102614402771,2.2869491577148438
18.621946096420288,2.0827674865722656
18.633562326431274,2.17584228515625
18.645221948623657,2.2277565002441406
18.709970235824585,2.254558563232422
18.72166919708252,2.1476097106933594
18.733222723007202,2.1927566528320312
18.745182037353516,2.1861419677734375
18.810306549072266,2.1956748962402344
18.822006940841675,2.2641143798828125
18.833860874176025,2.3922958374023438
18.845603466033936,2.3420333862304688
18.91014575958252,2.183330535888672
18.92181372642517,2.2427444458007812
18.93330192565918,2.3232078552246094
18.944862842559814,2.199127197265625
19.00990056991577,2.159320831298828
19.021700620651245,2.219390869140625
19.033268928527832,2.272510528564453
19.044809103012085,2.2037277221679688
19.110135793685913,2.2798500061035156
19.12181067466736,2.3323631286621094
19.133361339569092,2.309814453125
19.14492678642273,2.2785072326660156
19.210139751434326,2.3102493286132812
19.22178626060486,2.2057952880859375
19.233823776245117,2.252460479736328
19.24561357498169,2.20654296875
19.309868812561035,2.2441368103027344
19.322017192840576,2.3113937377929688
19.333582162857056,2.3220367431640625
19.345141887664795,2.2562789916992188
19.410724639892578,2.22918701171875
19.422399282455444,2.2884902954101562
19.43401074409485,2.2754669189453125
19.445575952529907,2.170642852783203
19.457384824752808,2.2900733947753906
19.51079821586609,2.244243621826172
19.52251434326172,2.271808624267578
19.534098625183105,2.203083038330078
19.545897722244263,2.270221710205078
19.610109567642212,2.2024497985839844
19.621687173843384,2.239696502685547
19.633201122283936,2.2992286682128906
19.644713640213013,2.2775497436523438
19.71015501022339,2.3046188354492188
19.721839904785156,2.211956024169922
19.733678340911865,2.307708740234375
19.745347261428833,2.2006683349609375
19.81028127670288,2.2660255432128906
19.821949243545532,2.209461212158203
19.83343529701233,2.3004150390625
19.84491205215454,2.2749404907226562
19.8564612865448,2.3423995971679688
19.911725282669067,2.251811981201172
19.923352003097534,2.1873435974121094
19.935010194778442,2.223163604736328
19.946606874465942,2.2333030700683594
20.010149717330933,2.2507476806640625
20.021824836730957,2.3178024291992188
20.03342366218567,2.212200164794922
20.044984340667725,2.1585693359375
20.110088109970093,2.2795982360839844
20.121776342391968,2.2857093811035156
20.13343906402588,2.2672348022460938
20.14500069618225,2.2261314392089844
20.209962844848633,2.260517120361328
20.22163724899292,2.2971229553222656
20.23374891281128,2.3027610778808594
20.245518445968628,2.3175621032714844
20.310415983200073,2.273693084716797
20.322076082229614,2.3057289123535156
20.33393669128418,2.2423858642578125
20.345766067504883,2.2232284545898438
20.41013789176941,2.2179298400878906
20.421881198883057,2.2450103759765625
20.43360996246338,2.2295265197753906
20.445327520370483,2.2541122436523438
20.511043071746826,2.2564239501953125
20.522899866104126,2.19287109375
20.53506898880005,2.218860626220703
20.54710030555725,2.24261474609375
20.61013650894165,2.2864036560058594
20.62213635444641,2.273529052734375
20.63394284248352,2.2075881958007812
20.6454975605011,2.1929588317871094
20.70995044708252,2.2698440551757812
20.722090005874634,2.3820877075195312
20.733959197998047,2.3189620971679688
20.74585199356079,2.1969146728515625
20.810142517089844,2.2193069458007812
20.821792125701904,2.2602081298828125
20.833494424819946,2.3029708862304688
20.844899654388428,2.24224853515625
20.910149097442627,2.236236572265625
20.92182230949402,2.331310272216797
20.933425903320312,2.224651336669922
20.944995403289795,2.2814598083496094
21.010124444961548,2.2413673400878906
21.021738529205322,2.3055763244628906
21.033432960510254,2.2405014038085938
21.04497194290161,2.2984275817871094
21.110069036483765,2.3150482177734375
21.121729850769043,2.2374534606933594
21.133360862731934,2.310596466064453
21.144941568374634,2.2732086181640625
21.210113048553467,2.2609596252441406
21.221781730651855,2.3183135986328125
21.233574390411377,2.2795982360839844
21.245245695114136,2.2970237731933594
21.309962272644043,2.3223648071289062
21.32161855697632,2.263385772705078
21.333369970321655,2.2306785583496094
21.344921350479126,2.153759002685547
21.41017985343933,2.3625717163085938
21.421989679336548,2.2676620483398438
21.433699369430542,2.1729888916015625
21.44523286819458,2.2547836303710938
21.510207891464233,2.2416343688964844
21.52191400527954,2.288074493408203
21.533662796020508,2.220775604248047
21.54520583152771,2.2036170959472656
21.61015510559082,2.280078887939453
21.621828079223633,2.277881622314453
21.633358240127563,2.262603759765625
21.644887924194336,2.2636756896972656
21.71009588241577,2.3448829650878906
21.721763134002686,2.179046630859375
21.733357429504395,2.270977020263672
21.744898796081543,2.2122459411621094
21.810144186019897,2.2443885803222656
21.821831703186035,2.176666259765625
21.83369255065918,2.209636688232422
21.845231533050537,2.218097686767578
21.91056203842163,2.3481407165527344
21.922228574752808,2.2823219299316406
21.934105396270752,2.2302589416503906
21.945720195770264,2.2362823486328125
22.010133028030396,2.2655296325683594
22.021853923797607,2.192432403564453
22.033445358276367,2.255146026611328
22.04500937461853,2.22271728515625
22.110124111175537,2.2011337280273438
22.12209439277649,2.3371963500976562
22.134183645248413,2.2676849365234375
22.14586615562439,2.3162498474121094
22.209956884384155,2.2768402099609375
22.221972227096558,2.3427734375
22.23387598991394,2.249095916748047
22.2452871799469,2.34320068359375
22.310332775115967,2.2855682373046875
22.321988344192505,2.334228515625
22.33362317085266,2.3190269470214844
22.345157861709595,2.335948944091797
22.410606622695923,2.425281524658203
22.42231845855713,2.4762191772460938
22.43391489982605,2.4004859924316406
22.445562601089478,2.4049644470214844
22.509963750839233,2.399639129638672
22.52295446395874,2.486286163330078
22.537901639938354,2.3180274963378906
22.549922466278076,2.4222259521484375
22.61056900024414,2.3044586181640625
22.622276067733765,2.3469810485839844
22.633974313735962,2.528789520263672
22.645505666732788,2.501659393310547
22.657070875167847,2.4030723571777344
22.709996223449707,2.432292938232422
22.72193670272827,2.4227981567382812
22.733468770980835,2.5625686645507812
22.745009660720825,2.4384002685546875
22.809886693954468,2.3678627014160156
22.82159161567688,2.381664276123047
22.833154439926147,2.467620849609375
22.844688892364502,2.392047882080078
22.91014790534973,2.4538536071777344
22.921814680099487,2.4322242736816406
22.933467864990234,2.414043426513672
22.945009469985962,2.508441925048828
23.010143280029297,2.481891632080078
23.022079467773438,2.514019012451172
23.034035682678223,2.5408554077148438
23.0456862449646,2.5747222900390625
23.11069965362549,2.575786590576172
23.122812032699585,2.5491905212402344
23.134408235549927,2.6072731018066406
23.14596462249756,2.6491012573242188
23.157699584960938,2.654193878173828
23.21098279953003,2.6465682983398438
23.22262191772461,2.629261016845703
23.234201669692993,2.290363311767578
23.24589467048645,2.0147247314453125
23.25767970085144,1.9251861572265625
23.31010890007019,1.9853782653808594
23.321820974349976,2.0351829528808594
23.333740949630737,2.019641876220703
23.34578561782837,1.9846382141113281
23.4101300239563,1.952392578125
23.422121047973633,1.9433021545410156
23.433934926986694,2.0191078186035156
23.445935487747192,1.9617042541503906
23.510103702545166,1.960205078125
23.522167444229126,1.9452438354492188
23.5337815284729,1.9876327514648438
23.545335292816162,1.8920478820800781
23.61048984527588,1.9302291870117188
23.62244439125061,1.9419479370117188
23.63429284095764,2.0095787048339844
23.646369695663452,2.0376930236816406
23.71069073677063,1.9816322326660156
23.7223801612854,1.9745063781738281
23.734155416488647,1.9697837829589844
23.745867490768433,1.9034042358398438
23.81049633026123,1.9330406188964844
23.822585344314575,1.9502143859863281
23.8346848487854,1.9929885864257812
23.846298217773438,1.9754104614257812
23.91047430038452,1.9921951293945312
23.92201542854309,2.0031890869140625
23.93382501602173,1.9572334289550781
23.946016311645508,2.016357421875
24.010143756866455,2.004608154296875
24.02182149887085,1.9762840270996094
24.033408403396606,2.0329208374023438
24.04494881629944,2.0580291748046875
24.110151767730713,2.0965003967285156
24.12181282043457,1.9621391296386719
24.133405923843384,2.0951766967773438
24.14514946937561,2.0775680541992188
24.210444927215576,2.0673599243164062
24.222110509872437,2.1506805419921875
24.23385977745056,2.1264495849609375
24.245405435562134,2.1839218139648438
24.31051015853882,2.11907958984375
24.322224617004395,2.1857872009277344
24.33393621444702,2.087535858154297
24.345481395721436,2.1672019958496094
24.409952878952026,2.1162757873535156
24.421664237976074,2.1497230529785156
24.433635711669922,2.1021041870117188
24.445186376571655,2.2136268615722656
24.50987696647644,2.1771469116210938
24.52151346206665,2.2363662719726562
24.533026218414307,2.2030715942382812
24.54458212852478,2.1386985778808594
24.610811710357666,2.1310501098632812
24.622731924057007,2.050079345703125
24.634287357330322,2.1647109985351562
24.645782709121704,2.181324005126953
24.65719175338745,2.1137351989746094
24.710625410079956,2.1411399841308594
24.722716331481934,2.1647720336914062
24.734262704849243,2.147144317626953
24.745864152908325,2.1608734130859375
24.81015419960022,2.180023193359375
24.821821212768555,2.1656532287597656
24.833627939224243,2.215709686279297
24.845354080200195,2.2175559997558594
24.91006112098694,2.2279396057128906
24.922343254089355,2.2831802368164062
24.93442153930664,2.3005752563476562
24.9465012550354,2.3701248168945312
25.00986409187317,2.342041015625
25.021717309951782,2.3917388916015625
25.033477783203125,1.6935577392578125
25.045275449752808,1.7013702392578125
25.057108163833618,1.7091827392578125
25.11015772819519,1.7158164978027344
25.122061729431152,1.7256965637207031
25.133854389190674,1.7315559387207031
25.145881175994873,1.7372703552246094
25.209893465042114,1.7791404724121094
25.221880435943604,1.7883949279785156
25.23367667198181,1.8662834167480469
25.24524211883545,1.8485984802246094
25.309996366500854,1.8661766052246094
25.321710109710693,1.8898582458496094
25.333348751068115,1.9273757934570312
25.34516143798828,1.9573593139648438
25.410486698150635,1.9603843688964844
25.42258644104004,2.039501190185547
25.43417191505432,2.0951194763183594
25.44570755958557,2.0602760314941406
25.509843111038208,2.0305862426757812
25.52168345451355,2.0194435119628906
25.533304452896118,2.0374221801757812
25.544856309890747,1.9935569763183594
25.609960079193115,1.9997634887695312
25.622174978256226,2.0221481323242188
25.633782863616943,2.0690231323242188
25.645336866378784,2.0128822326660156
25.70996332168579,2.0515403747558594
25.7215793132782,2.0410118103027344
25.733481884002686,2.0237464904785156
25.7450213432312,2.0232200622558594
25.810073614120483,2.0355796813964844
25.82174062728882,2.0573272705078125
25.83354091644287,2.1237030029296875
25.84525227546692,2.0801162719726562
25.910409212112427,2.1899261474609375
25.921945333480835,2.120807647705078
25.9334135055542,2.245037078857422
25.94483757019043,2.251598358154297
25.956364393234253,2.239032745361328
26.01034450531006,2.272235870361328
26.02199625968933,2.312549591064453
26.03355884552002,2.3281402587890625
26.045087575912476,2.443817138671875
26.110141038894653,2.436126708984375
26.121814966201782,2.3909225463867188
26.133533239364624,1.7853317260742188
26.145097970962524,1.81756591796875
26.210078954696655,1.1529922485351562
26.221939086914062,1.1570587158203125
26.233652591705322,1.1577415466308594
26.245445013046265,1.1577415466308594
26.310882806777954,1.1577415466308594
26.32265853881836,1.1577415466308594
26.334495306015015,1.1577415466308594
26.346014261245728,1.1577415466308594
26.35777759552002,1.1577415466308594
26.410958528518677,1.1577415466308594
26.422579050064087,1.1577415466308594
26.43412947654724,1.1577415466308594
26.44583559036255,1.1577415466308594
26.510549068450928,1.1577415466308594
26.522785425186157,1.1577415466308594
26.53444004058838,1.1577415466308594
26.54599094390869,1.1577415466308594
26.61010193824768,1.1577415466308594
26.622008800506592,1.1577415466308594
26.63365864753723,1.1577415466308594
26.64518404006958,1.1577415466308594
26.709938049316406,1.1577415466308594
26.72165584564209,1.1577415466308594
26.733204126358032,1.1577415466308594
26.745004653930664,1.1577415466308594
26.809964895248413,1.1577415466308594
26.82161021232605,1.1577415466308594
26.833203554153442,1.1577415466308594
26.844927549362183,1.1579780578613281
26.90996026992798,1.1579780578613281
26.921879053115845,1.1582298278808594
26.933295249938965,1.1582298278808594
26.944706678390503,1.1582298278808594
27.01007890701294,1.1582298278808594
27.021750688552856,1.1582298278808594
27.033334016799927,1.1582298278808594
27.04487371444702,1.1582298278808594
27.110141038894653,1.1582298278808594
27.121800184249878,1.1582298278808594
27.133302688598633,1.1582298278808594
27.14495539665222,1.1582298278808594
27.20995545387268,1.1582298278808594
27.222023725509644,1.1582298278808594
27.23362684249878,1.1582298278808594
27.2452871799469,1.1582298278808594
27.310891151428223,1.1582298278808594
27.32255983352661,1.1582298278808594
27.334394693374634,1.1582298278808594
27.34593677520752,1.1582298278808594
27.357465744018555,1.1582298278808594
27.410272359848022,1.1582298278808594
27.42188811302185,1.1582298278808594
27.433637142181396,1.1582298278808594
27.445427179336548,1.1582298278808594
27.510155200958252,1.1582298278808594
27.52193570137024,1.1582298278808594
27.53373408317566,1.1582298278808594
27.545472383499146,1.1582298278808594
27.61024236679077,1.1582298278808594
27.622087955474854,1.1582298278808594
27.633948802947998,1.1582298278808594
27.645381689071655,1.1582298278808594
27.710501670837402,1.1582298278808594
27.722492218017578,1.1582298278808594
27.734097480773926,1.1582298278808594
27.745649337768555,1.1582298278808594
27.80994439125061,1.1582298278808594
27.821595668792725,1.1582298278808594
27.833186864852905,1.1582298278808594
27.8447687625885,1.1582298278808594
27.90999698638916,1.1582298278808594
27.92151641845703,1.1582298278808594
27.933090448379517,1.1582298278808594
27.944622039794922,1.1582298278808594
28.010685682296753,1.1582298278808594
28.022326946258545,1.1582298278808594
28.03405523300171,1.1582298278808594
28.04559302330017,1.1582298278808594
28.110094785690308,1.1582298278808594
28.12173557281494,1.1582298278808594
28.133548974990845,1.1582298278808594
28.145071268081665,1.1582298278808594
28.21185040473938,1.1582298278808594
28.224349975585938,1.1584053039550781
28.2368426322937,1.1584053039550781
28.24944496154785,1.1584053039550781
28.312896251678467,1.1584053039550781
28.327062129974365,1.1584053039550781
28.340025186538696,1.1584053039550781
28.35263204574585,1.1584053039550781
28.410264253616333,1.1584053039550781
28.424338817596436,1.1584053039550781
28.43654775619507,1.1584053039550781
28.448144912719727,1.1584053039550781
28.5098819732666,1.1584053039550781
28.521485090255737,1.1584053039550781
28.533203601837158,1.1584053039550781
28.544753313064575,1.1584053039550781
28.609861850738525,1.1584053039550781
28.621949911117554,1.1584053039550781
28.6335232257843,1.1584053039550781
28.645099401474,1.1584053039550781
28.710047960281372,1.1584053039550781
28.72482967376709,1.1584053039550781
28.738110065460205,1.1584053039550781
28.75077199935913,1.1584053039550781
28.810160160064697,1.1584053039550781
28.823347330093384,1.1584053039550781
28.83530831336975,1.1584053039550781
28.847249746322632,1.1584053039550781
28.910516262054443,1.1584053039550781
28.922749042510986,1.1584053039550781
28.934572458267212,1.1584053039550781
28.946104288101196,1.1584053039550781
29.010011911392212,1.1584053039550781
29.024327278137207,1.1584053039550781
29.03703236579895,1.1584053039550781
29.048776865005493,1.1584053039550781
29.109840631484985,1.1584053039550781
29.12146520614624,1.1584053039550781
29.133445501327515,1.1584053039550781
29.144999265670776,1.1584053039550781
29.209834337234497,1.1584053039550781
29.221494674682617,1.1584053039550781
29.233121633529663,1.1584053039550781
29.244821310043335,1.1584053039550781
29.309919595718384,1.1584053039550781
29.32175874710083,1.1584053039550781
29.333293199539185,1.1584053039550781
29.344831466674805,1.1584053039550781
29.409841775894165,1.1584053039550781
29.421968936920166,1.1584053039550781
29.433566331863403,1.1584053039550781
29.445258140563965,1.1584053039550781
29.510905027389526,1.1584053039550781
29.52574896812439,1.1584053039550781
29.540040731430054,1.1584053039550781
29.553467988967896,1.1584053039550781
29.611717700958252,1.1584053039550781
29.6242458820343,1.15863037109375
29.63666343688965,1.15863037109375
29.648478507995605,1.15863037109375
29.70993447303772,1.15863037109375
29.72239851951599,1.15863037109375
29.734135389328003,1.15863037109375
29.74567747116089,1.15863037109375
29.8099102973938,1.15863037109375
29.821497201919556,1.15863037109375
29.833011627197266,1.15863037109375
29.844533920288086,1.15863037109375
29.910440921783447,1.15863037109375
29.92250895500183,1.15863037109375
29.934086322784424,1.15863037109375
29.945642232894897,1.15863037109375
30.009970903396606,1.15863037109375
30.02276349067688,1.15863037109375
30.03436803817749,1.15863037109375
30.04610800743103,1.15863037109375
30.110142469406128,1.15863037109375
30.121810913085938,1.15863037109375
30.133667707443237,1.15863037109375
30.14521861076355,1.15863037109375
30.21052622795105,1.15863037109375
30.22223711013794,1.15863037109375
30.233795404434204,1.15863037109375
30.245378971099854,1.15863037109375
30.311166524887085,1.15863037109375
30.322872161865234,1.15863037109375
30.33431577682495,1.15863037109375
30.345755577087402,1.15863037109375
30.35729956626892,1.15863037109375
30.411152601242065,1.15863037109375
30.422956466674805,1.15863037109375
30.434786558151245,1.15863037109375
30.44633388519287,1.15863037109375
30.510162353515625,1.15863037109375
30.521849393844604,1.15863037109375
30.53346586227417,1.1588249206542969
30.545021057128906,1.1588249206542969
30.610081434249878,1.1588249206542969
30.622267246246338,1.1588249206542969
30.63388705253601,1.1588249206542969
30.645639657974243,1.1588249206542969
30.70994234085083,1.1588249206542969
30.72196912765503,1.1588249206542969
30.733529090881348,1.1588249206542969
30.74512219429016,1.1588249206542969
30.80996060371399,1.1588249206542969
30.821640253067017,1.1588249206542969
30.833265781402588,1.1588249206542969
30.844820737838745,1.1588249206542969
30.910529136657715,1.1588249206542969
30.922078609466553,1.1588249206542969
30.934112310409546,1.1588249206542969
30.9456889629364,1.1588249206542969
30.957398414611816,1.1588249206542969
31.01069450378418,1.1588249206542969
31.022339582443237,1.1588249206542969
31.03391742706299,1.1588249206542969
31.045454263687134,1.1588249206542969
31.110896110534668,1.1590499877929688
31.12257409095764,1.1590499877929688
31.1340651512146,1.1590499877929688
31.14562439918518,1.1590499877929688
31.157438278198242,1.1590499877929688
31.21066379547119,1.1590499877929688
31.223302841186523,1.1590499877929688
31.23500680923462,1.1590499877929688
31.24655795097351,1.1590499877929688
31.309959173202515,1.1590499877929688
31.32201337814331,1.1590499877929688
31.333622932434082,1.1590499877929688
31.34517002105713,1.1590499877929688
31.410150289535522,1.1590499877929688
31.4218270778656,1.1590499877929688
31.4333758354187,1.1590499877929688
31.444920539855957,1.1590499877929688
31.510314226150513,1.1590499877929688
31.521862983703613,1.0477218627929688
31.53334355354309,1.0474662780761719
31.54481029510498,1.0474662780761719
31.556347608566284,1.0474662780761719
31.611695289611816,1.0474662780761719
31.62359619140625,1.0474662780761719
31.635152578353882,1.0474662780761719
31.646698236465454,1.0474662780761719
31.710087299346924,1.0474815368652344
31.72177004814148,1.0474815368652344
31.733561515808105,1.0516929626464844
31.745543479919434,1.0516929626464844
31.810554265975952,1.0516929626464844
31.822467803955078,1.0516929626464844
31.83402180671692,1.0516929626464844
31.845585346221924,1.0516929626464844
31.909955501556396,1.1270866394042969
31.92162561416626,1.1250877380371094
31.93331813812256,1.1258430480957031
31.944868803024292,1.1329612731933594
32.01014232635498,1.1521415710449219
32.02229905128479,1.1580009460449219
32.03404664993286,1.1633491516113281
32.045854568481445,1.2510337829589844
32.11058473587036,1.2705192565917969
32.12222123146057,1.2585487365722656
32.13397693634033,1.2961540222167969
32.1454553604126,1.3336601257324219
32.21079158782959,1.3041152954101562
32.22278666496277,1.33160400390625
32.234495401382446,1.3649520874023438
32.246018409729004,1.3497772216796875
32.31014823913574,1.33355712890625
32.321842432022095,1.3629989624023438
32.33345675468445,1.3497772216796875
32.345011711120605,1.31597900390625
32.410115003585815,1.3727645874023438
32.422178745269775,1.4045143127441406
32.43373465538025,1.3497772216796875
32.44546127319336,1.3497772216796875
32.51021862030029,1.3919410705566406
32.52187967300415,1.3496208190917969
32.53348779678345,1.3411216735839844
32.54502463340759,1.3822822570800781
32.61010980606079,1.3822822570800781
32.622196674346924,1.3689613342285156
32.63392734527588,1.4025611877441406
32.64560794830322,1.3497772216796875
32.71012282371521,1.3500251770019531
32.72227120399475,1.3908424377441406
32.733872413635254,1.3803291320800781
32.74539232254028,1.3767738342285156
32.81118655204773,1.3875312805175781
32.825419902801514,1.3572425842285156
32.83759570121765,1.3552894592285156
32.84930920600891,1.3927955627441406
32.91047263145447,1.3703117370605469
32.92216515541077,1.3513832092285156
32.93389868736267,1.3927955627441406
32.94545841217041,1.3841934204101562
32.95725131034851,1.3689613342285156
33.00999665260315,1.3806800842285156
33.021666526794434,1.3866920471191406
33.03338837623596,1.3666152954101562
33.04493546485901,1.3552894592285156
33.10990381240845,1.4064140319824219
33.121906995773315,1.31988525390625
33.13425588607788,1.3132743835449219
33.14622163772583,1.3590927124023438
33.21087956428528,1.3571395874023438
33.22255825996399,1.34527587890625
33.234150409698486,1.3866233825683594
33.24567461013794,1.3727645874023438
33.25733661651611,1.3572425842285156
33.310821533203125,1.3767738342285156
33.32263541221619,1.3825340270996094
33.334619998931885,1.2572898864746094
33.34627723693848,1.2515335083007812
33.41023564338684,1.2948989868164062
33.42195200920105,1.21002197265625
33.43368124961853,1.20220947265625
33.445223569869995,1.2433700561523438
33.510775327682495,1.2492408752441406
33.52300572395325,1.2385673522949219
33.534950256347656,1.2770805358886719
33.54705357551575,1.2709541320800781
33.61063861846924,1.2498207092285156
33.62419509887695,1.2655982971191406
33.636751890182495,1.2572822570800781
33.64905667304993,1.2537269592285156
33.710299253463745,1.2814674377441406
33.724900245666504,1.2656593322753906
33.741079807281494,1.3134918212890625
33.756707191467285,1.3400421142578125
33.81241512298584,1.3595428466796875
33.824915647506714,1.3420829772949219
33.83687925338745,1.3784637451171875
33.84842300415039,1.3540878295898438
33.91033935546875,1.3477706909179688
33.922155141830444,1.2989044189453125
33.93795442581177,1.4703369140625
33.954030990600586,1.4848403930664062
34.01421022415161,1.4525947570800781
34.03032565116882,1.4644660949707031
34.04663133621216,1.5526275634765625
34.11449432373047,1.5314674377441406
34.1308388710022,1.5298652648925781
34.147093296051025,1.6138191223144531
34.21449828147888,1.6340675354003906
34.230730295181274,1.5339164733886719
34.24704098701477,1.6184425354003906
34.31447672843933,1.5500335693359375
34.32998204231262,1.5554008483886719
34.34170317649841,1.5752296447753906
34.40994572639465,1.6145362854003906
34.42159581184387,1.5789833068847656
34.433417558670044,1.5931549072265625
34.445040464401245,1.5965919494628906
34.51034998893738,1.5003547668457031
34.522021532058716,1.3328590393066406
34.53378629684448,1.3198127746582031
34.545329332351685,1.35595703125
34.61065125465393,1.3479042053222656
34.62255549430847,1.3891029357910156
34.63417029380798,1.3703422546386719
34.6457314491272,1.3648948669433594
34.65739965438843,1.3635597229003906
34.71130585670471,1.3149299621582031
34.722915172576904,1.3315467834472656
34.734641313552856,1.3611831665039062
34.74618339538574,1.3563461303710938
34.810635805130005,1.3611030578613281
34.822160959243774,1.3240890502929688
34.8338725566864,1.4160385131835938
34.84537053108215,1.3332595825195312
34.910468339920044,1.47235107421875
34.92212224006653,1.4437522888183594
34.93371915817261,1.4902381896972656
34.94527220726013,1.5183296203613281
35.01012659072876,1.4959144592285156
35.022215843200684,1.4891624450683594
35.03385257720947,1.5300750732421875
35.04545307159424,1.528961181640625
35.11094331741333,1.4982566833496094
35.12248134613037,1.6173744201660156
35.133955001831055,1.5974693298339844
35.14546871185303,1.5291595458984375
35.2104606628418,1.5440216064453125
35.22212815284729,1.5061683654785156
35.234050989151,1.6329689025878906
35.24568176269531,1.7802352905273438
35.31015586853027,1.7491340637207031
35.321831941604614,1.8288650512695312
35.33344054222107,1.7638893127441406
35.34501886367798,1.8311920166015625
35.410807609558105,1.8320083618164062
35.4224636554718,1.9272499084472656
35.434234380722046,1.7921981811523438
35.44585847854614,1.9437255859375
35.45733880996704,1.964752197265625
35.50988793373108,1.9113693237304688
35.52165389060974,1.9524269104003906
35.53319787979126,1.9971504211425781
35.54492712020874,1.9762649536132812
35.6104474067688,2.0120468139648438
35.62249135971069,2.0243873596191406
35.63419818878174,1.9828758239746094
35.64561724662781,1.9832267761230469
35.65703105926514,1.96710205078125
35.712722301483154,1.9552841186523438
35.724252223968506,2.0192298889160156
35.735812187194824,1.996734619140625
35.74734139442444,1.9294586181640625
35.81043100357056,2.0362091064453125
35.82207727432251,2.0023651123046875
35.833945989608765,2.0014495849609375
35.845499992370605,1.9960861206054688
35.91074204444885,1.9769248962402344
35.92237401008606,2.0119590759277344
35.934049129486084,1.9917068481445312
35.94575333595276,2.099445343017578
36.010156869888306,1.9099197387695312
36.02186346054077,2.012523651123047
36.0338990688324,1.9960517883300781
36.04556941986084,2.0081214904785156
36.110548973083496,1.9498786926269531
36.122525453567505,2.038166046142578
36.13440656661987,1.9922409057617188
36.14596366882324,1.9417228698730469
36.15749955177307,2.045726776123047
36.21130895614624,2.076976776123047
36.22296142578125,2.005504608154297
36.234623193740845,2.0716171264648438
36.24629092216492,1.9404525756835938
36.31049156188965,2.0071640014648438
36.32233667373657,2.0352554321289062
36.33395838737488,1.9580345153808594
36.34568977355957,2.1153221130371094
36.411049127578735,1.9981040954589844
36.42272424697876,2.0323257446289062
36.43416690826416,1.9089241027832031
36.44575810432434,2.010662078857422
36.45717239379883,2.037769317626953
36.50988149642944,2.067066192626953
36.52157115936279,1.9605445861816406
36.5333354473114,2.0161781311035156
36.54499387741089,1.9449005126953125
36.61004829406738,2.0067596435546875
36.621771812438965,2.0355262756347656
36.63338279724121,1.9837875366210938
36.644938468933105,1.9598884582519531
36.71014738082886,1.9761238098144531
36.721821308135986,1.9883918762207031
36.733694553375244,2.024494171142578
36.74525189399719,2.0542449951171875
36.810083627700806,1.9548530578613281
36.82175612449646,2.103710174560547
36.83344769477844,1.8705062866210938
36.84518814086914,2.0108184814453125
36.91012740135193,2.0136260986328125
36.92183208465576,1.9661979675292969
36.93342566490173,2.0634498596191406
36.94499325752258,1.9745635986328125
37.01007843017578,1.97601318359375
37.02173662185669,1.9403114318847656
37.03378343582153,2.0186309814453125
37.045332193374634,2.006561279296875
37.110148668289185,1.9307823181152344
37.12182021141052,1.9732131958007812
37.13363599777222,1.9293899536132812
37.1451940536499,2.0192337036132812
37.21052575111389,1.9931373596191406
37.22256088256836,1.9191246032714844
37.23403882980347,1.9791755676269531
37.245707273483276,1.9982070922851562
37.25714898109436,1.9911422729492188
37.31238031387329,1.9688262939453125
37.32403492927551,1.9907798767089844
37.3356499671936,2.00030517578125
37.347200870513916,1.9734077453613281
37.410422801971436,1.9222831726074219
37.42210602760315,2.039867401123047
37.43372130393982,2.0591506958007812
37.445271015167236,1.9167823791503906
37.510456800460815,2.037769317626953
37.52200245857239,2.077556610107422
37.533437728881836,1.9376487731933594
37.54502725601196,2.019580841064453
37.609920501708984,1.9863853454589844
37.62162518501282,1.9474220275878906
37.63322973251343,2.0253372192382812
37.64493751525879,2.021587371826172
37.71058797836304,2.0238914489746094
37.7221782207489,2.002552032470703
37.733686208724976,1.9939498901367188
37.745245933532715,2.0816307067871094
37.75695824623108,2.062183380126953
37.81098771095276,1.997650146484375
37.82264018058777,2.031047821044922
37.83433794975281,1.9630813598632812
37.84591746330261,1.9139137268066406
37.90996789932251,2.0275039672851562
37.921693086624146,2.0948486328125
37.93350052833557,1.9989089965820312
37.945197343826294,1.984100341796875
38.010021448135376,1.95391845703125
38.02158975601196,2.0858612060546875
38.03302478790283,2.0649871826171875
38.04473042488098,1.9251708984375
38.113168239593506,2.003459930419922
38.12931728363037,2.016674041748047
38.14575982093811,1.9963455200195312
38.211368799209595,1.9941902160644531
38.227567195892334,1.9591598510742188
38.24104142189026,2.017810821533203
38.2533860206604,2.0815200805664062
38.31013631820679,2.0634422302246094
38.32197189331055,1.9632568359375
38.333521127700806,1.9886894226074219
38.345191955566406,1.9785308837890625
38.410297870635986,2.017749786376953
38.42199158668518,2.0386581420898438
38.43365120887756,1.9777145385742188
38.44518160820007,1.9577865600585938
38.51105093955994,1.9313201904296875
38.522600173950195,2.0690078735351562
38.534077882766724,2.0170211791992188
38.550426721572876,2.036609649658203
38.61457133293152,2.018707275390625
38.631197929382324,1.9599838256835938
38.64751672744751,1.9900741577148438
38.714879512786865,2.07275390625
38.73146438598633,2.013957977294922
38.74783635139465,2.0150604248046875
38.81414580345154,1.9818038940429688
38.83106303215027,2.080249786376953
38.84756135940552,1.9769515991210938
38.914939641952515,2.015064239501953
38.93148970603943,2.105297088623047
38.94789695739746,1.9760932922363281
39.014214277267456,2.0213584899902344
39.03071188926697,2.0304718017578125
39.04795026779175,2.157238006591797
39.11464715003967,2.1819190979003906
39.1312096118927,2.05377197265625
39.14766597747803,2.0478172302246094
39.213749170303345,2.141998291015625
39.23013663291931,2.1032447814941406
39.24656963348389,2.0133285522460938
39.31381630897522,2.0465545654296875
39.32948446273804,2.115619659423828
39.341989040374756,2.071178436279297
39.41002917289734,2.0135536193847656
39.42162489891052,2.1100006103515625
39.43315505981445,2.091716766357422
39.44473433494568,2.094482421875
39.51051425933838,2.0311927795410156
39.52261996269226,1.9817657470703125
39.53452157974243,2.1540756225585938
39.5460090637207,2.153392791748047
39.60996150970459,2.0842132568359375
39.62167525291443,2.0007553100585938
39.6332802772522,2.1834754943847656
39.6451096534729,2.002452850341797
39.709946393966675,2.0781707763671875
39.721638679504395,2.0677833557128906
39.73354196548462,2.1166534423828125
39.74513602256775,2.0182266235351562
39.809962034225464,2.0198745727539062
39.82164454460144,2.196258544921875
39.833332777023315,2.0921401977539062
39.844902992248535,2.0245819091796875
39.910590171813965,2.1194076538085938
39.922149419784546,2.063640594482422
39.93366837501526,2.1025466918945312
39.945218324661255,2.1454734802246094
40.010098934173584,2.0306854248046875
40.0218448638916,2.0830154418945312
40.033520221710205,2.199993133544922
40.04511880874634,2.1276817321777344
40.10995841026306,1.961334228515625
40.12182903289795,2.0243301391601562
40.13346076011658,2.1185150146484375
40.14521622657776,2.0699386596679688
40.210243225097656,2.058429718017578
40.22182273864746,2.0718040466308594
40.23338723182678,2.025127410888672
40.24494671821594,2.0568161010742188
40.256502628326416,2.1192245483398438
40.310590744018555,2.0555267333984375
40.32227873802185,2.033294677734375
40.33371543884277,2.0177688598632812
40.34555912017822,2.134387969970703
40.40995717048645,2.1415061950683594
40.42169499397278,2.0247268676757812
40.43330192565918,2.1575851440429688
40.44487285614014,2.041706085205078
40.51062774658203,2.1029891967773438
40.52243423461914,2.079303741455078
40.53413701057434,1.9566307067871094
40.545687198638916,2.1580848693847656
40.6105580329895,1.9793472290039062
40.622326612472534,2.0726051330566406
40.63398742675781,2.1353912353515625
40.64554524421692,2.0777549743652344
40.710139989852905,1.9639625549316406
40.722320556640625,2.0858078002929688
40.73407983779907,2.059711456298828
40.745638847351074,1.9858169555664062
40.81051468849182,2.061176300048828
40.82215690612793,2.0771026611328125
40.833760499954224,2.1157608032226562
40.845314025878906,2.0322914123535156
40.91034412384033,2.045013427734375
40.922391176223755,1.9898910522460938
40.93399977684021,2.049762725830078
40.94552159309387,2.0981407165527344
41.00995659828186,2.105304718017578
41.02151298522949,1.9981040954589844
41.033093214035034,2.0531654357910156
41.04467463493347,2.0860214233398438
41.110145568847656,2.0705528259277344
41.121830224990845,2.0794410705566406
41.13343787193298,1.9745254516601562
41.14498829841614,2.0832252502441406
41.21052289009094,2.2047080993652344
41.22209024429321,2.2178573608398438
41.23522901535034,2.045093536376953
41.248271465301514,2.0898704528808594
41.31314516067505,2.194477081298828
41.32929754257202,2.051258087158203
41.34514260292053,2.0948867797851562
41.41417574882507,2.1188621520996094
41.430153131484985,2.1091842651367188
41.443994760513306,2.1176528930664062
41.51028060913086,1.9916610717773438
41.52189922332764,2.1357383728027344
41.53359365463257,2.1492042541503906
41.54511785507202,2.149158477783203
41.610310554504395,2.0982208251953125
41.62186908721924,2.0541648864746094
41.63329195976257,2.126148223876953
41.644989013671875,2.0878677368164062
41.6565465927124,2.1607742309570312
41.710456132888794,2.1980667114257812
41.72212028503418,2.0342559814453125
41.73367929458618,2.094818115234375
41.74516749382019,2.137237548828125
41.81060194969177,2.2514114379882812
41.82224893569946,2.078704833984375
41.83385419845581,2.1302223205566406
41.84539270401001,2.0324325561523438
41.910290241241455,2.236492156982422
41.92182374000549,2.2075881958007812
41.93358659744263,2.155170440673828
41.945066928863525,2.121417999267578
42.009984731674194,2.181499481201172
42.02166438102722,2.06536865234375
42.0333731174469,2.135486602783203
42.04504752159119,2.1318283081054688
42.11014223098755,2.1666221618652344
42.12180471420288,2.1728858947753906
42.133443117141724,2.109752655029297
42.14486646652222,2.205944061279297
42.210572957992554,2.0931167602539062
42.22262096405029,2.1426963806152344
42.234323263168335,2.1849441528320312
42.24589824676514,2.172138214111328
42.25741744041443,2.1370811462402344
42.31046199798584,2.1585655212402344
42.32224941253662,2.133831024169922
42.33867406845093,2.1906776428222656
42.355061769485474,2.065723419189453
42.41413617134094,2.1573562622070312
42.43056631088257,2.187347412109375
42.44733119010925,2.1440391540527344
42.514809131622314,2.1711463928222656
42.531418561935425,2.1060142517089844
42.54793643951416,2.2191238403320312
42.614166021347046,2.1902198791503906
42.62988066673279,2.0792007446289062
42.64181661605835,2.1812477111816406
42.709856033325195,2.197772979736328
42.72155427932739,2.148204803466797
42.733259201049805,2.05035400390625
42.74481701850891,2.1850013732910156
42.80985641479492,2.096477508544922
42.82191729545593,2.151660919189453
42.833475828170776,2.1167030334472656
42.84505343437195,2.1190719604492188
42.90994381904602,2.1364822387695312
42.92163562774658,2.2110977172851562
42.93341875076294,2.2253646850585938
42.94498062133789,2.126720428466797
43.009947776794434,2.1113433837890625
43.0216281414032,2.1378021240234375
43.03323221206665,2.1904029846191406
43.044782876968384,2.073589324951172
43.10995149612427,2.1786041259765625
43.121628284454346,2.1605224609375
43.13322401046753,2.0809974670410156
43.14477896690369,2.1921844482421875
43.20994210243225,2.175395965576172
43.22164463996887,2.150043487548828
43.233251333236694,2.2192726135253906
43.24500632286072,2.141937255859375
43.30998396873474,2.155841827392578
43.3217670917511,2.063121795654297
43.333303451538086,2.2095603942871094
43.34494686126709,2.2029151916503906
43.410675048828125,2.3162384033203125
43.42223143577576,2.204620361328125
43.43384671211243,2.1415939331054688
43.44565534591675,2.1506729125976562
43.45722222328186,2.252826690673828
43.509883642196655,2.244140625
43.52155900001526,2.2483367919921875
43.533347368240356,2.2722129821777344
43.54504585266113,2.1829452514648438
43.609959840774536,2.1829872131347656
43.62166118621826,2.28228759765625
43.63338088989258,2.2358665466308594
43.6448872089386,2.209064483642578
43.71042776107788,2.1501007080078125
43.72196412086487,2.2275428771972656
43.73368191719055,2.337871551513672
43.74511528015137,2.245532989501953
43.756945848464966,2.185039520263672
43.811166763305664,2.1979103088378906
43.8227858543396,2.2829933166503906
43.835012435913086,2.320789337158203
43.84655809402466,2.168609619140625
43.91014909744263,2.1621055603027344
43.92169189453125,2.292743682861328
43.933330059051514,2.2552490234375
43.94497108459473,2.2740478515625
44.0098922252655,2.265552520751953
44.021728515625,2.3450164794921875
44.033287048339844,2.2206459045410156
44.04481387138367,2.27752685546875
44.11050224304199,2.3192901611328125
44.122711181640625,2.3207855224609375
44.1345636844635,2.2894325256347656
44.14620041847229,2.331939697265625
44.21016502380371,2.350841522216797
44.2218337059021,2.2772674560546875
44.23369836807251,2.2216453552246094
44.2452437877655,2.276325225830078
44.310495376586914,2.3297080993652344
44.322073221206665,2.3691062927246094
44.33415651321411,2.1800765991210938
44.34593105316162,2.3170852661132812
44.409958362579346,2.2548904418945312
44.42162251472473,2.2522850036621094
44.433226346969604,2.289997100830078
44.44489622116089,2.2786216735839844
44.5100371837616,2.2139244079589844
44.5217010974884,2.2647056579589844
44.53360342979431,2.3466415405273438
44.54502296447754,2.4006690979003906
44.60995960235596,2.2596206665039062
44.621817111968994,2.1948814392089844
44.63388705253601,2.266498565673828
44.64545512199402,2.3631629943847656
44.71028709411621,2.3053131103515625
44.72228693962097,2.1985702514648438
44.73382329940796,2.2725181579589844
44.74534201622009,2.329395294189453
44.810219049453735,2.3570518493652344
44.821885108947754,2.2224502563476562
44.83348250389099,2.3175811767578125
44.84501814842224,2.3293533325195312
44.910122871398926,2.376934051513672
44.92179751396179,2.2360076904296875
44.933597564697266,2.273265838623047
44.945141553878784,2.2698097229003906
45.00995850563049,2.2906875610351562
45.02162551879883,2.2675018310546875
45.03341484069824,2.3701133728027344
45.045241594314575,2.321075439453125
45.10997724533081,2.313365936279297
45.12167191505432,2.327136993408203
45.13326144218445,2.4175338745117188
45.14494466781616,2.4233551025390625
45.20994544029236,2.3134803771972656
45.2216157913208,2.4158363342285156
45.23334717750549,2.396533966064453
45.244901180267334,2.352581024169922
45.310444831848145,2.4636001586914062
45.32216763496399,2.48089599609375
45.334007024765015,2.3827857971191406
45.345807790756226,2.5282440185546875
45.410141944885254,2.461700439453125
45.42180585861206,2.5308303833007812
45.43340826034546,2.4464797973632812
45.44497990608215,2.4670486450195312
45.51014041900635,2.361602783203125
45.521775245666504,2.4398574829101562
45.533791303634644,2.4893836975097656
45.54532837867737,2.4612960815429688
45.6101450920105,2.4349517822265625
45.622297525405884,2.583831787109375
45.63395571708679,2.5663490295410156
45.645493507385254,2.4304733276367188
45.709832191467285,2.372711181640625
45.72189283370972,2.37322998046875
45.7334144115448,2.5365943908691406
45.74497604370117,2.532634735107422
45.80994725227356,2.4481964111328125
45.82463455200195,2.479320526123047
45.83821654319763,2.519245147705078
45.85136961936951,2.5079612731933594
45.91088795661926,2.6193008422851562
45.922510623931885,2.5404586791992188
45.93401002883911,2.4699172973632812
45.94552683830261,2.5537261962890625
46.00992465019226,2.6568450927734375
46.02157187461853,2.6029510498046875
46.03338122367859,2.5301437377929688
46.045247077941895,2.6072654724121094
46.109947204589844,2.6366958618164062
46.12169122695923,2.7534255981445312
46.133262634277344,2.7179031372070312
46.14482116699219,2.6580581665039062
46.209959983825684,2.7057037353515625
46.22165775299072,2.0640602111816406
46.23358869552612,2.02545166015625
46.24540662765503,2.0438804626464844
46.31080484390259,2.02154541015625
46.32419514656067,1.9760704040527344
46.33679413795471,2.001018524169922
46.348483085632324,2.015277862548828
46.410438776016235,2.0405731201171875
46.42201232910156,1.968231201171875
46.433701276779175,1.9947624206542969
46.44535779953003,2.0617027282714844
46.51009750366211,1.9905509948730469
46.52200174331665,1.9718170166015625
46.533684730529785,1.9929542541503906
46.545225858688354,1.9762306213378906
46.60997152328491,2.1000633239746094
46.62169003486633,2.0743560791015625
46.633299589157104,2.0284576416015625
46.64497494697571,1.9428749084472656
46.710389852523804,2.046276092529297
46.72202277183533,2.041759490966797
46.73378372192383,1.9281120300292969
46.74562168121338,2.0554466247558594
46.757253885269165,1.9903984069824219
46.811280727386475,2.031414031982422
46.82290458679199,2.033618927001953
46.83455038070679,2.020732879638672
46.84625053405762,2.0224876403808594
46.91046214103699,1.9679107666015625
46.922114849090576,1.9749679565429688
46.933743715286255,2.0438804626464844
46.94542717933655,2.0483856201171875
47.01019358634949,2.003814697265625
47.02184700965881,1.9949989318847656
47.03344655036926,1.9632530212402344
47.04498839378357,2.0214004516601562
47.1100127696991,2.0341148376464844
47.12167692184448,1.9907455444335938
47.133548736572266,2.026660919189453
47.14535975456238,2.0229949951171875
47.21024560928345,1.9999122619628906
47.2223174571991,2.014110565185547
47.23393702507019,2.037311553955078
47.245487689971924,1.9213981628417969
47.310112953186035,1.97100830078125
47.32181715965271,2.036571502685547
47.33348608016968,2.0028114318847656
47.34502410888672,2.0108795166015625
47.40996217727661,2.0509414672851562
47.42163419723511,2.023944854736328
47.43338394165039,2.0331077575683594
47.444931745529175,1.9892959594726562
47.51089406013489,2.101959228515625
47.52248787879944,1.993896484375
47.53407025337219,1.9880447387695312
47.54588031768799,2.0003128051757812
47.55757927894592,2.0817337036132812
47.60996890068054,2.0934524536132812
47.62166738510132,1.8870391845703125
47.633211612701416,1.9866714477539062
47.644814252853394,1.9658088684082031
47.70996379852295,2.0039710998535156
47.72162342071533,2.0380859375
47.73321318626404,2.0594863891601562
47.744762659072876,1.9511985778808594
47.81045436859131,2.0083580017089844
47.822118520736694,1.9677848815917969
47.8336706161499,1.9706916809082031
47.84520626068115,2.0012474060058594
47.91013693809509,2.0467185974121094
47.92181372642517,2.085277557373047
47.933608055114746,1.9494667053222656
47.94514560699463,2.036052703857422
48.00995945930481,2.1055564880371094
48.02163028717041,2.0313796997070312
48.03339171409607,2.0344505310058594
48.04494881629944,2.0788421630859375
48.1106481552124,2.1417160034179688
48.12230968475342,2.105712890625
48.133904218673706,2.1208839416503906
48.1455717086792,2.0698471069335938
48.157286405563354,2.1326637268066406
48.21142792701721,2.1641387939453125
48.22350549697876,2.1440086364746094
48.23531365394592,2.1108474731445312
48.24685049057007,2.1721649169921875
48.31056237220764,2.2243270874023438
48.322248220443726,2.2208595275878906
48.33379149436951,2.1900901794433594
48.345295667648315,2.215534210205078
48.356850147247314,2.2229995727539062
48.410632848739624,2.2588424682617188
48.422245264053345,2.2109336853027344
48.434001207351685,2.104816436767578
48.44554924964905,2.1722183227539062
48.51010274887085,2.1774749755859375
48.5217809677124,2.1680526733398438
48.533371448516846,2.20086669921875
48.545098543167114,2.2040481567382812
48.610182762145996,2.2370529174804688
48.62176012992859,2.2139358520507812
48.633355140686035,2.107616424560547
48.649606704711914,2.0924720764160156
48.71356749534607,2.1761474609375
48.727455377578735,2.1432266235351562
48.74288630485535,2.181529998779297
48.814093589782715,2.2663230895996094
48.830323219299316,2.2849769592285156
48.84655165672302,2.2740631103515625
48.9148485660553,2.302104949951172
48.93126559257507,2.2136688232421875
48.94761657714844,2.307220458984375
49.013420820236206,2.2536239624023438
49.026241302490234,2.3977203369140625
49.038058042526245,2.4689559936523438
49.04986524581909,2.388317108154297
49.109896183013916,2.1099700927734375
49.12149691581726,1.7501869201660156
49.13302421569824,1.7914047241210938
49.14459729194641,1.7354736328125
49.209962129592896,1.6987533569335938
49.22169041633606,1.7357254028320312
49.23328757286072,1.8019256591796875
49.24494504928589,1.7054252624511719
49.25662350654602,1.6915130615234375
49.311107873916626,1.7227630615234375
49.322850704193115,1.679443359375
49.33439302444458,1.786407470703125
49.34595704078674,1.809326171875
49.409952878952026,1.7055816650390625
49.422046184539795,1.7056770324707031
49.43379545211792,1.6878585815429688
49.44538116455078,1.7465972900390625
49.510332345962524,1.7868995666503906
49.52218961715698,1.7156944274902344
49.53382921218872,1.66461181640625
49.54561734199524,1.7178421020507812
49.60997033119202,1.7465896606445312
49.62256979942322,1.7109451293945312
49.63415503501892,1.6326751708984375
49.64569139480591,1.6817474365234375
49.70988416671753,1.7280960083007812
49.72213697433472,1.7280120849609375
49.73380899429321,1.7251129150390625
49.745327949523926,1.7251091003417969
49.81031250953674,1.7269630432128906
49.82196307182312,1.7171974182128906
49.83355760574341,1.7213516235351562
49.84512519836426,1.7291641235351562
49.910115480422974,1.7369766235351562
49.922250747680664,1.7447891235351562
49.93386101722717,1.7486953735351562
49.945695877075195,1.7565078735351562
50.0099573135376,1.7638130187988281
50.02216720581055,1.8048744201660156
50.033825635910034,1.8156471252441406
50.0454580783844,1.8254127502441406
50.11038517951965,1.8866424560546875
50.1233446598053,1.886505126953125
50.13553333282471,1.9260025024414062
50.14709687232971,1.9517898559570312
50.20998167991638,1.9830398559570312
50.221646785736084,1.9578056335449219
50.23324227333069,2.0106773376464844
50.24501633644104,2.083629608154297
50.310757637023926,2.0893821716308594
50.322295904159546,2.0303077697753906
50.334150552749634,2.0079727172851562
50.345773458480835,2.0816802978515625
50.357566833496094,2.0713043212890625
50.41034483909607,2.0833358764648438
50.42207312583923,2.0281600952148438
50.43383979797363,2.0869979858398438
50.445371866226196,2.0760040283203125
50.51009964942932,2.0850448608398438
50.52177309989929,2.0973052978515625
50.53340721130371,2.0383644104003906
50.5448317527771,2.0894927978515625
50.61041617393494,2.166370391845703
50.62210512161255,2.0356178283691406
50.634016275405884,2.0913658142089844
50.64582848548889,2.090465545654297
50.70994806289673,2.099262237548828
50.72201752662659,2.1456260681152344
50.733943700790405,2.182697296142578
50.74549865722656,2.2486419677734375
50.80996489524841,2.238372802734375
50.821614503860474,2.2251510620117188
50.83319091796875,2.2806320190429688
50.84484553337097,2.3232803344726562
50.91059136390686,2.433788299560547
50.92210841178894,2.3863868713378906
50.933775424957275,2.4361495971679688
50.94519233703613,1.7736282348632812
51.00995993614197,1.8651962280273438
51.021620750427246,1.8111305236816406
51.03359317779541,1.8850822448730469
51.04540657997131,1.1775588989257812
51.11033082008362,1.1775588989257812
51.121962547302246,1.1775588989257812
51.133596658706665,1.1775588989257812
51.145209312438965,1.1775588989257812
51.210288763046265,1.1775588989257812
51.221927642822266,1.1775588989257812
51.233723640441895,1.1775588989257812
51.24526858329773,1.1775588989257812
51.30988621711731,1.1775588989257812
51.32194209098816,1.1775588989257812
51.333690881729126,1.1775588989257812
51.34525513648987,1.1775588989257812
51.41030716896057,1.1775588989257812
51.42195796966553,1.1775588989257812
51.43377494812012,1.1775588989257812
51.44531774520874,1.1775588989257812
51.510183811187744,1.1775588989257812
51.5218288898468,1.1775588989257812
51.53361797332764,1.1775588989257812
51.54515337944031,1.1775588989257812
51.60999631881714,1.1775588989257812
51.62167549133301,1.1775588989257812
51.6332688331604,1.1775588989257812
51.645044803619385,1.1775588989257812
51.710453271865845,1.1775588989257812
51.72243595123291,1.1775588989257812
51.73391366004944,1.1775588989257812
51.745492696762085,1.1775588989257812
51.80995273590088,1.1775588989257812
51.8216450214386,1.1775588989257812
51.83347797393799,1.1775588989257812
51.845059871673584,1.1775588989257812
51.91009759902954,1.1775588989257812
51.9218111038208,1.1775588989257812
51.93380308151245,1.1775588989257812
51.94533324241638,1.1775588989257812
52.01050424575806,1.1775588989257812
52.02211952209473,1.1775588989257812
52.0340781211853,1.1775588989257812
52.045849561691284,1.1775588989257812
52.11012506484985,1.1775588989257812
52.121768951416016,1.1775588989257812
52.13336205482483,1.1775588989257812
52.144919872283936,1.1775588989257812
52.21058773994446,1.1775588989257812
52.22254300117493,1.1775588989257812
52.23412084579468,1.1775588989257812
52.24570560455322,1.1775588989257812
52.310139179229736,1.1775588989257812
52.321818351745605,1.1775588989257812
52.33341407775879,1.1775588989257812
52.34497261047363,1.1775588989257812
52.40996289253235,1.1775588989257812
52.42165517807007,1.1775588989257812
52.43319630622864,1.1775588989257812
52.44481635093689,1.1775588989257812
52.511061906814575,1.1775588989257812
52.52296233177185,1.1775588989257812
52.53468084335327,1.1775588989257812
52.54626107215881,1.1775588989257812
52.60994219779968,1.1775588989257812
52.621726512908936,1.1775588989257812
52.63335347175598,1.1775588989257812
52.64487433433533,1.1775588989257812
52.70994520187378,1.1775588989257812
52.72149300575256,1.1775588989257812
52.73316311836243,1.1775588989257812
52.744948863983154,1.1775588989257812
52.809876918792725,1.1775588989257812
52.82161521911621,1.1775588989257812
52.83329916000366,1.1775588989257812
52.84511184692383,1.1775588989257812
52.91013765335083,1.1775588989257812
52.92178654670715,1.1775588989257812
52.93337321281433,1.1775588989257812
52.944908618927,1.1775588989257812
53.00988459587097,1.1775588989257812
53.021817207336426,1.1775588989257812
53.03360629081726,1.1775588989257812
53.04516100883484,1.1775588989257812
53.11048412322998,1.1775588989257812
53.12235641479492,1.1775588989257812
53.13382387161255,1.1775588989257812
53.145365476608276,1.1775588989257812
53.15677571296692,1.1775588989257812
53.210437536239624,1.1775588989257812
53.22203993797302,1.1775588989257812
53.23386549949646,1.1775588989257812
53.245481967926025,1.1775588989257812
53.31015348434448,1.1775588989257812
53.321983098983765,1.1775588989257812
53.3339409828186,1.1775588989257812
53.34558320045471,1.1775588989257812
53.41034698486328,1.1775588989257812
53.421979665756226,1.1775588989257812
53.43351912498474,1.1775588989257812
53.44502520561218,1.1775588989257812
53.51077222824097,1.1775588989257812
53.522411584854126,1.1775588989257812
53.53424024581909,1.1775588989257812
53.5458619594574,1.1775588989257812
53.55797529220581,1.1775588989257812
53.611345291137695,1.1775588989257812
53.62280082702637,1.1775588989257812
53.634756088256836,1.1775588989257812
53.64657282829285,1.1775588989257812
53.71050786972046,1.1775588989257812
53.722899198532104,1.1775588989257812
53.73448181152344,1.1775588989257812
53.74617862701416,1.1775588989257812
53.757954120635986,1.1775588989257812
53.81067633628845,1.1775588989257812
53.82231426239014,1.1775588989257812
53.83430004119873,1.1775588989257812
53.8458309173584,1.1775588989257812
53.9099223613739,1.1775588989257812
53.92148947715759,1.1775588989257812
53.93300271034241,1.1775588989257812
53.944522857666016,1.1775588989257812
54.009891986846924,1.1775588989257812
54.02144956588745,1.1775588989257812
54.03303027153015,1.1775588989257812
54.044543981552124,1.1775588989257812
54.11000347137451,1.1775588989257812
54.12159204483032,1.1775588989257812
54.133429288864136,1.1775588989257812
54.1453218460083,1.1775588989257812
54.20987558364868,1.1775588989257812
54.22152495384216,1.1775588989257812
54.23302102088928,1.1775588989257812
54.24456214904785,1.1775588989257812
54.31027793884277,1.1775588989257812
54.32232594490051,1.1775588989257812
54.334317684173584,1.1775588989257812
54.345874309539795,1.1775588989257812
54.410218715667725,1.1775588989257812
54.42177724838257,1.1775588989257812
54.43347716331482,1.1775588989257812
54.4452919960022,1.1775588989257812
54.456769704818726,1.1033096313476562
54.511136054992676,1.0660552978515625
54.52293348312378,1.0657958984375
54.53460669517517,1.0657958984375
54.546382665634155,1.0657958984375
54.5579559803009,1.0657958984375
54.569462299346924,1.0657958984375
54.61016893386841,1.0657958984375
54.62183499336243,1.0657958984375
54.6335768699646,1.0657958984375
54.6449818611145,1.0657958984375
54.65638875961304,1.0657958984375
54.6679573059082,1.0657958984375
54.709946393966675,1.0657958984375
54.721867084503174,1.0657958984375
54.73345756530762,1.0657958984375
54.74498534202576,1.0657958984375
54.75677275657654,1.0657958984375
54.768352031707764,1.0657958984375
54.81034588813782,1.0657958984375
54.82193422317505,1.0657958984375
54.83352255821228,1.0657958984375
54.84500741958618,1.0657958984375
54.85671639442444,1.0657958984375
54.86836051940918,1.0657958984375
54.91037964820862,1.0657958984375
54.92199349403381,1.0657958984375
54.933571100234985,1.0657958984375
54.94507837295532,1.0657958984375
54.95677447319031,1.0657958984375
54.96829843521118,1.0657958984375
55.01026487350464,1.0657958984375
55.0218722820282,1.0657958984375
55.03350210189819,1.0657958984375
55.045265436172485,1.0657958984375
55.05685758590698,1.0657958984375
55.06856560707092,1.0657958984375
55.10988736152649,1.0657958984375
55.12199020385742,1.0657958984375
55.13379383087158,1.0657958984375
55.14558243751526,1.0657958984375
55.15722441673279,1.0657958984375
55.16874408721924,1.0657958984375
55.20988726615906,1.0657958984375
55.221338987350464,1.0657958984375
55.232853174209595,1.0657958984375
55.244378328323364,1.0657958984375
55.25583219528198,1.0657958984375
55.26751375198364,1.0657958984375
55.31034779548645,1.0657958984375
55.32182049751282,1.0657958984375
55.33331370353699,1.0657958984375
55.34470558166504,1.0657958984375
55.35658812522888,1.0657958984375
55.36798143386841,1.0657958984375
55.40988278388977,1.0657958984375
55.42164993286133,1.0657958984375
55.433202028274536,1.0657958984375
55.4447340965271,1.0657958984375
55.456257343292236,1.0657958984375
55.46777558326721,1.0657958984375
55.51065683364868,1.0657958984375
55.522499799728394,1.0657958984375
55.53418493270874,1.0657958984375
55.54571270942688,1.0657958984375
55.5572350025177,1.0657958984375
55.56894063949585,1.0657958984375
55.60990285873413,1.0657958984375
55.621517181396484,1.0657958984375
55.63305950164795,1.0657958984375
55.644580602645874,1.0657958984375
55.656087160110474,1.0657958984375
55.667595863342285,1.0657958984375
55.710031270980835,1.0657958984375
55.721832275390625,1.0657958984375
55.73360347747803,1.0657958984375
55.74512982368469,1.0657958984375
55.75666642189026,1.0657958984375
55.768224000930786,1.0657958984375
55.81012463569641,1.0657958984375
55.82201600074768,1.0657958984375
55.83365821838379,1.0657958984375
55.845200538635254,1.0657958984375
55.856894969940186,1.0657958984375
55.86847448348999,1.0657958984375
55.90992712974548,1.0657958984375
55.92137598991394,1.0657958984375
55.9331271648407,1.0657958984375
55.944698095321655,1.0657958984375
55.95622777938843,1.0657958984375
55.967774629592896,1.0657958984375
56.009878396987915,1.0657958984375
56.02142643928528,1.0657958984375
56.032954692840576,1.0657958984375
56.04459881782532,1.0657958984375
56.05633997917175,1.0657958984375
56.067901611328125,1.0657958984375
56.10991048812866,1.0657958984375
56.121604204177856,1.0657958984375
56.13345289230347,1.0657958984375
56.1452739238739,1.0657958984375
56.15746021270752,1.0657958984375
56.16888499259949,1.0657958984375
56.209877252578735,1.0657958984375
56.22132325172424,1.0657958984375
56.23296618461609,1.0657958984375
56.24437594413757,1.0657958984375
56.255951166152954,1.0657958984375
56.26766395568848,1.0657958984375
56.309826135635376,1.0657958984375
56.32139492034912,1.0657958984375
56.33314609527588,1.0657958984375
56.34494090080261,1.0657958984375
56.35703635215759,1.0657958984375
56.36866879463196,1.0657958984375
56.40986633300781,1.0657958984375
56.42143511772156,1.0657958984375
56.433101654052734,1.0657958984375
56.44465136528015,1.0657958984375
56.456161975860596,1.0657958984375
56.467594146728516,1.0657958984375
56.5102162361145,1.0657958984375
56.52210807800293,1.0657958984375
56.53384804725647,1.0657958984375
56.54524254798889,1.0657958984375
56.55703687667847,1.0657958984375
56.568920373916626,1.0657958984375
56.60984420776367,1.0657958984375
56.62153363227844,1.0657958984375
56.63305735588074,1.0657958984375
56.64456272125244,1.0657958984375
56.656248331069946,1.0657958984375
56.66782879829407,1.0657958984375
56.7098970413208,1.0657958984375
56.72137475013733,1.0657958984375
56.73279428482056,1.0657958984375
56.744561433792114,1.0657958984375
56.756054162979126,1.0657958984375
56.76745820045471,1.0657958984375
56.81068706512451,1.0657958984375
56.822348833084106,1.0657958984375
56.83399271965027,1.0657958984375
56.84553146362305,0.9540328979492188
56.857438802719116,0.9540328979492188
56.86905908584595,0.9540328979492188
56.880574226379395,0.9540328979492188
56.90984630584717,0.9540328979492188
56.92179274559021,0.9540328979492188
56.93331742286682,0.9540328979492188
56.94473052024841,0.9540328979492188
56.95612573623657,0.9540328979492188
56.967870473861694,0.9540328979492188
56.97944664955139,0.9540328979492188
56.99091982841492,0.9540328979492188
57.010438442230225,0.9540328979492188
57.02186894416809,0.9540328979492188
57.03365635871887,0.9540328979492188
57.04515838623047,0.9540328979492188
57.0566930770874,0.9540328979492188
57.068204164505005,0.9540328979492188
57.08002257347107,0.9540328979492188
57.09177255630493,0.9540328979492188
57.1098096370697,0.9540328979492188
57.12132406234741,0.9540328979492188
57.13309597969055,0.9540328979492188
57.14486742019653,0.9540328979492188
57.15654277801514,0.9540328979492188
57.168293714523315,0.9540328979492188
57.18022131919861,0.9540328979492188
57.19174122810364,0.9540328979492188
57.21039891242981,0.9540328979492188
57.22189283370972,0.9540328979492188
57.23330330848694,0.9540328979492188
57.24484133720398,0.9540328979492188
57.25624942779541,0.9540328979492188
57.2678108215332,0.9540328979492188
57.279199838638306,0.9540328979492188
57.29079723358154,0.9540328979492188
57.309818744659424,0.9540328979492188
57.321330070495605,0.9540328979492188
57.33284378051758,0.9540328979492188
57.344261169433594,0.9540328979492188
57.35601234436035,0.9540328979492188
57.3674111366272,0.9540328979492188
57.37899112701416,0.9540328979492188
57.390387773513794,0.9540328979492188
57.40989685058594,0.9540328979492188
57.421417474746704,0.9540328979492188
57.43307137489319,0.9540328979492188
57.44479966163635,0.9540328979492188
57.45652651786804,0.9540328979492188
57.46807789802551,0.9540328979492188
57.47946262359619,0.9540328979492188
57.49089694023132,0.9540328979492188
57.51023244857788,0.9540328979492188
57.52196407318115,0.9540328979492188
57.53354263305664,0.9540328979492188
57.54506540298462,0.9540328979492188
57.55660343170166,0.9540328979492188
57.56812500953674,0.9540328979492188
57.579699754714966,0.9540328979492188
57.591211557388306,0.9540328979492188
57.60981202125549,0.9540328979492188
57.62147045135498,0.9540328979492188
57.6332426071167,0.9540328979492188
57.644752502441406,0.8979339599609375
57.65625762939453,0.8422698974609375
57.66778016090393,0.7861709594726562
57.67929434776306,0.17754745483398438
57.6906852722168,0.17765426635742188
57.701979637145996,0.17765426635742188
57.713266134262085,0.17765426635742188
57.724478244781494,0.17765426635742188
57.735758781433105,0.17771530151367188
57.74727392196655,0.17771530151367188
57.75893020629883,0.17785263061523438
57.77037048339844,0.17785263061523438
57.781909227371216,0.17785263061523438
57.79310584068298,0.17785263061523438
57.80428504943848,0.17786407470703125
57.81565451622009,0.17786407470703125
57.827155113220215,0.0
57.83860754966736,0.0
