t_sec,rss_gib
0.006199359893798828,0.004695892333984375
0.017060041427612305,0.006366729736328125
0.02782297134399414,0.006366729736328125
0.03858184814453125,0.006366729736328125
0.04933738708496094,0.006366729736328125
0.06008267402648926,0.006366729736328125
0.07080197334289551,0.006366729736328125
0.08153986930847168,0.00713348388671875
0.09227395057678223,0.00713348388671875
0.10300922393798828,0.00713348388671875
0.11372590065002441,0.00713348388671875
0.12445330619812012,0.00713348388671875
0.13517403602600098,0.00713348388671875
0.14588308334350586,0.00713348388671875
0.15660595893859863,0.00713348388671875
0.1673283576965332,0.00713348388671875
0.17804622650146484,0.00713348388671875
0.1887660026550293,0.00713348388671875
0.19948983192443848,0.00713348388671875
0.21021509170532227,0.007289886474609375
0.22091913223266602,0.007289886474609375
0.23164129257202148,0.007289886474609375
0.24236536026000977,0.007289886474609375
0.2530813217163086,0.007289886474609375
0.26378798484802246,0.007289886474609375
0.2745022773742676,0.007289886474609375
0.2852334976196289,0.007289886474609375
0.29593944549560547,0.007289886474609375
0.3066575527191162,0.00789642333984375
0.3173947334289551,0.00916290283203125
0.328125,0.009918212890625
0.33883237838745117,0.01016998291015625
0.3495519161224365,0.01067352294921875
0.3602886199951172,0.010982513427734375
0.37102198600769043,0.010982513427734375
0.3817451000213623,0.010982513427734375
0.39246463775634766,0.011859893798828125
0.40318799018859863,0.0157470703125
0.4139084815979004,0.018581390380859375
0.42463111877441406,0.01914215087890625
0.43535327911376953,0.019527435302734375
0.4460875988006592,0.019863128662109375
0.4568016529083252,0.019863128662109375
0.46752476692199707,0.019863128662109375
0.47824549674987793,0.019863128662109375
0.4889533519744873,0.019863128662109375
0.4996626377105713,0.019863128662109375
0.5103869438171387,0.019863128662109375
0.521106481552124,0.019863128662109375
0.5318129062652588,0.019863128662109375
0.5425336360931396,0.019863128662109375
0.5532491207122803,0.019863128662109375
0.5639593601226807,0.019863128662109375
0.5746872425079346,0.019863128662109375
0.5854191780090332,0.019863128662109375
0.5961308479309082,0.019863128662109375
0.6068360805511475,0.019863128662109375
0.617572546005249,0.020618438720703125
0.6282944679260254,0.021770477294921875
0.6390354633331299,0.022022247314453125
0.6497633457183838,0.022640228271484375
0.660489559173584,0.02320098876953125
0.6712217330932617,0.023883819580078125
0.6819324493408203,0.024211883544921875
0.6926541328430176,0.025020599365234375
0.7033886909484863,0.026092529296875
0.7141177654266357,0.02651214599609375
0.7248361110687256,0.02693939208984375
0.735562801361084,0.0273590087890625
0.7462868690490723,0.0273590087890625
0.7570054531097412,0.0273590087890625
0.7677218914031982,0.0273590087890625
0.7784421443939209,0.0273590087890625
0.7891867160797119,0.0273590087890625
0.7998948097229004,0.0273590087890625
0.8106203079223633,0.0273590087890625
0.8213551044464111,0.0273590087890625
0.832078218460083,0.0273590087890625
0.8427925109863281,0.0273590087890625
0.8535091876983643,0.0273590087890625
0.8642292022705078,0.0273590087890625
0.8749356269836426,0.027378082275390625
0.8856582641601562,0.027378082275390625
0.8963866233825684,0.027378082275390625
0.9071104526519775,0.027378082275390625
0.9178240299224854,0.027378082275390625
0.928544282913208,0.027378082275390625
0.9392609596252441,0.027378082275390625
0.9499878883361816,0.027378082275390625
0.9607083797454834,0.027378082275390625
0.9714241027832031,0.027378082275390625
0.9821407794952393,0.027378082275390625
0.9928507804870605,0.027378082275390625
1.0035808086395264,0.027378082275390625
1.0142974853515625,0.027713775634765625
1.0250136852264404,0.027713775634765625
1.0357191562652588,0.027713775634765625
1.0464398860931396,0.027713775634765625
1.057157278060913,0.027713775634765625
1.0678613185882568,0.027713775634765625
1.0785837173461914,0.027713775634765625
1.089298963546753,0.027713775634765625
1.1000175476074219,0.027713775634765625
1.1107213497161865,0.027713775634765625
1.1214356422424316,0.027713775634765625
1.1321520805358887,0.027713775634765625
1.1428587436676025,0.027713775634765625
1.1535799503326416,0.027713775634765625
1.1643149852752686,0.027713775634765625
1.1750483512878418,0.027713775634765625
1.1857526302337646,0.027713775634765625
1.196476697921753,0.027713775634765625
1.2072038650512695,0.027713775634765625
1.2179224491119385,0.02811431884765625
1.2286255359649658,0.028377532958984375
1.2393460273742676,0.028377532958984375
1.2500693798065186,0.028377532958984375
1.2607853412628174,0.028377532958984375
1.2715070247650146,0.028377532958984375
1.2822210788726807,0.028377532958984375
1.292923927307129,0.028377532958984375
1.3036320209503174,0.028377532958984375
1.3143460750579834,0.028377532958984375
1.325068473815918,0.028377532958984375
1.3357808589935303,0.028377532958984375
1.3465025424957275,0.028377532958984375
1.3572289943695068,0.028377532958984375
1.367934226989746,0.028377532958984375
1.3786706924438477,0.028533935546875
1.3894035816192627,0.02985382080078125
1.4001286029815674,0.030780792236328125
1.4108433723449707,0.030780792236328125
1.4215645790100098,0.03143310546875
1.4322829246520996,0.03204345703125
1.4430060386657715,0.03279876708984375
1.4537229537963867,0.034473419189453125
1.4644463062286377,0.037487030029296875
1.4751696586608887,0.03792572021484375
1.4858818054199219,0.03794097900390625
1.4966027736663818,0.03794097900390625
1.5073308944702148,0.03794097900390625
1.5180656909942627,0.03794097900390625
1.528773546218872,0.03794097900390625
1.539501428604126,0.03794097900390625
1.5502285957336426,0.03794097900390625
1.560943603515625,0.03794097900390625
1.5716516971588135,0.03794097900390625
1.5823686122894287,0.03794097900390625
1.5931012630462646,0.03794097900390625
1.6038131713867188,0.03794097900390625
1.6145317554473877,0.03794097900390625
1.6252522468566895,0.03794097900390625
1.6359539031982422,0.03794097900390625
1.646672248840332,0.03794097900390625
1.657393217086792,0.03794097900390625
1.6681160926818848,0.03794097900390625
1.6788198947906494,0.03794097900390625
1.689549207687378,0.03794097900390625
1.7002646923065186,0.03794097900390625
1.710989236831665,0.03794097900390625
1.721703052520752,0.03794097900390625
1.7324204444885254,0.03794097900390625
1.7431416511535645,0.03794097900390625
1.7538471221923828,0.03794097900390625
1.7645666599273682,0.03794097900390625
1.7752861976623535,0.03794097900390625
1.7860279083251953,0.03794097900390625
1.7967329025268555,0.03794097900390625
1.807460069656372,0.03794097900390625
1.8181812763214111,0.03794097900390625
1.8288969993591309,0.03794097900390625
1.8396155834197998,0.03794097900390625
1.8503398895263672,0.03794097900390625
1.8610663414001465,0.03794097900390625
1.8717873096466064,0.03794097900390625
1.8825199604034424,0.038188934326171875
1.893251895904541,0.038188934326171875
1.9039809703826904,0.038188934326171875
1.914715051651001,0.038188934326171875
1.925447702407837,0.038188934326171875
1.9361851215362549,0.038188934326171875
1.9469199180603027,0.038188934326171875
1.957643985748291,0.038188934326171875
1.9683775901794434,0.038188934326171875
1.9791054725646973,0.038188934326171875
1.9898250102996826,0.038188934326171875
2.0005502700805664,0.038188934326171875
2.0112781524658203,0.038188934326171875
2.022012948989868,0.038188934326171875
2.0327351093292236,0.038188934326171875
2.043464422225952,0.038188934326171875
2.05419659614563,0.038188934326171875
2.0649096965789795,0.038188934326171875
2.0756239891052246,0.038188934326171875
2.086348533630371,0.038188934326171875
2.0970849990844727,0.038188934326171875
2.1077911853790283,0.038188934326171875
2.1185085773468018,0.038188934326171875
2.129225254058838,0.038188934326171875
2.1399266719818115,0.038188934326171875
2.15063738822937,0.038188934326171875
2.1613669395446777,0.038188934326171875
2.172088623046875,0.038188934326171875
2.182821750640869,0.038188934326171875
2.1935458183288574,0.038188934326171875
2.20426869392395,0.038188934326171875
2.2149837017059326,0.038188934326171875
2.2256879806518555,0.038188934326171875
2.236417055130005,0.038188934326171875
2.247133255004883,0.038188934326171875
2.2578372955322266,0.038188934326171875
2.268557071685791,0.038188934326171875
2.2792811393737793,0.03849029541015625
2.2900102138519287,0.038543701171875
2.3007278442382812,0.039257049560546875
2.3114511966705322,0.03969573974609375
2.3221776485443115,0.03998565673828125
2.332897424697876,0.040615081787109375
2.3436198234558105,0.04079437255859375
2.3543496131896973,0.041046142578125
2.3650777339935303,0.041046142578125
2.375791311264038,0.041046142578125
2.386518716812134,0.041046142578125
2.3972644805908203,0.041046142578125
2.4079818725585938,0.041046142578125
2.418691873550415,0.041046142578125
2.429410219192505,0.041046142578125
2.4401423931121826,0.041046142578125
2.4508635997772217,0.041046142578125
2.461589813232422,0.041046142578125
2.47231388092041,0.041046142578125
2.483041286468506,0.041046142578125
2.493791103363037,0.041046142578125
2.504520893096924,0.041046142578125
2.5152461528778076,0.041046142578125
2.5259594917297363,0.041046142578125
2.5366873741149902,0.041046142578125
2.5474178791046143,0.041046142578125
2.5581376552581787,0.041046142578125
2.568863868713379,0.041046142578125
2.579589366912842,0.041046142578125
2.5903050899505615,0.041046142578125
2.601038694381714,0.041046142578125
2.611750602722168,0.041046142578125
2.622476100921631,0.04111480712890625
2.633195400238037,0.04111480712890625
2.643902063369751,0.04111480712890625
2.654629707336426,0.04111480712890625
2.66534686088562,0.04111480712890625
2.6760640144348145,0.04111480712890625
2.6867661476135254,0.04111480712890625
2.697478771209717,0.04111480712890625
2.708195686340332,0.04111480712890625
2.7189018726348877,0.04111480712890625
2.729611873626709,0.04111480712890625
2.740328311920166,0.04111480712890625
2.751049757003784,0.04111480712890625
2.761756420135498,0.04111480712890625
2.7724711894989014,0.04111480712890625
2.7831928730010986,0.04119110107421875
2.7939090728759766,0.04119110107421875
2.8046181201934814,0.04119110107421875
2.8153319358825684,0.04119110107421875
2.826068639755249,0.04119110107421875
2.836780309677124,0.04119110107421875
2.8474981784820557,0.04119110107421875
2.858215570449829,0.04119110107421875
2.868922472000122,0.04119110107421875
2.879631996154785,0.04119110107421875
2.8903489112854004,0.04119110107421875
2.9010653495788574,0.04119110107421875
2.9117836952209473,0.04119110107421875
2.9225175380706787,0.04119110107421875
2.9332339763641357,0.04119110107421875
2.9439430236816406,0.04119110107421875
2.9546520709991455,0.04119110107421875
2.9653775691986084,0.04119110107421875
2.976109266281128,0.04119110107421875
2.986816167831421,0.04119110107421875
2.997544765472412,0.04119110107421875
3.008267402648926,0.04119110107421875
3.018986701965332,0.04119110107421875
3.029695510864258,0.04119110107421875
3.040414810180664,0.04119110107421875
3.0511412620544434,0.04119110107421875
3.061852216720581,0.04119110107421875
3.0725698471069336,0.04119110107421875
3.0832881927490234,0.04122161865234375
3.0940167903900146,0.04122161865234375
3.1047260761260986,0.04122161865234375
3.115445852279663,0.04122161865234375
3.126176595687866,0.04122161865234375
3.136885166168213,0.04122161865234375
3.147604465484619,0.04122161865234375
3.158327579498291,0.04122161865234375
3.169052839279175,0.04122161865234375
3.179774284362793,0.04122161865234375
3.1905124187469482,0.04122161865234375
3.201253652572632,0.04122161865234375
3.2119805812835693,0.04122161865234375
3.2226924896240234,0.04122161865234375
3.233412027359009,0.04122161865234375
3.244135618209839,0.04122161865234375
3.2548422813415527,0.04122161865234375
3.265564441680908,0.04122161865234375
3.276284694671631,0.04122161865234375
3.2870237827301025,0.04122161865234375
3.2977492809295654,0.04138946533203125
3.308475971221924,0.041637420654296875
3.319204807281494,0.04219818115234375
3.3299272060394287,0.042449951171875
3.3406476974487305,0.043010711669921875
3.351374626159668,0.044189453125
3.36210560798645,0.0449981689453125
3.372836112976074,0.0449981689453125
3.3835630416870117,0.0449981689453125
3.394289970397949,0.0449981689453125
3.4050333499908447,0.0449981689453125
3.4157397747039795,0.0449981689453125
3.4264562129974365,0.0449981689453125
3.4371726512908936,0.0449981689453125
3.4478907585144043,0.0449981689453125
3.4586191177368164,0.0449981689453125
3.469355583190918,0.0449981689453125
3.4800846576690674,0.0449981689453125
3.4907944202423096,0.0449981689453125
3.5015220642089844,0.0449981689453125
3.5122458934783936,0.0449981689453125
3.5229620933532715,0.0449981689453125
3.533686637878418,0.0449981689453125
3.5444273948669434,0.0449981689453125
3.555194854736328,0.0449981689453125
3.565922737121582,0.0449981689453125
3.576626777648926,0.0449981689453125
3.587345838546753,0.0449981689453125
3.598081350326538,0.0449981689453125
3.608802556991577,0.04524993896484375
3.619530439376831,0.04575347900390625
3.630251884460449,0.046878814697265625
3.640993356704712,0.047130584716796875
3.6517419815063477,0.047382354736328125
3.662466287612915,0.047382354736328125
3.673192262649536,0.047382354736328125
3.6838955879211426,0.047382354736328125
3.694608211517334,0.047382354736328125
3.705329656600952,0.047382354736328125
3.7160534858703613,0.047382354736328125
3.7267775535583496,0.047382354736328125
3.7375004291534424,0.047382354736328125
3.7482268810272217,0.047382354736328125
3.758932113647461,0.047382354736328125
3.7696425914764404,0.047382354736328125
3.780369997024536,0.047382354736328125
3.7910971641540527,0.047382354736328125
3.8018078804016113,0.047382354736328125
3.8125462532043457,0.047382354736328125
3.8232622146606445,0.047382354736328125
3.8339803218841553,0.047382354736328125
3.8446996212005615,0.047382354736328125
3.855417490005493,0.047382354736328125
3.866144895553589,0.047382354736328125
3.8768632411956787,0.047382354736328125
3.887580156326294,0.047382354736328125
3.8983054161071777,0.047382354736328125
3.909024715423584,0.049335479736328125
3.919732093811035,0.049335479736328125
3.930448055267334,0.049335479736328125
3.9411635398864746,0.049335479736328125
3.9518656730651855,0.049335479736328125
3.962581157684326,0.049335479736328125
3.9732987880706787,0.049335479736328125
3.984022855758667,0.049335479736328125
3.994734525680542,0.049335479736328125
4.005460500717163,0.049335479736328125
4.016177654266357,0.049335479736328125
4.026889324188232,0.051273345947265625
4.037616968154907,0.05252838134765625
4.048342943191528,0.053302764892578125
4.059086799621582,0.05377960205078125
4.069807529449463,0.054286956787109375
4.080543279647827,0.054286956787109375
4.091263055801392,0.054286956787109375
4.101989269256592,0.054286956787109375
4.11269998550415,0.054286956787109375
4.1234214305877686,0.054286956787109375
4.134140491485596,0.054286956787109375
4.144848108291626,0.054286956787109375
4.155569314956665,0.054286956787109375
4.166314363479614,0.054286956787109375
4.177042484283447,0.054286956787109375
4.187755584716797,0.054286956787109375
4.1984946727752686,0.054286956787109375
4.2092249393463135,0.054286956787109375
4.219949960708618,0.054286956787109375
4.230642557144165,0.054286956787109375
4.241370677947998,0.054286956787109375
4.252100467681885,0.054286956787109375
4.2628185749053955,0.054286956787109375
4.2735724449157715,0.054286956787109375
4.2843017578125,0.054286956787109375
4.295042276382446,0.0545196533203125
4.305771112442017,0.055301666259765625
4.316511392593384,0.056987762451171875
4.327237129211426,0.056987762451171875
4.337974309921265,0.056987762451171875
4.348687648773193,0.056987762451171875
4.35941743850708,0.056987762451171875
4.370138645172119,0.056987762451171875
4.380849838256836,0.056987762451171875
4.391594409942627,0.056987762451171875
4.402315378189087,0.056987762451171875
4.413064241409302,0.056987762451171875
4.423781156539917,0.057361602783203125
4.434520244598389,0.057361602783203125
4.445241689682007,0.057361602783203125
4.455953598022461,0.057361602783203125
4.4666619300842285,0.057361602783203125
4.477388858795166,0.057361602783203125
4.48811149597168,0.057361602783203125
4.4988203048706055,0.057865142822265625
4.509547710418701,0.058422088623046875
4.520270586013794,0.059566497802734375
4.530987501144409,0.059566497802734375
4.541738986968994,0.059566497802734375
4.552457809448242,0.059566497802734375
4.563185691833496,0.059566497802734375
4.573888063430786,0.059566497802734375
4.58460545539856,0.059566497802734375
4.5953288078308105,0.059566497802734375
4.606048345565796,0.059566497802734375
4.616750955581665,0.059566497802734375
4.627474546432495,0.059566497802734375
4.6381940841674805,0.059566497802734375
4.648908853530884,0.059566497802734375
4.659621477127075,0.059566497802734375
4.670373439788818,0.059566497802734375
4.68109917640686,0.059566497802734375
4.69180703163147,0.059566497802734375
4.702539682388306,0.059566497802734375
4.7132728099823,0.061065673828125
4.72399640083313,0.061618804931640625
4.7347166538238525,0.06324005126953125
4.745439529418945,0.0639495849609375
4.756162405014038,0.06435012817382812
4.766879558563232,0.0645599365234375
4.777604341506958,0.06469345092773438
4.788320302963257,0.06469345092773438
4.799046039581299,0.06469345092773438
4.8097498416900635,0.06469345092773438
4.82046914100647,0.06469345092773438
4.8311851024627686,0.06469345092773438
4.841891527175903,0.06469345092773438
4.852606534957886,0.06469345092773438
4.863324403762817,0.06469345092773438
4.874042987823486,0.06469345092773438
4.884756803512573,0.06469345092773438
4.895472764968872,0.06469345092773438
4.906204462051392,0.06469345092773438
4.916910648345947,0.06469345092773438
4.9276204109191895,0.06469345092773438
4.9383440017700195,0.06469345092773438
4.949070930480957,0.06469345092773438
4.959783315658569,0.06469345092773438
4.970500707626343,0.06469345092773438
4.981219530105591,0.06469345092773438
4.992055892944336,0.06469345092773438
5.002766847610474,0.06469345092773438
5.013502359390259,0.06469345092773438
5.024224042892456,0.06600570678710938
5.034931182861328,0.06625747680664062
5.04563570022583,0.06625747680664062
5.056375980377197,0.06625747680664062
5.067107677459717,0.06625747680664062
5.077815294265747,0.06625747680664062
5.088547229766846,0.06625747680664062
5.099272012710571,0.06625747680664062
5.109996795654297,0.06625747680664062
5.12070631980896,0.06625747680664062
5.131436347961426,0.06625747680664062
5.1421520709991455,0.06625747680664062
5.152865409851074,0.06625747680664062
5.163610219955444,0.06625747680664062
5.174333810806274,0.06625747680664062
5.185062408447266,0.06625747680664062
5.1957879066467285,0.06625747680664062
5.206517696380615,0.06650924682617188
5.217256784439087,0.06676101684570312
5.227982521057129,0.06676101684570312
5.238701105117798,0.06676101684570312
5.24941611289978,0.06676101684570312
5.26013708114624,0.06676101684570312
5.27084755897522,0.06676101684570312
5.281572341918945,0.06676101684570312
5.292295217514038,0.06676101684570312
5.3030171394348145,0.06676101684570312
5.313735723495483,0.06676101684570312
5.324469089508057,0.06676101684570312
5.335200309753418,0.06696319580078125
5.345907688140869,0.06696319580078125
5.356626272201538,0.06696319580078125
5.367345333099365,0.06696319580078125
5.378063678741455,0.06696319580078125
5.388767719268799,0.06696319580078125
5.399485349655151,0.06696319580078125
5.410201787948608,0.06696319580078125
5.420915126800537,0.06726455688476562
5.431633472442627,0.0673675537109375
5.4423627853393555,0.067779541015625
5.4530885219573975,0.06833648681640625
5.463804483413696,0.06847000122070312
5.474532842636108,0.0686798095703125
5.485252380371094,0.06891250610351562
5.495986461639404,0.06931304931640625
5.506704568862915,0.06947708129882812
5.517430305480957,0.0713653564453125
5.528149127960205,0.07197952270507812
5.538860082626343,0.0724334716796875
5.549582481384277,0.0724334716796875
5.560296535491943,0.07274627685546875
5.5710132122039795,0.07323455810546875
5.581725120544434,0.07323455810546875
5.592444658279419,0.07323455810546875
5.603166580200195,0.07323455810546875
5.613875150680542,0.07323455810546875
5.624616622924805,0.07323455810546875
5.6353371143341064,0.07323455810546875
5.646058559417725,0.07323455810546875
5.656766653060913,0.07323455810546875
5.667491912841797,0.07323455810546875
5.678216934204102,0.07323455810546875
5.688927412033081,0.07323455810546875
5.699636936187744,0.07323455810546875
5.710360765457153,0.07323455810546875
5.721080780029297,0.07323455810546875
5.731786489486694,0.07323455810546875
5.742510795593262,0.07323455810546875
5.753228425979614,0.07323455810546875
5.763935089111328,0.07323455810546875
5.774644613265991,0.07323455810546875
5.7853662967681885,0.07323455810546875
5.79609489440918,0.07323455810546875
5.806798696517944,0.07323455810546875
5.8175389766693115,0.07323455810546875
5.828269720077515,0.07323455810546875
5.8390021324157715,0.07323455810546875
5.849721431732178,0.07323455810546875
5.860454559326172,0.07323455810546875
5.871192216873169,0.07323455810546875
5.881903409957886,0.07323455810546875
5.8926169872283936,0.07323455810546875
5.9033427238464355,0.07323455810546875
5.914071798324585,0.07358169555664062
5.924785852432251,0.07358169555664062
5.935507774353027,0.07358169555664062
5.946232080459595,0.07358169555664062
5.956955432891846,0.07358169555664062
5.967687368392944,0.07358169555664062
5.9784064292907715,0.07358169555664062
5.98912787437439,0.07358169555664062
5.999841690063477,0.07358169555664062
6.010570049285889,0.07358169555664062
6.021302938461304,0.07358169555664062
6.032031059265137,0.07358169555664062
6.042756795883179,0.07358169555664062
6.053479433059692,0.07358169555664062
6.064203500747681,0.07358169555664062
6.074929475784302,0.07358169555664062
6.085655450820923,0.07358169555664062
6.096375942230225,0.07358169555664062
6.107096910476685,0.07358169555664062
6.117807149887085,0.07358169555664062
6.128543138504028,0.07388687133789062
6.139272212982178,0.07460784912109375
6.149996042251587,0.07464218139648438
6.160706281661987,0.07490921020507812
6.171433210372925,0.07560348510742188
6.182159662246704,0.0760650634765625
6.192882537841797,0.07690048217773438
6.203617572784424,0.07765579223632812
6.214341402053833,0.07891464233398438
6.225059747695923,0.07941818237304688
6.235770225524902,0.07941818237304688
6.246517181396484,0.07941818237304688
6.257234811782837,0.07941818237304688
6.267981052398682,0.07941818237304688
6.278689861297607,0.07941818237304688
6.28941011428833,0.07941818237304688
6.3001275062561035,0.07941818237304688
6.310852766036987,0.07941818237304688
6.321601629257202,0.07941818237304688
6.332322597503662,0.07941818237304688
6.343048810958862,0.07941818237304688
6.353764295578003,0.07941818237304688
6.364490270614624,0.07941818237304688
6.375211238861084,0.07941818237304688
6.385916471481323,0.07941818237304688
6.39662504196167,0.07941818237304688
6.407352924346924,0.07941818237304688
6.418080806732178,0.07941818237304688
6.428791761398315,0.080108642578125
6.439529895782471,0.08099365234375
6.450250148773193,0.08157730102539062
6.4609599113464355,0.08157730102539062
6.471691131591797,0.08349990844726562
6.482411623001099,0.08375167846679688
6.493135452270508,0.08464431762695312
6.503848552703857,0.08489608764648438
6.514581918716431,0.08489608764648438
6.525338411331177,0.08514785766601562
6.536065340042114,0.08539962768554688
6.546771049499512,0.08539962768554688
6.557510137557983,0.08539962768554688
6.56824517250061,0.08565139770507812
6.578948974609375,0.08565139770507812
6.589662313461304,0.08565139770507812
6.600390434265137,0.08565139770507812
6.61110782623291,0.08565139770507812
6.6218156814575195,0.08565139770507812
6.632534503936768,0.08565139770507812
6.643251895904541,0.08565139770507812
6.653978109359741,0.08565139770507812
6.6647069454193115,0.08565139770507812
6.675433397293091,0.08565139770507812
6.686154842376709,0.08565139770507812
6.696862697601318,0.08565139770507812
6.707587242126465,0.08565139770507812
6.718316316604614,0.0859832763671875
6.729041337966919,0.08646392822265625
6.739758729934692,0.08646392822265625
6.750494718551636,0.08646392822265625
6.761228799819946,0.08646392822265625
6.771954536437988,0.08646392822265625
6.782678604125977,0.08646392822265625
6.793405532836914,0.08646392822265625
6.8041229248046875,0.08646392822265625
6.8148369789123535,0.08646392822265625
6.825562238693237,0.08646392822265625
6.8362977504730225,0.08669662475585938
6.847020864486694,0.08669662475585938
6.8577351570129395,0.08669662475585938
6.868466854095459,0.08669662475585938
6.879198789596558,0.08669662475585938
6.88990592956543,0.08669662475585938
6.900631427764893,0.08669662475585938
6.911360502243042,0.08669662475585938
6.922092914581299,0.08669662475585938
6.932814836502075,0.08697509765625
6.943549394607544,0.0874786376953125
6.954289436340332,0.087982177734375
6.965028762817383,0.087982177734375
6.975745916366577,0.08834457397460938
6.986508369445801,0.08859634399414062
6.997232437133789,0.08859634399414062
7.007960557937622,0.08859634399414062
7.018692493438721,0.08859634399414062
7.02942419052124,0.08859634399414062
7.040149450302124,0.08859634399414062
7.050863742828369,0.08859634399414062
7.0615928173065186,0.08859634399414062
7.072320461273193,0.08859634399414062
7.083052158355713,0.08859634399414062
7.093774795532227,0.08859634399414062
7.1045074462890625,0.08859634399414062
7.115234375,0.08859634399414062
7.125957727432251,0.08859634399414062
7.136681318283081,0.08859634399414062
7.147403001785278,0.08859634399414062
7.158128261566162,0.08859634399414062
7.168834447860718,0.08859634399414062
7.1795549392700195,0.08859634399414062
7.190272569656372,0.08859634399414062
7.200984716415405,0.08859634399414062
7.211694717407227,0.08859634399414062
7.222413778305054,0.08859634399414062
7.233130693435669,0.08859634399414062
7.24383807182312,0.08859634399414062
7.2545623779296875,0.08859634399414062
7.265280246734619,0.08859634399414062
7.27600884437561,0.08859634399414062
7.286714553833008,0.08859634399414062
7.297433614730835,0.08859634399414062
7.308161973953247,0.08859634399414062
7.318865060806274,0.08859634399414062
7.329586029052734,0.08859634399414062
7.340316295623779,0.08859634399414062
7.351046085357666,0.08859634399414062
7.361769914627075,0.08859634399414062
7.372492074966431,0.08859634399414062
7.383208274841309,0.08859634399414062
7.393913269042969,0.08859634399414062
7.404614210128784,0.08859634399414062
7.415331602096558,0.08859634399414062
7.426061153411865,0.08859634399414062
7.436777353286743,0.08859634399414062
7.447503566741943,0.08859634399414062
7.458218097686768,0.08859634399414062
7.468947649002075,0.08892822265625
7.479620933532715,0.089324951171875
7.490347385406494,0.08966445922851562
7.50107479095459,0.089813232421875
7.511789560317993,0.09047317504882812
7.522519826889038,0.09114456176757812
7.533248424530029,0.09139633178710938
7.543983459472656,0.09223556518554688
7.55470871925354,0.0930023193359375
7.5654356479644775,0.0930023193359375
7.576160430908203,0.0930023193359375
7.586872100830078,0.0930023193359375
7.597587585449219,0.0930023193359375
7.608309268951416,0.0930023193359375
7.619035482406616,0.0930023193359375
7.6297430992126465,0.0930023193359375
7.64045786857605,0.0930023193359375
7.65119194984436,0.0930023193359375
7.661901473999023,0.0930023193359375
7.672614336013794,0.0930023193359375
7.6833295822143555,0.0930023193359375
7.69404411315918,0.0930023193359375
7.704762935638428,0.0930023193359375
7.715478181838989,0.0930023193359375
7.726188659667969,0.0930023193359375
7.736900806427002,0.0930023193359375
7.747612953186035,0.0930023193359375
7.758332014083862,0.0930023193359375
7.769083023071289,0.0930023193359375
7.77979850769043,0.09392166137695312
7.7905192375183105,0.094696044921875
7.801241636276245,0.0951995849609375
7.811953544616699,0.0951995849609375
7.8226637840271,0.09545135498046875
7.8333775997161865,0.09545135498046875
7.844092845916748,0.09545135498046875
7.85480260848999,0.09545135498046875
7.865546226501465,0.09545135498046875
7.876266241073608,0.09545135498046875
7.886985540390015,0.09545135498046875
7.897691249847412,0.09545135498046875
7.908410310745239,0.09545135498046875
7.919130563735962,0.09545135498046875
7.929843187332153,0.095703125
7.940566062927246,0.095703125
7.95129656791687,0.095703125
7.9620361328125,0.095703125
7.972738742828369,0.095703125
7.983460426330566,0.095703125
7.9941794872283936,0.095703125
8.004887342453003,0.095703125
8.015623092651367,0.095703125
8.02634572982788,0.095703125
8.037070512771606,0.095703125
8.04778265953064,0.095703125
8.0585036277771,0.095703125
8.069223403930664,0.095703125
8.079932451248169,0.095703125
8.090644121170044,0.095703125
8.101375341415405,0.095703125
8.112105131149292,0.095703125
8.122809171676636,0.095703125
8.133542537689209,0.095703125
8.144262313842773,0.095703125
8.15498971939087,0.095703125
8.165709495544434,0.095703125
8.176438093185425,0.095703125
8.18716287612915,0.095703125
8.19788122177124,0.095703125
8.208603620529175,0.095703125
8.219324588775635,0.095703125
8.230059385299683,0.095703125
8.240770101547241,0.095703125
8.251493215560913,0.095703125
8.26222276687622,0.095703125
8.27293586730957,0.095703125
8.283646821975708,0.095703125
8.294376373291016,0.095703125
8.305090188980103,0.095703125
8.315800189971924,0.095703125
8.326536893844604,0.095703125
8.337247371673584,0.095703125
8.347959280014038,0.095703125
8.358670711517334,0.095703125
8.369415760040283,0.095703125
8.380138635635376,0.095703125
8.390846490859985,0.095703125
8.40157151222229,0.095703125
8.412290573120117,0.095703125
8.423012971878052,0.095703125
8.433724880218506,0.095703125
8.444443941116333,0.095703125
8.45516586303711,0.095703125
8.46587085723877,0.095703125
8.476600170135498,0.095703125
8.487327098846436,0.095703125
8.498049259185791,0.095703125
8.508770227432251,0.095703125
8.519500017166138,0.095703125
8.530224800109863,0.095703125
8.540940284729004,0.095703125
8.551651000976562,0.095703125
8.56237244606018,0.095703125
8.573105573654175,0.095703125
8.58380937576294,0.095703125
8.594547033309937,0.095703125
8.605262994766235,0.095703125
8.615977764129639,0.095703125
8.626683712005615,0.095703125
8.637405157089233,0.095703125
8.648140907287598,0.095703125
8.658851623535156,0.095703125
8.669577360153198,0.095703125
8.68030309677124,0.095703125
8.691071033477783,0.095703125
8.70179557800293,0.095703125
8.712509632110596,0.095703125
8.72322154045105,0.095703125
8.73392391204834,0.095703125
8.744632959365845,0.095703125
8.755349159240723,0.095703125
8.766076564788818,0.095703125
8.776790142059326,0.095703125
8.787506580352783,0.095703125
8.798232555389404,0.095703125
8.808940410614014,0.095703125
8.819653749465942,0.095703125
8.830374956130981,0.095703125
8.84110426902771,0.095703125
8.851815700531006,0.095703125
8.862541437149048,0.095703125
8.873263359069824,0.095703125
8.88398265838623,0.095703125
8.894696235656738,0.095703125
8.905420541763306,0.095703125
8.916158199310303,0.095703125
8.926873207092285,0.095703125
8.937589168548584,0.095703125
8.948317527770996,0.095703125
8.959043264389038,0.09595489501953125
8.969751596450806,0.09595489501953125
8.98047399520874,0.09595489501953125
8.99119257926941,0.09595489501953125
9.001904249191284,0.09595489501953125
9.012620210647583,0.09595489501953125
9.023348093032837,0.09595489501953125
9.03406834602356,0.09595489501953125
9.044782161712646,0.09595489501953125
9.055507898330688,0.09595489501953125
9.06623649597168,0.09595489501953125
9.076960563659668,0.09595489501953125
9.08771800994873,0.09595489501953125
9.0984365940094,0.09595489501953125
9.109155178070068,0.09595489501953125
9.119881868362427,0.09595489501953125
9.130594491958618,0.09595489501953125
9.141318798065186,0.09595489501953125
9.152064800262451,0.09595489501953125
9.162778615951538,0.09595489501953125
9.173499345779419,0.09595489501953125
9.18422245979309,0.09595489501953125
9.194940567016602,0.09595489501953125
9.205681800842285,0.09595489501953125
9.216401100158691,0.09595489501953125
9.227121353149414,0.09595489501953125
9.23783802986145,0.09595489501953125
9.248570203781128,0.09595489501953125
9.25930643081665,0.09595489501953125
9.270035743713379,0.09595489501953125
9.280757427215576,0.09595489501953125
9.291488647460938,0.09595489501953125
9.302214860916138,0.09595489501953125
9.312939167022705,0.09595489501953125
9.3236563205719,0.09595489501953125
9.334386587142944,0.09595489501953125
9.345120429992676,0.09595489501953125
9.355854749679565,0.09595489501953125
9.366586685180664,0.09595489501953125
9.377320051193237,0.09595489501953125
9.388044357299805,0.09595489501953125
9.39876914024353,0.09595489501953125
9.409499406814575,0.09595489501953125
9.420220851898193,0.09595489501953125
9.43093466758728,0.09595489501953125
9.441646099090576,0.09595489501953125
9.452369213104248,0.09595489501953125
9.463091135025024,0.09595489501953125
9.473811864852905,0.09595489501953125
9.484537839889526,0.09595489501953125
9.495262384414673,0.09595489501953125
9.505988359451294,0.09595489501953125
9.516695976257324,0.09595489501953125
9.527416229248047,0.09595489501953125
9.538129329681396,0.09595489501953125
9.54883599281311,0.09595489501953125
9.55956506729126,0.09595489501953125
9.570288896560669,0.09595489501953125
9.581014633178711,0.09595489501953125
9.591724634170532,0.09595489501953125
9.602439403533936,0.09595489501953125
9.613158702850342,0.09595489501953125
9.623863458633423,0.09595489501953125
9.634577512741089,0.09595489501953125
9.645290851593018,0.09595489501953125
9.656014204025269,0.09595489501953125
9.666723251342773,0.09595489501953125
9.677448511123657,0.09595489501953125
9.688167333602905,0.09595489501953125
9.698892831802368,0.09595489501953125
9.709617137908936,0.09595489501953125
9.720343828201294,0.09595489501953125
9.731066465377808,0.09595489501953125
9.74177861213684,0.09595489501953125
9.752504110336304,0.096710205078125
9.763235330581665,0.09696197509765625
9.773988008499146,0.09746551513671875
9.784713983535767,0.09796905517578125
9.795458555221558,0.0982208251953125
9.806179761886597,0.098724365234375
9.816898822784424,0.0992584228515625
9.827621221542358,0.09929275512695312
9.838341236114502,0.09965133666992188
9.849067449569702,0.09965133666992188
9.859774112701416,0.09965133666992188
9.870489120483398,0.09965133666992188
9.881208419799805,0.09965133666992188
9.891914129257202,0.09965133666992188
9.902617692947388,0.09965133666992188
9.913337707519531,0.09965133666992188
9.924066543579102,0.09965133666992188
9.934771060943604,0.09965133666992188
9.945487022399902,0.09965133666992188
9.95620608329773,0.09965133666992188
9.966914415359497,0.09965133666992188
9.977625131607056,0.09965133666992188
9.988348245620728,0.09965133666992188
9.9990713596344,0.09965133666992188
10.009778261184692,0.09965133666992188
10.020511388778687,0.09965133666992188
10.031230211257935,0.09965133666992188
10.041935205459595,0.09965133666992188
10.052651643753052,0.09965133666992188
10.063369035720825,0.09965133666992188
10.074087142944336,0.09965133666992188
10.08479118347168,0.09965133666992188
10.095528602600098,0.09965133666992188
10.106253623962402,0.09965133666992188
10.116963148117065,0.09965133666992188
10.127683162689209,0.09965133666992188
10.13839840888977,0.09965133666992188
10.149119138717651,0.09965133666992188
10.159826755523682,0.09965133666992188
10.17054557800293,0.09965133666992188
10.181267976760864,0.09965133666992188
10.191987752914429,0.09965133666992188
10.202694654464722,0.09965133666992188
10.213411092758179,0.09965133666992188
10.22413158416748,0.09965133666992188
10.234835863113403,0.09965133666992188
10.245559453964233,0.09965133666992188
10.256280899047852,0.09965133666992188
10.267007827758789,0.09965133666992188
10.277727365493774,0.09990310668945312
10.288448333740234,0.10015487670898438
10.29916787147522,0.10015487670898438
10.309887170791626,0.10015487670898438
10.320602655410767,0.10015487670898438
10.331321954727173,0.10015487670898438
10.342039346694946,0.10015487670898438
10.352744817733765,0.10015487670898438
10.363475799560547,0.10015487670898438
10.374192237854004,0.10015487670898438
10.384899139404297,0.10015487670898438
10.39561128616333,0.10015487670898438
10.406339645385742,0.10015487670898438
10.417055368423462,0.10015487670898438
10.427761554718018,0.10015487670898438
10.438486099243164,0.10015487670898438
10.449203491210938,0.10015487670898438
10.45990514755249,0.10015487670898438
10.470611572265625,0.10015487670898438
10.481342077255249,0.10015487670898438
10.492094039916992,0.10015487670898438
10.502796649932861,0.10015487670898438
10.513517141342163,0.10015487670898438
10.524238348007202,0.10015487670898438
10.534961462020874,0.10015487670898438
10.545680522918701,0.10015487670898438
10.556398868560791,0.10015487670898438
10.567116022109985,0.10015487670898438
10.577825546264648,0.10015487670898438
10.588551998138428,0.10015487670898438
10.599265336990356,0.10015487670898438
10.609984159469604,0.10015487670898438
10.620692729949951,0.10015487670898438
10.631414890289307,0.10015487670898438
10.642134428024292,0.10015487670898438
10.652842044830322,0.10015487670898438
10.663567543029785,0.10015487670898438
10.674296140670776,0.10015487670898438
10.685012102127075,0.10015487670898438
10.695722341537476,0.10015487670898438
10.706449508666992,0.10015487670898438
10.717171907424927,0.10015487670898438
10.727883577346802,0.10015487670898438
10.738604545593262,0.10015487670898438
10.74933409690857,0.10015487670898438
10.760055780410767,0.10015487670898438
10.770766019821167,0.10015487670898438
10.781487464904785,0.10015487670898438
10.792210102081299,0.10015487670898438
10.8029146194458,0.10015487670898438
10.8136305809021,0.10015487670898438
10.824358463287354,0.10015487670898438
10.835075378417969,0.10015487670898438
10.845791578292847,0.10015487670898438
10.85651159286499,0.10015487670898438
10.86722731590271,0.10015487670898438
10.877952337265015,0.10015487670898438
10.888665676116943,0.10015487670898438
10.899386882781982,0.10015487670898438
10.91012454032898,0.10015487670898438
10.920847415924072,0.10015487670898438
10.931576490402222,0.10015487670898438
10.94229769706726,0.10015487670898438
10.953027486801147,0.10015487670898438
10.963732242584229,0.10015487670898438
10.974451065063477,0.10015487670898438
10.985170125961304,0.10015487670898438
10.995873928070068,0.10015487670898438
11.006592750549316,0.10015487670898438
11.017322063446045,0.10015487670898438
11.028046369552612,0.10015487670898438
11.038778066635132,0.10015487670898438
11.049513578414917,0.10015487670898438
11.060234785079956,0.10015487670898438
11.070940256118774,0.10015487670898438
11.081650972366333,0.10015487670898438
11.092369794845581,0.10015487670898438
11.103094577789307,0.10015487670898438
11.113796472549438,0.10015487670898438
11.124524116516113,0.10015487670898438
11.135244607925415,0.10015487670898438
11.145952939987183,0.10015487670898438
11.156659126281738,0.10015487670898438
11.167377233505249,0.10015487670898438
11.178098678588867,0.10015487670898438
11.18880581855774,0.10015487670898438
11.199537992477417,0.10015487670898438
11.210253238677979,0.10015487670898438
11.220977067947388,0.10015487670898438
11.231689453125,0.10015487670898438
11.242419242858887,0.10015487670898438
11.25313949584961,0.10015487670898438
11.263845443725586,0.10015487670898438
11.274571180343628,0.10015487670898438
11.28529405593872,0.10015487670898438
11.296019792556763,0.10015487670898438
11.306743383407593,0.10015487670898438
11.31748080253601,0.10015487670898438
11.328196287155151,0.10015487670898438
11.338907241821289,0.10015487670898438
11.349622249603271,0.10015487670898438
11.360402584075928,0.10015487670898438
11.371130228042603,0.10040664672851562
11.381873607635498,0.10065841674804688
11.392597913742065,0.10065841674804688
11.403318166732788,0.10065841674804688
11.414045095443726,0.10065841674804688
11.424753189086914,0.10065841674804688
11.435478687286377,0.10065841674804688
11.446202278137207,0.10065841674804688
11.456926822662354,0.10065841674804688
11.46765398979187,0.10065841674804688
11.478395938873291,0.10065841674804688
11.489130020141602,0.10065841674804688
11.499839067459106,0.10065841674804688
11.510567665100098,0.10065841674804688
11.521294355392456,0.10091018676757812
11.532034873962402,0.10116195678710938
11.54275894165039,0.10166549682617188
11.553501844406128,0.10216903686523438
11.56423044204712,0.10242080688476562
11.574959516525269,0.10267257690429688
11.585699319839478,0.10337448120117188
11.59643840789795,0.1036224365234375
11.607182502746582,0.1041259765625
11.617892026901245,0.1041259765625
11.628612756729126,0.1041259765625
11.639341354370117,0.1041259765625
11.650080680847168,0.1041259765625
11.660799264907837,0.1041259765625
11.671526432037354,0.1041259765625
11.682255983352661,0.1041259765625
11.692976713180542,0.1041259765625
11.703688859939575,0.1041259765625
11.71441102027893,0.1041259765625
11.72512698173523,0.1041259765625
11.735847234725952,0.1041259765625
11.746575355529785,0.1041259765625
11.757290840148926,0.1041259765625
11.768007040023804,0.1041259765625
11.778715133666992,0.1041259765625
11.78944993019104,0.1041259765625
11.800184488296509,0.1041259765625
11.810894250869751,0.1041259765625
11.821617603302002,0.1041259765625
11.832343101501465,0.1041259765625
11.843061685562134,0.1041259765625
11.85376787185669,0.1041259765625
11.864485502243042,0.1041259765625
11.875221252441406,0.1041259765625
11.88592791557312,0.1041259765625
11.896642208099365,0.1041259765625
11.907367467880249,0.1041259765625
11.91809630393982,0.1041259765625
11.928803205490112,0.1041259765625
11.93953537940979,0.1041259765625
11.950265884399414,0.1041259765625
11.960996866226196,0.1041259765625
11.971715688705444,0.1041259765625
11.982455730438232,0.10437774658203125
11.993188381195068,0.10437774658203125
12.00391411781311,0.10437774658203125
12.014636516571045,0.10437774658203125
12.025384426116943,0.10437774658203125
12.036115884780884,0.10437774658203125
12.046841382980347,0.10437774658203125
12.057569742202759,0.10437774658203125
12.068305969238281,0.10437774658203125
12.079039573669434,0.10437774658203125
12.089746952056885,0.10437774658203125
12.100471496582031,0.10437774658203125
12.111199617385864,0.10437774658203125
12.121928453445435,0.1046295166015625
12.132659196853638,0.10488128662109375
12.143399953842163,0.105133056640625
12.154129981994629,0.1056365966796875
12.164846897125244,0.1056365966796875
12.175573825836182,0.10614013671875
12.186314344406128,0.1066436767578125
12.197041034698486,0.10886764526367188
12.20776081085205,0.10886764526367188
12.218487739562988,0.10911941528320312
12.229211807250977,0.10911941528320312
12.23992657661438,0.1094970703125
12.250648975372314,0.11014175415039062
12.261379957199097,0.11039352416992188
12.272117614746094,0.11179733276367188
12.282831192016602,0.11204910278320312
12.293554782867432,0.11336517333984375
12.304276943206787,0.11403274536132812
12.314995050430298,0.11503982543945312
12.325708389282227,0.11604690551757812
12.336423397064209,0.11629867553710938
12.34713888168335,0.11629867553710938
12.35784125328064,0.11629867553710938
12.368560791015625,0.11629867553710938
12.379282474517822,0.11629867553710938
12.39000129699707,0.11629867553710938
12.400710821151733,0.11629867553710938
12.411438941955566,0.11629867553710938
12.422167539596558,0.11629867553710938
12.432878017425537,0.11629867553710938
12.443595170974731,0.11629867553710938
12.454326391220093,0.11629867553710938
12.465067148208618,0.11629867553710938
12.475780963897705,0.11629867553710938
12.486523389816284,0.11629867553710938
12.49724268913269,0.11629867553710938
12.507949829101562,0.11629867553710938
12.518663167953491,0.11629867553710938
12.529391050338745,0.1165313720703125
12.540205240249634,0.11865234375
12.550925254821777,0.11940765380859375
12.56165099143982,0.12014389038085938
12.572374820709229,0.12039566040039062
12.583105564117432,0.12064743041992188
12.593837261199951,0.12064743041992188
12.604576587677002,0.12140274047851562
12.615317583084106,0.12211227416992188
12.626044988632202,0.12311935424804688
12.636767148971558,0.12311935424804688
12.647488355636597,0.12337112426757812
12.658218383789062,0.12362289428710938
12.668933629989624,0.12437820434570312
12.679649353027344,0.12521743774414062
12.69038724899292,0.12546920776367188
12.701114416122437,0.12572097778320312
12.711825132369995,0.12572097778320312
12.72254753112793,0.12572097778320312
12.73326063156128,0.12572097778320312
12.743976831436157,0.12572097778320312
12.754683494567871,0.12572097778320312
12.765400171279907,0.12572097778320312
12.77611756324768,0.12572097778320312
12.786821842193604,0.12572097778320312
12.797549486160278,0.12572097778320312
12.808280229568481,0.12572097778320312
12.819008827209473,0.12572097778320312
12.829720735549927,0.12572097778320312
12.840440273284912,0.12572097778320312
12.851155042648315,0.12572097778320312
12.861860275268555,0.12572097778320312
12.872580766677856,0.12572097778320312
12.883304595947266,0.12597274780273438
12.894037246704102,0.12597274780273438
12.904751300811768,0.12597274780273438
12.915472507476807,0.12622451782226562
12.926199436187744,0.12647628784179688
12.93691349029541,0.12647628784179688
12.947623014450073,0.12647628784179688
12.958338975906372,0.12647628784179688
12.969063758850098,0.12647628784179688
12.979772090911865,0.12647628784179688
12.990492105484009,0.12647628784179688
13.001209259033203,0.12647628784179688
13.011919021606445,0.12647628784179688
13.022635698318481,0.12647628784179688
13.033355474472046,0.12672805786132812
13.044077634811401,0.12697982788085938
13.0547935962677,0.12723159790039062
13.065514326095581,0.12748336791992188
13.076248407363892,0.12773513793945312
13.086975812911987,0.12773513793945312
13.0976881980896,0.12773513793945312
13.108410596847534,0.12773513793945312
13.119137287139893,0.12773513793945312
13.129841804504395,0.12773513793945312
13.140567541122437,0.12773513793945312
13.151293516159058,0.12773513793945312
13.162017107009888,0.12773513793945312
13.172725200653076,0.12773513793945312
13.183440685272217,0.12773513793945312
13.19415807723999,0.12773513793945312
13.204867362976074,0.12773513793945312
13.215588808059692,0.12773513793945312
13.226311922073364,0.12773513793945312
13.23703646659851,0.12773513793945312
13.247749328613281,0.12773513793945312
13.258469104766846,0.12773513793945312
13.26919674873352,0.12773513793945312
13.279911041259766,0.12773513793945312
13.290632963180542,0.12773513793945312
13.301358699798584,0.12773513793945312
13.312079191207886,0.12773513793945312
13.322789669036865,0.12773513793945312
13.333521127700806,0.12773513793945312
13.344237565994263,0.12773513793945312
13.354945182800293,0.12773513793945312
13.3656587600708,0.12773513793945312
13.376378536224365,0.12773513793945312
13.387101173400879,0.12773513793945312
13.397814273834229,0.12773513793945312
13.40853238105774,0.12773513793945312
13.419260740280151,0.12773513793945312
13.429982900619507,0.12773513793945312
13.44069790840149,0.12773513793945312
13.45142126083374,0.12773513793945312
13.462154865264893,0.12773513793945312
13.472864389419556,0.12773513793945312
13.483590602874756,0.12773513793945312
13.49433445930481,0.12773513793945312
13.505059003829956,0.12773513793945312
13.515769481658936,0.12773513793945312
13.526492834091187,0.12773513793945312
13.537212610244751,0.12773513793945312
13.547929763793945,0.12773513793945312
13.558640718460083,0.12773513793945312
13.569359302520752,0.12773513793945312
13.580085754394531,0.12773513793945312
13.590794801712036,0.12798690795898438
13.601524114608765,0.12798690795898438
13.612247228622437,0.12798690795898438
13.622955799102783,0.12798690795898438
13.63371992111206,0.12798690795898438
13.644439697265625,0.12798690795898438
13.65516710281372,0.12798690795898438
13.665876388549805,0.12798690795898438
13.676591873168945,0.12798690795898438
13.687330484390259,0.12798690795898438
13.698050498962402,0.12798690795898438
13.708757400512695,0.12798690795898438
13.719479322433472,0.12798690795898438
13.730215549468994,0.12798690795898438
13.740957021713257,0.12798690795898438
13.751665830612183,0.12798690795898438
13.762383460998535,0.12798690795898438
13.773107528686523,0.12798690795898438
13.783828735351562,0.12798690795898438
13.794553995132446,0.12823867797851562
13.805274248123169,0.12899398803710938
13.81601858139038,0.12924575805664062
13.826740503311157,0.12974929809570312
13.837461709976196,0.13000106811523438
13.848187446594238,0.13025283813476562
13.858901262283325,0.13050460815429688
13.869613885879517,0.13050460815429688
13.880346059799194,0.13050460815429688
13.89106273651123,0.13050460815429688
13.901779174804688,0.13050460815429688
13.912495851516724,0.13050460815429688
13.923213720321655,0.13050460815429688
13.934079885482788,0.13050460815429688
13.944785356521606,0.13050460815429688
13.955509662628174,0.13050460815429688
13.966233015060425,0.13050460815429688
13.976948261260986,0.13050460815429688
13.98765516281128,0.13050460815429688
13.99838638305664,0.13050460815429688
14.009110927581787,0.13050460815429688
14.01981782913208,0.13050460815429688
14.030554294586182,0.13050460815429688
14.041279077529907,0.13050460815429688
14.051993608474731,0.13050460815429688
14.062700271606445,0.13050460815429688
14.073417663574219,0.13050460815429688
14.084166526794434,0.13050460815429688
14.094876050949097,0.13100814819335938
14.105604648590088,0.13100814819335938
14.116321802139282,0.13125991821289062
14.127054452896118,0.13125991821289062
14.137763023376465,0.13151168823242188
14.148490905761719,0.13201522827148438
14.15921688079834,0.13393020629882812
14.16992712020874,0.13425445556640625
14.180636644363403,0.13425445556640625
14.191362142562866,0.13425445556640625
14.20207953453064,0.13425445556640625
14.212791204452515,0.13425445556640625
14.223523139953613,0.13425445556640625
14.234241724014282,0.13425445556640625
14.24494481086731,0.13425445556640625
14.255672931671143,0.13425445556640625
14.266387701034546,0.13425445556640625
14.277106046676636,0.13425445556640625
14.287813663482666,0.13425445556640625
14.29854965209961,0.13425445556640625
14.309273958206177,0.13459014892578125
14.319992780685425,0.13459014892578125
14.330699920654297,0.13459014892578125
14.341428279876709,0.13459014892578125
14.352156162261963,0.13459014892578125
14.362858533859253,0.13459014892578125
14.373578548431396,0.13459014892578125
14.3842933177948,0.13459014892578125
14.39502215385437,0.13459014892578125
14.405732154846191,0.13459014892578125
14.41645097732544,0.13459014892578125
14.427164793014526,0.13459014892578125
14.437870502471924,0.13459014892578125
14.448583364486694,0.13459014892578125
14.459311962127686,0.13459014892578125
14.470038652420044,0.1348419189453125
14.48075008392334,0.13509368896484375
14.491477966308594,0.13536834716796875
14.502197265625,0.13536834716796875
14.51290249824524,0.13536834716796875
14.52365756034851,0.13536834716796875
14.53438115119934,0.13536834716796875
14.545098304748535,0.1356201171875
14.555810451507568,0.1356201171875
14.56653356552124,0.13587188720703125
14.577252864837646,0.13587188720703125
14.58795952796936,0.13587188720703125
14.598678827285767,0.13587188720703125
14.609406232833862,0.13587188720703125
14.620122194290161,0.13587188720703125
14.630839824676514,0.13587188720703125
14.641560316085815,0.13587188720703125
14.652276992797852,0.13587188720703125
14.662997245788574,0.13587188720703125
14.673712015151978,0.13587188720703125
14.684436559677124,0.13587188720703125
14.695157766342163,0.13587188720703125
14.705867052078247,0.13587188720703125
14.71658730506897,0.13587188720703125
14.727320671081543,0.13587188720703125
14.738040447235107,0.13587188720703125
14.748745679855347,0.13587188720703125
14.759462118148804,0.13587188720703125
14.770185232162476,0.13587188720703125
14.78090500831604,0.1361236572265625
14.791624546051025,0.1361236572265625
14.802355766296387,0.1361236572265625
14.813086032867432,0.1361236572265625
14.823792219161987,0.1361236572265625
14.834510087966919,0.1361236572265625
14.845225811004639,0.1361236572265625
14.855931282043457,0.1361236572265625
14.866639137268066,0.1361236572265625
14.877359390258789,0.1361236572265625
14.888079166412354,0.1361236572265625
14.898787260055542,0.1361236572265625
14.909504652023315,0.1361236572265625
14.920223474502563,0.1361236572265625
14.93093490600586,0.1361236572265625
14.94164228439331,0.1361236572265625
14.952362298965454,0.1361236572265625
14.963094472885132,0.1361236572265625
14.973799467086792,0.1361236572265625
14.984525680541992,0.1361236572265625
14.995242357254028,0.1361236572265625
15.00595736503601,0.1361236572265625
15.016670227050781,0.1361236572265625
15.027396440505981,0.1361236572265625
15.038113594055176,0.1361236572265625
15.048825979232788,0.1361236572265625
15.05954384803772,0.1361236572265625
15.070269584655762,0.13622283935546875
15.080986976623535,0.13622283935546875
15.091694355010986,0.13622283935546875
15.102418184280396,0.13622283935546875
15.113139629364014,0.13622283935546875
15.123843669891357,0.13622283935546875
15.134560823440552,0.13622283935546875
15.145298719406128,0.13622283935546875
15.156025171279907,0.13622283935546875
15.166731834411621,0.13622283935546875
15.177447080612183,0.13622283935546875
15.188167333602905,0.13622283935546875
15.198873519897461,0.13622283935546875
15.20960807800293,0.13742828369140625
15.220329761505127,0.1376495361328125
15.231048107147217,0.1376495361328125
15.24176025390625,0.1376495361328125
15.25248646736145,0.1376495361328125
15.26320219039917,0.1376495361328125
15.273929119110107,0.1376495361328125
15.284627914428711,0.1376495361328125
15.29535961151123,0.1376495361328125
15.306086540222168,0.1376495361328125
15.316800117492676,0.1376495361328125
15.327523708343506,0.1376495361328125
15.338239431381226,0.1376495361328125
15.34895133972168,0.1376495361328125
15.359659194946289,0.1376495361328125
15.370375156402588,0.1376495361328125
15.38109040260315,0.1376495361328125
15.391791343688965,0.1376495361328125
15.402514696121216,0.1376495361328125
15.413230180740356,0.1376495361328125
15.423932552337646,0.1376495361328125
15.434645652770996,0.1376495361328125
15.445371389389038,0.1376495361328125
15.456088304519653,0.1376495361328125
15.466808557510376,0.1376495361328125
15.477533102035522,0.1376495361328125
15.488275051116943,0.1376495361328125
15.499016761779785,0.1376495361328125
15.509743213653564,0.1376495361328125
15.520478963851929,0.1376495361328125
15.531211376190186,0.1376495361328125
15.541929960250854,0.13813018798828125
15.552626371383667,0.13813018798828125
15.56334662437439,0.13813018798828125
15.57406735420227,0.13813018798828125
15.584777593612671,0.13813018798828125
15.59552526473999,0.13813018798828125
15.606248617172241,0.13813018798828125
15.616962671279907,0.13813018798828125
15.627691268920898,0.13813018798828125
15.638420581817627,0.13813018798828125
15.649153709411621,0.13813018798828125
15.659871101379395,0.13813018798828125
15.670597314834595,0.13813018798828125
15.681331396102905,0.13813018798828125
15.69205617904663,0.13813018798828125
15.702784538269043,0.13813018798828125
15.713513374328613,0.13813018798828125
15.724246501922607,0.13813018798828125
15.734959363937378,0.13813018798828125
15.745700359344482,0.13813018798828125
15.756436109542847,0.13813018798828125
15.767167568206787,0.13813018798828125
15.7778799533844,0.13813018798828125
15.78860855102539,0.13813018798828125
15.799338340759277,0.13813018798828125
15.810061931610107,0.13813018798828125
15.82077932357788,0.13813018798828125
15.83150339126587,0.1390533447265625
15.842228412628174,0.1390533447265625
15.85293960571289,0.1390533447265625
15.863690853118896,0.1390533447265625
15.874409198760986,0.1390533447265625
15.885128021240234,0.1390533447265625
15.895832300186157,0.1390533447265625
15.906560182571411,0.1390533447265625
15.917287826538086,0.1390533447265625
15.928008794784546,0.1390533447265625
15.93872594833374,0.1390533447265625
15.94944977760315,0.1390533447265625
15.960176229476929,0.1390533447265625
15.970895290374756,0.1394500732421875
15.98161005973816,0.1394500732421875
15.992335557937622,0.1394500732421875
16.00306725502014,0.1394500732421875
16.01378059387207,0.1394500732421875
16.024500846862793,0.1394500732421875
16.035219192504883,0.1394500732421875
16.045926809310913,0.1394500732421875
16.056637287139893,0.1394500732421875
16.06735634803772,0.1394500732421875
16.078075408935547,0.1394500732421875
16.088787317276,0.1394500732421875
16.099517822265625,0.1394500732421875
16.110246419906616,0.1394500732421875
16.120952367782593,0.1394500732421875
16.1316659450531,0.1394500732421875
16.142386436462402,0.14028167724609375
16.15312886238098,0.14028167724609375
16.163843154907227,0.14028167724609375
16.174583673477173,0.14028167724609375
16.186949968338013,0.14028167724609375
16.200154542922974,0.14028167724609375
16.211071491241455,0.14028167724609375
16.22180938720703,0.14028167724609375
16.232572555541992,0.14028167724609375
16.243324041366577,0.14093780517578125
16.254064321517944,0.14226150512695312
16.264784812927246,0.14226150512695312
16.27552366256714,0.14226150512695312
16.28625798225403,0.14226150512695312
16.296961545944214,0.14226150512695312
16.307688236236572,0.14265060424804688
16.318422317504883,0.144134521484375
16.329150199890137,0.14471817016601562
16.33986759185791,0.14496994018554688
16.350624084472656,0.14547348022460938
16.3613383769989,0.14547348022460938
16.372061729431152,0.14547348022460938
16.38275957107544,0.14547348022460938
16.393492221832275,0.14547348022460938
16.404248476028442,0.14547348022460938
16.414960384368896,0.14547348022460938
16.425681591033936,0.14547348022460938
16.43640971183777,0.14547348022460938
16.447121143341064,0.14547348022460938
16.45783305168152,0.14547348022460938
16.468551874160767,0.14547348022460938
16.479270458221436,0.14566802978515625
16.489993810653687,0.14606475830078125
16.500704526901245,0.14676284790039062
16.51142954826355,0.14735794067382812
16.522183656692505,0.14811325073242188
16.53290367126465,0.14914703369140625
16.543619871139526,0.15010452270507812
16.554337978363037,0.15050888061523438
16.565053939819336,0.15050888061523438
16.575758695602417,0.15050888061523438
16.586488485336304,0.15050888061523438
16.597205638885498,0.15050888061523438
16.60790514945984,0.15050888061523438
16.61860966682434,0.15050888061523438
16.62932848930359,0.15050888061523438
16.640047550201416,0.15050888061523438
16.650745153427124,0.15050888061523438
16.66146183013916,0.15050888061523438
16.67218327522278,0.15050888061523438
16.682888507843018,0.15050888061523438
16.693609476089478,0.15050888061523438
16.704330444335938,0.15050888061523438
16.715038537979126,0.15050888061523438
16.725739240646362,0.15050888061523438
16.73646378517151,0.15050888061523438
16.747195959091187,0.15050888061523438
16.757925510406494,0.15050888061523438
16.76862120628357,0.15050888061523438
16.779338121414185,0.1515045166015625
16.79005241394043,0.1515045166015625
16.800762176513672,0.1515045166015625
16.81148648262024,0.1515045166015625
16.822198152542114,0.1515045166015625
16.832892179489136,0.1515045166015625
16.843596696853638,0.1515045166015625
16.854316234588623,0.1515045166015625
16.865024089813232,0.1515045166015625
16.8757221698761,0.1515045166015625
16.886439323425293,0.1515045166015625
16.897162437438965,0.1515045166015625
16.907857656478882,0.1515045166015625
16.91859483718872,0.1515045166015625
16.929307460784912,0.1515045166015625
16.94002366065979,0.1515045166015625
16.950737237930298,0.1523895263671875
16.961453199386597,0.1523895263671875
16.972171545028687,0.1523895263671875
16.98287272453308,0.1523895263671875
16.993584156036377,0.1523895263671875
17.004322290420532,0.1523895263671875
17.015042543411255,0.1523895263671875
17.02575373649597,0.1523895263671875
17.036478757858276,0.1523895263671875
17.047206163406372,0.1523895263671875
17.057941436767578,0.15367507934570312
17.06864356994629,0.15367507934570312
17.0793616771698,0.15367507934570312
17.090072631835938,0.15367507934570312
17.100770950317383,0.15367507934570312
17.11150074005127,0.15367507934570312
17.122218370437622,0.15367507934570312
17.13292145729065,0.15367507934570312
17.143626928329468,0.15367507934570312
17.1543447971344,0.15367507934570312
17.165058135986328,0.15367507934570312
17.17576289176941,0.15367507934570312
17.1864812374115,0.15416717529296875
17.197189807891846,0.15416717529296875
17.20790195465088,0.15416717529296875
17.2186062335968,0.15416717529296875
17.229326963424683,0.15416717529296875
17.240036010742188,0.15416717529296875
17.250739574432373,0.15416717529296875
17.261457443237305,0.15416717529296875
17.272176265716553,0.15416717529296875
17.282874822616577,0.15416717529296875
17.2935893535614,0.15416717529296875
17.30431318283081,0.15416717529296875
17.31502628326416,0.15416717529296875
17.32572889328003,0.15416717529296875
17.336450815200806,0.15416717529296875
17.34717082977295,0.15416717529296875
17.35787534713745,0.15416717529296875
17.368591785430908,0.15416717529296875
17.37931180000305,0.15416717529296875
17.39003038406372,0.15416717529296875
17.4007408618927,0.15416717529296875
17.41145610809326,0.15416717529296875
17.422170877456665,0.15416717529296875
17.432873249053955,0.15416717529296875
17.443586111068726,0.15416717529296875
17.454304456710815,0.15416717529296875
17.465017795562744,0.15416717529296875
17.475717306137085,0.15416717529296875
17.486435890197754,0.15416717529296875
17.497154712677002,0.15416717529296875
17.50785541534424,0.15416717529296875
17.51858401298523,0.15416717529296875
17.529305696487427,0.15416717529296875
17.540016412734985,0.15416717529296875
17.55072045326233,0.15416717529296875
17.561434984207153,0.154510498046875
17.57217001914978,0.154510498046875
17.582871675491333,0.154510498046875
17.59358286857605,0.154510498046875
17.60430073738098,0.154510498046875
17.615016222000122,0.154510498046875
17.625720977783203,0.154510498046875
17.636456966400146,0.154510498046875
17.64717745780945,0.154510498046875
17.657873392105103,0.154510498046875
17.66858410835266,0.154510498046875
17.679316997528076,0.154510498046875
17.690030336380005,0.15475845336914062
17.70076036453247,0.15475845336914062
17.711482048034668,0.15475845336914062
17.722203016281128,0.15475845336914062
17.7329044342041,0.15475845336914062
17.74360990524292,0.15475845336914062
17.754329919815063,0.15475845336914062
17.765042781829834,0.15475845336914062
17.77573871612549,0.15475845336914062
17.786455869674683,0.15475845336914062
17.797167778015137,0.15475845336914062
17.807862758636475,0.15475845336914062
17.818583726882935,0.15475845336914062
17.82930064201355,0.15475845336914062
17.840014457702637,0.15475845336914062
17.85074281692505,0.15475845336914062
17.86146640777588,0.15475845336914062
17.872188091278076,0.15475845336914062
17.88288927078247,0.15475845336914062
17.893595218658447,0.15475845336914062
17.90431785583496,0.15475845336914062
17.91502857208252,0.15475845336914062
17.925729990005493,0.15475845336914062
17.936444997787476,0.15501022338867188
17.947160720825195,0.15501022338867188
17.957859992980957,0.15501022338867188
17.968594312667847,0.15501022338867188
17.979310989379883,0.15501022338867188
17.990034818649292,0.15501022338867188
18.000730752944946,0.15501022338867188
18.011444807052612,0.15501022338867188
18.022165298461914,0.15501022338867188
18.032870769500732,0.15501022338867188
18.04357624053955,0.15501022338867188
18.054296493530273,0.15501022338867188
18.065009832382202,0.15501022338867188
18.075708150863647,0.15501022338867188
18.086429595947266,0.15501022338867188
18.0971417427063,0.15501022338867188
18.10790205001831,0.15501022338867188
18.118613958358765,0.15501022338867188
18.129342079162598,0.15501022338867188
18.140069723129272,0.15501022338867188
18.150784969329834,0.15501022338867188
18.161513566970825,0.15551376342773438
18.172261953353882,0.15576553344726562
18.18300747871399,0.15631484985351562
18.193742513656616,0.15676498413085938
18.204475164413452,0.15739822387695312
18.215201377868652,0.1579437255859375
18.225908994674683,0.15834808349609375
18.236627101898193,0.15834808349609375
18.247364282608032,0.15834808349609375
18.25810718536377,0.15834808349609375
18.268821001052856,0.15834808349609375
18.279558181762695,0.15834808349609375
18.29028820991516,0.15834808349609375
18.30102825164795,0.15834808349609375
18.311750411987305,0.15834808349609375
18.32247805595398,0.15834808349609375
18.33320689201355,0.15834808349609375
18.34394145011902,0.15834808349609375
18.354670524597168,0.15834808349609375
18.36540985107422,0.15834808349609375
18.376147508621216,0.15834808349609375
18.386868238449097,0.15834808349609375
18.39760947227478,0.158599853515625
18.408342838287354,0.15947341918945312
18.419098377227783,0.15997695922851562
18.429818630218506,0.16022872924804688
18.44056248664856,0.16048049926757812
18.45129156112671,0.16073226928710938
18.462024211883545,0.16115188598632812
18.472732543945312,0.16115188598632812
18.48346972465515,0.16115188598632812
18.494190454483032,0.16115188598632812
18.504905700683594,0.16115188598632812
18.515631198883057,0.16115188598632812
18.526367664337158,0.16115188598632812
18.53709363937378,0.16115188598632812
18.547802686691284,0.16115188598632812
18.55852460861206,0.16115188598632812
18.569257259368896,0.16115188598632812
18.579954624176025,0.16115188598632812
18.590674877166748,0.16115188598632812
18.60139536857605,0.16115188598632812
18.612115144729614,0.16115188598632812
18.622822046279907,0.16115188598632812
18.633544445037842,0.16115188598632812
18.644270658493042,0.16115188598632812
18.654984951019287,0.16115188598632812
18.66568636894226,0.16115188598632812
18.67643165588379,0.16115188598632812
18.68714451789856,0.16115188598632812
18.697839975357056,0.16115188598632812
18.70856261253357,0.16115188598632812
18.71928596496582,0.16115188598632812
18.730043172836304,0.16115188598632812
18.740745067596436,0.16115188598632812
18.75146174430847,0.16115188598632812
18.762181520462036,0.16115188598632812
18.772915363311768,0.16115188598632812
18.783647537231445,0.16115188598632812
18.79438352584839,0.16115188598632812
18.805108070373535,0.16115188598632812
18.815805196762085,0.16115188598632812
18.826523303985596,0.16115188598632812
18.83724331855774,0.16115188598632812
18.847944498062134,0.16115188598632812
18.85868191719055,0.16115188598632812
18.86940312385559,0.16115188598632812
18.880117177963257,0.16115188598632812
18.890835285186768,0.16141510009765625
18.901552200317383,0.16141510009765625
18.91226863861084,0.16141510009765625
18.922993898391724,0.16141510009765625
18.933703422546387,0.16141510009765625
18.944434881210327,0.16141510009765625
18.95516586303711,0.16141510009765625
18.965882778167725,0.16141510009765625
18.976600408554077,0.16141510009765625
18.987325429916382,0.16141510009765625
18.99806046485901,0.16141510009765625
19.008787631988525,0.16197967529296875
19.019510984420776,0.16197967529296875
19.030237197875977,0.16197967529296875
19.040947914123535,0.1622314453125
19.051625967025757,0.16248321533203125
19.062347650527954,0.16248321533203125
19.07306933403015,0.16248321533203125
19.083776712417603,0.16248321533203125
19.094499349594116,0.16248321533203125
19.105228185653687,0.16248321533203125
19.115930557250977,0.16248321533203125
19.12664794921875,0.16248321533203125
19.13736057281494,0.16248321533203125
19.148078680038452,0.16248321533203125
19.15878415107727,0.16248321533203125
19.169514894485474,0.16248321533203125
19.180233001708984,0.16248321533203125
19.190945386886597,0.16248321533203125
19.20166325569153,0.16248321533203125
19.212385177612305,0.16248321533203125
19.223106145858765,0.16248321533203125
19.233806610107422,0.16248321533203125
19.244544744491577,0.16248321533203125
19.25526714324951,0.16248321533203125
19.265987634658813,0.16248321533203125
19.276714324951172,0.16248321533203125
19.28744339942932,0.16248321533203125
19.298176765441895,0.16248321533203125
19.308889627456665,0.16248321533203125
19.319594621658325,0.16248321533203125
19.330314874649048,0.16248321533203125
19.34103536605835,0.16248321533203125
19.351733922958374,0.16248321533203125
19.36245036125183,0.16248321533203125
19.373159170150757,0.16248321533203125
19.38387370109558,0.16248321533203125
19.39458680152893,0.16248321533203125
19.405306100845337,0.16248321533203125
19.41601848602295,0.16248321533203125
19.426717042922974,0.16248321533203125
19.43745517730713,0.16248321533203125
19.448182582855225,0.16248321533203125
19.45889449119568,0.16248321533203125
19.46960949897766,0.16248321533203125
19.480328798294067,0.16248321533203125
19.491047859191895,0.1627349853515625
19.50175142288208,0.1627349853515625
19.512473106384277,0.1627349853515625
19.523184299468994,0.1627349853515625
19.53389620780945,0.1627349853515625
19.54462242126465,0.1627960205078125
19.55540108680725,0.16290283203125
19.56611466407776,0.16290283203125
19.576820611953735,0.16290283203125
19.58753800392151,0.16290283203125
19.598279237747192,0.16290283203125
19.608996152877808,0.16290283203125
19.619702339172363,0.16290283203125
19.630417585372925,0.16290283203125
19.641143321990967,0.16290283203125
19.651840686798096,0.16290283203125
19.662564992904663,0.16290283203125
19.673285484313965,0.16290283203125
19.68400812149048,0.16290283203125
19.694719314575195,0.16290283203125
19.705437183380127,0.16290283203125
19.71615719795227,0.16290283203125
19.726855278015137,0.16290283203125
19.737573623657227,0.16290283203125
19.748299598693848,0.16290283203125
19.75901746749878,0.16290283203125
19.769713401794434,0.16290283203125
19.78043246269226,0.16290283203125
19.791154384613037,0.16290283203125
19.801869869232178,0.16290283203125
19.812576055526733,0.16290283203125
19.82329225540161,0.16290283203125
19.8340060710907,0.16290283203125
19.84471821784973,0.16290283203125
19.85544466972351,0.16318511962890625
19.86616325378418,0.1634368896484375
19.876866817474365,0.1639404296875
19.88758111000061,0.1639404296875
19.898295879364014,0.1639404296875
19.90900492668152,0.1639404296875
19.919714212417603,0.1639404296875
19.930432319641113,0.1639404296875
19.941148042678833,0.1639404296875
19.951854705810547,0.1639404296875
19.962586879730225,0.1639404296875
19.973304510116577,0.1639404296875
19.98402500152588,0.1639404296875
19.994729042053223,0.1639404296875
20.00546622276306,0.1639404296875
20.016184329986572,0.1639404296875
20.026885271072388,0.1639404296875
20.037591457366943,0.1639404296875
20.048316478729248,0.1639404296875
20.059027433395386,0.1639404296875
20.069731950759888,0.1639404296875
20.080450534820557,0.1639404296875
20.091182947158813,0.1639404296875
20.101900577545166,0.16469573974609375
20.112608909606934,0.1661834716796875
20.123342514038086,0.16827011108398438
20.13407039642334,0.16883468627929688
20.14477777481079,0.169403076171875
20.155500411987305,0.16991043090820312
20.16621470451355,0.17090988159179688
20.176921844482422,0.17118453979492188
20.187673330307007,0.1741943359375
20.19840168952942,0.17494964599609375
20.209131002426147,0.17529296875
20.219836235046387,0.17529296875
20.23056650161743,0.17529296875
20.24128007888794,0.17529296875
20.251991748809814,0.17529296875
20.262693881988525,0.17529296875
20.27341389656067,0.17529296875
20.284132480621338,0.17529296875
20.294830083847046,0.17529296875
20.30555009841919,0.17529296875
20.316265106201172,0.17529296875
20.326974868774414,0.17529296875
20.337677240371704,0.17529296875
20.3484103679657,0.17529296875
20.35912585258484,0.17529296875
20.369837999343872,0.17529296875
20.38055682182312,0.17529296875
20.39128851890564,0.175537109375
20.402008056640625,0.17578887939453125
20.412756204605103,0.1760406494140625
20.423475742340088,0.1760406494140625
20.434194564819336,0.17629241943359375
20.444913387298584,0.17689895629882812
20.455846071243286,0.4145469665527344
20.46702766418457,0.7725906372070312
20.478405237197876,1.1311302185058594
20.4899959564209,1.4902191162109375
20.50180172920227,1.848052978515625
20.513822317123413,2.2058944702148438
20.52615976333618,2.683032989501953
20.53870129585266,3.040912628173828
20.55152463912964,3.5180892944335938
20.564651250839233,3.9952850341796875
20.577950716018677,4.3531951904296875
20.591506481170654,4.830425262451172
20.605408430099487,5.30767822265625
20.619599103927612,5.784965515136719
20.634058475494385,6.262302398681641
20.648807048797607,6.739635467529297
20.663956880569458,7.216999053955078
20.679319858551025,7.694358825683594
20.71319079399109,7.971775054931641
20.732030868530273,8.036571502685547
20.7521812915802,8.085884094238281
20.77031707763672,8.155609130859375
20.787423372268677,8.188865661621094
20.804519653320312,8.212982177734375
20.821563005447388,8.22262954711914
20.838531494140625,8.230499267578125
20.855483531951904,8.243083953857422
20.872602224349976,8.408145904541016
20.889613389968872,8.408130645751953
20.90670394897461,8.7103271484375
20.92526912689209,9.336341857910156
20.94469690322876,10.079830169677734
20.965079307556152,10.94595718383789
20.98611330986023,11.595890045166016
21.007558822631836,12.333015441894531
21.028760194778442,12.60445785522461
21.04988193511963,12.515918731689453
21.07094144821167,12.84774398803711
21.092312812805176,13.32223129272461
21.1137797832489,13.60702133178711
21.134784936904907,13.55899429321289
21.156246423721313,13.593574523925781
21.177181720733643,13.734230041503906
21.198320150375366,14.240772247314453
21.219279766082764,14.509567260742188
21.240273237228394,14.347640991210938
21.261415004730225,14.787071228027344
21.2824444770813,15.24698257446289
21.30328345298767,15.28628158569336
21.32431983947754,15.707229614257812
21.34541344642639,15.795650482177734
21.366381406784058,16.221515655517578
21.387775897979736,16.62320327758789
21.409157037734985,17.125240325927734
21.42995023727417,17.692798614501953
21.451131582260132,17.554298400878906
21.471417665481567,17.874042510986328
21.491435766220093,17.84154510498047
21.511504650115967,18.009342193603516
21.53163766860962,17.60079574584961
21.552732944488525,17.784168243408203
21.574167490005493,17.797927856445312
21.595253705978394,18.052433013916016
21.61577081680298,18.098674774169922
21.636508464813232,18.506637573242188
21.657003164291382,18.752120971679688
21.677172899246216,19.018585205078125
21.697754859924316,18.98428726196289
21.718578815460205,19.522308349609375
21.739220142364502,19.820331573486328
21.759331941604614,19.767230987548828
21.779661893844604,19.945362091064453
21.800270080566406,20.547386169433594
21.821035385131836,20.587200164794922
21.841772079467773,20.591522216796875
21.86237072944641,20.771728515625
21.88317608833313,21.049121856689453
21.90373182296753,20.95903778076172
21.924339532852173,21.568260192871094
21.94482707977295,21.5736083984375
21.9650239944458,21.73138427734375
21.985642433166504,22.09272003173828
22.006152868270874,22.060867309570312
22.02665424346924,22.115131378173828
22.04744029045105,22.21799087524414
22.068156480789185,22.775375366210938
22.08840847015381,22.759052276611328
22.111421823501587,22.92115020751953
22.13090419769287,22.925708770751953
22.149504899978638,23.278446197509766
22.172128677368164,23.378997802734375
22.193320512771606,23.386398315429688
22.214506149291992,23.64311981201172
22.234854698181152,23.61736297607422
22.255715131759644,23.964759826660156
22.27646279335022,23.706588745117188
22.296757221221924,23.805477142333984
22.317169666290283,23.923603057861328
22.341097116470337,24.15066909790039
22.376001358032227,24.665645599365234
22.407729387283325,24.168964385986328
22.437113761901855,24.298797607421875
22.459803581237793,24.54526138305664
22.488784790039062,24.509078979492188
22.52219033241272,24.805644989013672
22.545820474624634,24.875751495361328
22.568573474884033,25.010440826416016
22.598674297332764,25.076435089111328
22.622209310531616,25.19378662109375
22.643840789794922,25.606666564941406
22.67052125930786,25.75252914428711
22.699273586273193,25.43067169189453
22.724537134170532,25.359790802001953
22.748894214630127,25.742919921875
22.770364999771118,25.706390380859375
22.791786909103394,25.97461700439453
22.81662631034851,25.954608917236328
22.838160514831543,26.19055938720703
22.861305952072144,26.05150604248047
22.88488745689392,26.244537353515625
22.923486471176147,26.22036361694336
22.950435876846313,26.265487670898438
22.97703528404236,26.142314910888672
23.008445262908936,26.39177703857422
23.030168771743774,26.546245574951172
23.052253484725952,27.14071273803711
23.074121236801147,26.663482666015625
23.107076406478882,26.666015625
23.130496501922607,26.53295135498047
23.156362771987915,26.633460998535156
23.180989503860474,26.34658432006836
23.205963850021362,26.77715301513672
23.22963547706604,26.441795349121094
23.251750469207764,26.967880249023438
23.27393674850464,26.980789184570312
23.295745849609375,27.077640533447266
23.317655563354492,27.109432220458984
23.34299397468567,27.332088470458984
23.364848375320435,27.394149780273438
23.38689136505127,27.460121154785156
23.408605098724365,27.582141876220703
23.43629217147827,27.522480010986328
23.45837163925171,27.709331512451172
23.48089361190796,27.914859771728516
23.508169412612915,27.946666717529297
23.536891222000122,27.735294342041016
23.5584819316864,27.936328887939453
23.581267595291138,27.583038330078125
23.622026681900024,27.555057525634766
23.644546031951904,27.657588958740234
23.666552305221558,27.823768615722656
23.689245462417603,27.875877380371094
23.711379289627075,28.407371520996094
23.733875036239624,28.11426544189453
23.75687336921692,28.10820770263672
23.77752947807312,28.22085189819336
23.798064470291138,28.357410430908203
23.818910360336304,28.363330841064453
23.843225955963135,28.392528533935547
23.863227367401123,28.040882110595703
23.88281273841858,28.41341781616211
23.902859449386597,28.219642639160156
23.923184871673584,28.380359649658203
23.946223258972168,28.32821273803711
23.97399616241455,28.016136169433594
23.99435305595398,27.95421600341797
24.014920949935913,28.09210968017578
24.03544330596924,28.01203155517578
24.055861234664917,27.871475219726562
24.07638931274414,28.066280364990234
24.105751752853394,28.28274154663086
24.130447387695312,28.363609313964844
24.169301748275757,28.36319351196289
24.193270206451416,28.416400909423828
24.215230226516724,28.759918212890625
24.241344451904297,28.778209686279297
24.261903762817383,28.677318572998047
24.281280517578125,28.580398559570312
24.301519632339478,28.67754364013672
24.321208477020264,28.708568572998047
24.340850114822388,28.678878784179688
24.36080312728882,28.894695281982422
24.380340337753296,28.570880889892578
24.404176235198975,28.788448333740234
24.425034046173096,28.965473175048828
24.44698667526245,28.480636596679688
24.468899965286255,28.605690002441406
24.488621473312378,28.166854858398438
24.51046872138977,28.194499969482422
24.53474497795105,28.372753143310547
24.554821491241455,28.461898803710938
24.574453353881836,28.43536376953125
24.595112562179565,28.504310607910156
24.615644931793213,28.434642791748047
24.63471269607544,28.522510528564453
24.655750513076782,28.604923248291016
24.675504446029663,29.17932891845703
24.695693731307983,28.85594940185547
24.719916343688965,29.048999786376953
24.739894151687622,29.025604248046875
24.759601354599,28.660545349121094
24.779716968536377,28.635196685791016
24.799821853637695,29.019489288330078
24.81977915763855,29.210418701171875
24.839703798294067,29.260662078857422
24.85960102081299,28.693973541259766
24.87938141822815,28.755496978759766
24.899014711380005,28.386978149414062
24.918336868286133,28.454570770263672
24.937927722930908,28.50406265258789
24.957733392715454,28.593101501464844
24.977383852005005,28.78915023803711
24.997459173202515,28.652435302734375
25.017353057861328,28.527114868164062
25.037270545959473,28.587993621826172
25.059698820114136,28.707172393798828
25.08169913291931,28.730308532714844
25.101723194122314,28.763004302978516
25.12119174003601,28.83658218383789
25.14065432548523,28.734100341796875
25.160534620285034,28.79961395263672
25.179799556732178,28.470157623291016
25.199589014053345,28.732555389404297
25.219257593154907,28.917152404785156
25.239054918289185,28.943580627441406
25.262237071990967,28.84912109375
25.281610012054443,28.448490142822266
25.301047325134277,28.620784759521484
25.32041072845459,28.85424041748047
25.33964228630066,28.72089385986328
25.358925819396973,29.022945404052734
25.37873601913452,28.78852081298828
25.398727655410767,28.780738830566406
25.41847324371338,28.926010131835938
25.43829917907715,28.623764038085938
25.458175659179688,29.11153793334961
25.477870225906372,29.14673614501953
25.497687101364136,29.232250213623047
25.517444133758545,29.330299377441406
25.537367343902588,29.08409881591797
25.556424617767334,28.80752944946289
25.575597763061523,28.950092315673828
25.59498381614685,28.649063110351562
25.615033626556396,28.648448944091797
25.636157512664795,28.803760528564453
25.65588068962097,28.91374969482422
25.675772666931152,29.043193817138672
25.69552230834961,29.28946304321289
25.715750694274902,28.363101959228516
25.73495364189148,28.549549102783203
25.75449514389038,28.593929290771484
25.774172067642212,28.42282485961914
25.794015169143677,28.341522216796875
25.813487768173218,28.297950744628906
25.832995176315308,28.710994720458984
25.852631092071533,28.396453857421875
25.872174739837646,28.33913803100586
25.891972303390503,28.59158706665039
25.911222219467163,28.36181640625
25.93110179901123,28.450820922851562
25.950934171676636,28.51361083984375
25.970199823379517,28.551483154296875
25.98960280418396,28.610454559326172
26.00912046432495,29.032154083251953
26.029019594192505,29.014583587646484
26.048887491226196,29.116252899169922
26.068100452423096,28.671165466308594
26.087286472320557,28.869491577148438
26.106584310531616,29.106090545654297
26.126152753829956,28.803157806396484
26.145714044570923,29.11948013305664
26.16568684577942,29.31582260131836
26.185331106185913,29.30113983154297
26.205084085464478,29.282142639160156
26.224414825439453,28.740657806396484
26.244640111923218,28.732269287109375
26.264353275299072,28.513900756835938
26.286259174346924,28.748302459716797
26.306210041046143,28.58686065673828
26.325535774230957,28.60608673095703
26.345388650894165,28.904388427734375
26.364749908447266,28.74234390258789
26.38381791114807,28.844966888427734
26.40327739715576,28.370479583740234
26.423069715499878,28.49966049194336
26.442745447158813,28.803688049316406
26.46249771118164,28.816585540771484
26.481837034225464,28.575786590576172
26.501253604888916,28.755416870117188
26.52099370956421,28.92382049560547
26.54080581665039,28.874065399169922
26.56077527999878,28.959766387939453
26.580111265182495,28.947921752929688
26.59911060333252,29.115943908691406
26.618388175964355,29.209239959716797
26.637864589691162,28.780437469482422
26.657145023345947,28.55746841430664
26.677297830581665,28.94861602783203
26.69656276702881,28.939117431640625
26.716232538223267,29.0762939453125
26.73568296432495,28.8380126953125
26.75490164756775,28.566253662109375
26.774027109146118,28.588218688964844
26.793184280395508,28.753875732421875
26.81261968612671,28.874813079833984
26.83237934112549,28.548839569091797
26.85169816017151,28.65265655517578
26.870842933654785,28.690067291259766
26.89055585861206,28.84482192993164
26.91016912460327,28.989784240722656
26.92958903312683,28.65707778930664
26.94919204711914,28.794002532958984
26.96868586540222,28.91321563720703
26.988096952438354,28.7742919921875
27.007307529449463,28.762710571289062
27.02697515487671,28.936195373535156
27.04634428024292,29.072406768798828
27.065870761871338,28.985233306884766
27.085270643234253,28.95099639892578
27.104775190353394,28.611679077148438
27.1245436668396,29.01276397705078
27.143938541412354,28.969406127929688
27.163541555404663,29.026386260986328
27.182469129562378,28.78980255126953
27.20194363594055,28.755828857421875
27.221825122833252,28.817344665527344
27.24176049232483,28.72161865234375
27.260875940322876,28.59634780883789
27.280486345291138,28.63916778564453
27.29976773262024,28.8590087890625
27.31916046142578,28.85477066040039
27.338816165924072,28.877540588378906
27.35859775543213,29.115612030029297
27.37725281715393,28.70077896118164
27.396570682525635,28.730873107910156
27.41565489768982,28.675952911376953
27.435009956359863,28.858169555664062
27.45479965209961,28.86571502685547
27.475255012512207,28.896636962890625
27.494742155075073,28.954879760742188
27.513564825057983,28.916675567626953
27.53302812576294,28.788333892822266
27.552182912826538,28.89932632446289
27.571553230285645,29.08946990966797
27.590654611587524,28.860820770263672
27.61019730567932,28.721988677978516
27.629473209381104,28.66913604736328
27.649402379989624,28.823745727539062
27.66919255256653,28.706623077392578
27.688701629638672,28.734073638916016
27.708160638809204,28.66949462890625
27.727461576461792,28.882144927978516
27.747297048568726,29.038780212402344
27.766732215881348,29.149703979492188
27.78622531890869,29.21872329711914
27.80630898475647,29.094242095947266
27.825899362564087,29.206668853759766
27.845487594604492,29.171100616455078
27.864945650100708,28.55643081665039
27.884069442749023,28.50017547607422
27.903640508651733,28.773094177246094
27.923670053482056,28.82443618774414
27.94279718399048,28.563556671142578
27.961981773376465,28.833263397216797
27.981226682662964,28.812152862548828
28.000906705856323,28.723495483398438
28.02077555656433,28.565956115722656
28.040550470352173,28.621318817138672
28.060086727142334,28.805679321289062
28.079514980316162,28.842548370361328
28.09920024871826,28.68365478515625
28.118428707122803,28.608478546142578
28.137738943099976,28.657188415527344
28.157830476760864,28.51396942138672
28.17815852165222,28.658733367919922
28.198095083236694,28.795307159423828
28.21803331375122,28.759628295898438
28.238566637039185,28.98681640625
28.25862741470337,28.84225845336914
28.27950096130371,29.30825424194336
28.300280332565308,29.01559829711914
28.32161784172058,28.932052612304688
28.344786167144775,29.094905853271484
28.365216493606567,29.189777374267578
28.386309146881104,28.9173583984375
28.40627694129944,28.896102905273438
28.4262113571167,29.031814575195312
28.44803214073181,29.01351547241211
28.468014001846313,28.986392974853516
28.48790740966797,28.582916259765625
28.50819230079651,28.58124542236328
28.52812147140503,28.862930297851562
28.548383235931396,28.86343765258789
28.56871199607849,28.682891845703125
28.58914279937744,28.701492309570312
28.60905909538269,28.47321319580078
28.62910223007202,28.57636260986328
28.648942470550537,28.652732849121094
28.669339179992676,28.56464385986328
28.689239501953125,28.42273712158203
28.708980083465576,28.523326873779297
28.729161024093628,28.66204071044922
28.749123096466064,28.811447143554688
28.769427061080933,28.708118438720703
28.789443969726562,28.849029541015625
28.809290647506714,29.302581787109375
28.829392194747925,29.202903747558594
28.849344968795776,28.904617309570312
28.869139194488525,28.767230987548828
28.88921856880188,28.806224822998047
28.90916395187378,28.93030548095703
28.928801774978638,29.065216064453125
28.948622465133667,29.267333984375
28.96839952468872,29.595165252685547
28.988189458847046,29.336315155029297
29.00869607925415,28.98468017578125
29.02855157852173,29.006546020507812
29.04805636405945,28.699626922607422
29.06783103942871,28.938167572021484
29.08776831626892,28.682235717773438
29.107457399368286,28.454273223876953
29.127305507659912,28.946453094482422
29.14713478088379,28.923137664794922
29.166860580444336,28.723896026611328
29.186332941055298,28.391525268554688
29.20632791519165,28.509403228759766
29.226526260375977,28.782978057861328
29.248427629470825,28.56106948852539
29.268021821975708,28.634902954101562
29.28770160675049,29.009910583496094
29.307526350021362,29.24536895751953
29.329908847808838,29.184513092041016
29.35070276260376,29.06365966796875
29.370810747146606,28.85482406616211
29.3905987739563,28.74835205078125
29.410949230194092,28.679550170898438
29.430729150772095,28.958728790283203
29.451179265975952,29.22943115234375
29.47117829322815,28.809524536132812
29.491095781326294,29.065528869628906
29.5108540058136,28.741790771484375
29.53080654144287,28.943496704101562
29.550678968429565,28.740215301513672
29.57033658027649,28.55672836303711
29.590163946151733,28.87946319580078
29.609933137893677,29.07964324951172
29.629836559295654,29.15164566040039
29.64970088005066,29.236003875732422
29.669688940048218,29.30657196044922
29.689568996429443,28.986454010009766
29.709179639816284,28.935165405273438
29.728886604309082,29.246578216552734
29.74882483482361,28.884693145751953
29.768898963928223,28.823135375976562
29.78878355026245,28.716938018798828
29.808400869369507,28.94412612915039
29.828415632247925,29.13858413696289
29.84859013557434,29.325618743896484
29.868467807769775,29.010421752929688
29.8889377117157,28.52959442138672
29.908894062042236,28.647445678710938
29.928983449935913,28.380271911621094
29.948909997940063,28.517959594726562
29.969003200531006,28.808284759521484
29.988892555236816,28.75156021118164
30.00868821144104,28.98349380493164
30.028735160827637,29.11886215209961
30.04872703552246,28.772884368896484
30.068683624267578,28.782657623291016
30.088550090789795,28.824573516845703
30.108800411224365,28.96044921875
30.129016637802124,29.374439239501953
30.149107694625854,29.104747772216797
30.168940782546997,29.211193084716797
30.188868284225464,29.20229721069336
30.20869731903076,29.070316314697266
30.228767156600952,29.29401397705078
30.248474597930908,29.40131378173828
30.26850461959839,28.62481689453125
30.28834366798401,28.824951171875
30.308462381362915,28.98574447631836
30.328130960464478,29.078792572021484
30.348001718521118,29.21718978881836
30.367940425872803,29.345783233642578
30.387885332107544,29.224014282226562
30.4077410697937,28.7188720703125
30.427855968475342,28.395877838134766
30.447986602783203,28.404003143310547
30.46811819076538,28.552772521972656
30.488109588623047,28.78310775756836
30.508050680160522,28.95724105834961
30.527905702590942,29.116031646728516
30.548419713974,29.25387191772461
30.568331956863403,28.96310806274414
30.588167190551758,28.989608764648438
30.608132123947144,29.048660278320312
30.628284454345703,28.952903747558594
30.648102521896362,29.045093536376953
30.668611764907837,29.331356048583984
30.688375234603882,29.22299575805664
30.70834708213806,29.39822006225586
30.72815442085266,29.359722137451172
30.748027086257935,28.957073211669922
30.767847299575806,29.18724822998047
30.788153171539307,28.737457275390625
30.80780291557312,28.59389877319336
30.82770013809204,28.684341430664062
30.84765625,28.614253997802734
30.867478370666504,28.93958282470703
30.88795518875122,28.878067016601562
30.908066987991333,28.704971313476562
30.92820167541504,28.857765197753906
30.948229789733887,28.838390350341797
30.967979907989502,28.929664611816406
30.987868547439575,28.827838897705078
31.00801730155945,29.042583465576172
31.02830719947815,29.270034790039062
31.048195362091064,29.43187713623047
31.068068265914917,29.36402130126953
31.087889194488525,29.207843780517578
31.107844352722168,29.362979888916016
31.128292083740234,29.46843719482422
31.14820957183838,29.17523193359375
31.168358087539673,29.031818389892578
31.188063383102417,29.121746063232422
31.20802617073059,29.388259887695312
31.2281231880188,29.622894287109375
31.248003005981445,29.186481475830078
31.267690420150757,29.153079986572266
31.2875657081604,29.11064910888672
31.307461738586426,28.666492462158203
31.32736587524414,28.800640106201172
31.347298622131348,28.978012084960938
31.367186546325684,29.418766021728516
31.38746738433838,29.164440155029297
31.407408475875854,29.164649963378906
31.427348852157593,29.43829345703125
31.447518587112427,29.202800750732422
31.467313528060913,29.21621322631836
31.48794960975647,29.30099105834961
31.5077805519104,29.324127197265625
31.52757215499878,29.334514617919922
31.547927141189575,29.46335220336914
31.567923545837402,29.52503204345703
31.588324069976807,29.501239776611328
31.60809302330017,29.210636138916016
31.62757134437561,29.270286560058594
31.647608041763306,29.186763763427734
31.667686223983765,29.327068328857422
31.688282012939453,29.373638153076172
31.708367824554443,29.284717559814453
31.72841167449951,29.434162139892578
31.748236894607544,29.419532775878906
31.768229246139526,29.517013549804688
31.78879141807556,29.565963745117188
31.808730125427246,29.36502456665039
31.828808784484863,29.320308685302734
31.848827838897705,29.20787811279297
31.86840271949768,29.42853546142578
31.888229370117188,29.653247833251953
31.908311128616333,30.127132415771484
31.92882013320923,30.06256103515625
31.948845863342285,29.810623168945312
31.968751668930054,29.811580657958984
31.9886155128479,29.50000762939453
32.008317947387695,29.423561096191406
32.02838897705078,29.57918930053711
32.048906087875366,29.86954116821289
32.068761110305786,29.50301742553711
32.088507413864136,29.53131103515625
32.10857272148132,29.3709716796875
32.1284875869751,28.918212890625
32.148868799209595,28.88280487060547
32.16891360282898,28.915393829345703
32.18873882293701,29.437088012695312
32.20869159698486,29.674808502197266
32.228595495224,29.77440643310547
32.24837017059326,29.991744995117188
32.26837086677551,29.68936538696289
32.28819417953491,29.62982177734375
32.30821371078491,29.662681579589844
32.328408002853394,29.93658447265625
32.34822654724121,29.77469253540039
32.36827778816223,29.692317962646484
32.3883318901062,30.19713592529297
32.40834140777588,30.13571548461914
32.428266286849976,30.477264404296875
32.448126792907715,30.544795989990234
32.468706130981445,30.50537872314453
32.48853945732117,29.918277740478516
32.50843524932861,29.799114227294922
32.52830672264099,29.5313720703125
32.54813480377197,29.292327880859375
32.567933797836304,29.80001449584961
32.58803844451904,29.766372680664062
32.609869718551636,30.265777587890625
32.62989807128906,29.737648010253906
32.649502992630005,29.46988296508789
32.66930317878723,29.383220672607422
32.68900799751282,29.237041473388672
32.708773374557495,29.530548095703125
32.72821760177612,29.98028564453125
32.74787092208862,30.12551498413086
32.76744103431702,29.974838256835938
32.78687572479248,29.782588958740234
32.80678153038025,29.887351989746094
32.826064109802246,29.8751220703125
32.845762968063354,29.841354370117188
32.86543583869934,30.185211181640625
32.88518190383911,30.12674331665039
32.90486264228821,30.283634185791016
32.92436146736145,30.38921356201172
32.944318771362305,29.877059936523438
32.96450328826904,30.136192321777344
32.984193563461304,29.98974609375
33.00380611419678,30.178531646728516
33.023337841033936,30.306346893310547
33.04289650917053,30.205738067626953
33.062729835510254,30.434703826904297
33.082356452941895,30.47551727294922
33.101810693740845,30.385513305664062
33.12149238586426,30.828330993652344
33.14133334159851,30.79477310180664
33.161243200302124,30.7100830078125
33.18115592002869,29.933937072753906
33.200642585754395,30.159515380859375
33.219661712646484,30.311031341552734
33.23852491378784,30.090869903564453
33.25788736343384,30.55646514892578
33.277339935302734,30.87989044189453
33.296695709228516,30.9501953125
33.31621599197388,30.55016326904297
33.33574414253235,30.26880645751953
33.355412006378174,30.213947296142578
33.37507367134094,30.222400665283203
33.39533019065857,30.149120330810547
33.415077924728394,30.11774444580078
33.434629917144775,30.371021270751953
33.4541118144989,30.491886138916016
33.4737434387207,30.810626983642578
33.4933500289917,30.59857177734375
33.513052225112915,30.414920806884766
33.532583475112915,30.698829650878906
33.55244731903076,30.439876556396484
33.57147288322449,30.549354553222656
33.59110713005066,30.893070220947266
33.61054277420044,31.105106353759766
33.63004755973816,31.04456329345703
33.64990520477295,31.210437774658203
33.669766664505005,30.76544952392578
33.68952822685242,30.918331146240234
33.70913887023926,30.697460174560547
33.72865033149719,30.509387969970703
33.74794602394104,30.393817901611328
33.767598390579224,30.471172332763672
33.78742551803589,30.753864288330078
33.80719709396362,30.968944549560547
33.827051401138306,31.03171157836914
33.84654378890991,31.202930450439453
33.86613178253174,30.762413024902344
33.88591647148132,30.432498931884766
33.90586447715759,30.373371124267578
33.92535042762756,30.61919403076172
33.94439339637756,30.535614013671875
33.96359181404114,30.64284896850586
33.98242378234863,30.858474731445312
34.001593351364136,30.830081939697266
34.02069425582886,30.461528778076172
34.04051876068115,30.43343734741211
34.06058073043823,30.41043472290039
34.08030438423157,30.278240203857422
34.10008406639099,30.560253143310547
34.11983132362366,30.475955963134766
34.13931941986084,30.735698699951172
34.15906548500061,30.71868133544922
34.17839431762695,31.024044036865234
34.19810390472412,31.188488006591797
34.21771478652954,31.06989288330078
34.236605167388916,31.007110595703125
34.25565028190613,30.90313720703125
34.27529454231262,30.814151763916016
34.29512667655945,31.277729034423828
34.3146276473999,31.357349395751953
34.334935665130615,31.45539093017578
34.35462021827698,31.40686798095703
34.37407374382019,31.06122589111328
34.39356255531311,30.769489288330078
34.41302537918091,30.85497283935547
34.432865858078,30.470558166503906
34.45228624343872,30.788864135742188
34.47194790840149,30.463367462158203
34.491395711898804,30.730358123779297
34.51083278656006,30.54660415649414
34.5301456451416,30.489444732666016
34.54991006851196,30.772502899169922
34.56952118873596,30.690162658691406
34.589338064193726,30.834381103515625
34.60923910140991,30.384342193603516
34.62873125076294,30.656906127929688
34.64847755432129,30.82843780517578
34.66821622848511,30.945022583007812
34.68811225891113,31.200225830078125
34.70770716667175,31.297527313232422
34.72765254974365,31.464580535888672
34.747482776641846,30.86186981201172
34.76691031455994,30.899124145507812
34.786410093307495,30.631484985351562
34.80593204498291,30.746963500976562
34.82575345039368,30.98426055908203
34.84534502029419,30.801761627197266
34.865153074264526,31.215396881103516
34.884586572647095,31.01000213623047
34.90439200401306,30.930252075195312
34.92355155944824,30.531295776367188
34.94294357299805,30.784652709960938
34.96288824081421,30.684799194335938
34.98242664337158,30.91008758544922
35.00225615501404,30.874568939208984
35.02163505554199,30.97502899169922
35.041008710861206,31.219497680664062
35.05990743637085,31.0450439453125
35.0792818069458,30.92853546142578
35.098535776138306,30.913570404052734
35.118850231170654,30.952545166015625
35.13852834701538,30.740028381347656
35.15809631347656,30.960678100585938
35.17790102958679,31.243141174316406
35.19739508628845,31.24947738647461
35.21674919128418,31.324329376220703
35.23623299598694,31.12393569946289
35.25592803955078,30.964920043945312
35.27542591094971,30.857524871826172
35.29512071609497,30.777847290039062
35.31442165374756,30.497833251953125
35.33477973937988,30.759479522705078
35.35458064079285,30.766082763671875
35.374191999435425,30.933990478515625
35.393834829330444,31.045238494873047
35.41357111930847,31.217601776123047
35.433943033218384,31.322444915771484
35.453747510910034,30.78081512451172
35.47299313545227,30.70623016357422
35.49245810508728,30.669597625732422
35.511855363845825,30.792800903320312
35.53174066543579,31.05249786376953
35.55125021934509,30.84853744506836
35.5706524848938,31.110305786132812
35.59030079841614,31.116138458251953
35.60978651046753,31.12268829345703
35.62906837463379,30.850101470947266
35.6488778591156,30.813289642333984
35.66872763633728,30.740901947021484
35.68842816352844,30.597251892089844
35.70817470550537,30.80655288696289
35.72768211364746,30.860023498535156
35.74755907058716,30.89760971069336
35.767401933670044,31.281925201416016
35.78773307800293,31.16504669189453
35.807509422302246,31.207202911376953
35.82724165916443,31.284420013427734
35.84690237045288,31.09408187866211
35.866290807724,31.13619613647461
35.88583731651306,31.271602630615234
35.90535521507263,31.295547485351562
35.924880504608154,31.347332000732422
35.94481563568115,31.44379425048828
35.96475863456726,31.40273666381836
35.984495878219604,31.151363372802734
36.00454759597778,31.165271759033203
36.02449059486389,31.56290054321289
36.04416084289551,31.34225845336914
36.06389379501343,31.074298858642578
36.083797454833984,31.32623291015625
36.10315990447998,31.47223663330078
36.12268018722534,31.268768310546875
36.14239478111267,31.172008514404297
36.16181755065918,31.097412109375
36.18109369277954,30.64191436767578
36.200628995895386,30.961307525634766
36.22012901306152,30.606773376464844
36.23984956741333,30.77483367919922
36.25982856750488,30.44689178466797
36.279266595840454,30.461368560791016
36.29879546165466,30.656349182128906
36.31861114501953,30.880935668945312
36.3381929397583,30.792911529541016
36.35781121253967,30.750789642333984
36.377182960510254,31.04324722290039
36.39681529998779,30.89822769165039
36.416364908218384,30.94818115234375
36.43601584434509,31.11724853515625
36.45581817626953,31.306346893310547
36.47570586204529,31.545562744140625
36.495585203170776,31.329376220703125
36.51489043235779,31.055500030517578
36.53455114364624,31.153804779052734
36.556185722351074,31.116626739501953
36.57626485824585,31.03974151611328
36.59547019004822,31.11724853515625
36.61551237106323,31.50375747680664
36.63671541213989,31.081466674804688
36.65691089630127,31.003009796142578
36.677226305007935,31.038368225097656
36.69757628440857,30.96558380126953
36.718199014663696,30.892833709716797
36.738227128982544,31.229087829589844
36.75858998298645,30.81462860107422
36.778799533843994,31.222564697265625
36.79878640174866,31.111980438232422
36.81875658035278,31.318431854248047
36.838531255722046,30.883384704589844
36.859052896499634,30.810272216796875
36.880372285842896,30.94045639038086
36.900683879852295,30.78546142578125
36.92111563682556,31.00100326538086
36.940913438797,31.057960510253906
36.961891412734985,31.399009704589844
36.98387360572815,31.166366577148438
37.003982067108154,31.352214813232422
37.023553133010864,31.393901824951172
37.04337549209595,31.425209045410156
37.06333899497986,31.214218139648438
37.08528137207031,31.122943878173828
37.1054151058197,31.33243179321289
37.12569546699524,31.216392517089844
37.14549422264099,31.45355987548828
37.165549993515015,31.483837127685547
37.18603014945984,31.545215606689453
37.20710873603821,31.402690887451172
37.22687101364136,31.070697784423828
37.246837854385376,31.136669158935547
37.26675486564636,31.20858383178711
37.287214279174805,30.907203674316406
37.30742931365967,31.208099365234375
37.32799553871155,31.16333770751953
37.34838557243347,31.160320281982422
37.36862277984619,31.17367935180664
37.389015436172485,31.416656494140625
37.40869498252869,31.085826873779297
37.42859125137329,31.04889678955078
37.448471546173096,31.28997802734375
37.46865272521973,31.133522033691406
37.489790201187134,31.333568572998047
37.509850025177,31.320556640625
37.52999019622803,31.565998077392578
37.54970669746399,31.467697143554688
37.569600343704224,31.22064971923828
37.589555501937866,31.500469207763672
37.609463930130005,31.005905151367188
37.62953591346741,31.121871948242188
37.651360273361206,31.253215789794922
37.67161583900452,30.90569305419922
37.6918261051178,30.914794921875
37.71165347099304,30.772533416748047
37.7318651676178,30.738574981689453
37.75171971321106,31.014419555664062
37.77163529396057,31.05624771118164
37.79146361351013,30.982379913330078
37.81177616119385,31.34575653076172
37.83395576477051,31.15338134765625
37.85618233680725,31.41741180419922
37.87696290016174,31.627532958984375
37.89726161956787,31.615966796875
37.91776490211487,31.622360229492188
37.93773031234741,31.509109497070312
37.958343744277954,31.62375259399414
37.978435754776,31.817153930664062
37.99846315383911,31.624935150146484
38.01836824417114,31.466899871826172
38.038387298583984,31.201465606689453
38.05828857421875,31.33727264404297
38.0780348777771,31.102481842041016
38.098716020584106,31.32830810546875
38.11875128746033,31.19390106201172
38.13881301879883,31.468441009521484
38.15861797332764,31.348392486572266
38.17912578582764,31.103519439697266
38.19905495643616,31.233726501464844
38.21892261505127,31.35797119140625
38.23898482322693,31.265705108642578
38.259188413619995,31.06707763671875
38.279292583465576,31.221336364746094
38.29873847961426,31.080032348632812
38.31821537017822,31.26300811767578
38.337939500808716,31.177383422851562
38.35801410675049,31.237895965576172
38.37805509567261,31.404102325439453
38.3986074924469,31.288890838623047
38.41976523399353,31.125255584716797
38.440852880477905,31.11301040649414
38.461381673812866,31.194961547851562
38.48130464553833,31.20458984375
38.501259088516235,31.530834197998047
38.521204471588135,31.34362030029297
38.541545152664185,31.6561279296875
38.5616352558136,31.53197479248047
38.5812304019928,31.450721740722656
38.60285711288452,31.348186492919922
38.62392735481262,31.055294036865234
38.644434213638306,31.32727813720703
38.66492319107056,31.295333862304688
38.68471336364746,31.408058166503906
38.70562672615051,31.499553680419922
38.725913763046265,30.88131332397461
38.745914936065674,30.848255157470703
38.765791177749634,31.159809112548828
38.785686016082764,31.081912994384766
38.80563807487488,30.758235931396484
38.82579064369202,30.883163452148438
38.846089363098145,30.963436126708984
38.86780762672424,30.95364761352539
38.888591289520264,30.94121551513672
38.90916728973389,31.12598419189453
38.92982339859009,31.181201934814453
38.94984722137451,30.87255859375
38.97040152549744,30.918701171875
38.99260210990906,30.639705657958984
39.012550592422485,30.460113525390625
39.03277373313904,30.69430160522461
39.052937030792236,30.714778900146484
39.07304668426514,30.948017120361328
39.09298753738403,31.302837371826172
39.11836862564087,31.223987579345703
39.14095878601074,30.877212524414062
39.1613335609436,31.070327758789062
39.18119406700134,31.12936782836914
39.201289892196655,31.074195861816406
39.22098231315613,31.381988525390625
39.24099135398865,31.124622344970703
39.26111888885498,31.041667938232422
39.28212332725525,31.24813461303711
39.30395722389221,31.230491638183594
39.324342250823975,31.329975128173828
39.34533882141113,31.276382446289062
39.365238189697266,31.16080093383789
39.38672947883606,31.198577880859375
39.408671140670776,31.463253021240234
39.428470611572266,31.036773681640625
39.44828414916992,31.055927276611328
39.46791744232178,31.121814727783203
39.48789572715759,31.33238983154297
39.50897979736328,31.019840240478516
39.529399394989014,31.167556762695312
39.55074143409729,31.072284698486328
39.57046127319336,30.938095092773438
39.59059977531433,31.049224853515625
39.61049246788025,30.893260955810547
39.63037443161011,31.13105010986328
39.65100860595703,31.354164123535156
39.67129850387573,31.112751007080078
39.690853118896484,30.987171173095703
39.710702896118164,30.80829620361328
39.73094034194946,31.116317749023438
39.75081968307495,31.2235107421875
39.77051019668579,31.33816146850586
39.793391942977905,31.560562133789062
39.81694555282593,31.588642120361328
39.83993101119995,31.517345428466797
39.86012077331543,31.239437103271484
39.880205392837524,31.375320434570312
39.90044188499451,31.31359100341797
39.920368909835815,31.393264770507812
39.94037079811096,31.665485382080078
39.960432052612305,31.708999633789062
39.98351836204529,31.875091552734375
40.00626850128174,31.776641845703125
40.02723240852356,31.632118225097656
40.04709458351135,31.936782836914062
40.0671329498291,31.156063079833984
40.089659690856934,31.137271881103516
40.11181354522705,31.13128662109375
40.13232755661011,31.10882568359375
40.15271973609924,31.092891693115234
40.17289352416992,31.215335845947266
40.193150997161865,30.862049102783203
40.214473485946655,31.19214630126953
40.23620128631592,31.107601165771484
40.25637674331665,31.165725708007812
40.27658128738403,31.099197387695312
40.29719614982605,31.367095947265625
40.317487955093384,31.329071044921875
40.3379967212677,31.266918182373047
40.35891675949097,30.55087661743164
40.379729986190796,30.333621978759766
40.39909887313843,30.75600814819336
40.41893124580383,30.172607421875
40.43862581253052,29.884803771972656
40.459970474243164,29.87612533569336
40.48772978782654,30.045536041259766
40.511449337005615,30.40441131591797
40.53127884864807,30.478721618652344
40.55127787590027,30.278736114501953
40.57127904891968,30.2720947265625
40.600204944610596,30.27165985107422
40.623568296432495,30.227794647216797
40.64410710334778,30.776599884033203
40.6642587184906,30.640655517578125
40.68941593170166,30.859130859375
40.70980906486511,31.030132293701172
40.72906565666199,30.13567352294922
40.74822545051575,30.383689880371094
40.771942138671875,30.505451202392578
40.79592275619507,30.21953582763672
40.81641364097595,30.54974365234375
40.835834980010986,30.92420196533203
40.85846781730652,30.647014617919922
40.877827644348145,30.306495666503906
40.897324562072754,30.403400421142578
40.91832184791565,30.71605682373047
40.94882893562317,30.26030731201172
40.97283959388733,30.37582778930664
40.99215602874756,30.627452850341797
41.01150727272034,30.8641357421875
41.0367374420166,30.810775756835938
41.06377959251404,30.947044372558594
41.08385372161865,30.91049575805664
41.103976249694824,30.8253173828125
41.129244565963745,31.132362365722656
41.148561000823975,31.46091079711914
41.16760993003845,31.611392974853516
41.19092154502869,31.571983337402344
41.21284103393555,31.527210235595703
41.23283338546753,31.483638763427734
41.251282930374146,31.361526489257812
41.27218413352966,31.330528259277344
41.29180979728699,31.259178161621094
41.31026601791382,30.407955169677734
41.33556914329529,30.567947387695312
41.35862898826599,30.55002212524414
41.380375146865845,30.465606689453125
41.398815393447876,30.654754638671875
41.41940474510193,30.613677978515625
41.44818830490112,30.707061767578125
41.48001146316528,31.060516357421875
41.512550592422485,31.10799789428711
41.53789472579956,31.176288604736328
41.563892126083374,31.034175872802734
41.582786083221436,30.59372329711914
41.60091543197632,30.512561798095703
41.62922930717468,30.271713256835938
41.655056953430176,30.55736541748047
41.67323589324951,30.524337768554688
41.691142082214355,30.691505432128906
41.709654092788696,30.728111267089844
41.72839879989624,30.708099365234375
41.746848344802856,30.845428466796875
41.765400409698486,30.522907257080078
41.78373670578003,30.455307006835938
41.802410364151,30.619274139404297
41.82104563713074,30.55440902709961
41.84032464027405,30.92443084716797
41.85926532745361,31.21126937866211
41.87798571586609,31.337677001953125
41.89665102958679,31.291637420654297
41.915406465530396,31.48741912841797
41.9339599609375,31.650135040283203
41.95290970802307,31.569995880126953
41.97081112861633,31.154796600341797
41.98853158950806,31.13381576538086
42.00609040260315,30.859268188476562
42.02397608757019,30.972537994384766
42.04168128967285,30.909778594970703
42.059531450271606,30.903099060058594
42.077451944351196,30.571441650390625
42.09545159339905,30.81353759765625
42.11326789855957,30.520122528076172
42.13091540336609,30.665969848632812
42.148775577545166,30.52694320678711
42.1665723323822,30.33181381225586
42.18443202972412,30.542804718017578
42.2022168636322,30.068756103515625
42.220083713531494,30.013866424560547
42.2380747795105,29.904502868652344
42.255757570266724,30.061195373535156
42.27335810661316,29.315536499023438
42.2910795211792,29.429420471191406
42.3090615272522,29.500762939453125
42.32698321342468,29.78641128540039
42.34494185447693,29.20737075805664
42.362640142440796,28.641014099121094
42.38083815574646,28.86391830444336
42.39880013465881,28.758365631103516
42.416587352752686,29.11353302001953
42.434268951416016,29.059494018554688
42.452056884765625,29.097930908203125
42.469661712646484,29.102313995361328
42.4877712726593,29.025333404541016
42.50567102432251,28.882991790771484
42.52361989021301,29.03994369506836
42.54152250289917,29.15374755859375
42.55931901931763,29.265365600585938
42.576932430267334,29.234825134277344
42.59473490715027,29.120738983154297
42.612415075302124,29.61294174194336
42.63023662567139,29.515384674072266
42.64820432662964,29.68999481201172
42.66632676124573,29.81591796875
42.68423533439636,29.469444274902344
42.702157497406006,29.569042205810547
42.72039532661438,29.66363525390625
42.738253355026245,29.798847198486328
42.75597405433655,29.882797241210938
42.773786544799805,30.045146942138672
42.79167366027832,30.35653305053711
42.80948996543884,30.282516479492188
42.82789754867554,29.978809356689453
42.84572792053223,30.42403793334961
42.86379957199097,30.600738525390625
42.881614685058594,30.735252380371094
42.899208784103394,30.068950653076172
42.916728496551514,29.95639419555664
42.93514847755432,30.026081085205078
42.953145027160645,30.068199157714844
42.971075773239136,30.084022521972656
42.98893690109253,29.686031341552734
43.00695490837097,29.994140625
43.02449607849121,29.697460174560547
43.04222559928894,29.036151885986328
43.060399770736694,28.512847900390625
43.078033447265625,28.508460998535156
43.09575057029724,28.227901458740234
43.1135675907135,28.344810485839844
43.1313099861145,28.00411605834961
43.14895701408386,27.67572021484375
43.1667423248291,27.883384704589844
43.184565782547,27.81851577758789
43.202096939086914,27.853012084960938
43.21971106529236,27.75798797607422
43.23754000663757,27.236949920654297
43.25519013404846,27.237125396728516
43.27300810813904,27.267536163330078
43.29134917259216,27.30898666381836
43.308993339538574,27.34170913696289
43.32687497138977,27.141963958740234
43.3445029258728,27.209781646728516
43.361876487731934,27.2777099609375
43.37942433357239,27.36315155029297
43.397244453430176,27.308738708496094
43.41548824310303,26.472991943359375
43.43306279182434,26.719463348388672
43.4506676197052,26.9068603515625
43.468379497528076,26.971847534179688
43.486163854599,26.877334594726562
43.503645181655884,27.001937866210938
43.521276235580444,27.250167846679688
43.53882122039795,27.312789916992188
43.55650568008423,27.362213134765625
43.57424521446228,27.567501068115234
43.59190320968628,27.618759155273438
43.6095974445343,27.671302795410156
43.6279137134552,27.577312469482422
43.645836353302,27.853534698486328
43.66337203979492,28.11870574951172
43.6809184551239,28.032909393310547
43.698566198349,27.30196762084961
43.716028928756714,27.265708923339844
43.73406171798706,27.484756469726562
43.75173783302307,27.315387725830078
43.76950693130493,27.552494049072266
43.78723978996277,27.676719665527344
43.804924964904785,27.913707733154297
43.82230091094971,28.01789093017578
43.839640617370605,27.945537567138672
43.85727643966675,27.28182601928711
43.87483787536621,27.649791717529297
43.892446994781494,27.778453826904297
43.909730195999146,27.635597229003906
43.92628335952759,25.721515655517578
43.942479610443115,25.740604400634766
43.95865201950073,24.40500259399414
43.97444200515747,23.695327758789062
43.990044832229614,23.744731903076172
44.005547761917114,23.775821685791016
44.020949602127075,23.767620086669922
44.03623938560486,23.612869262695312
44.05369591712952,23.91164779663086
44.07136607170105,24.03890609741211
44.08824419975281,24.033763885498047
44.10479521751404,23.4122314453125
44.12245774269104,23.690898895263672
44.14043474197388,23.72692108154297
44.157944440841675,23.85401153564453
44.1762261390686,23.90514373779297
44.19397735595703,23.60000228881836
44.21251344680786,23.634201049804688
44.231014013290405,23.890541076660156
44.25082087516785,23.80181884765625
44.26858687400818,23.12677001953125
44.287447929382324,23.111568450927734
44.30543613433838,23.040355682373047
44.323134660720825,23.198699951171875
44.34073090553284,23.288177490234375
44.35847878456116,23.32149887084961
44.37630915641785,23.364139556884766
44.39668822288513,23.22122573852539
44.4155535697937,23.13015365600586
44.431906938552856,23.031558990478516
44.44725775718689,23.22677993774414
44.4622528553009,23.254741668701172
44.47725439071655,23.434246063232422
44.492254972457886,22.706192016601562
44.50721311569214,22.885055541992188
44.52217626571655,22.969860076904297
44.537171602249146,22.8209228515625
44.55212068557739,22.85220718383789
44.5672881603241,22.964859008789062
44.582270860672,23.024463653564453
44.59755897521973,23.11437225341797
44.61249232292175,23.02791976928711
44.62742328643799,22.8875732421875
44.6423614025116,23.067703247070312
44.657309770584106,23.230472564697266
44.67231035232544,23.19532012939453
44.68732047080994,22.637130737304688
44.7027428150177,22.455364227294922
44.71768808364868,22.512577056884766
44.73265767097473,22.68487548828125
44.7476544380188,22.81818389892578
44.76265740394592,22.627452850341797
44.77761220932007,22.429443359375
44.79258322715759,22.37677764892578
44.8076229095459,22.53295135498047
44.82262444496155,22.357318878173828
44.83756470680237,22.366531372070312
44.852712869644165,22.499004364013672
44.86767220497131,22.465091705322266
44.88273620605469,22.434268951416016
44.89772653579712,22.502613067626953
44.91266059875488,22.45227813720703
44.92758321762085,22.523181915283203
44.94250750541687,22.540138244628906
44.957698345184326,22.625244140625
44.97287559509277,22.575878143310547
44.987945318222046,22.673831939697266
45.00303387641907,22.673301696777344
45.01797866821289,22.652965545654297
45.03298544883728,22.670425415039062
45.04795789718628,22.502758026123047
45.062851428985596,22.396587371826172
45.07810592651367,22.530853271484375
45.09350299835205,22.722808837890625
45.10853862762451,22.523880004882812
45.12357568740845,22.594825744628906
45.1385931968689,22.491436004638672
45.153599977493286,22.437725067138672
45.168577432632446,22.528945922851562
45.183579444885254,22.434635162353516
45.19882321357727,22.425979614257812
45.21408748626709,22.394729614257812
45.22913932800293,22.48638916015625
45.24421572685242,22.544048309326172
45.25921869277954,22.513347625732422
45.27423119544983,22.6607666015625
45.28919196128845,22.761180877685547
45.30414938926697,22.65774917602539
45.319584131240845,22.778472900390625
45.33487391471863,22.656169891357422
45.34976673126221,22.359668731689453
45.364728927612305,22.525455474853516
45.37968850135803,22.638591766357422
45.394614458084106,22.610485076904297
45.40954113006592,22.67346954345703
45.42446279525757,22.88394546508789
45.4395809173584,22.67022705078125
45.454493284225464,22.72073745727539
45.46940588951111,22.76870346069336
45.48432803153992,22.691059112548828
45.49922823905945,22.75424575805664
45.51413011550903,22.86163330078125
45.52902102470398,23.035614013671875
45.54431223869324,22.891422271728516
45.55927109718323,22.831130981445312
45.574206829071045,22.704605102539062
45.58920884132385,22.7681884765625
45.604156255722046,22.49673843383789
45.619078636169434,22.570716857910156
45.63402438163757,22.535560607910156
45.64929175376892,22.502254486083984
45.66435885429382,22.553321838378906
45.67939376831055,22.63225555419922
45.694355726242065,22.556896209716797
45.709511280059814,22.446208953857422
45.7244610786438,22.45561981201172
45.739439964294434,22.510528564453125
45.75439500808716,22.413196563720703
45.769346475601196,22.54651641845703
45.784769773483276,22.608966827392578
45.79993271827698,22.772769927978516
45.815003395080566,22.718685150146484
45.830212116241455,22.561840057373047
45.84816074371338,22.75759506225586
45.86608552932739,22.564659118652344
45.88394474983215,22.662944793701172
45.901806354522705,22.625164031982422
45.91935181617737,22.75501251220703
45.937206983566284,22.740020751953125
45.955756187438965,22.831985473632812
45.972654581069946,22.491294860839844
45.9897735118866,22.62230682373047
46.00692057609558,22.742919921875
46.02481698989868,22.830852508544922
46.043243408203125,22.9027099609375
46.06279468536377,22.843509674072266
46.081873416900635,22.816883087158203
46.1004102230072,22.846996307373047
46.11925745010376,22.952327728271484
46.13836455345154,23.170982360839844
46.15742325782776,22.95751953125
46.17767333984375,22.97641372680664
46.19704079627991,22.947284698486328
46.2177517414093,23.03142547607422
46.23696255683899,23.061138153076172
46.255975008010864,23.008941650390625
46.27483105659485,23.144935607910156
46.294275522232056,23.21457290649414
46.314250469207764,23.263504028320312
46.33393383026123,23.083740234375
46.35321927070618,23.00206756591797
46.37222480773926,23.022720336914062
46.3913848400116,22.93014144897461
46.41089129447937,22.855751037597656
46.43180751800537,22.787456512451172
46.45074415206909,22.72576904296875
46.46961688995361,22.810535430908203
46.48938488960266,22.76122283935547
46.509421825408936,22.690521240234375
46.52819585800171,22.69390869140625
46.54726505279541,22.737865447998047
46.56591010093689,22.72026824951172
46.58419680595398,22.538516998291016
46.6027557849884,22.554969787597656
46.62103223800659,22.490386962890625
46.64008378982544,22.267547607421875
46.658599615097046,22.33660125732422
46.677348613739014,22.42789077758789
46.69656467437744,22.418434143066406
46.715566635131836,22.700843811035156
46.73457908630371,22.736873626708984
46.75348472595215,22.70297622680664
46.772645711898804,22.899383544921875
46.79145860671997,23.005008697509766
46.81037950515747,23.263999938964844
46.829317808151245,23.340145111083984
46.84840655326843,23.327789306640625
46.8679404258728,23.34445571899414
46.887155055999756,23.715614318847656
46.90572142601013,23.592193603515625
46.92467284202576,23.778331756591797
46.94352889060974,23.883575439453125
46.96250867843628,23.989208221435547
46.98125433921814,23.980785369873047
46.99973201751709,23.85120391845703
47.01787519454956,24.155670166015625
47.03639316558838,24.33951187133789
47.055033683776855,24.367664337158203
47.074556827545166,24.234886169433594
47.09340167045593,24.239089965820312
47.11221194267273,24.359333038330078
47.131529569625854,24.385108947753906
47.150753021240234,24.4573974609375
47.170032262802124,24.522838592529297
47.18936467170715,24.394001007080078
47.20851469039917,24.18671417236328
47.227681398391724,24.364078521728516
47.24717116355896,24.326885223388672
47.26677417755127,24.440635681152344
47.285876989364624,24.43764877319336
47.304972410202026,24.508506774902344
47.32414722442627,24.544479370117188
47.343225717544556,24.51587677001953
47.36232304573059,24.350696563720703
47.38138484954834,24.337215423583984
47.400670766830444,24.262481689453125
47.4205424785614,24.114273071289062
47.439778566360474,24.357990264892578
47.459359645843506,24.207813262939453
47.4790256023407,24.324657440185547
47.49855852127075,24.26546859741211
47.517937898635864,24.216590881347656
47.53704476356506,23.97618865966797
47.55631422996521,24.030078887939453
47.57593607902527,24.121780395507812
47.59498929977417,24.221900939941406
47.614046812057495,23.848800659179688
47.63311553001404,24.09835433959961
47.65293288230896,24.22072982788086
47.672322511672974,24.173397064208984
47.69185829162598,24.304054260253906
47.71113562583923,24.564830780029297
47.730907678604126,24.78668975830078
47.75117373466492,24.731807708740234
47.77055239677429,24.539363861083984
47.79030418395996,24.724651336669922
47.81003284454346,25.156517028808594
47.82962489128113,24.99063491821289
47.84970474243164,24.933292388916016
47.86923933029175,24.688217163085938
47.88852643966675,24.658946990966797
47.907755851745605,24.609214782714844
47.92685079574585,24.788127899169922
47.94592881202698,24.972991943359375
47.965532541275024,24.869670867919922
47.98492240905762,24.719619750976562
48.004252433776855,24.858009338378906
48.02347254753113,24.680912017822266
48.04309821128845,24.50012969970703
48.06262254714966,24.629653930664062
48.08234000205994,24.78697967529297
48.10213923454285,25.056602478027344
48.122132539749146,25.053077697753906
48.1418890953064,24.75655746459961
48.161818504333496,24.8372802734375
48.18186020851135,25.137420654296875
48.201642990112305,25.115917205810547
48.22133708000183,24.94870376586914
48.24111819267273,24.97072982788086
48.26072072982788,25.37114715576172
48.280595541000366,25.20456314086914
48.30039691925049,25.147205352783203
48.3199987411499,24.787330627441406
48.33967900276184,25.2808837890625
48.35939812660217,25.081451416015625
48.37932777404785,25.474533081054688
48.399088621139526,25.435794830322266
48.41880178451538,25.693572998046875
48.438294410705566,25.710304260253906
48.458014726638794,26.153690338134766
48.477561473846436,26.04654312133789
48.497509241104126,25.976470947265625
48.51788067817688,26.287071228027344
48.53771758079529,26.183364868164062
48.55750799179077,26.554691314697266
48.57719564437866,26.47083282470703
48.59663271903992,26.604007720947266
48.61642026901245,26.918792724609375
48.63626575469971,27.03455352783203
48.656758546829224,26.85045623779297
48.676578998565674,26.535053253173828
48.69664216041565,26.887271881103516
48.71643018722534,26.990371704101562
48.73634123802185,27.294628143310547
48.75653100013733,27.56704330444336
48.776400566101074,27.470367431640625
48.796358823776245,27.640235900878906
48.8163788318634,27.437374114990234
48.83605766296387,27.539379119873047
48.85631775856018,27.232982635498047
48.87608599662781,27.63470458984375
48.89578080177307,28.045257568359375
48.91571283340454,28.265640258789062
48.93580222129822,28.297714233398438
48.95566415786743,28.13726043701172
48.97556710243225,28.12948226928711
48.99513077735901,28.053813934326172
49.014997482299805,27.86758041381836
49.034725189208984,28.256332397460938
49.05424165725708,28.273128509521484
49.074490785598755,28.325828552246094
49.09413409233093,28.450611114501953
49.11314415931702,28.05209732055664
49.13219952583313,28.325714111328125
49.151665687561035,28.51321792602539
49.17115545272827,28.092914581298828
49.190730810165405,28.268177032470703
49.210437059402466,27.91854476928711
49.23034954071045,27.959503173828125
49.24996018409729,28.091354370117188
49.26971244812012,28.17215347290039
49.28914165496826,28.495651245117188
49.30921792984009,28.757705688476562
49.32923221588135,28.523616790771484
49.3490936756134,28.408397674560547
49.36894655227661,28.336742401123047
49.38877892494202,28.188236236572266
49.40863299369812,28.518901824951172
49.42853546142578,28.538043975830078
49.44860792160034,28.816402435302734
49.46839356422424,29.133861541748047
49.48842239379883,28.934715270996094
49.50818967819214,28.953140258789062
49.52795124053955,28.594646453857422
49.547353744506836,28.28801727294922
49.5671763420105,28.629085540771484
49.58680248260498,28.857467651367188
49.60700035095215,29.164592742919922
49.626811027526855,28.991840362548828
49.646971702575684,28.813133239746094
49.66656827926636,28.538063049316406
49.68641018867493,28.63558578491211
49.706074953079224,28.80608367919922
49.72596073150635,28.698841094970703
49.74582314491272,28.83786392211914
49.76605176925659,29.00171661376953
49.78590941429138,29.00661849975586
49.80587315559387,28.757476806640625
49.82594013214111,28.98410415649414
49.84588956832886,29.028533935546875
49.8657112121582,28.836456298828125
49.885592460632324,28.933673858642578
49.90566563606262,28.90662384033203
49.925315618515015,28.72241973876953
49.945316553115845,29.040851593017578
49.96526908874512,29.0191650390625
49.98520088195801,29.46564483642578
50.00508427619934,29.098861694335938
50.02411103248596,29.203994750976562
50.04394793510437,28.826221466064453
50.063819885253906,28.597171783447266
50.08353853225708,28.83698272705078
50.10334849357605,29.493209838867188
50.122870445251465,29.561676025390625
50.14289212226868,29.468063354492188
50.16306972503662,29.298030853271484
50.18254733085632,29.099151611328125
50.20148158073425,29.042011260986328
50.22098088264465,28.634140014648438
50.24021863937378,29.15291976928711
50.25959396362305,29.363224029541016
50.27938151359558,28.979713439941406
50.299800634384155,29.389293670654297
50.319342374801636,29.215660095214844
50.33908700942993,29.237911224365234
50.358745098114014,29.271560668945312
50.378493309020996,29.358131408691406
50.398051261901855,29.235027313232422
50.41799545288086,29.170818328857422
50.43782901763916,28.809616088867188
50.45795249938965,29.218029022216797
50.4778265953064,29.529083251953125
50.49779987335205,29.393592834472656
50.51776146888733,29.442413330078125
50.537659883499146,29.21469497680664
50.55766558647156,28.995182037353516
50.577783823013306,29.051769256591797
50.59747815132141,29.067367553710938
50.6171350479126,29.21969985961914
50.63664174079895,29.375873565673828
50.6563036441803,29.656620025634766
50.676193952560425,29.492660522460938
50.69620156288147,29.302566528320312
50.71590852737427,29.176837921142578
50.735138177871704,28.836849212646484
50.754568099975586,29.108749389648438
50.77437233924866,29.33346939086914
50.79442524909973,29.51245880126953
50.814595460891724,29.66741943359375
50.834176540374756,29.380218505859375
50.85384774208069,29.246707916259766
50.8734335899353,29.23882293701172
50.8937041759491,29.166820526123047
50.913466930389404,29.084720611572266
50.93356275558472,29.618385314941406
50.953388929367065,29.19100570678711
50.9731822013855,29.144561767578125
50.99303841590881,29.298999786376953
51.01299691200256,29.08687973022461
51.03286075592041,29.155128479003906
51.05293893814087,29.082324981689453
51.07242012023926,29.095767974853516
51.0915310382843,28.879043579101562
51.11166310310364,28.856887817382812
51.131158113479614,29.23379898071289
51.150574684143066,29.674320220947266
51.17053031921387,29.592838287353516
51.19044828414917,29.822628021240234
51.21019101142883,29.58169174194336
51.23000526428223,29.712772369384766
51.24940228462219,29.497081756591797
51.26877546310425,29.187156677246094
51.28832817077637,29.385215759277344
51.30798697471619,29.800811767578125
51.32827877998352,29.68850326538086
51.34806251525879,29.564254760742188
51.36778974533081,29.626731872558594
51.38791632652283,29.65787124633789
51.40748596191406,29.49286651611328
51.42977476119995,29.21139144897461
51.44979906082153,29.345211029052734
51.469281911849976,29.58092498779297
51.48935270309448,29.648902893066406
51.509002923965454,29.580699920654297
51.52926468849182,29.727989196777344
51.549187898635864,29.78418731689453
51.569074630737305,29.62051010131836
51.58888006210327,29.749008178710938
51.609015464782715,29.359935760498047
51.6284613609314,29.443187713623047
51.648468255996704,29.26837158203125
51.668235778808594,29.63988494873047
51.688159227371216,29.344688415527344
51.70811176300049,29.629730224609375
51.72783184051514,29.691341400146484
51.74788546562195,29.42526626586914
51.767539739608765,29.47542953491211
51.787100315093994,29.32989501953125
51.806946992874146,29.182262420654297
51.82694911956787,29.760311126708984
51.846728563308716,29.818683624267578
51.86637878417969,29.88498306274414
51.886075496673584,29.825477600097656
51.90565323829651,29.422679901123047
51.925206899642944,29.251689910888672
51.94508671760559,29.5594482421875
51.96466040611267,29.458782196044922
51.98419761657715,29.669910430908203
52.00410795211792,29.721572875976562
52.02423119544983,29.783355712890625
52.04393434524536,29.803733825683594
52.06360840797424,29.671710968017578
52.0827739238739,29.73068618774414
52.10236096382141,29.651168823242188
52.1222779750824,29.528980255126953
52.14221906661987,29.45302963256836
52.16180729866028,29.473983764648438
52.18171691894531,29.479557037353516
52.20152926445007,29.571308135986328
52.22127413749695,29.632247924804688
52.24117183685303,29.518821716308594
52.26102685928345,29.63296890258789
52.28052830696106,29.33545684814453
52.300488233566284,29.238643646240234
52.31942796707153,29.357437133789062
52.33866477012634,29.177566528320312
52.358168840408325,29.51754379272461
52.37787961959839,29.416275024414062
52.39735746383667,29.648399353027344
52.41747856140137,29.712173461914062
52.436747312545776,29.25763702392578
52.45630884170532,29.49924087524414
52.476247787475586,29.7200927734375
52.49624729156494,29.533885955810547
52.51610803604126,29.879688262939453
52.5360963344574,29.79218292236328
52.55589771270752,29.63162612915039
52.57535195350647,29.424522399902344
52.59488487243652,29.388866424560547
52.61451292037964,29.540313720703125
52.634255170822144,29.762985229492188
52.65418314933777,29.27143096923828
52.67401957511902,29.302818298339844
52.69392228126526,29.43002700805664
52.71358036994934,29.48038101196289
52.73335838317871,29.430034637451172
52.753458976745605,29.42696762084961
52.77299380302429,29.445476531982422
52.792643308639526,29.557998657226562
52.812596797943115,29.499042510986328
52.83267545700073,29.576496124267578
52.852611780166626,29.590930938720703
52.872501850128174,29.563167572021484
52.89258289337158,29.93456268310547
52.91267395019531,30.044387817382812
52.93256664276123,29.91158676147461
52.95208144187927,30.207645416259766
52.972360134124756,29.921302795410156
52.99232292175293,29.736209869384766
53.012460231781006,29.512542724609375
53.0324444770813,29.315311431884766
53.0525906085968,29.713146209716797
53.072789907455444,29.531982421875
53.09293818473816,29.603214263916016
53.112823724746704,29.828304290771484
53.13277268409729,29.582130432128906
53.15279579162598,29.76441192626953
53.17266511917114,29.7174072265625
53.19328045845032,29.629043579101562
53.21336245536804,29.768505096435547
53.233492851257324,29.490463256835938
53.253533601760864,29.726295471191406
53.27342939376831,29.990001678466797
53.29337406158447,29.601764678955078
53.313918113708496,30.098678588867188
53.33383512496948,30.121231079101562
53.35383081436157,29.922832489013672
53.3735408782959,30.1021728515625
53.393723249435425,29.70340347290039
53.41429567337036,29.954505920410156
53.43418049812317,30.16039276123047
53.454201221466064,30.010456085205078
53.474188804626465,30.024703979492188
53.49427127838135,30.230030059814453
53.514235734939575,29.937061309814453
53.53471326828003,29.99136734008789
53.55464959144592,30.021751403808594
53.57471942901611,30.365306854248047
53.59451341629028,30.146621704101562
53.61451745033264,30.112308502197266
53.63424730300903,30.209033966064453
53.654863119125366,29.50960922241211
53.674654722213745,29.631221771240234
53.69455909729004,29.830463409423828
53.71459436416626,29.601593017578125
53.73468375205994,29.874996185302734
53.755197048187256,29.76024627685547
53.77529740333557,30.154109954833984
53.79516887664795,30.27508544921875
53.81516456604004,30.069679260253906
53.835206270217896,30.182262420654297
53.85489368438721,30.278095245361328
53.87479591369629,29.982444763183594
53.8948016166687,30.21438217163086
53.91493248939514,30.279708862304688
53.934749126434326,29.964290618896484
53.95476984977722,30.147754669189453
53.97483539581299,30.146759033203125
53.994728803634644,30.06583023071289
54.014575242996216,30.142589569091797
54.03432059288025,29.70964813232422
54.054487466812134,29.98648452758789
54.074453592300415,29.89044952392578
54.094303607940674,29.6273193359375
54.11428666114807,29.945789337158203
54.134196758270264,29.816287994384766
54.1541211605072,29.899269104003906
54.173694133758545,29.988990783691406
54.193671226501465,30.182048797607422
54.21347188949585,29.93661117553711
54.23342514038086,30.113262176513672
54.25372052192688,30.00385284423828
54.27329754829407,30.001644134521484
54.293318033218384,30.23365020751953
54.31335520744324,30.41446304321289
54.333205223083496,30.236083984375
54.352885246276855,30.03146743774414
54.372990131378174,30.193099975585938
54.392581939697266,30.13701629638672
54.4128303527832,29.879295349121094
54.43279552459717,29.955230712890625
54.452911138534546,29.90204620361328
54.473249673843384,29.847095489501953
54.493338108062744,30.0718994140625
54.513181924819946,29.723358154296875
54.53304862976074,29.88516616821289
54.55294966697693,29.650527954101562
54.573004961013794,29.631011962890625
54.593029499053955,29.892223358154297
54.612788677215576,29.81578826904297
54.632899045944214,30.059303283691406
54.65294027328491,30.46493148803711
54.6728241443634,30.292850494384766
54.69262886047363,30.184650421142578
54.71247935295105,30.296302795410156
54.73237681388855,30.291778564453125
54.75225806236267,30.40671157836914
54.77212333679199,30.2850341796875
54.791443824768066,30.154312133789062
54.81135582923889,30.500221252441406
54.83122372627258,30.285232543945312
54.850932359695435,30.07758331298828
54.87058997154236,29.908023834228516
54.890467405319214,30.226119995117188
54.910412311553955,30.088451385498047
54.930335521698,30.409557342529297
54.95040678977966,30.82329559326172
54.9705286026001,30.388168334960938
54.99009037017822,30.547863006591797
55.01019477844238,30.625324249267578
55.02980089187622,30.46904754638672
55.049505949020386,29.964767456054688
55.06902885437012,30.08517074584961
55.08871030807495,30.07929229736328
55.108471393585205,29.832962036132812
55.12812304496765,29.906044006347656
55.148032426834106,30.252811431884766
55.167537450790405,30.284740447998047
55.18741536140442,30.475391387939453
55.207295417785645,30.18512725830078
55.226848125457764,30.190624237060547
55.246906042099,30.075786590576172
55.26663851737976,30.23134994506836
55.28647017478943,30.276752471923828
55.306458711624146,30.504638671875
55.326467514038086,30.723434448242188
55.34679293632507,30.701637268066406
55.36679530143738,30.601547241210938
55.38657069206238,30.268234252929688
55.40657639503479,30.30974578857422
55.42682385444641,30.57720947265625
55.447429180145264,30.462989807128906
55.467469692230225,30.18178939819336
55.48735857009888,30.222118377685547
55.507057189941406,30.256694793701172
55.5269501209259,29.958934783935547
55.54706883430481,30.152793884277344
55.56662082672119,30.266048431396484
55.586564779281616,30.288265228271484
55.60640478134155,30.39139175415039
55.62661266326904,30.357120513916016
55.64652967453003,30.36713409423828
55.666999101638794,30.25228500366211
55.68678426742554,30.740299224853516
55.706666231155396,30.685588836669922
55.72655439376831,30.64000701904297
55.74655270576477,30.884048461914062
55.76700472831726,30.541996002197266
55.78703570365906,30.458484649658203
55.80683517456055,30.568008422851562
55.82687592506409,30.269821166992188
55.84672737121582,30.502212524414062
55.86643052101135,30.58502197265625
55.886287212371826,30.540931701660156
55.906304597854614,30.424571990966797
55.92615842819214,30.20465087890625
55.94604802131653,30.363346099853516
55.96599364280701,30.224254608154297
55.98610162734985,30.039196014404297
56.00610971450806,30.521339416503906
56.028223276138306,30.416637420654297
56.04854154586792,30.886497497558594
56.068598985672,30.786102294921875
56.08864998817444,30.365005493164062
56.10849094390869,30.81124496459961
56.12844681739807,30.547344207763672
56.14855885505676,30.566272735595703
56.168651819229126,30.643531799316406
56.188645362854004,30.557708740234375
56.20884370803833,30.914100646972656
56.22871136665344,30.59689712524414
56.24814987182617,30.36745834350586
56.26815104484558,30.91106414794922
56.28816556930542,30.837902069091797
56.30804443359375,30.69680404663086
56.32847762107849,30.49456024169922
56.34833765029907,30.2628173828125
56.36794376373291,30.731525421142578
56.38785696029663,30.749969482421875
56.40775966644287,30.675819396972656
56.42824101448059,30.86300277709961
56.44808387756348,30.516773223876953
56.46822547912598,30.320892333984375
56.48818063735962,30.210716247558594
56.50828266143799,29.880664825439453
56.528329610824585,30.7498779296875
56.548253536224365,30.88440704345703
56.5682156085968,30.647037506103516
56.58809185028076,31.204532623291016
56.60823678970337,30.628032684326172
56.62810921669006,30.780487060546875
56.648197650909424,30.59506607055664
56.66816258430481,30.561573028564453
56.68789529800415,30.687164306640625
56.707910776138306,30.889785766601562
56.72792935371399,30.849742889404297
56.748045682907104,30.870079040527344
56.768136739730835,30.641979217529297
56.788167238235474,30.520092010498047
56.807974338531494,30.9056396484375
56.82758927345276,30.73522186279297
56.847214698791504,30.876617431640625
56.86722755432129,30.95840835571289
56.887226819992065,30.80645751953125
56.90702199935913,30.85085678100586
56.92709136009216,30.568809509277344
56.94719958305359,30.84005355834961
56.96702289581299,30.613361358642578
56.98728561401367,30.217819213867188
57.00757598876953,30.44196319580078
57.027788162231445,30.53227996826172
57.04779386520386,30.552894592285156
57.06819725036621,30.962162017822266
57.08811140060425,30.93914794921875
57.10805916786194,31.108570098876953
57.12809085845947,30.784542083740234
57.147934436798096,30.456378936767578
57.167850732803345,30.81890106201172
57.18814706802368,30.58287811279297
57.20807933807373,30.782447814941406
57.22783160209656,31.135684967041016
57.24776530265808,30.88957977294922
57.26762080192566,31.196109771728516
57.28749632835388,30.811817169189453
57.307318449020386,30.761734008789062
57.327131032943726,31.142333984375
57.34724473953247,30.785057067871094
57.36685037612915,30.804790496826172
57.38669753074646,30.913074493408203
57.406742811203,30.834884643554688
57.42627763748169,31.131114959716797
57.446165561676025,31.012516021728516
57.4659743309021,30.84827423095703
57.48552131652832,31.04721450805664
57.505430459976196,31.121570587158203
57.52549171447754,31.12930679321289
57.54519987106323,30.915218353271484
57.565105676651,30.944446563720703
57.58517336845398,31.101959228515625
57.60570788383484,31.310176849365234
57.62571430206299,30.856983184814453
57.64582633972168,30.967918395996094
57.66553497314453,31.180206298828125
57.68546962738037,30.80670166015625
57.7054922580719,31.036476135253906
57.725600242614746,30.718334197998047
57.745545387268066,31.108131408691406
57.76557731628418,31.245685577392578
57.785315990448,30.752033233642578
57.8050491809845,31.172027587890625
57.82501721382141,31.077098846435547
57.845168590545654,30.808216094970703
57.86506700515747,30.809490203857422
57.88460397720337,30.795814514160156
57.904693603515625,31.030807495117188
57.92448401451111,31.247093200683594
57.94414710998535,30.904224395751953
57.964026927948,30.891693115234375
57.98382878303528,30.66292953491211
58.00389838218689,30.684799194335938
58.02413868904114,30.886676788330078
58.04397439956665,30.735610961914062
58.06406307220459,30.932247161865234
58.084115982055664,31.111469268798828
58.104029178619385,31.06351089477539
58.124094009399414,31.664356231689453
58.144158124923706,31.41244125366211
58.16464304924011,31.202167510986328
58.18467354774475,31.308853149414062
58.203837871551514,31.038921356201172
58.22356605529785,31.173229217529297
58.24358415603638,31.313297271728516
58.26400542259216,31.161006927490234
58.28400754928589,31.07022476196289
58.30381369590759,31.270347595214844
58.32398056983948,31.27118682861328
58.34389543533325,31.38823699951172
58.36435651779175,31.093585968017578
58.384300231933594,31.005172729492188
58.40445566177368,31.143207550048828
58.424421310424805,31.304824829101562
58.444278955459595,31.379947662353516
58.46454691886902,31.478248596191406
58.4843807220459,31.36050796508789
58.504369497299194,31.497486114501953
58.52428698539734,31.03594970703125
58.54424691200256,30.852745056152344
58.564324617385864,31.123096466064453
58.58421325683594,31.06644058227539
58.60353970527649,31.494129180908203
58.62355399131775,31.093780517578125
58.64358448982239,31.127037048339844
58.6636700630188,31.16744613647461
58.683434009552,31.165294647216797
58.70310044288635,31.263896942138672
58.723005294799805,31.08142852783203
58.74294376373291,30.96820068359375
58.762856245040894,30.8780517578125
58.78281927108765,31.042781829833984
58.803033113479614,31.24228286743164
58.82295799255371,31.284202575683594
58.84262800216675,31.159164428710938
58.86238408088684,30.928165435791016
58.88247275352478,31.189712524414062
58.90264415740967,31.125797271728516
58.922333002090454,31.19158172607422
58.94223999977112,31.48107147216797
58.961976528167725,31.32067108154297
58.981871604919434,31.38555908203125
59.00228524208069,31.07767105102539
59.02223229408264,31.276744842529297
59.042521953582764,31.491329193115234
59.062532901763916,31.64794158935547
59.08264684677124,31.39602279663086
59.103132247924805,31.44060516357422
59.12267231941223,31.34811019897461
59.142005443573,31.51990509033203
59.16151809692383,31.536300659179688
59.181039810180664,31.5897216796875
59.20105028152466,31.589401245117188
59.221068143844604,31.287662506103516
59.240638256073,31.53406524658203
59.26047468185425,31.150306701660156
59.27998352050781,31.45925521850586
59.29959273338318,31.460201263427734
59.31904315948486,31.658306121826172
59.33871269226074,31.676647186279297
59.35803508758545,31.430084228515625
59.377445697784424,31.740055084228516
59.39712691307068,31.48263931274414
59.417011737823486,31.571186065673828
59.43662881851196,31.30268096923828
59.45661735534668,31.449195861816406
59.47644066810608,31.466999053955078
59.49652981758118,31.501293182373047
59.51606750488281,31.57477569580078
59.53589701652527,31.535720825195312
59.55618858337402,31.67019271850586
59.57584261894226,31.677642822265625
59.59593200683594,31.83791732788086
59.615623474121094,31.363357543945312
59.63546872138977,31.580101013183594
59.65523838996887,31.374847412109375
59.67520523071289,31.226879119873047
59.694896936416626,31.66646957397461
59.71433925628662,31.741111755371094
59.733739137649536,31.637245178222656
59.75355386734009,31.669517517089844
59.77336859703064,31.782833099365234
59.7934467792511,31.71338653564453
59.81334924697876,31.831153869628906
59.83327031135559,31.868370056152344
59.85321116447449,31.81686019897461
59.87337374687195,31.85242462158203
59.893457651138306,31.719512939453125
59.913477659225464,31.78371810913086
59.93339252471924,31.807353973388672
59.95350527763367,31.866317749023438
59.97398328781128,32.137245178222656
59.99364256858826,32.07746505737305
60.01339673995972,32.09479904174805
60.03304195404053,32.10133361816406
60.05316996574402,31.841278076171875
60.072850942611694,32.04441452026367
60.09307837486267,32.05137634277344
60.11306571960449,31.825523376464844
60.1330988407135,32.341796875
60.15282487869263,31.85364532470703
60.17259335517883,32.094627380371094
60.19295024871826,31.826610565185547
60.21257042884827,31.93311309814453
60.23276090621948,32.1042366027832
60.252556800842285,31.992595672607422
60.27261018753052,32.276466369628906
60.29271388053894,32.75571060180664
60.312803506851196,32.34769058227539
60.332478761672974,32.5179328918457
60.3518590927124,32.59465789794922
60.37130069732666,32.31605911254883
60.390650510787964,32.25200271606445
60.41015934944153,31.929412841796875
60.42997694015503,32.11186599731445
60.45007634162903,32.16352844238281
60.46993851661682,32.39115905761719
60.48952627182007,32.40522384643555
60.50941777229309,32.20176696777344
60.52903604507446,32.15841293334961
60.548675537109375,32.291194915771484
60.569096326828,31.9437255859375
60.58902382850647,32.22728729248047
60.608771562576294,32.312862396240234
60.628668546676636,32.19293975830078
60.64865016937256,32.4400749206543
60.669174671173096,32.38249588012695
60.68919658660889,32.30636978149414
60.70892095565796,32.42282485961914
60.72856402397156,32.16013717651367
60.74812984466553,31.812042236328125
60.76806902885437,31.918380737304688
60.78839039802551,32.25005340576172
60.80830430984497,32.087276458740234
60.828155279159546,32.30491638183594
60.84833264350891,32.65073013305664
60.868252754211426,32.206668853759766
60.88840365409851,32.38064956665039
60.90878438949585,32.39606475830078
60.928744316101074,32.13624572753906
60.9489541053772,32.53252029418945
60.96868300437927,32.03191375732422
60.988537073135376,32.451786041259766
61.00890326499939,32.763587951660156
61.028846740722656,32.6987190246582
61.04866337776184,32.808223724365234
61.068418979644775,32.62174987792969
61.08823204040527,32.84792709350586
61.10812759399414,32.78660583496094
61.1275475025177,32.50766372680664
61.147143602371216,32.66946029663086
61.16705393791199,32.554359436035156
61.186524868011475,32.59767532348633
61.20616579055786,32.785804748535156
61.226091384887695,32.572288513183594
61.24653911590576,32.61568069458008
61.266467571258545,32.4689826965332
61.28599786758423,32.58433532714844
61.30575966835022,32.408477783203125
61.325507402420044,32.49981689453125
61.34600830078125,32.72158432006836
61.36609935760498,32.843387603759766
61.38615560531616,32.879302978515625
61.40612816810608,32.79145050048828
61.42610955238342,32.63480758666992
61.44593691825867,32.798133850097656
61.46639537811279,32.5672607421875
61.486363887786865,32.540321350097656
61.506003856658936,32.655799865722656
61.52536058425903,32.891876220703125
61.547452211380005,32.687103271484375
61.56804013252258,32.78782272338867
61.58810615539551,32.66679000854492
61.60786414146423,32.51276397705078
61.62790870666504,32.639625549316406
61.64757966995239,32.66028594970703
61.66817021369934,32.565093994140625
61.687875270843506,32.76532745361328
61.70803260803223,32.97248077392578
61.72816514968872,32.99343490600586
61.748291969299316,32.763893127441406
61.76888394355774,32.868408203125
61.78872990608215,32.87351989746094
61.80880117416382,32.92460250854492
61.82895517349243,32.48192596435547
61.849082469940186,32.767147064208984
61.86946892738342,32.693519592285156
61.889570474624634,32.5765380859375
61.90959715843201,32.76935958862305
61.929683446884155,33.01662063598633
61.9495644569397,32.58529281616211
61.969189167022705,32.678462982177734
61.989105224609375,32.9598274230957
62.009373903274536,32.83766555786133
62.029412508010864,32.99951934814453
62.0489068031311,32.759769439697266
62.068315267562866,33.07374572753906
62.08782148361206,32.715179443359375
62.10759663581848,33.00385284423828
62.12744402885437,32.80293655395508
62.147403955459595,33.06976318359375
62.16742205619812,33.01515579223633
62.187442779541016,32.712890625
62.20753359794617,32.96649932861328
62.2275185585022,33.11054992675781
62.24791097640991,32.96031951904297
62.267762422561646,33.111083984375
62.28774619102478,33.236515045166016
62.30783200263977,32.965755462646484
62.32770872116089,32.64811325073242
62.34722447395325,32.472991943359375
62.36684775352478,32.965904235839844
62.38692307472229,32.749969482421875
62.40675640106201,32.850399017333984
62.426729917526245,33.05802536010742
62.44611740112305,32.92436599731445
62.465702295303345,33.21082305908203
62.48581886291504,33.275238037109375
62.50557780265808,33.0174674987793
62.52560806274414,33.32166290283203
62.54565978050232,32.656124114990234
62.56579279899597,32.38847732543945
62.58590579032898,32.01927947998047
62.60582613945007,31.877437591552734
62.62576246261597,32.219032287597656
62.645888566970825,32.53809356689453
62.66593360900879,31.954288482666016
62.68595576286316,32.0823860168457
62.70585250854492,32.15253448486328
62.72585701942444,31.913299560546875
62.74612045288086,32.13938903808594
62.76622414588928,31.87293243408203
62.785743951797485,32.079532623291016
62.805912017822266,32.15985870361328
62.82559537887573,32.102909088134766
62.845536947250366,32.27678680419922
62.86564493179321,32.81993103027344
62.88565921783447,32.587928771972656
62.906089305877686,32.31669235229492
62.926125288009644,32.589717864990234
62.94597887992859,32.6082649230957
62.966023206710815,32.87471389770508
62.98607516288757,32.52653121948242
63.006205320358276,32.629241943359375
63.02668786048889,32.353172302246094
63.04686427116394,32.20843505859375
63.06704521179199,32.344383239746094
63.08697319030762,32.34243392944336
63.1069815158844,32.15589904785156
63.12753891944885,32.305057525634766
63.14766335487366,32.46135711669922
63.1676607131958,32.299354553222656
63.18778157234192,32.634891510009766
63.2078902721405,32.68087387084961
63.22779965400696,32.83920669555664
63.24781656265259,32.66122055053711
63.268325328826904,32.30476760864258
63.288366079330444,32.10441970825195
63.30822443962097,32.01848602294922
63.32796001434326,32.05612564086914
63.34799814224243,31.95903778076172
63.36846160888672,32.211795806884766
63.38849854469299,32.24211502075195
63.408711671829224,32.30681610107422
63.429126262664795,32.364871978759766
63.44923686981201,32.144527435302734
63.46922779083252,32.161376953125
63.48930788040161,32.082618713378906
63.5093412399292,32.266910552978516
63.5292284488678,32.360313415527344
63.54919099807739,32.146026611328125
63.569164752960205,32.33686447143555
63.58978986740112,32.198486328125
63.610029458999634,31.969894409179688
63.630091190338135,31.946937561035156
63.65029191970825,32.107826232910156
63.67017865180969,32.42173385620117
63.69045162200928,32.43088150024414
63.71064352989197,32.41927719116211
63.73053812980652,32.63573455810547
63.750693559646606,32.447837829589844
63.77109122276306,32.55630874633789
63.7914834022522,32.53440856933594
63.81163263320923,32.51963806152344
63.83207654953003,32.19131851196289
63.85210084915161,32.5460205078125
63.87235927581787,32.458133697509766
63.89260983467102,32.63824462890625
63.91337037086487,32.83927536010742
63.93390130996704,32.39524841308594
63.95387864112854,32.63990783691406
63.97407913208008,32.34373474121094
63.99417853355408,32.52567672729492
64.01401686668396,32.646175384521484
64.03432941436768,32.52284240722656
64.05434656143188,32.605796813964844
64.07450532913208,32.59440231323242
64.09432435035706,32.466270446777344
64.11389541625977,32.361915588378906
64.13329243659973,32.30007553100586
64.15316081047058,32.46238327026367
64.17286515235901,32.082401275634766
64.19292736053467,32.03156661987305
64.21284890174866,32.2254524230957
64.23276829719543,32.41070556640625
64.2526364326477,32.607975006103516
64.27309775352478,32.61159896850586
64.29312086105347,32.64581298828125
64.31321573257446,32.56476974487305
64.332927942276,32.6058464050293
64.35306167602539,32.37890625
64.3738305568695,32.536720275878906
64.3937394618988,32.591041564941406
64.41353821754456,32.69318389892578
64.43352913856506,32.55118179321289
64.45376229286194,32.83959197998047
64.47380018234253,32.45537567138672
64.49389028549194,32.45233154296875
64.51378846168518,32.4375
64.53372716903687,32.345638275146484
64.55340957641602,32.341434478759766
64.57350301742554,32.47241973876953
64.59340858459473,32.5346565246582
64.61328434944153,32.70155715942383
64.63307857513428,32.931175231933594
64.65306377410889,32.8893928527832
64.672847032547,32.96775817871094
64.69265151023865,32.62379837036133
64.71260929107666,32.540565490722656
64.73251962661743,32.8593635559082
64.75240159034729,32.67664337158203
64.77226424217224,32.808414459228516
64.79229235649109,32.97921371459961
64.81260752677917,32.920249938964844
64.83260726928711,33.14265823364258
64.85268926620483,32.87397766113281
64.87253665924072,32.81386184692383
64.89257097244263,32.868900299072266
64.91228413581848,32.90444564819336
64.93151044845581,32.84197998046875
64.95094156265259,33.22835159301758
64.97086501121521,33.313377380371094
64.99101567268372,32.575477600097656
65.01092672348022,32.244014739990234
65.03135538101196,32.5327262878418
65.05175709724426,32.583675384521484
65.07237601280212,32.51535415649414
65.09259557723999,32.603031158447266
65.11238169670105,32.709415435791016
65.13277387619019,32.80805969238281
65.15267610549927,32.599300384521484
65.17307734489441,32.73426818847656
65.19339799880981,32.45759582519531
65.213858127594,32.6552619934082
65.23362922668457,32.777198791503906
65.25388622283936,32.47019577026367
65.27434158325195,32.5998420715332
65.29427766799927,32.83029556274414
65.31458592414856,32.83258819580078
65.33479905128479,32.94615173339844
65.35494589805603,32.75914764404297
65.3754506111145,32.73914337158203
65.39569520950317,33.34172439575195
65.41621327400208,32.708900451660156
65.43635249137878,32.38846206665039
65.4565019607544,32.235538482666016
65.47677326202393,32.435386657714844
65.4968695640564,32.56212615966797
65.51703095436096,32.506874084472656
65.53721833229065,32.554054260253906
65.55726337432861,32.67308807373047
65.57738590240479,32.573055267333984
65.5976390838623,32.89788818359375
65.61836099624634,32.82390594482422
65.6387312412262,32.86259460449219
65.65884804725647,32.885589599609375
65.67899799346924,32.77983093261719
65.69911074638367,32.289920806884766
65.7191960811615,32.328365325927734
65.73967361450195,32.43321990966797
65.75960993766785,32.4034309387207
65.7798023223877,32.075862884521484
65.79997229576111,32.22767639160156
65.82109522819519,32.47317123413086
65.84119987487793,32.51396179199219
65.86129140853882,32.604244232177734
65.88095259666443,32.55108642578125
65.90051412582397,32.521236419677734
65.92005276679993,32.289058685302734
65.93954086303711,32.36048126220703
65.95958733558655,32.44456100463867
65.97963070869446,32.44870376586914
65.99953579902649,32.559410095214844
66.01959466934204,32.37131881713867
66.03995275497437,32.548824310302734
66.06002879142761,32.0603141784668
66.07940173149109,32.143218994140625
66.0985734462738,31.927387237548828
66.11791706085205,32.09474182128906
66.13684010505676,31.495849609375
66.1561188697815,32.01396560668945
66.17631077766418,32.01820755004883
66.19545102119446,31.920425415039062
66.21425819396973,32.33918380737305
66.2330892086029,32.03340148925781
66.2517020702362,31.67444610595703
66.26999306678772,31.830440521240234
66.28861212730408,31.804832458496094
66.30724740028381,31.967548370361328
66.32649755477905,31.89556884765625
66.34519791603088,32.06468963623047
66.36371731758118,31.973533630371094
66.38244771957397,32.064632415771484
66.40051937103271,31.84505844116211
66.41914916038513,31.303600311279297
66.43770384788513,31.462879180908203
66.45629954338074,31.534191131591797
66.47481727600098,31.72332763671875
66.49406456947327,31.753448486328125
66.51309514045715,31.730892181396484
66.53197956085205,32.10918426513672
66.5505747795105,32.06013107299805
66.5694932937622,32.035133361816406
66.58831977844238,32.042762756347656
66.60672497749329,32.15219497680664
66.62571740150452,31.805721282958984
66.644047498703,32.08354187011719
66.66246485710144,31.7823486328125
66.68118810653687,32.09705352783203
66.70010590553284,31.988719940185547
66.71940231323242,31.8619384765625
66.73791694641113,32.110260009765625
66.75626802444458,32.434226989746094
66.77481055259705,32.60292053222656
66.79344701766968,32.44515609741211
66.812002658844,32.816680908203125
66.83138036727905,32.6285285949707
66.85109376907349,32.54988479614258
66.8706169128418,32.66403579711914
66.89032459259033,32.81004333496094
66.90987873077393,33.1649169921875
66.92918610572815,33.258907318115234
66.94854068756104,32.91257095336914
66.96732425689697,32.43864059448242
66.98648643493652,32.564022064208984
67.0053768157959,32.487518310546875
67.02442574501038,32.64387893676758
67.04394674301147,32.758872985839844
67.06260752677917,31.64824676513672
67.08143496513367,31.929080963134766
67.10002040863037,31.735187530517578
67.11865568161011,31.993335723876953
67.137451171875,31.868633270263672
67.15609812736511,31.898147583007812
67.17422699928284,31.31122589111328
67.19232177734375,30.697452545166016
67.21011424064636,30.54343032836914
67.22782444953918,30.652114868164062
67.24549984931946,30.450775146484375
67.26351690292358,30.464500427246094
67.28139448165894,30.606502532958984
67.29940533638,30.55086898803711
67.31738257408142,30.608421325683594
67.33538293838501,30.658592224121094
67.35333728790283,30.80385971069336
67.37111973762512,30.78680419921875
67.38908267021179,30.792282104492188
67.40680360794067,30.65630340576172
67.42451357841492,30.947021484375
67.44239783287048,31.173091888427734
67.46031093597412,31.16675567626953
67.47821831703186,31.17437744140625
67.49620151519775,30.942920684814453
67.51369428634644,30.880367279052734
67.5315043926239,30.960033416748047
67.5497841835022,30.845050811767578
67.5672333240509,30.92693328857422
67.5849859714508,30.962909698486328
67.6030433177948,30.911365509033203
67.62102913856506,31.123394012451172
67.63904595375061,31.253002166748047
67.65719366073608,31.199562072753906
67.67501091957092,31.282562255859375
67.69266533851624,31.324810028076172
67.7102620601654,31.07019805908203
67.72820711135864,31.076763153076172
67.74603462219238,31.03449249267578
67.76404285430908,31.43399429321289
67.78215026855469,31.240413665771484
67.79993677139282,31.261032104492188
67.8176794052124,31.270965576171875
67.83529829978943,31.18581771850586
67.85284352302551,31.065044403076172
67.87043237686157,30.767913818359375
67.88819336891174,30.751426696777344
67.90604066848755,31.032100677490234
67.9238657951355,31.233413696289062
67.94172883033752,31.377086639404297
67.95964050292969,31.33936309814453
67.97752833366394,31.40753936767578
67.99511289596558,31.493255615234375
68.01271748542786,30.796581268310547
68.03030228614807,30.70433807373047
68.04798984527588,31.016510009765625
68.06552386283875,31.14714813232422
68.08321356773376,29.98025131225586
68.10081744194031,30.171794891357422
68.11854410171509,30.192020416259766
68.1360285282135,30.24130630493164
68.15377521514893,30.330982208251953
68.17193031311035,30.39739990234375
68.18927478790283,30.560100555419922
68.206618309021,30.55309295654297
68.22430849075317,30.53997802734375
68.24180769920349,30.741657257080078
68.25823020935059,30.45549774169922
68.27447724342346,30.24217987060547
68.29058814048767,30.37094497680664
68.30652189254761,30.64189910888672
68.32356262207031,30.52032470703125
68.3393862247467,30.509262084960938
68.35502433776855,30.519981384277344
68.37056159973145,30.604164123535156
68.38753294944763,29.844554901123047
68.4039888381958,30.16228485107422
68.42040371894836,30.21269989013672
68.43679857254028,30.061565399169922
68.45425581932068,30.076839447021484
68.47161483764648,30.587844848632812
68.48916506767273,30.3515625
68.50666880607605,30.154720306396484
68.52435421943665,30.209869384765625
68.54244232177734,30.323928833007812
68.56006097793579,30.382366180419922
68.57761693000793,30.594009399414062
68.5956244468689,30.417194366455078
68.61349821090698,30.240467071533203
68.63115930557251,30.380680084228516
68.64874482154846,30.474483489990234
68.66680359840393,30.40970230102539
68.68462753295898,29.760513305664062
68.70212030410767,29.904346466064453
68.71989727020264,29.811424255371094
68.73769998550415,29.56521987915039
68.7555923461914,29.819400787353516
68.77346467971802,29.555416107177734
68.79155921936035,29.901134490966797
68.80862402915955,29.335025787353516
68.82473921775818,29.326969146728516
68.84052085876465,29.401325225830078
68.85559177398682,29.462249755859375
68.87063431739807,29.61812973022461
68.88563895225525,29.58179473876953
68.90063095092773,29.889320373535156
68.91567015647888,29.98712158203125
68.93069076538086,30.143657684326172
68.94572567939758,30.390933990478516
68.9607355594635,30.476463317871094
68.97575664520264,30.49365234375
68.9907648563385,30.698883056640625
69.0057361125946,30.869037628173828
69.02075409889221,31.01517105102539
69.035804271698,30.763160705566406
69.05080056190491,30.993671417236328
69.06578755378723,30.82809829711914
69.08074593544006,30.730518341064453
69.09573268890381,30.380512237548828
69.11079001426697,30.542625427246094
69.12617039680481,30.08193588256836
69.14119482040405,30.245651245117188
69.1561713218689,30.204967498779297
69.17116141319275,30.15285873413086
69.18612766265869,29.774059295654297
69.2010760307312,29.787425994873047
69.21606492996216,29.8062744140625
69.23102355003357,29.658458709716797
69.24600219726562,29.893436431884766
69.26100492477417,29.90618896484375
69.2759621143341,29.73981475830078
69.29099416732788,30.096282958984375
69.30596256256104,30.203750610351562
69.32097816467285,29.997547149658203
69.33593916893005,30.00128173828125
69.35128664970398,30.24814224243164
69.36625790596008,30.313228607177734
69.38126707077026,30.341236114501953
69.39622592926025,30.622821807861328
69.41120743751526,30.479503631591797
69.42626333236694,30.414997100830078
69.44129395484924,30.557106018066406
69.4564414024353,30.444210052490234
69.47142553329468,30.482097625732422
69.48642158508301,30.572608947753906
69.50141930580139,30.121021270751953
69.5163905620575,30.119552612304688
69.531334400177,29.890335083007812
69.54630851745605,30.34494400024414
69.56134009361267,30.036216735839844
69.57632327079773,30.15353012084961
69.59133648872375,30.41185760498047
69.60630536079407,30.23227310180664
69.62127685546875,30.452255249023438
69.63634014129639,29.52672576904297
69.65132761001587,29.489486694335938
69.66631245613098,29.105220794677734
69.6815824508667,28.400802612304688
69.6965959072113,27.914531707763672
69.71158218383789,28.04439926147461
69.72654461860657,28.027103424072266
69.7415223121643,28.31592559814453
69.75650906562805,27.85782241821289
69.77153205871582,27.83419418334961
69.78670930862427,28.113544464111328
69.80169892311096,28.02712631225586
69.81674432754517,28.464645385742188
69.83178400993347,28.392322540283203
69.84680557250977,27.758380889892578
69.86183571815491,27.799633026123047
69.87677645683289,27.87902069091797
69.89198470115662,28.121051788330078
69.90698623657227,27.917449951171875
69.92198944091797,27.97442626953125
69.93702554702759,28.13674545288086
69.95205998420715,27.8421630859375
69.96703839302063,27.919021606445312
69.98207020759583,27.873489379882812
69.9970691204071,27.994766235351562
70.01206254959106,28.057498931884766
70.02705359458923,28.182308197021484
70.04204106330872,28.42095184326172
70.05704593658447,28.343971252441406
70.072016954422,28.50039291381836
70.0869836807251,28.31230926513672
70.10195302963257,28.209850311279297
70.11683297157288,28.36066436767578
70.13176703453064,27.947425842285156
70.14694714546204,27.65549087524414
70.16185569763184,27.810306549072266
70.1767930984497,27.884353637695312
70.1917233467102,27.869915008544922
70.20665693283081,27.709243774414062
70.22164702415466,27.667953491210938
70.23663067817688,27.763931274414062
70.2517671585083,27.76563262939453
70.26669454574585,27.971752166748047
70.28166770935059,28.0355224609375
70.29665303230286,28.006370544433594
70.31162095069885,28.153797149658203
70.32666754722595,28.226367950439453
70.34170150756836,28.227825164794922
70.35685563087463,28.204994201660156
70.3721067905426,28.158523559570312
70.38704633712769,27.954486846923828
70.40202617645264,28.049053192138672
70.41697812080383,27.98548126220703
70.43188285827637,27.864322662353516
70.44689846038818,27.774940490722656
70.461829662323,27.687862396240234
70.47682762145996,27.901702880859375
70.49205207824707,27.59021759033203
70.50706958770752,27.727863311767578
70.52203226089478,28.100738525390625
70.53710579872131,28.095653533935547
70.55206084251404,28.162155151367188
70.56703615188599,28.320388793945312
70.58239960670471,28.444950103759766
70.59740161895752,28.382457733154297
70.61235761642456,28.69625473022461
70.62735533714294,28.606876373291016
70.64234447479248,28.7113037109375
70.65741395950317,28.836769104003906
70.67244958877563,28.899242401123047
70.68747210502625,28.786243438720703
70.70240592956543,28.692020416259766
70.71740055084229,28.717063903808594
70.73242354393005,28.80628204345703
70.7473213672638,28.898101806640625
70.76225090026855,29.022151947021484
70.77719640731812,29.060546875
70.79308080673218,29.02768325805664
70.81112909317017,29.09088897705078
70.82940649986267,29.2960205078125
70.84709119796753,28.718746185302734
70.86450600624084,28.785179138183594
70.88219213485718,28.642059326171875
70.8996262550354,28.67437744140625
70.91678500175476,28.538204193115234
70.93590998649597,28.47150421142578
70.95550870895386,28.394142150878906
70.97427439689636,28.921688079833984
70.99318051338196,28.44451904296875
71.01216554641724,28.548084259033203
71.03083372116089,28.698455810546875
71.04916739463806,29.14385986328125
71.06836533546448,28.34311294555664
71.0870418548584,28.519203186035156
71.10611200332642,27.09872055053711
71.12517881393433,26.348499298095703
71.1437931060791,26.26789093017578
71.16306233406067,26.55478286743164
71.18198418617249,26.64007568359375
71.2012071609497,26.644664764404297
71.22053050994873,25.844127655029297
71.23949933052063,26.084701538085938
71.25782608985901,26.027679443359375
71.27708268165588,26.066162109375
71.29646754264832,26.237995147705078
71.31544280052185,25.70037841796875
71.3342719078064,25.25357437133789
71.35530686378479,25.39157485961914
71.37443280220032,25.488529205322266
71.3932478427887,25.449974060058594
71.41282677650452,25.49742889404297
71.43164658546448,25.69522476196289
71.45061349868774,25.732810974121094
71.46976280212402,25.510345458984375
71.48926115036011,25.536983489990234
71.50800228118896,25.62527084350586
71.52662467956543,25.105308532714844
71.54583692550659,25.226295471191406
71.56591987609863,25.196086883544922
71.58497667312622,25.273941040039062
71.60398459434509,25.52664566040039
71.62318253517151,25.7664794921875
71.64227342605591,25.80520248413086
71.66142630577087,25.67737579345703
71.68161249160767,25.68109893798828
71.69983577728271,25.62601089477539
71.71860122680664,25.708263397216797
71.73730731010437,25.867416381835938
71.75606155395508,25.764568328857422
71.77445125579834,25.856922149658203
71.79359698295593,25.89490509033203
71.81307125091553,25.95468521118164
71.83233952522278,25.837738037109375
71.85101819038391,25.8450927734375
71.87007713317871,25.743518829345703
71.88898968696594,25.946178436279297
71.90937948226929,25.860321044921875
71.92914247512817,25.766521453857422
71.94753098487854,25.799762725830078
71.96609997749329,25.695148468017578
71.98534607887268,25.904632568359375
72.00446200370789,25.952049255371094
72.02334761619568,25.890911102294922
72.04279708862305,25.606277465820312
72.0614001750946,25.594417572021484
72.08041191101074,25.846874237060547
72.09915018081665,25.494598388671875
72.11768698692322,25.624740600585938
72.13666296005249,25.806339263916016
72.15564250946045,25.752643585205078
72.17541289329529,25.72870635986328
72.19515800476074,25.827239990234375
72.21452116966248,25.63416290283203
72.23367166519165,25.979774475097656
72.25292921066284,25.868911743164062
72.27228736877441,26.11893081665039
72.29158234596252,25.791053771972656
72.31034421920776,25.43175506591797
72.32922840118408,25.760177612304688
72.34962296485901,25.573123931884766
72.3692786693573,25.52084732055664
72.38963174819946,25.647666931152344
72.40933752059937,25.568721771240234
72.42813038825989,25.261093139648438
72.4468445777893,25.33761215209961
72.46583843231201,25.58960723876953
72.48540353775024,25.954666137695312
72.50564789772034,25.940494537353516
72.52558040618896,26.04196548461914
72.54507827758789,25.952518463134766
72.564706325531,25.95693588256836
72.58389472961426,26.00849151611328
72.60381412506104,26.216938018798828
72.62326860427856,26.476417541503906
72.64301991462708,26.34661865234375
72.66258597373962,26.31365203857422
72.68230366706848,26.628925323486328
72.70250010490417,26.79395294189453
72.72159075737,26.81338882446289
72.74094676971436,26.867835998535156
72.76041793823242,26.868133544921875
72.77977967262268,27.099834442138672
72.79939079284668,26.838146209716797
72.81805992126465,26.972747802734375
72.8372004032135,26.91393280029297
72.85647749900818,27.11530303955078
72.87553977966309,27.345008850097656
72.89529252052307,27.587478637695312
72.91534090042114,27.247455596923828
72.93445014953613,27.166839599609375
72.9536406993866,27.098812103271484
72.97295546531677,27.161617279052734
72.9925549030304,27.338001251220703
73.01184225082397,27.567981719970703
73.0315854549408,27.603904724121094
73.05141854286194,27.4674072265625
73.07085156440735,27.46123504638672
73.09015965461731,27.261154174804688
73.10981249809265,27.145877838134766
73.12967729568481,27.23598861694336
73.1495885848999,27.468109130859375
73.16955995559692,27.37472915649414
73.18926405906677,27.381404876708984
73.20879650115967,27.46883773803711
73.2291932106018,27.48352813720703
73.24899005889893,27.682640075683594
73.26874160766602,27.36279296875
73.28850984573364,27.678451538085938
73.30828714370728,27.491214752197266
73.3281147480011,27.42116928100586
73.34757900238037,27.468212127685547
73.36717987060547,27.471519470214844
73.38673424720764,27.558319091796875
73.40679001808167,27.737709045410156
73.42647743225098,27.672409057617188
73.44622468948364,27.925613403320312
73.46512389183044,27.7515869140625
73.48431754112244,27.657325744628906
73.50399088859558,27.840953826904297
73.523277759552,27.609840393066406
73.5436954498291,27.965961456298828
73.56364011764526,28.051788330078125
73.5834264755249,27.972412109375
73.60303902626038,27.885013580322266
73.62261819839478,27.870464324951172
73.64329838752747,27.845718383789062
73.6629204750061,28.137428283691406
73.68280410766602,28.271949768066406
73.70210933685303,28.210731506347656
73.72189521789551,28.24606704711914
73.74142074584961,28.122821807861328
73.76092767715454,28.429943084716797
73.78001379966736,27.891185760498047
73.798837184906,26.977951049804688
73.817941904068,27.209999084472656
73.83751130104065,27.083663940429688
73.85717296600342,27.109386444091797
73.87660908699036,27.135662078857422
73.89608502388,27.29559326171875
73.91577076911926,27.499740600585938
73.93555545806885,27.18338394165039
73.9552252292633,26.953346252441406
73.9748604297638,26.803241729736328
73.99400997161865,26.763896942138672
74.0135726928711,26.48175048828125
74.03300046920776,26.828975677490234
74.05251789093018,27.35367202758789
74.07328081130981,27.842811584472656
74.09326457977295,27.512374877929688
74.11292219161987,27.25811767578125
74.13217568397522,27.195270538330078
74.15164279937744,27.34066390991211
74.17082166671753,27.607799530029297
74.1901867389679,27.604400634765625
74.21000051498413,27.99911117553711
74.22958207130432,27.779678344726562
74.24883961677551,28.14867401123047
74.2684416770935,27.93340301513672
74.28920149803162,27.981613159179688
74.30885672569275,27.519886016845703
74.32842993736267,27.62539291381836
74.34780097007751,27.416648864746094
74.3671944141388,27.54619598388672
74.38552761077881,27.502689361572266
74.40550374984741,27.29138946533203
74.42477130889893,27.753211975097656
74.44406247138977,27.899818420410156
74.46400094032288,28.178749084472656
74.48404097557068,28.13626480102539
74.50340223312378,28.234695434570312
74.5231831073761,27.814498901367188
74.54273843765259,28.018795013427734
74.56227445602417,28.03591537475586
74.58202362060547,28.121417999267578
74.60183525085449,28.474872589111328
74.62161588668823,28.36001205444336
74.64120364189148,28.370880126953125
74.66087484359741,28.361251831054688
74.68057250976562,28.429340362548828
74.70062756538391,28.29383087158203
74.72134971618652,28.25979995727539
74.74067616462708,28.006668090820312
74.76007604598999,28.26203155517578
74.77951335906982,28.44857406616211
74.79884004592896,27.84387969970703
74.81834840774536,27.924148559570312
74.83860540390015,27.890625
74.85834455490112,27.911426544189453
74.87824606895447,27.67009735107422
74.89740061759949,27.862106323242188
74.91700387001038,28.067142486572266
74.93725752830505,28.426467895507812
74.95668172836304,28.633804321289062
74.97643399238586,28.463211059570312
74.99624681472778,28.350383758544922
75.01541256904602,27.974422454833984
75.03552913665771,28.01611328125
75.0549168586731,28.03824234008789
75.07440066337585,28.270896911621094
75.09390783309937,28.435932159423828
75.11327862739563,28.77248764038086
75.13281917572021,28.625587463378906
75.15211200714111,28.289043426513672
75.17139029502869,27.80695343017578
75.19034075737,27.80953598022461
75.20959448814392,27.869598388671875
75.22950410842896,27.656932830810547
75.24890804290771,27.594406127929688
75.26895833015442,27.91271209716797
75.28892946243286,27.875919342041016
75.30848860740662,28.349178314208984
75.32749509811401,28.73285675048828
75.34706950187683,27.78929901123047
75.36638355255127,28.223716735839844
75.38609433174133,28.042098999023438
75.40587735176086,27.99700164794922
75.42518949508667,27.68560791015625
75.4445149898529,27.476974487304688
75.46415972709656,27.84305191040039
75.48364424705505,28.157764434814453
75.50316286087036,27.984149932861328
75.52222061157227,27.89603042602539
75.54076147079468,27.915210723876953
75.56065392494202,27.937580108642578
75.58030271530151,27.610671997070312
75.59991645812988,27.27945327758789
75.61941432952881,27.763423919677734
75.63910269737244,27.79242706298828
75.65866827964783,27.97979736328125
75.67786121368408,28.108688354492188
75.69771027565002,28.02773666381836
75.71708798408508,28.029178619384766
75.73622488975525,28.275272369384766
75.75545310974121,28.489913940429688
75.77528047561646,28.54159927368164
75.79544973373413,28.732254028320312
75.81429266929626,28.583450317382812
75.833731174469,28.158870697021484
75.85322499275208,28.17288589477539
75.8728199005127,28.031875610351562
75.89202499389648,27.871639251708984
75.91139268875122,27.793659210205078
75.93042826652527,28.036930084228516
75.94937753677368,28.224735260009766
75.96888732910156,28.538719177246094
75.98812246322632,28.835651397705078
76.0076813697815,29.187938690185547
76.02747821807861,29.047813415527344
76.04690670967102,28.274280548095703
76.06595015525818,28.461883544921875
76.08577275276184,28.017898559570312
76.10517573356628,28.199535369873047
76.12401676177979,28.269817352294922
76.14310336112976,28.585651397705078
76.16235852241516,28.692302703857422
76.18153619766235,28.72650909423828
76.20077562332153,28.732864379882812
76.22034645080566,28.969722747802734
76.23948049545288,28.77164077758789
76.25881361961365,28.67888641357422
76.27850103378296,28.712100982666016
76.29815578460693,28.906837463378906
76.31701421737671,28.793529510498047
76.33669352531433,28.829933166503906
76.35605454444885,28.965808868408203
76.37553477287292,29.041229248046875
76.39492964744568,28.815940856933594
76.41434478759766,28.65594482421875
76.43359160423279,28.356380462646484
76.45327353477478,28.257240295410156
76.47199773788452,28.326000213623047
76.49086356163025,28.920299530029297
76.50968670845032,28.99633026123047
76.52900242805481,29.202152252197266
76.54874396324158,29.122970581054688
76.56830930709839,28.50149154663086
76.58729910850525,28.702877044677734
76.60638380050659,28.73027801513672
76.62570714950562,28.710121154785156
76.64484214782715,28.93807601928711
76.66379475593567,29.307693481445312
76.68367004394531,29.237133026123047
76.70318722724915,29.326820373535156
76.7223744392395,29.237693786621094
76.74147439002991,29.069034576416016
76.76095008850098,29.167129516601562
76.7805712223053,28.844200134277344
76.80017304420471,29.055686950683594
76.8197569847107,29.369224548339844
76.83891105651855,29.03594970703125
76.85822653770447,29.48023223876953
76.87769794464111,29.80813980102539
76.89733338356018,29.568313598632812
76.9164707660675,29.364295959472656
76.93615245819092,29.519405364990234
76.95536398887634,29.319026947021484
76.97417974472046,29.35323715209961
76.99314713478088,29.316082000732422
77.01246190071106,29.335975646972656
77.03172254562378,29.26166534423828
77.05115938186646,29.504573822021484
77.07031917572021,29.945144653320312
77.08958387374878,29.467693328857422
77.10867524147034,29.10003662109375
77.12814450263977,28.804813385009766
77.14979720115662,29.081890106201172
77.16974472999573,29.434917449951172
77.18958520889282,29.818042755126953
77.20920610427856,29.871562957763672
77.2283251285553,29.886123657226562
77.24764227867126,29.74959945678711
77.26700282096863,29.211780548095703
77.28668999671936,29.263561248779297
77.30617427825928,29.116668701171875
77.32563471794128,29.302448272705078
77.34536838531494,29.582042694091797
77.36436176300049,29.671802520751953
77.38339757919312,29.722549438476562
77.4028651714325,29.819175720214844
77.42225646972656,29.429332733154297
77.44183850288391,29.721233367919922
77.46153140068054,29.59485626220703
77.48113560676575,29.31977081298828
77.50028085708618,29.459041595458984
77.51963376998901,29.798843383789062
77.53910613059998,29.791179656982422
77.55899858474731,30.051715850830078
77.57863020896912,30.183807373046875
77.59784698486328,29.347312927246094
77.61696076393127,29.62542724609375
77.63627791404724,29.3944091796875
77.65591502189636,29.28376007080078
77.67515754699707,29.269573211669922
77.69433665275574,29.413021087646484
77.71384882926941,29.66295623779297
77.73323369026184,29.665210723876953
77.75217247009277,29.70687484741211
77.77145504951477,29.62822723388672
77.79037404060364,29.41726303100586
77.80958890914917,29.507213592529297
77.8290913105011,29.382675170898438
77.8485050201416,29.584720611572266
77.8671932220459,29.643253326416016
77.88632702827454,29.8076171875
77.90558457374573,29.803668975830078
77.92521452903748,30.229793548583984
77.94425439834595,29.736572265625
77.96347451210022,29.599056243896484
77.98301100730896,29.648399353027344
78.00254011154175,29.382179260253906
78.02141857147217,29.59654998779297
78.04088544845581,29.913249969482422
78.06034350395203,29.75259780883789
78.07965588569641,29.6318359375
78.09884595870972,30.13718032836914
78.11838722229004,29.585506439208984
78.1374773979187,29.406185150146484
78.15635514259338,29.516998291015625
78.17548251152039,29.240821838378906
78.19526267051697,29.891986846923828
78.2148175239563,30.131366729736328
78.23445105552673,30.1832275390625
78.253737449646,29.955978393554688
78.27291297912598,29.921688079833984
78.29149889945984,29.758392333984375
78.31044459342957,29.688182830810547
78.32950282096863,29.774375915527344
78.34880900382996,29.767696380615234
78.36851501464844,30.10641860961914
78.38795232772827,29.689395904541016
78.4077959060669,29.697715759277344
78.42717027664185,29.916183471679688
78.44643902778625,29.966415405273438
78.46541929244995,29.815093994140625
78.48486828804016,29.602214813232422
78.50418615341187,29.639114379882812
78.52383065223694,29.79883575439453
78.54328656196594,29.82033920288086
78.56276965141296,30.11688232421875
78.58230376243591,30.41008758544922
78.60212588310242,30.711139678955078
78.62185049057007,30.920127868652344
78.64146113395691,29.860111236572266
78.66095972061157,29.973068237304688
78.68017244338989,30.343360900878906
78.6999077796936,30.14120864868164
78.71936964988708,30.291046142578125
78.7388505935669,30.782054901123047
78.75850653648376,30.754619598388672
78.77809238433838,30.82889175415039
78.79781484603882,30.858165740966797
78.81727910041809,30.134960174560547
78.8367178440094,30.31528091430664
78.85627317428589,30.275352478027344
78.87553143501282,30.097305297851562
78.8949761390686,30.171859741210938
78.91372680664062,30.216815948486328
78.93252086639404,30.67108154296875
78.95150852203369,30.869895935058594
78.97066497802734,30.05990219116211
78.99018692970276,28.48076629638672
79.00977420806885,28.55047607421875
79.0293140411377,28.169536590576172
79.04895544052124,28.38534164428711
79.06857061386108,28.820316314697266
79.08803105354309,28.822052001953125
79.10742974281311,28.871963500976562
79.12663578987122,29.311206817626953
79.14586567878723,29.223281860351562
79.16501188278198,28.792892456054688
79.184250831604,28.435997009277344
79.20332622528076,28.379798889160156
79.2225170135498,28.79207992553711
79.24213147163391,28.84377670288086
79.26190900802612,29.330486297607422
79.28130292892456,29.41228485107422
79.30070686340332,29.23895263671875
79.3199954032898,29.33896255493164
79.33914351463318,28.757640838623047
79.35833549499512,29.04330825805664
79.37787175178528,29.2310791015625
79.39730525016785,29.13553237915039
79.41677355766296,29.332080841064453
79.43614053726196,29.376861572265625
79.455735206604,29.39382553100586
79.47485089302063,29.64865493774414
79.49470233917236,29.089080810546875
79.51406455039978,29.017868041992188
79.5336971282959,29.091644287109375
79.55312132835388,28.435909271240234
79.57260537147522,28.637264251708984
79.59240579605103,28.791358947753906
79.61207437515259,29.10736846923828
79.63124108314514,29.07412338256836
79.6504819393158,29.100852966308594
79.66955471038818,28.825424194335938
79.68928647041321,28.951274871826172
79.70859098434448,28.97244644165039
79.72779655456543,28.800262451171875
79.7468409538269,29.016677856445312
79.76611161231995,29.301685333251953
79.78580403327942,29.294322967529297
79.80550456047058,29.685405731201172
79.82508516311646,29.536685943603516
79.84456944465637,28.905746459960938
79.86408710479736,28.922210693359375
79.88361191749573,28.806400299072266
79.90312242507935,29.103221893310547
79.92313146591187,29.170345306396484
79.94284772872925,29.47060775756836
79.96270871162415,29.711551666259766
79.9822998046875,29.53125762939453
80.00148439407349,29.65188217163086
80.02088689804077,29.15753936767578
80.04089403152466,28.920154571533203
80.06030535697937,29.25823974609375
80.07947540283203,29.144939422607422
80.09862613677979,29.451313018798828
80.11811923980713,29.558849334716797
80.1373770236969,29.396175384521484
80.15674948692322,29.356548309326172
80.1761622428894,29.346038818359375
80.19584012031555,28.999797821044922
80.21476101875305,28.883575439453125
80.23405170440674,28.951961517333984
80.25345492362976,29.15106964111328
80.27313899993896,28.058597564697266
80.2927885055542,28.50809097290039
80.31239724159241,28.853195190429688
80.33167934417725,28.888423919677734
80.35127758979797,28.89124298095703
80.37084937095642,28.431957244873047
80.39014625549316,28.578571319580078
80.40971064567566,28.096939086914062
80.42924475669861,27.842727661132812
80.44898128509521,27.960983276367188
80.46820950508118,28.304431915283203
80.48776578903198,28.544666290283203
80.50739431381226,28.241313934326172
80.52657771110535,28.3092041015625
80.54611992835999,27.890148162841797
80.56539916992188,27.70319366455078
80.58487868309021,28.03603744506836
80.60415577888489,28.26336669921875
80.62318658828735,28.555957794189453
80.64283108711243,28.134258270263672
80.66250848770142,28.432022094726562
80.68178224563599,28.515518188476562
80.70165729522705,28.173934936523438
80.72122597694397,28.260482788085938
80.74058246612549,28.28461456298828
80.75988483428955,27.812728881835938
80.77945566177368,28.035900115966797
80.79887008666992,28.408687591552734
80.81842136383057,28.307064056396484
80.8376088142395,28.667556762695312
80.8570396900177,28.62540054321289
80.8765389919281,28.6351318359375
80.89635229110718,28.47603988647461
80.91554832458496,28.346820831298828
80.93504214286804,28.05175018310547
80.95440793037415,28.41448974609375
80.9734947681427,28.49340057373047
80.99287939071655,28.83184051513672
81.01246047019958,29.00815200805664
81.03209900856018,28.64120101928711
81.05128812789917,28.411819458007812
81.07065725326538,28.32461929321289
81.09009718894958,28.305530548095703
81.10902786254883,26.599868774414062
81.12800908088684,26.585086822509766
81.14694333076477,26.746814727783203
81.16601634025574,27.059459686279297
81.18555355072021,27.277549743652344
81.20481157302856,26.92544937133789
81.2241063117981,26.326751708984375
81.24370193481445,26.47811508178711
81.26302695274353,26.209747314453125
81.28213143348694,26.61589813232422
81.30172324180603,26.576011657714844
81.32127213478088,26.575603485107422
81.34092712402344,26.471237182617188
81.36026573181152,26.75316619873047
81.37991619110107,26.696773529052734
81.39964652061462,26.51634979248047
81.41894865036011,26.801353454589844
81.43829727172852,26.763748168945312
81.45743417739868,26.868274688720703
81.47656154632568,26.973255157470703
81.49594354629517,27.03347396850586
81.51550483703613,26.833866119384766
81.53510522842407,26.79473876953125
81.55422735214233,26.684009552001953
81.5735228061676,26.65810775756836
81.59277868270874,26.568058013916016
81.61224246025085,26.643802642822266
81.63154244422913,26.787254333496094
81.65121650695801,26.77005386352539
81.67048048973083,26.859359741210938
81.6891667842865,26.951473236083984
81.70830035209656,26.682025909423828
81.72778129577637,26.624767303466797
81.74683880805969,26.503238677978516
81.76562023162842,26.549022674560547
81.78459310531616,26.618785858154297
81.8037281036377,26.899059295654297
81.8232569694519,26.984798431396484
81.84263777732849,26.72150421142578
81.86186289787292,27.012439727783203
81.88108325004578,26.625465393066406
81.90055322647095,26.698665618896484
81.91989922523499,26.570636749267578
81.93934106826782,26.75545883178711
81.95894312858582,26.71977996826172
81.97837400436401,26.75457763671875
81.99736762046814,26.771331787109375
82.0160562992096,26.992610931396484
82.03487491607666,27.023773193359375
82.0541558265686,27.129871368408203
82.07353067398071,26.711933135986328
82.09211039543152,26.862457275390625
82.11153388023376,26.801673889160156
82.13089871406555,26.560863494873047
82.15012741088867,26.49029541015625
82.16916418075562,26.705806732177734
82.18849730491638,26.97088623046875
82.20767092704773,27.188201904296875
82.22675251960754,26.856266021728516
82.24621081352234,26.977806091308594
82.26610159873962,26.522808074951172
82.28493332862854,26.557628631591797
82.30416989326477,26.723331451416016
82.32344698905945,26.916290283203125
82.3424961566925,27.153270721435547
82.36204171180725,26.912166595458984
82.38139915466309,26.914939880371094
82.40083479881287,26.784130096435547
82.41989493370056,26.83553695678711
82.4399733543396,26.53936767578125
82.45950222015381,26.814361572265625
82.47926187515259,26.785282135009766
82.49840784072876,26.792118072509766
82.51786208152771,26.976573944091797
82.53710627555847,26.968395233154297
82.55647683143616,26.964706420898438
82.57586216926575,27.266674041748047
82.59499835968018,26.763656616210938
82.61431217193604,27.194477081298828
82.63358807563782,26.80158233642578
82.65272927284241,26.622577667236328
82.67186212539673,26.935562133789062
82.691077709198,27.100261688232422
82.71029710769653,27.10879135131836
82.72995233535767,26.97168731689453
82.74957466125488,26.74692153930664
82.76865482330322,26.812408447265625
82.78809118270874,26.361553192138672
82.8074882030487,26.584999084472656
82.82649517059326,27.009742736816406
82.8458936214447,27.18193817138672
82.86543941497803,27.082603454589844
82.88470911979675,27.199687957763672
82.90386748313904,26.79955291748047
82.92294096946716,26.75640869140625
82.94213581085205,26.8184814453125
82.96161127090454,26.64031219482422
82.98093175888062,27.032466888427734
83.00049662590027,26.8074951171875
83.01985883712769,26.91881561279297
83.03929495811462,26.84322738647461
83.05908036231995,27.041545867919922
83.07821130752563,26.780235290527344
83.09770917892456,27.04558563232422
83.11686897277832,26.850826263427734
83.13650488853455,26.867347717285156
83.15597414970398,27.00084686279297
83.17513728141785,27.062885284423828
83.19493699073792,26.870891571044922
83.21411347389221,26.867298126220703
83.23372340202332,26.643199920654297
83.25330567359924,26.758220672607422
83.2725076675415,26.81340789794922
83.29208612442017,27.0657958984375
83.31153512001038,26.791316986083984
83.33101272583008,27.0135498046875
83.35047793388367,27.114891052246094
83.36979007720947,26.866100311279297
83.38915824890137,26.803455352783203
83.40853309631348,26.93801498413086
83.42800855636597,26.951507568359375
83.44712615013123,27.053104400634766
83.46644854545593,27.203060150146484
83.48539018630981,27.106502532958984
83.50505685806274,26.836841583251953
83.52474617958069,27.177215576171875
83.54383111000061,27.071460723876953
83.56341552734375,26.980213165283203
83.58286929130554,26.962875366210938
83.60186100006104,26.71308135986328
83.62071204185486,26.994403839111328
83.63984155654907,26.984302520751953
83.6592607498169,26.85883331298828
83.67872452735901,26.88214111328125
83.69833397865295,26.522743225097656
83.71687889099121,26.715274810791016
83.73572540283203,26.634490966796875
83.75465393066406,26.688674926757812
83.77387356758118,26.941078186035156
83.79314041137695,26.553958892822266
83.81272602081299,26.58853530883789
83.83211374282837,26.650402069091797
83.85147190093994,26.520713806152344
83.87087845802307,26.738059997558594
83.89010500907898,26.63697052001953
83.9091968536377,26.470375061035156
83.92820310592651,26.69086456298828
83.94762659072876,27.01336669921875
83.96680092811584,27.124954223632812
83.98615002632141,27.11829376220703
84.00498986244202,27.157062530517578
84.02401399612427,26.704044342041016
84.04342794418335,26.668128967285156
84.06242203712463,26.533096313476562
84.08169436454773,26.69957733154297
84.10124230384827,26.92691421508789
84.12082386016846,26.794586181640625
84.14046287536621,26.864585876464844
84.15977549552917,26.74897003173828
84.17927980422974,26.907299041748047
84.19913101196289,27.163841247558594
84.21841549873352,26.834922790527344
84.23804426193237,26.976646423339844
84.25692868232727,27.24188995361328
84.27592611312866,26.944671630859375
84.2951111793518,27.32335662841797
84.313884973526,27.28635025024414
84.33306050300598,27.438941955566406
84.3522744178772,27.546306610107422
84.37169408798218,27.411800384521484
84.39085388183594,27.309436798095703
84.41000413894653,27.116107940673828
84.42916631698608,27.104877471923828
84.44814825057983,27.12856674194336
84.46747493743896,27.30569839477539
84.4865210056305,27.438072204589844
84.50598168373108,27.575176239013672
84.52567410469055,27.18305206298828
84.54529666900635,27.30377960205078
84.5648238658905,27.76171875
84.58434271812439,27.63260269165039
84.60347890853882,27.682682037353516
84.62257552146912,27.306427001953125
84.6420247554779,27.75318145751953
84.66159844398499,27.772754669189453
84.68106269836426,27.868263244628906
84.70011305809021,27.54723358154297
84.71886205673218,27.72780990600586
84.73785996437073,27.442302703857422
84.75711703300476,26.82329559326172
84.77635788917542,27.012046813964844
84.7959213256836,26.993457794189453
84.81517124176025,26.97888946533203
84.8347532749176,26.869361877441406
84.85410809516907,27.222084045410156
84.87333917617798,27.297080993652344
84.89278197288513,27.46863555908203
84.91185569763184,27.21380615234375
84.93113660812378,27.411418914794922
84.95068192481995,27.00899887084961
84.97047710418701,26.939395904541016
84.98934078216553,26.914901733398438
85.00795006752014,27.01565933227539
85.02725052833557,27.343017578125
85.04630899429321,27.642940521240234
85.06574296951294,27.61872100830078
85.08546805381775,27.762237548828125
85.1047523021698,27.554603576660156
85.12426209449768,27.220897674560547
85.14391040802002,27.672870635986328
85.16345810890198,27.53284454345703
85.18350291252136,27.93415069580078
85.20317935943604,27.64226531982422
85.22242617607117,27.982749938964844
85.24180698394775,27.632770538330078
85.26109766960144,27.280845642089844
85.28025078773499,26.992847442626953
85.29917168617249,26.99565887451172
85.31835722923279,27.438255310058594
85.33725357055664,27.291584014892578
85.35647511482239,27.18701934814453
85.37532353401184,27.451492309570312
85.39412355422974,27.477333068847656
85.41324353218079,27.10467529296875
85.43277502059937,27.556781768798828
85.4527223110199,27.65094757080078
85.47228407859802,27.49150848388672
85.49213528633118,27.120574951171875
85.51156520843506,27.106285095214844
85.53100752830505,27.255264282226562
85.55025792121887,27.204120635986328
85.56938052177429,27.284988403320312
85.58828330039978,27.12042999267578
85.60717606544495,27.40613555908203
85.62616014480591,27.192276000976562
85.6455819606781,26.706111907958984
85.66511249542236,27.105426788330078
85.68454003334045,26.260635375976562
85.70426344871521,26.639877319335938
85.72337913513184,27.160587310791016
85.74114847183228,26.698341369628906
85.76074385643005,26.564037322998047
85.77967166900635,26.40294647216797
85.79929256439209,26.22940444946289
85.81830763816833,26.07094955444336
85.83589100837708,26.345279693603516
85.85302066802979,26.84265899658203
85.87150955200195,27.02054214477539
85.88955473899841,26.950847625732422
85.90854239463806,26.898067474365234
85.92607402801514,26.6661376953125
85.94437956809998,26.658916473388672
85.9630446434021,26.472126007080078
85.98157215118408,26.311927795410156
86.00010943412781,26.575817108154297
86.01818990707397,26.621234893798828
86.0378770828247,27.02712631225586
86.05652904510498,26.639114379882812
86.07499408721924,26.839603424072266
86.09397459030151,26.53858184814453
86.11213397979736,26.202796936035156
86.13189315795898,26.857982635498047
86.15081763267517,26.71029281616211
86.17027044296265,26.770553588867188
86.18882155418396,26.379146575927734
86.20664954185486,26.645660400390625
86.22506260871887,26.740318298339844
86.24394798278809,26.893779754638672
86.26337742805481,26.640705108642578
86.28386116027832,26.587467193603516
86.30479335784912,26.675540924072266
86.32450079917908,26.304779052734375
86.34332919120789,26.180267333984375
86.362783908844,26.695110321044922
86.38460040092468,26.76769256591797
86.40422034263611,27.105072021484375
86.42362761497498,26.86060333251953
86.44305086135864,26.58255386352539
86.46314597129822,26.471328735351562
86.48289895057678,26.6214599609375
86.5032753944397,26.79346466064453
86.52274012565613,27.208171844482422
86.5403516292572,26.82878875732422
86.55932664871216,26.99151611328125
86.57857465744019,27.217483520507812
86.59626865386963,27.469860076904297
86.61523795127869,27.327789306640625
86.63321471214294,27.190879821777344
86.65049123764038,26.97622299194336
86.66805481910706,27.1072998046875
86.68664121627808,27.19330596923828
86.704261302948,27.10607147216797
86.72488164901733,27.009815216064453
86.74440169334412,26.965473175048828
86.76365447044373,27.62700653076172
86.78224158287048,27.455135345458984
86.80024266242981,27.62969207763672
86.81816148757935,27.39218521118164
86.83839511871338,26.87413787841797
86.85837125778198,26.798011779785156
86.87792587280273,27.21609115600586
86.89631700515747,27.128257751464844
86.92243504524231,27.19660186767578
86.94233798980713,26.601001739501953
86.96174812316895,26.64228057861328
86.98136782646179,26.77532958984375
87.00111865997314,26.762630462646484
87.01982855796814,26.876998901367188
87.0403082370758,27.10799789428711
87.0596809387207,27.161907196044922
87.07984805107117,26.90673828125
87.09904861450195,26.883071899414062
87.11864066123962,27.01608657836914
87.13760757446289,27.022563934326172
87.15744686126709,27.096004486083984
87.17843103408813,27.181568145751953
87.1987247467041,27.357891082763672
87.21804428100586,27.21776580810547
87.2360680103302,27.10108184814453
87.25459790229797,27.001686096191406
87.27354741096497,26.94894790649414
87.29290342330933,27.284290313720703
87.3096935749054,27.366817474365234
87.32789611816406,27.112842559814453
87.34601616859436,27.141403198242188
87.36415386199951,27.223499298095703
87.38262438774109,27.25320816040039
87.40295124053955,27.529129028320312
87.42352390289307,27.56454849243164
87.44074201583862,26.74102783203125
87.45911860466003,26.95770263671875
87.47749185562134,26.904953002929688
87.49607133865356,26.815078735351562
87.51659846305847,27.06613540649414
87.53742480278015,27.474773406982422
87.55731868743896,27.443164825439453
87.57610535621643,27.565155029296875
87.59578824043274,27.663063049316406
87.61481952667236,27.187881469726562
87.63342905044556,26.584827423095703
87.65171957015991,26.66046905517578
87.66986274719238,26.692832946777344
87.68938565254211,26.705257415771484
87.71005749702454,26.736434936523438
87.73059010505676,26.59469985961914
87.7506697177887,26.228759765625
87.77133464813232,26.46792984008789
87.79320645332336,26.596534729003906
87.81498074531555,26.691783905029297
87.83676195144653,26.846298217773438
87.85719537734985,26.89855194091797
87.87711358070374,26.771690368652344
87.8975441455841,26.579261779785156
87.91736388206482,26.802005767822266
87.93883562088013,26.900550842285156
87.95907020568848,27.09868621826172
87.97832489013672,27.251129150390625
87.99789762496948,26.409664154052734
88.01513123512268,26.1162109375
88.03222250938416,26.22644805908203
88.04877090454102,26.221221923828125
88.06640911102295,26.396739959716797
88.08379888534546,26.518375396728516
88.10104966163635,26.458023071289062
88.11769962310791,26.404590606689453
88.13426089286804,26.652294158935547
88.15106749534607,26.78354263305664
88.16772365570068,26.687942504882812
88.18464684486389,26.563583374023438
88.20105123519897,26.474502563476562
88.21813201904297,26.239582061767578
88.23523926734924,26.653545379638672
88.25210571289062,26.700782775878906
88.26857352256775,26.943836212158203
88.28530859947205,26.67617416381836
88.30235505104065,26.334583282470703
88.31951475143433,26.423011779785156
88.33691740036011,26.44354248046875
88.35405969619751,26.775352478027344
88.3708918094635,26.8367919921875
88.38853812217712,26.966896057128906
88.40569424629211,26.817760467529297
88.42294359207153,26.694759368896484
88.44046115875244,26.727184295654297
88.45659327507019,26.244949340820312
88.47188091278076,25.807010650634766
88.48679542541504,26.205825805664062
88.50165677070618,26.118534088134766
88.51652193069458,26.331707000732422
88.53139638900757,26.462745666503906
88.54628658294678,26.32491683959961
88.56116199493408,26.388500213623047
88.57606363296509,26.102012634277344
88.59091329574585,26.42839813232422
88.6057698726654,26.380569458007812
88.62062549591064,26.526119232177734
88.63552260398865,26.492656707763672
88.65040135383606,26.49573516845703
88.66527581214905,26.649784088134766
88.68013262748718,26.001270294189453
88.69521474838257,25.670536041259766
88.71222519874573,25.43921661376953
88.729989528656,25.834903717041016
88.74926424026489,25.739334106445312
88.76779556274414,26.107227325439453
88.78657913208008,26.225223541259766
88.80611538887024,25.47977066040039
88.82577228546143,25.20361328125
88.84535074234009,25.421329498291016
88.86500453948975,25.457454681396484
88.88411283493042,25.433555603027344
88.90334033966064,25.50399398803711
88.92286777496338,25.50516128540039
88.94256806373596,25.354164123535156
88.96091032028198,25.41156768798828
88.9802553653717,25.16484832763672
88.99919700622559,25.283992767333984
89.0187737941742,25.38336181640625
89.0377585887909,25.34210205078125
89.05757164955139,25.614116668701172
89.0771427154541,25.361698150634766
89.09635281562805,25.436721801757812
89.11620855331421,25.096393585205078
89.13523006439209,25.300609588623047
89.15488886833191,25.696239471435547
89.17359352111816,25.911956787109375
89.19264435768127,25.513172149658203
89.21231341362,25.528675079345703
89.2323808670044,25.659679412841797
89.25242280960083,25.55649185180664
89.27215814590454,25.415542602539062
89.29092407226562,25.720760345458984
89.30990743637085,25.91009521484375
89.32916355133057,25.77914047241211
89.3489408493042,25.560333251953125
89.36875987052917,25.58175277709961
89.38881969451904,25.57375717163086
89.40955018997192,25.52447509765625
89.42976760864258,25.89816665649414
89.45021343231201,25.75859832763672
89.47104144096375,25.729042053222656
89.49151706695557,25.94449234008789
89.51191997528076,25.96822738647461
89.53231573104858,26.085491180419922
89.55250692367554,26.17279052734375
89.57326006889343,26.094642639160156
89.59322547912598,26.27462387084961
89.61271595954895,26.217815399169922
89.6324667930603,26.25595474243164
89.65184688568115,26.182903289794922
89.67238426208496,26.41307830810547
89.69275498390198,26.517234802246094
89.71362447738647,26.451446533203125
89.73399949073792,26.471973419189453
89.75288534164429,25.559593200683594
89.77224445343018,25.526565551757812
89.79182004928589,25.57217788696289
89.811607837677,25.919391632080078
89.83177351951599,25.928321838378906
89.85011458396912,26.01357650756836
89.86931991577148,25.829513549804688
89.88848400115967,25.947254180908203
89.90678477287292,26.022300720214844
89.92632102966309,26.331050872802734
89.94485712051392,26.46536636352539
89.96362352371216,26.411121368408203
89.98176050186157,26.148765563964844
89.99960064888,25.918941497802734
90.01751208305359,24.965442657470703
90.0354552268982,24.91265106201172
90.05382180213928,24.955440521240234
90.07185530662537,24.762420654296875
90.09010577201843,25.070964813232422
90.10764765739441,25.05364990234375
90.12518548965454,25.204639434814453
90.14275431632996,25.016883850097656
90.16139554977417,25.017372131347656
90.17966723442078,25.036067962646484
90.19664120674133,24.909194946289062
90.21451449394226,25.020145416259766
90.23215651512146,25.04901885986328
90.25007128715515,25.28069305419922
90.26815986633301,25.111873626708984
90.28587651252747,25.31615447998047
90.30273008346558,25.35980987548828
90.32001423835754,25.547039031982422
90.33680415153503,25.349212646484375
90.35432434082031,24.67780303955078
90.37143993377686,24.615615844726562
90.38873267173767,24.533756256103516
90.40598011016846,24.011882781982422
90.42297148704529,24.17270278930664
90.43985247612,24.24108123779297
90.45680260658264,24.02410125732422
90.47336435317993,24.02419662475586
90.49022507667542,23.97087860107422
90.5066397190094,24.172645568847656
90.52324724197388,24.092121124267578
90.54025864601135,23.868236541748047
90.55730533599854,24.037670135498047
90.5739734172821,23.870445251464844
90.59005808830261,24.111915588378906
90.60733222961426,24.15201187133789
90.6247808933258,24.319992065429688
90.64198541641235,24.112197875976562
90.65996098518372,24.47182846069336
90.67692828178406,24.355209350585938
90.69409155845642,24.39466094970703
90.71120715141296,24.424259185791016
90.72835063934326,24.15668487548828
90.74546933174133,24.123783111572266
90.762855052948,23.970561981201172
90.77997875213623,24.296283721923828
90.79732871055603,24.316150665283203
90.8146870136261,24.414268493652344
90.8318338394165,24.51870346069336
90.84928321838379,24.515148162841797
90.86612725257874,24.439197540283203
90.88320350646973,24.125526428222656
90.9007215499878,24.10340118408203
90.91856932640076,24.039257049560547
90.93567728996277,24.099082946777344
90.9524655342102,24.119060516357422
90.97018265724182,24.51801300048828
90.98766112327576,24.634464263916016
91.00434136390686,24.618778228759766
91.02154111862183,24.44149398803711
91.03900074958801,24.588085174560547
91.05626583099365,24.708003997802734
91.07407593727112,24.606658935546875
91.09123063087463,24.80694580078125
91.10826539993286,24.995960235595703
91.1251151561737,25.055057525634766
91.14258408546448,24.83047866821289
91.16010022163391,24.5294189453125
91.17755937576294,24.830902099609375
91.1948983669281,24.97608184814453
91.21194982528687,24.98757553100586
91.22921943664551,24.97351837158203
91.2472734451294,24.622631072998047
91.26455020904541,24.628376007080078
91.28115248680115,24.690895080566406
91.29858088493347,24.736003875732422
91.3161346912384,24.532299041748047
91.33407497406006,23.96656036376953
91.35143756866455,24.082103729248047
91.36841440200806,23.981948852539062
91.38536214828491,24.091777801513672
91.40163469314575,24.239540100097656
91.41830348968506,23.658172607421875
91.4350278377533,23.63949203491211
91.45229887962341,23.834068298339844
91.46891355514526,23.985370635986328
91.48598194122314,24.04037094116211
91.50259184837341,23.940105438232422
91.51892161369324,24.201763153076172
91.53447890281677,23.937358856201172
91.54966187477112,23.30942153930664
91.56483316421509,23.33636474609375
91.57994222640991,23.452838897705078
91.59489345550537,23.52060317993164
91.60987401008606,23.517051696777344
91.62485933303833,23.377655029296875
91.63977575302124,23.297645568847656
91.65658020973206,23.22345733642578
91.67361283302307,23.050060272216797
91.68946409225464,22.642745971679688
91.70681262016296,22.554759979248047
91.72338438034058,22.677383422851562
91.7403974533081,22.97967529296875
91.75730228424072,23.120983123779297
91.77401375770569,23.134246826171875
91.79136323928833,23.134254455566406
91.80894017219543,23.44790267944336
91.82645392417908,22.581104278564453
91.84334135055542,22.260391235351562
91.86058831214905,22.56426239013672
91.87682795524597,21.702144622802734
91.8939483165741,21.806385040283203
91.91078305244446,21.99346160888672
91.92791080474854,22.215835571289062
91.94419288635254,22.268795013427734
91.96123099327087,22.55683135986328
91.97788166999817,22.540016174316406
91.99557876586914,22.573638916015625
92.01268720626831,22.56081771850586
92.02972936630249,22.73630142211914
92.04638051986694,22.522865295410156
92.06170654296875,22.056915283203125
92.0766236782074,22.124652862548828
92.09148240089417,22.181026458740234
92.10632538795471,22.17609405517578
92.12113428115845,21.62420654296875
92.1359281539917,21.779586791992188
92.1507339477539,21.675270080566406
92.16554546356201,21.682716369628906
92.18036794662476,21.04653549194336
92.19522070884705,20.939495086669922
92.2100076675415,21.034828186035156
92.22478318214417,21.07503890991211
92.23963522911072,21.277793884277344
92.25450325012207,21.05084228515625
92.26930832862854,20.976051330566406
92.28411507606506,21.248336791992188
92.29894828796387,21.220184326171875
92.31371736526489,21.188060760498047
92.32852363586426,21.30472183227539
92.3433747291565,21.23941421508789
92.35832452774048,21.32656478881836
92.37317848205566,21.332195281982422
92.38797926902771,21.51715850830078
92.40275168418884,21.62946319580078
92.4176139831543,21.86368179321289
92.43245100975037,21.01922607421875
92.44727110862732,21.230796813964844
92.46210885047913,20.47376251220703
92.47690105438232,20.493309020996094
92.49170637130737,20.62574005126953
92.50651025772095,20.80221176147461
92.52127885818481,20.280330657958984
92.53607153892517,20.495895385742188
92.55087685585022,20.415138244628906
92.5658187866211,20.505706787109375
92.58068203926086,20.398242950439453
92.59547400474548,19.564083099365234
92.6102614402771,19.463165283203125
92.62508583068848,19.601848602294922
92.63988709449768,19.16034698486328
92.65464735031128,19.21996307373047
92.66948986053467,18.96035385131836
92.68464469909668,18.13397216796875
92.69949793815613,18.155277252197266
92.71429514884949,18.249248504638672
92.72913479804993,17.72308349609375
92.74391460418701,17.283870697021484
92.75870490074158,16.993099212646484
92.77349615097046,17.111827850341797
92.78854751586914,17.01757049560547
92.80333232879639,17.058246612548828
92.81809997558594,16.99500274658203
92.83291530609131,16.94613265991211
92.84770178794861,17.069171905517578
92.86246466636658,17.133060455322266
92.8772656917572,17.113677978515625
92.8929295539856,17.043296813964844
92.90816164016724,17.148334503173828
92.92342901229858,17.063129425048828
92.9386236667633,17.02112579345703
92.9538049697876,17.065601348876953
92.9690432548523,17.189064025878906
92.9842483997345,17.201419830322266
92.999440908432,17.36750030517578
93.01460075378418,17.398441314697266
93.02981972694397,17.641826629638672
93.04503297805786,17.53176498413086
93.06024217605591,17.738628387451172
93.07547569274902,17.738872528076172
93.09068250656128,17.74356460571289
93.10611724853516,15.916984558105469
93.12129974365234,15.919868469238281
93.13648653030396,15.959224700927734
93.1517105102539,15.94268798828125
93.16812539100647,15.905170440673828
93.18484210968018,15.866004943847656
93.20106816291809,15.94384765625
93.21750068664551,15.911628723144531
93.23373341560364,15.909770965576172
93.24978160858154,15.915203094482422
93.26571917533875,15.92794418334961
93.28156185150146,16.132247924804688
93.29736113548279,16.003067016601562
93.31304550170898,16.194812774658203
93.3287045955658,16.14696502685547
93.3443067073822,16.225574493408203
93.3597936630249,16.089134216308594
93.37523436546326,15.617210388183594
93.39092779159546,15.71902847290039
93.40625309944153,15.663875579833984
93.42148756980896,15.651363372802734
93.43666100502014,15.704093933105469
93.4517605304718,14.990673065185547
93.46685314178467,14.978446960449219
93.4818549156189,15.047889709472656
93.49679684638977,15.065174102783203
93.51169300079346,15.09912109375
93.52652025222778,15.035964965820312
93.54130911827087,15.043956756591797
93.55611395835876,15.068260192871094
93.57089829444885,15.137344360351562
93.58569192886353,15.193740844726562
93.60075092315674,15.248958587646484
93.61550974845886,15.094913482666016
93.63031601905823,14.487255096435547
93.64509844779968,14.381294250488281
93.65985536575317,14.440189361572266
93.67464208602905,14.570823669433594
93.68946409225464,14.520751953125
93.70422649383545,14.422962188720703
93.71904945373535,14.439132690429688
93.73385858535767,14.453296661376953
93.74865961074829,14.521045684814453
93.76345491409302,14.559154510498047
93.77821707725525,14.504138946533203
93.79299569129944,14.465694427490234
93.80797863006592,14.494667053222656
93.8228919506073,14.397541046142578
93.83812665939331,14.38217544555664
93.85292887687683,14.38973617553711
93.86768555641174,14.464462280273438
93.88251972198486,14.505844116210938
93.8973274230957,14.502189636230469
93.91210341453552,14.530376434326172
93.92688632011414,14.535270690917969
93.94169068336487,14.570854187011719
93.95645356178284,14.600154876708984
93.97123622894287,14.66558837890625
93.98601770401001,14.628501892089844
94.00077867507935,14.596664428710938
94.01557087898254,14.665885925292969
94.03039360046387,14.77838134765625
94.04556035995483,14.836727142333984
94.06035923957825,14.864913940429688
94.07515215873718,14.886116027832031
94.0899875164032,15.014423370361328
94.10475945472717,14.889522552490234
94.1195969581604,14.844280242919922
94.1344063282013,14.883075714111328
94.14941883087158,14.875293731689453
94.16420865058899,14.977542877197266
94.17900466918945,15.064399719238281
94.19376397132874,14.853382110595703
94.20860147476196,14.86227035522461
94.22342419624329,14.778362274169922
94.23824787139893,14.777515411376953
94.25303959846497,14.755176544189453
94.267826795578,14.677749633789062
94.28264307975769,14.73898696899414
94.29742908477783,14.868267059326172
94.31223678588867,14.780033111572266
94.32704448699951,14.803474426269531
94.34182381629944,14.79733657836914
94.35666942596436,14.566154479980469
94.37150764465332,14.211544036865234
94.38629937171936,14.270057678222656
94.40111231803894,14.28152847290039
94.41586184501648,14.410537719726562
94.43066549301147,14.264938354492188
94.4454619884491,14.137641906738281
94.46024227142334,14.18716812133789
94.47502517700195,14.277854919433594
94.48979806900024,14.367443084716797
94.50459003448486,14.442054748535156
94.51937985420227,14.35772705078125
94.53417992591858,14.420700073242188
94.5489490032196,13.772502899169922
94.56369161605835,13.883018493652344
94.57847261428833,13.942008972167969
94.59325170516968,13.924854278564453
94.60804724693298,12.887077331542969
94.62320375442505,12.589046478271484
94.63801407814026,12.589046478271484
94.65283823013306,12.589046478271484
94.66763615608215,12.589046478271484
94.68244791030884,12.589046478271484
94.69722485542297,12.58929443359375
94.71200466156006,12.58929443359375
94.72684264183044,12.58929443359375
94.74173474311829,12.58929443359375
94.7566065788269,12.58929443359375
94.7714250087738,12.58929443359375
94.78624939918518,12.589492797851562
94.80105948448181,12.589492797851562
94.81585907936096,12.589492797851562
94.83066654205322,12.589492797851562
94.84547853469849,12.589492797851562
94.8603081703186,12.589492797851562
94.87513613700867,12.589492797851562
94.88996052742004,12.589492797851562
94.90477705001831,12.589492797851562
94.91959619522095,12.477916717529297
94.93449378013611,12.477916717529297
94.94932293891907,12.477916717529297
94.96418356895447,12.477916717529297
94.97902750968933,12.477916717529297
94.99381518363953,12.477916717529297
95.00862622261047,12.477916717529297
95.02434539794922,12.477916717529297
95.03927659988403,12.477916717529297
95.05415296554565,12.477916717529297
95.06894731521606,12.477916717529297
95.0837037563324,12.477916717529297
95.09850430488586,12.477916717529297
95.11327290534973,12.477916717529297
95.12807393074036,12.477916717529297
95.1428713798523,12.477916717529297
95.15780687332153,12.477916717529297
95.17264461517334,12.477916717529297
95.18746209144592,12.477916717529297
95.20235538482666,12.477916717529297
95.21723222732544,12.477916717529297
95.23206520080566,12.477916717529297
95.24687719345093,12.477916717529297
95.26174092292786,12.477916717529297
95.27662110328674,12.477916717529297
95.29141330718994,12.477916717529297
95.306223154068,12.477916717529297
95.32102227210999,12.477916717529297
95.33579611778259,12.477916717529297
95.35060954093933,12.477916717529297
95.3654613494873,12.477916717529297
95.38029265403748,12.477916717529297
95.3951780796051,12.366374969482422
95.40997385978699,12.366374969482422
95.42477583885193,12.366374969482422
95.43958497047424,12.366374969482422
95.45444893836975,12.366374969482422
95.46929478645325,12.254951477050781
95.48417925834656,12.254692077636719
95.49899053573608,12.254692077636719
95.51378417015076,12.254692077636719
95.5286033153534,12.254692077636719
95.54353761672974,12.254692077636719
95.55839085578918,12.254692077636719
95.573251247406,12.142929077148438
95.58810353279114,12.142929077148438
95.60288143157959,12.142929077148438
95.61767721176147,12.142929077148438
95.63246297836304,12.142929077148438
95.64723801612854,12.142929077148438
95.662034034729,12.142929077148438
95.67686986923218,12.142929077148438
95.69166874885559,12.142929077148438
95.7064561843872,12.142929077148438
95.72124433517456,12.142929077148438
95.73602294921875,12.142929077148438
95.75081014633179,12.142929077148438
95.76571011543274,12.031166076660156
95.78049421310425,12.031166076660156
95.79527020454407,12.031166076660156
95.81004810333252,12.031166076660156
95.82482481002808,12.031375885009766
95.83961081504822,12.031375885009766
95.8544054031372,12.031375885009766
95.86922693252563,12.031375885009766
95.88406467437744,12.031375885009766
95.89883613586426,12.031375885009766
95.91360378265381,12.031375885009766
95.92837738990784,12.031375885009766
95.94325733184814,12.031375885009766
95.95811915397644,11.919612884521484
95.97288990020752,11.919612884521484
95.98766708374023,11.919612884521484
96.00246953964233,11.919612884521484
96.01730227470398,11.919612884521484
96.03212308883667,11.919612884521484
96.04688954353333,11.919612884521484
96.06168842315674,11.919612884521484
96.07655739784241,11.919612884521484
96.09133887290955,11.808048248291016
96.10615301132202,11.808048248291016
96.12093019485474,11.808048248291016
96.13570284843445,11.73379898071289
96.15052199363708,11.696285247802734
96.16524934768677,11.696285247802734
96.17997860908508,11.696285247802734
96.19473552703857,11.584522247314453
96.20952558517456,11.584522247314453
96.22426152229309,11.584522247314453
96.23898649215698,11.584522247314453
96.25372242927551,11.584522247314453
96.26856541633606,11.472770690917969
96.28337693214417,11.472770690917969
96.29815483093262,11.472770690917969
96.31291270256042,11.472770690917969
96.32769513130188,11.473003387451172
96.34248280525208,11.473247528076172
96.3572587966919,11.473247528076172
96.3720440864563,11.473247528076172
96.38687992095947,11.426910400390625
96.40212082862854,11.361503601074219
96.41732287406921,11.361503601074219
96.43256306648254,11.361503601074219
96.44777822494507,11.361503601074219
96.46294975280762,11.361503601074219
96.47806882858276,11.361503601074219
96.49342012405396,11.361503601074219
96.50864291191101,11.361503601074219
96.52385783195496,11.361503601074219
96.53913402557373,11.24981689453125
96.55440616607666,11.24981689453125
96.5696976184845,11.138053894042969
96.58503603935242,11.138053894042969
96.60025453567505,11.138053894042969
96.61553454399109,11.026302337646484
96.63069605827332,11.026302337646484
96.6459105014801,11.026302337646484
96.66116738319397,11.026302337646484
96.67644500732422,10.914543151855469
96.69166898727417,10.914543151855469
96.70694184303284,10.914543151855469
96.72218155860901,10.914543151855469
96.7374222278595,10.802997589111328
96.75266766548157,10.802997589111328
96.76788401603699,10.802997589111328
96.78316712379456,10.691280364990234
96.798419713974,10.691280364990234
96.81369876861572,10.691280364990234
96.82890820503235,10.691280364990234
96.84420585632324,10.691280364990234
96.8594286441803,10.691280364990234
96.87468409538269,10.691280364990234
96.88993763923645,10.691280364990234
96.90517544746399,10.691280364990234
96.92038488388062,10.691280364990234
96.93561911582947,10.691280364990234
96.95081853866577,10.691280364990234
96.96611952781677,10.691280364990234
96.98131036758423,10.691280364990234
96.9964964389801,10.691280364990234
97.01166582107544,10.691280364990234
97.02689623832703,10.691280364990234
97.04209041595459,10.691280364990234
97.05727291107178,10.691486358642578
97.07249307632446,10.615882873535156
97.08773422241211,10.57977294921875
97.10302519798279,10.57977294921875
97.11827230453491,10.57977294921875
97.13352394104004,10.57977294921875
97.14877676963806,10.57977294921875
97.16406655311584,10.468009948730469
97.17930388450623,10.468009948730469
97.19450116157532,10.468009948730469
97.20967674255371,10.468009948730469
97.22485089302063,10.468009948730469
97.24007821083069,10.468009948730469
97.25529766082764,10.35650634765625
97.27053928375244,10.356246948242188
97.28574514389038,10.356246948242188
97.30094718933105,10.356269836425781
97.31612944602966,10.356269836425781
97.33134436607361,10.356269836425781
97.34659624099731,10.133003234863281
97.36183977127075,10.132743835449219
97.37701916694641,10.132747650146484
97.39228343963623,10.132747650146484
97.40769004821777,10.132991790771484
97.42300844192505,10.132991790771484
97.43818616867065,10.132991790771484
97.4533805847168,10.132991790771484
97.46858954429626,10.13299560546875
97.48380994796753,10.132999420166016
97.49904561042786,10.132999420166016
97.51431083679199,10.132999420166016
97.52952122688293,10.132999420166016
97.54477882385254,10.132999420166016
97.5601167678833,10.133007049560547
97.5753743648529,10.133007049560547
97.59060049057007,10.133007049560547
97.60580205917358,10.133007049560547
97.62108755111694,10.133010864257812
97.63635587692261,10.133010864257812
97.65181255340576,10.133014678955078
97.66711211204529,10.133014678955078
97.68234205245972,10.021514892578125
97.69768619537354,10.021255493164062
97.71289992332458,10.021255493164062
97.72818994522095,10.021259307861328
97.74344325065613,10.021259307861328
97.75869083404541,9.982715606689453
97.77407813072205,9.798030853271484
97.78932499885559,9.797771453857422
97.80448889732361,9.797771453857422
97.81965041160583,9.797775268554688
97.83482360839844,9.797779083251953
97.84999895095825,9.797779083251953
97.86515307426453,9.797779083251953
97.88048458099365,9.797779083251953
97.89568901062012,9.797779083251953
97.91086888313293,9.797779083251953
97.92609667778015,9.797779083251953
97.9412899017334,9.797786712646484
97.95649719238281,9.797786712646484
97.97168588638306,9.79779052734375
97.98694348335266,9.79779052734375
98.00214767456055,9.79779052734375
98.01731944084167,9.79779052734375
98.03249192237854,9.797794342041016
98.04765558242798,9.797794342041016
98.06284308433533,9.75729751586914
98.07807064056396,9.58108901977539
98.09328818321228,9.574275970458984
98.10844922065735,9.574275970458984
98.12360620498657,9.574275970458984
98.13876366615295,9.574275970458984
98.15392875671387,9.574275970458984
98.16907238960266,9.57427978515625
98.18423199653625,9.57427978515625
98.19939851760864,9.574283599853516
98.21455192565918,9.574283599853516
98.22969818115234,9.574287414550781
98.2448513507843,9.574287414550781
98.26004028320312,9.574291229248047
98.2752001285553,9.574295043945312
98.29036378860474,9.574295043945312
98.30556535720825,9.574295043945312
98.32074761390686,9.574295043945312
98.33590912818909,9.500045776367188
98.35117936134338,9.462532043457031
98.36634826660156,9.462535858154297
98.38152575492859,9.388286590576172
98.39672994613647,9.35079574584961
98.41184902191162,9.35079574584961
98.42701816558838,9.35079574584961
98.44218254089355,9.35079574584961
98.45735287666321,9.35079574584961
98.4725136756897,9.35079574584961
98.48767709732056,9.35079574584961
98.50285124778748,9.35079574584961
98.5180344581604,9.35079574584961
98.53318762779236,9.35079574584961
98.54835033416748,9.35079574584961
98.56351685523987,9.35079574584961
98.57866764068604,9.35079574584961
98.59384322166443,9.35079574584961
98.60913944244385,9.127273559570312
98.62428879737854,9.127273559570312
98.63942551612854,9.127273559570312
98.65457153320312,9.127273559570312
98.6697199344635,9.127273559570312
98.68491864204407,9.127273559570312
98.70010352134705,9.127281188964844
98.71528601646423,9.127281188964844
98.73043537139893,9.127281188964844
98.7456111907959,9.127281188964844
98.76079607009888,9.127281188964844
98.77598285675049,9.127281188964844
98.79112768173218,9.127281188964844
98.80628991127014,9.127281188964844
98.82145619392395,9.127281188964844
98.83662462234497,9.127281188964844
98.851815700531,9.127281188964844
98.86700057983398,9.127281188964844
98.882155418396,9.127281188964844
98.89732670783997,9.127281188964844
98.91247844696045,9.127281188964844
98.92764115333557,9.127281188964844
98.94279623031616,9.127281188964844
98.95795106887817,9.127281188964844
98.97312188148499,9.127281188964844
98.988285779953,9.127281188964844
99.00344181060791,9.127281188964844
99.01862812042236,9.127281188964844
99.03377437591553,9.127281188964844
99.04891228675842,9.127281188964844
99.0640640258789,9.127281188964844
99.07923150062561,9.127281188964844
99.09442472457886,9.127281188964844
99.1095826625824,9.127281188964844
99.12473392486572,9.127281188964844
99.13986921310425,9.127281188964844
99.15502905845642,9.127281188964844
99.17017936706543,9.127281188964844
99.18535208702087,9.127281188964844
99.20050597190857,9.127281188964844
99.21566700935364,9.127281188964844
99.23081588745117,9.127281188964844
99.24598431587219,9.127281188964844
99.26118731498718,9.127281188964844
99.27638411521912,9.127281188964844
99.29157876968384,9.127281188964844
99.30682182312012,9.127281188964844
99.3219895362854,9.127281188964844
99.33713674545288,9.127281188964844
99.35234665870667,9.01552963256836
99.3675582408905,9.01552963256836
99.38272905349731,9.01552963256836
99.3978853225708,9.01552963256836
99.41304683685303,9.01552963256836
99.42819046974182,9.01552963256836
99.44340062141418,9.01552963256836
99.45854616165161,9.01552963256836
99.47371196746826,9.01552963256836
99.48887491226196,9.01552963256836
99.5040533542633,9.01552963256836
99.51921105384827,9.01552963256836
99.53437900543213,9.01552963256836
99.5495855808258,9.01552963256836
99.56476283073425,9.01552963256836
99.57992935180664,9.01552963256836
99.59510087966919,9.01552963256836
99.61026430130005,9.01552963256836
99.62542581558228,9.01552963256836
99.64057970046997,9.01552963256836
99.65574502944946,9.01552963256836
99.6708972454071,9.01552963256836
99.6860740184784,9.01552963256836
99.70122742652893,9.01552963256836
99.71638536453247,9.01552963256836
99.73154258728027,9.01552963256836
99.74671840667725,9.01552963256836
99.7618637084961,9.01552963256836
99.77705502510071,9.01552963256836
99.79220008850098,9.01552963256836
99.80734467506409,9.01552963256836
99.82249736785889,9.01552963256836
99.83766841888428,9.01552963256836
99.85281324386597,9.01552963256836
99.8679883480072,9.01552963256836
99.88312125205994,9.01552963256836
99.89825367927551,9.01552963256836
99.91340112686157,9.01552963256836
99.92855930328369,9.01552963256836
99.94368934631348,9.01552963256836
99.95882177352905,9.01552963256836
99.97401666641235,9.01552963256836
99.98917078971863,9.01552963256836
100.00431513786316,9.01552963256836
100.01946878433228,9.01552963256836
100.03464794158936,9.01552963256836
100.0498206615448,9.01552963256836
100.06499457359314,9.01552963256836
100.08015823364258,9.01552963256836
100.09531545639038,8.941280364990234
100.11070966720581,8.50128173828125
100.12595653533936,0.17980194091796875
100.14127779006958,0.17980194091796875
100.15627002716064,0.17980194091796875
100.16704988479614,0.17786026000976562
100.1777892112732,0.17786026000976562
100.1885347366333,0.17786026000976562
100.19926619529724,0.17786026000976562
100.20999908447266,0.17787551879882812
100.22071385383606,0.17787551879882812
100.23144388198853,0.17787551879882812
100.24218201637268,0.17787551879882812
100.25290894508362,0.17787551879882812
100.26363563537598,0.17787551879882812
100.27438116073608,0.17787551879882812
100.28511929512024,0.17787551879882812
100.29583144187927,0.17787551879882812
100.30656862258911,0.17792510986328125
100.31729483604431,0.17792510986328125
100.32802677154541,0.17792510986328125
100.33875012397766,0.17792510986328125
100.34947490692139,0.17792510986328125
100.36021542549133,0.17792510986328125
100.37093806266785,0.17792510986328125
100.38165235519409,0.17792510986328125
100.39237999916077,0.17792510986328125
100.40310668945312,0.17792510986328125
100.41383123397827,0.17792510986328125
100.42457175254822,0.17793655395507812
100.43530368804932,0.17793655395507812
100.44603180885315,0.17793655395507812
100.4567461013794,0.17793655395507812
100.46747612953186,0.17793655395507812
100.47821688652039,0.17612838745117188
100.48892712593079,0.0
100.49962592124939,0.0
100.51034188270569,0.0
100.52105617523193,0.0
100.53178644180298,0.0
