t_sec,rss_gib
0.005796194076538086,0.004673004150390625
0.01679825782775879,0.008373260498046875
0.027560949325561523,0.009746551513671875
0.03830862045288086,0.010501861572265625
0.04905343055725098,0.010501861572265625
0.059775590896606445,0.010501861572265625
0.07050371170043945,0.010501861572265625
0.08123588562011719,0.010501861572265625
0.0919656753540039,0.010501861572265625
0.10269045829772949,0.010501861572265625
0.11341476440429688,0.010501861572265625
0.12413430213928223,0.010501861572265625
0.1348562240600586,0.010501861572265625
0.14556074142456055,0.010501861572265625
0.15629029273986816,0.010501861572265625
0.16701722145080566,0.010753631591796875
0.17772221565246582,0.010753631591796875
0.18843960762023926,0.010753631591796875
0.19917893409729004,0.010753631591796875
0.20989584922790527,0.010753631591796875
0.2205970287322998,0.010753631591796875
0.23132848739624023,0.010753631591796875
0.24206018447875977,0.010753631591796875
0.2527651786804199,0.010753631591796875
0.2634732723236084,0.010753631591796875
0.2741975784301758,0.010753631591796875
0.28492164611816406,0.010753631591796875
0.295637845993042,0.010753631591796875
0.30635643005371094,0.010753631591796875
0.3170766830444336,0.010753631591796875
0.32778382301330566,0.010753631591796875
0.3384876251220703,0.010753631591796875
0.34920835494995117,0.010753631591796875
0.35994625091552734,0.010753631591796875
0.3706483840942383,0.010753631591796875
0.38138246536254883,0.010753631591796875
0.39209890365600586,0.010753631591796875
0.4028036594390869,0.010753631591796875
0.4135267734527588,0.010997772216796875
0.42428135871887207,0.010997772216796875
0.435011625289917,0.010997772216796875
0.4457242488861084,0.010997772216796875
0.4564518928527832,0.010997772216796875
0.46717286109924316,0.0142822265625
0.47789788246154785,0.01830291748046875
0.48860979080200195,0.019191741943359375
0.49932050704956055,0.019527435302734375
0.5100383758544922,0.019527435302734375
0.520758867263794,0.019527435302734375
0.5314829349517822,0.019527435302734375
0.5422070026397705,0.019527435302734375
0.5529422760009766,0.019527435302734375
0.5636613368988037,0.019527435302734375
0.5743873119354248,0.019527435302734375
0.5851221084594727,0.019527435302734375
0.5958497524261475,0.019527435302734375
0.6065969467163086,0.019527435302734375
0.6173183917999268,0.019527435302734375
0.6280379295349121,0.019527435302734375
0.6387405395507812,0.019527435302734375
0.649449348449707,0.019527435302734375
0.6601696014404297,0.019527435302734375
0.6708889007568359,0.019527435302734375
0.6816065311431885,0.019527435302734375
0.6923339366912842,0.020843505859375
0.7030637264251709,0.02149200439453125
0.7137794494628906,0.022418975830078125
0.7244873046875,0.023479461669921875
0.7352104187011719,0.023662567138671875
0.7459337711334229,0.023662567138671875
0.7566401958465576,0.023662567138671875
0.7673945426940918,0.023662567138671875
0.7781333923339844,0.023662567138671875
0.7888667583465576,0.023662567138671875
0.7995715141296387,0.023662567138671875
0.8103013038635254,0.023662567138671875
0.821021318435669,0.023662567138671875
0.8317301273345947,0.023662567138671875
0.842454195022583,0.023662567138671875
0.8531813621520996,0.023662567138671875
0.863919734954834,0.023662567138671875
0.8746535778045654,0.023662567138671875
0.8853769302368164,0.023662567138671875
0.8961038589477539,0.023662567138671875
0.9068241119384766,0.023662567138671875
0.9175622463226318,0.023662567138671875
0.928297758102417,0.02397918701171875
0.9390242099761963,0.02484130859375
0.9497518539428711,0.025905609130859375
0.9604752063751221,0.026538848876953125
0.9712114334106445,0.0272064208984375
0.981961727142334,0.02796173095703125
0.9926934242248535,0.02838134765625
1.003422737121582,0.030181884765625
1.0141594409942627,0.030181884765625
1.0249013900756836,0.030181884765625
1.03562331199646,0.030181884765625
1.0463569164276123,0.030181884765625
1.0570809841156006,0.030181884765625
1.0677955150604248,0.030181884765625
1.07851243019104,0.030181884765625
1.089237928390503,0.030181884765625
1.0999901294708252,0.030181884765625
1.1107022762298584,0.030181884765625
1.1214492321014404,0.030181884765625
1.1321730613708496,0.030181884765625
1.1429107189178467,0.030181884765625
1.1536214351654053,0.030181884765625
1.1643469333648682,0.030181884765625
1.1750872135162354,0.030181884765625
1.185800552368164,0.030181884765625
1.1964802742004395,0.0306854248046875
1.2072162628173828,0.0306854248046875
1.2179419994354248,0.0306854248046875
1.2286593914031982,0.0306854248046875
1.2393817901611328,0.0306854248046875
1.2501134872436523,0.0306854248046875
1.260848045349121,0.0306854248046875
1.2715656757354736,0.0306854248046875
1.2823002338409424,0.0306854248046875
1.293013095855713,0.0306854248046875
1.3037221431732178,0.0306854248046875
1.3144495487213135,0.0306854248046875
1.3251628875732422,0.0306854248046875
1.3358936309814453,0.0306854248046875
1.3466007709503174,0.0306854248046875
1.3573217391967773,0.0306854248046875
1.3680613040924072,0.0306854248046875
1.3787693977355957,0.0306854248046875
1.389479160308838,0.0306854248046875
1.4001972675323486,0.0306854248046875
1.4109220504760742,0.0306854248046875
1.4216268062591553,0.0306854248046875
1.4323692321777344,0.0306854248046875
1.4430897235870361,0.0306854248046875
1.4537899494171143,0.0306854248046875
1.4645166397094727,0.0306854248046875
1.4752452373504639,0.0306854248046875
1.485971212387085,0.0306854248046875
1.496675968170166,0.0306854248046875
1.5074071884155273,0.0306854248046875
1.5181331634521484,0.0306854248046875
1.5288536548614502,0.0306854248046875
1.5395667552947998,0.0306854248046875
1.550290584564209,0.0306854248046875
1.5610129833221436,0.0306854248046875
1.5717270374298096,0.0306854248046875
1.5824484825134277,0.0306854248046875
1.5931649208068848,0.0306854248046875
1.603912353515625,0.0306854248046875
1.6146209239959717,0.0306854248046875
1.6253414154052734,0.0306854248046875
1.6360597610473633,0.0306854248046875
1.6467626094818115,0.0306854248046875
1.6574764251708984,0.0306854248046875
1.6681973934173584,0.0306854248046875
1.6789271831512451,0.0306854248046875
1.6896309852600098,0.0306854248046875
1.7003705501556396,0.0306854248046875
1.7111115455627441,0.0306854248046875
1.7218494415283203,0.0306854248046875
1.7325670719146729,0.03093719482421875
1.7432911396026611,0.03183746337890625
1.7540242671966553,0.032482147216796875
1.7647297382354736,0.032482147216796875
1.7754426002502441,0.032482147216796875
1.786184310913086,0.032482147216796875
1.7969043254852295,0.032482147216796875
1.8076105117797852,0.032482147216796875
1.8183293342590332,0.032482147216796875
1.8290467262268066,0.032482147216796875
1.8397548198699951,0.032482147216796875
1.8504879474639893,0.032482147216796875
1.8612091541290283,0.032482147216796875
1.871936559677124,0.032482147216796875
1.882643699645996,0.032482147216796875
1.8933753967285156,0.0327301025390625
1.9041047096252441,0.0327301025390625
1.914809226989746,0.0327301025390625
1.9255156517028809,0.0327301025390625
1.9362413883209229,0.0327301025390625
1.9469709396362305,0.0327301025390625
1.9576725959777832,0.0327301025390625
1.9684040546417236,0.0327301025390625
1.979121446609497,0.0327301025390625
1.989823818206787,0.0327301025390625
2.000540256500244,0.0327301025390625
2.011265277862549,0.0327301025390625
2.0219805240631104,0.0327301025390625
2.0326874256134033,0.0327301025390625
2.0434110164642334,0.0327301025390625
2.0541343688964844,0.0327301025390625
2.0648510456085205,0.0327301025390625
2.075557231903076,0.0327301025390625
2.086292266845703,0.0327301025390625
2.0970194339752197,0.0327301025390625
2.107728958129883,0.0327301025390625
2.1184420585632324,0.0327301025390625
2.1291606426239014,0.0327301025390625
2.139881134033203,0.0327301025390625
2.150592565536499,0.0327301025390625
2.161306619644165,0.0327301025390625
2.172032594680786,0.0327301025390625
2.1827526092529297,0.0327301025390625
2.1934683322906494,0.0327301025390625
2.20420503616333,0.0327301025390625
2.2149455547332764,0.0327301025390625
2.2256715297698975,0.0327301025390625
2.2363908290863037,0.0327301025390625
2.2471094131469727,0.0327301025390625
2.2578160762786865,0.0327301025390625
2.268524169921875,0.0327301025390625
2.2792506217956543,0.033233642578125
2.289965867996216,0.033233642578125
2.3006701469421387,0.033233642578125
2.3114049434661865,0.033233642578125
2.322160005569458,0.033233642578125
2.3328917026519775,0.03348541259765625
2.3435981273651123,0.03348541259765625
2.35432767868042,0.03348541259765625
2.36505389213562,0.03348541259765625
2.375760078430176,0.03348541259765625
2.3864924907684326,0.03348541259765625
2.3972182273864746,0.03348541259765625
2.4079573154449463,0.03348541259765625
2.418656349182129,0.03348541259765625
2.429377317428589,0.03348541259765625
2.440099000930786,0.03348541259765625
2.4508090019226074,0.03348541259765625
2.4615225791931152,0.03348541259765625
2.472242832183838,0.03348541259765625
2.4829623699188232,0.03348541259765625
2.4936647415161133,0.03348541259765625
2.5043795108795166,0.03348541259765625
2.5151023864746094,0.03348541259765625
2.525800943374634,0.03348541259765625
2.536510705947876,0.03357696533203125
2.5472376346588135,0.034198760986328125
2.5579540729522705,0.034454345703125
2.5686585903167725,0.03498077392578125
2.5793895721435547,0.035015106201171875
2.590111017227173,0.035015106201171875
2.600816488265991,0.035015106201171875
2.611520528793335,0.035015106201171875
2.622246742248535,0.035015106201171875
2.632969379425049,0.035015106201171875
2.6436831951141357,0.035015106201171875
2.654418468475342,0.035015106201171875
2.6651527881622314,0.035015106201171875
2.675887107849121,0.035091400146484375
2.686593532562256,0.035091400146484375
2.6973226070404053,0.035091400146484375
2.708042621612549,0.035091400146484375
2.718752145767212,0.035091400146484375
2.72947359085083,0.035091400146484375
2.7402122020721436,0.035091400146484375
2.750945568084717,0.035091400146484375
2.7616610527038574,0.035091400146484375
2.7723777294158936,0.035091400146484375
2.78310227394104,0.035091400146484375
2.7938034534454346,0.035091400146484375
2.804521083831787,0.035091400146484375
2.8152387142181396,0.035091400146484375
2.825953483581543,0.035091400146484375
2.8366763591766357,0.03513336181640625
2.8474087715148926,0.035491943359375
2.8581268787384033,0.035533905029296875
2.8688464164733887,0.035724639892578125
2.879563093185425,0.035724639892578125
2.890275478363037,0.036029815673828125
2.900991916656494,0.036029815673828125
2.9117136001586914,0.036029815673828125
2.922441244125366,0.036029815673828125
2.933157205581665,0.036029815673828125
2.9438891410827637,0.036029815673828125
2.954594612121582,0.036029815673828125
2.9653103351593018,0.036029815673828125
2.9760262966156006,0.036029815673828125
2.9867300987243652,0.036029815673828125
2.997466564178467,0.036029815673828125
3.008195161819458,0.036029815673828125
3.0189273357391357,0.036029815673828125
3.029629707336426,0.036029815673828125
3.0403568744659424,0.036029815673828125
3.051088333129883,0.037029266357421875
3.0617926120758057,0.041057586669921875
3.0724949836730957,0.041057586669921875
3.0832161903381348,0.041057586669921875
3.0939462184906006,0.041057586669921875
3.1046528816223145,0.041057586669921875
3.1153736114501953,0.041057586669921875
3.126101493835449,0.041057586669921875
3.136850595474243,0.041057586669921875
3.147570848464966,0.041057586669921875
3.158294916152954,0.041057586669921875
3.169024705886841,0.041057586669921875
3.1797409057617188,0.041057586669921875
3.190457344055176,0.041057586669921875
3.201176404953003,0.041057586669921875
3.2118945121765137,0.041057586669921875
3.22261643409729,0.041057586669921875
3.233339548110962,0.041057586669921875
3.2440731525421143,0.041057586669921875
3.254789352416992,0.041057586669921875
3.265515089035034,0.041057586669921875
3.2762463092803955,0.041057586669921875
3.286973237991333,0.041057586669921875
3.297675371170044,0.041057586669921875
3.308412790298462,0.041057586669921875
3.3191404342651367,0.041057586669921875
3.3298730850219727,0.041057586669921875
3.3405821323394775,0.041126251220703125
3.3513050079345703,0.043209075927734375
3.362032890319824,0.043804168701171875
3.3727452754974365,0.044368743896484375
3.3834712505340576,0.04441070556640625
3.3941991329193115,0.044658660888671875
3.4049289226531982,0.044910430908203125
3.4156460762023926,0.045665740966796875
3.4263787269592285,0.04714202880859375
3.4371042251586914,0.04714202880859375
3.4478466510772705,0.04714202880859375
3.458566904067993,0.04714202880859375
3.4692788124084473,0.04714202880859375
3.4800469875335693,0.04714202880859375
3.490753412246704,0.04714202880859375
3.501476526260376,0.04714202880859375
3.512204170227051,0.04714202880859375
3.5229334831237793,0.04714202880859375
3.533646821975708,0.04714202880859375
3.5443804264068604,0.04714202880859375
3.5551018714904785,0.04714202880859375
3.5658397674560547,0.04714202880859375
3.576554775238037,0.04714202880859375
3.5872867107391357,0.047393798828125
3.598012924194336,0.051055908203125
3.6087279319763184,0.05263519287109375
3.619459390640259,0.05263519287109375
3.630188465118408,0.05263519287109375
3.6409308910369873,0.05263519287109375
3.651644229888916,0.05263519287109375
3.66237735748291,0.05263519287109375
3.6731021404266357,0.05263519287109375
3.6838467121124268,0.05263519287109375
3.694578170776367,0.05263519287109375
3.7053024768829346,0.05263519287109375
3.716048240661621,0.05263519287109375
3.7267582416534424,0.05263519287109375
3.7374825477600098,0.05263519287109375
3.74821138381958,0.05263519287109375
3.7589333057403564,0.05263519287109375
3.7696456909179688,0.05263519287109375
3.7803707122802734,0.05263519287109375
3.791093587875366,0.053462982177734375
3.8017985820770264,0.053462982177734375
3.8125383853912354,0.053462982177734375
3.823274850845337,0.053462982177734375
3.834005117416382,0.053462982177734375
3.8447036743164062,0.053462982177734375
3.8554458618164062,0.053462982177734375
3.8661692142486572,0.053462982177734375
3.8768982887268066,0.053462982177734375
3.8876237869262695,0.053462982177734375
3.8983490467071533,0.053462982177734375
3.909086227416992,0.053462982177734375
3.919808864593506,0.053462982177734375
3.93051815032959,0.053462982177734375
3.941237449645996,0.053462982177734375
3.951965093612671,0.053462982177734375
3.962667465209961,0.053462982177734375
3.973414659500122,0.053462982177734375
3.984147548675537,0.053462982177734375
3.9948718547821045,0.053462982177734375
4.005587339401245,0.053462982177734375
4.016321897506714,0.053462982177734375
4.027036905288696,0.053462982177734375
4.037742376327515,0.053462982177734375
4.048452615737915,0.053462982177734375
4.05919885635376,0.053462982177734375
4.069939136505127,0.053462982177734375
4.080647230148315,0.053462982177734375
4.091374397277832,0.053462982177734375
4.102092027664185,0.053462982177734375
4.112796783447266,0.053462982177734375
4.123516321182251,0.053462982177734375
4.134261608123779,0.053462982177734375
4.144989967346191,0.053462982177734375
4.155705213546753,0.053462982177734375
4.166436195373535,0.053462982177734375
4.177149534225464,0.053462982177734375
4.187881231307983,0.053462982177734375
4.198606729507446,0.053462982177734375
4.209323406219482,0.053462982177734375
4.220042943954468,0.053462982177734375
4.23075270652771,0.053462982177734375
4.241475343704224,0.053462982177734375
4.25221586227417,0.05373382568359375
4.262933254241943,0.053958892822265625
4.273639678955078,0.054473876953125
4.284362077713013,0.054706573486328125
4.295094013214111,0.05633544921875
4.305809259414673,0.05633544921875
4.316537141799927,0.05633544921875
4.327271223068237,0.05633544921875
4.33799934387207,0.05633544921875
4.348714590072632,0.05633544921875
4.359443187713623,0.05633544921875
4.37017560005188,0.05633544921875
4.380938291549683,0.05633544921875
4.391658306121826,0.05633544921875
4.402390003204346,0.05633544921875
4.413107395172119,0.05633544921875
4.423823356628418,0.05633544921875
4.434573650360107,0.05633544921875
4.4452900886535645,0.05633544921875
4.456008195877075,0.05633544921875
4.46671199798584,0.05633544921875
4.477442026138306,0.05633544921875
4.488178730010986,0.056392669677734375
4.498915433883667,0.056392669677734375
4.5096259117126465,0.056392669677734375
4.520346641540527,0.056392669677734375
4.53107762336731,0.056392669677734375
4.541792154312134,0.056392669677734375
4.552493333816528,0.056392669677734375
4.563227653503418,0.057464599609375
4.573941946029663,0.057464599609375
4.584655284881592,0.057464599609375
4.595478534698486,0.057464599609375
4.60620641708374,0.057464599609375
4.61693263053894,0.057464599609375
4.627638578414917,0.057464599609375
4.638373136520386,0.057464599609375
4.649090051651001,0.057464599609375
4.659803628921509,0.057464599609375
4.670508146286011,0.057464599609375
4.681232690811157,0.057464599609375
4.691946983337402,0.057464599609375
4.702663421630859,0.057464599609375
4.7133948802948,0.057464599609375
4.724160432815552,0.057464599609375
4.7348854541778564,0.057464599609375
4.745596170425415,0.057464599609375
4.756311416625977,0.057464599609375
4.76703405380249,0.057464599609375
4.777753114700317,0.057464599609375
4.788463592529297,0.057464599609375
4.7991883754730225,0.057464599609375
4.809918403625488,0.05850982666015625
4.82062840461731,0.059696197509765625
4.831357479095459,0.06124114990234375
4.842088222503662,0.0633392333984375
4.85280442237854,0.0645751953125
4.8635149002075195,0.06478500366210938
4.874243259429932,0.06491470336914062
4.884970426559448,0.0665283203125
4.895699977874756,0.06678009033203125
4.906434535980225,0.06756973266601562
4.91715407371521,0.06756973266601562
4.927871465682983,0.06756973266601562
4.9385762214660645,0.06756973266601562
4.949295997619629,0.06756973266601562
4.960018873214722,0.06756973266601562
4.97073221206665,0.06756973266601562
4.981459140777588,0.06756973266601562
4.992168426513672,0.06756973266601562
5.0028910636901855,0.06756973266601562
5.013611316680908,0.06756973266601562
5.024370193481445,0.06756973266601562
5.035084009170532,0.06756973266601562
5.045794248580933,0.06756973266601562
5.056500673294067,0.06756973266601562
5.06722617149353,0.06767654418945312
5.077949523925781,0.06856155395507812
5.08866024017334,0.06902694702148438
5.099374055862427,0.06964492797851562
5.110098600387573,0.069793701171875
5.120801687240601,0.069793701171875
5.1315085887908936,0.069793701171875
5.142226934432983,0.069793701171875
5.152946472167969,0.069793701171875
5.163653612136841,0.069793701171875
5.174379587173462,0.069793701171875
5.185093879699707,0.069793701171875
5.195795774459839,0.069793701171875
5.206514358520508,0.069793701171875
5.2172346115112305,0.069793701171875
5.2279486656188965,0.069793701171875
5.2386603355407715,0.069793701171875
5.249380111694336,0.069793701171875
5.260108470916748,0.069793701171875
5.270812273025513,0.069793701171875
5.281522512435913,0.069793701171875
5.292254209518433,0.069793701171875
5.302991628646851,0.069793701171875
5.313693284988403,0.069793701171875
5.324424982070923,0.069793701171875
5.335146188735962,0.069793701171875
5.345860958099365,0.069793701171875
5.356581211090088,0.069793701171875
5.367315769195557,0.069793701171875
5.378034353256226,0.069793701171875
5.388746738433838,0.069793701171875
5.399460077285767,0.069793701171875
5.410183668136597,0.069793701171875
5.420905828475952,0.0717620849609375
5.431612253189087,0.07239151000976562
5.44232702255249,0.07239151000976562
5.453059911727905,0.07239151000976562
5.463785886764526,0.07239151000976562
5.474499225616455,0.07239151000976562
5.485234022140503,0.07239151000976562
5.495964765548706,0.07239151000976562
5.506670951843262,0.07239151000976562
5.517391681671143,0.07239151000976562
5.5281081199646,0.07239151000976562
5.538824558258057,0.07239151000976562
5.5495476722717285,0.07239151000976562
5.560265064239502,0.07239151000976562
5.570998191833496,0.07239151000976562
5.581711292266846,0.07239151000976562
5.5924296379089355,0.07239151000976562
5.6031575202941895,0.07239151000976562
5.613879442214966,0.0728607177734375
5.624594211578369,0.07311630249023438
5.635319232940674,0.0738983154296875
5.646039724349976,0.0744781494140625
5.656747579574585,0.07494354248046875
5.667466640472412,0.0752105712890625
5.678197622299194,0.0758819580078125
5.688920974731445,0.07632064819335938
5.699627876281738,0.07632064819335938
5.710349082946777,0.07632064819335938
5.7210705280303955,0.07632064819335938
5.73177433013916,0.07632064819335938
5.742476463317871,0.07632064819335938
5.753195285797119,0.07632064819335938
5.763909816741943,0.07632064819335938
5.774616241455078,0.07632064819335938
5.785353660583496,0.07632064819335938
5.7960731983184814,0.07632064819335938
5.806782245635986,0.07632064819335938
5.817487716674805,0.07632064819335938
5.828201532363892,0.07632064819335938
5.8389198780059814,0.07632064819335938
5.849619626998901,0.07632064819335938
5.8603410720825195,0.07632064819335938
5.871061325073242,0.07632064819335938
5.8817784786224365,0.0771484375
5.892484188079834,0.0771484375
5.903223276138306,0.0771484375
5.913982152938843,0.0771484375
5.924694299697876,0.0771484375
5.935429811477661,0.0771484375
5.946146726608276,0.0771484375
5.956881046295166,0.0771484375
5.967590093612671,0.0771484375
5.978326797485352,0.0771484375
5.9890501499176025,0.0771484375
5.999762296676636,0.0771484375
6.010478734970093,0.0771484375
6.021207571029663,0.0771484375
6.0319507122039795,0.0771484375
6.042663097381592,0.0771484375
6.053393602371216,0.0771484375
6.064122438430786,0.0771484375
6.074855327606201,0.0771484375
6.085570812225342,0.0771484375
6.096295356750488,0.0771484375
6.1070170402526855,0.0771484375
6.117724657058716,0.0771484375
6.128451824188232,0.0771484375
6.139187335968018,0.0771484375
6.1499152183532715,0.0771484375
6.160623788833618,0.0771484375
6.171355724334717,0.0771484375
6.182087182998657,0.0771484375
6.192793130874634,0.0771484375
6.203502893447876,0.0771484375
6.214232921600342,0.0771484375
6.224955320358276,0.0771484375
6.235676050186157,0.0771484375
6.246401786804199,0.0771484375
6.257120609283447,0.0771484375
6.267866611480713,0.0771484375
6.278592586517334,0.0771484375
6.289326429367065,0.0771484375
6.300053596496582,0.0771484375
6.310773849487305,0.0771484375
6.321491956710815,0.0771484375
6.332223176956177,0.0771484375
6.342947721481323,0.0771484375
6.353650331497192,0.0771484375
6.364371299743652,0.0771484375
6.375101804733276,0.0771484375
6.38581657409668,0.0771484375
6.3965301513671875,0.0771484375
6.407266139984131,0.0771484375
6.4179887771606445,0.07740020751953125
6.428705453872681,0.07891082763671875
6.439433813095093,0.08045196533203125
6.450155019760132,0.08167266845703125
6.460881233215332,0.08192062377929688
6.47159218788147,0.08383941650390625
6.482341527938843,0.08501052856445312
6.493071794509888,0.08501052856445312
6.503789663314819,0.08526229858398438
6.514496803283691,0.08551406860351562
6.525219202041626,0.08551406860351562
6.535939455032349,0.08576583862304688
6.546642303466797,0.08576583862304688
6.557374000549316,0.08601760864257812
6.568086862564087,0.08601760864257812
6.578795433044434,0.08601760864257812
6.589510679244995,0.08601760864257812
6.600234508514404,0.08601760864257812
6.610950231552124,0.08601760864257812
6.6216559410095215,0.08683013916015625
6.632376194000244,0.08706283569335938
6.643099784851074,0.08809661865234375
6.6538238525390625,0.088348388671875
6.664537191390991,0.08876419067382812
6.6752588748931885,0.08901596069335938
6.6859869956970215,0.08974075317382812
6.696711540222168,0.09006881713867188
6.7074432373046875,0.09091567993164062
6.718184232711792,0.09156036376953125
6.7289087772369385,0.0918121337890625
6.739626407623291,0.09286880493164062
6.750397205352783,0.09337234497070312
6.761123895645142,0.09337234497070312
6.771850824356079,0.09428024291992188
6.782570123672485,0.0950775146484375
6.793293237686157,0.0950775146484375
6.804020881652832,0.0950775146484375
6.814739227294922,0.0950775146484375
6.825491428375244,0.0950775146484375
6.836209535598755,0.0950775146484375
6.846932888031006,0.0950775146484375
6.85764479637146,0.0950775146484375
6.868382215499878,0.0950775146484375
6.879109144210815,0.0950775146484375
6.889816761016846,0.0950775146484375
6.900524377822876,0.0950775146484375
6.911244869232178,0.0950775146484375
6.921975612640381,0.0950775146484375
6.932698011398315,0.0950775146484375
6.943435192108154,0.0950775146484375
6.954163074493408,0.0950775146484375
6.964892387390137,0.0950775146484375
6.975633859634399,0.0950775146484375
6.9863667488098145,0.09532928466796875
6.997093915939331,0.09532928466796875
7.00779914855957,0.09532928466796875
7.018520832061768,0.09532928466796875
7.029240846633911,0.09532928466796875
7.039961338043213,0.09532928466796875
7.050658226013184,0.09532928466796875
7.061397314071655,0.09532928466796875
7.072122097015381,0.09532928466796875
7.082845687866211,0.09532928466796875
7.093564748764038,0.09532928466796875
7.104287385940552,0.09532928466796875
7.115017414093018,0.09532928466796875
7.125725269317627,0.09532928466796875
7.136441469192505,0.09532928466796875
7.1471850872039795,0.09532928466796875
7.157912254333496,0.09532928466796875
7.168625593185425,0.09532928466796875
7.1793646812438965,0.09532928466796875
7.190104246139526,0.09583282470703125
7.200836420059204,0.09633636474609375
7.211549520492554,0.09633636474609375
7.222275972366333,0.09633636474609375
7.232996225357056,0.09633636474609375
7.243711233139038,0.096588134765625
7.254435300827026,0.096588134765625
7.265168905258179,0.096588134765625
7.275887966156006,0.096588134765625
7.2865893840789795,0.096588134765625
7.297312498092651,0.096588134765625
7.30802845954895,0.096588134765625
7.318743705749512,0.096588134765625
7.32945442199707,0.096588134765625
7.340180397033691,0.096588134765625
7.350912570953369,0.096588134765625
7.361639022827148,0.096588134765625
7.372363090515137,0.096588134765625
7.38309383392334,0.096588134765625
7.393815040588379,0.096588134765625
7.40452241897583,0.096588134765625
7.415271759033203,0.096588134765625
7.426008939743042,0.09683990478515625
7.436732053756714,0.0970916748046875
7.447466611862183,0.0970916748046875
7.458196401596069,0.0970916748046875
7.468933820724487,0.0970916748046875
7.479647159576416,0.0970916748046875
7.490387439727783,0.0970916748046875
7.501110076904297,0.0970916748046875
7.511812925338745,0.0970916748046875
7.522533178329468,0.0970916748046875
7.533253908157349,0.0970916748046875
7.543983697891235,0.0970916748046875
7.554699420928955,0.0970916748046875
7.565437316894531,0.0970916748046875
7.576162099838257,0.0970916748046875
7.586894512176514,0.0970916748046875
7.597598552703857,0.0970916748046875
7.6083173751831055,0.0970916748046875
7.619039535522461,0.0970916748046875
7.629759788513184,0.09734344482421875
7.640489339828491,0.09784698486328125
7.651215553283691,0.09835052490234375
7.6619343757629395,0.098602294921875
7.6726462841033936,0.0991058349609375
7.683377027511597,0.09968185424804688
7.6941001415252686,0.09968185424804688
7.704818248748779,0.09968185424804688
7.715525150299072,0.09968185424804688
7.726250410079956,0.09968185424804688
7.73696494102478,0.09968185424804688
7.7476723194122314,0.09968185424804688
7.75840425491333,0.09968185424804688
7.769165515899658,0.09968185424804688
7.779879808425903,0.09968185424804688
7.790582895278931,0.09968185424804688
7.801313161849976,0.09968185424804688
7.812028408050537,0.09968185424804688
7.822742938995361,0.10004043579101562
7.833468675613403,0.10004043579101562
7.84418511390686,0.10004043579101562
7.854904413223267,0.10004043579101562
7.865610599517822,0.10004043579101562
7.876343727111816,0.10004043579101562
7.887059211730957,0.10004043579101562
7.897773742675781,0.10004043579101562
7.908477067947388,0.10004043579101562
7.919206857681274,0.10004043579101562
7.929936408996582,0.10029220581054688
7.940646171569824,0.10029220581054688
7.951379060745239,0.10029220581054688
7.9621076583862305,0.10029220581054688
7.972813606262207,0.10029220581054688
7.983516216278076,0.10029220581054688
7.994238615036011,0.10029220581054688
8.004958629608154,0.10029220581054688
8.015664100646973,0.10029220581054688
8.026389598846436,0.10029220581054688
8.037101030349731,0.10029220581054688
8.047800779342651,0.10029220581054688
8.05850601196289,0.10029220581054688
8.06923246383667,0.10029220581054688
8.079959869384766,0.10029220581054688
8.090674877166748,0.10029220581054688
8.101393699645996,0.10029220581054688
8.112123727798462,0.10029220581054688
8.122843980789185,0.10029220581054688
8.133559465408325,0.10029220581054688
8.144280433654785,0.10029220581054688
8.154996156692505,0.10029220581054688
8.165715456008911,0.10029220581054688
8.176461696624756,0.10029220581054688
8.187183618545532,0.10029220581054688
8.197909593582153,0.10029220581054688
8.20861291885376,0.10029220581054688
8.219336986541748,0.10029220581054688
8.230055809020996,0.10029220581054688
8.240758180618286,0.10029220581054688
8.25148320198059,0.10029220581054688
8.262205839157104,0.10029220581054688
8.272920608520508,0.10029220581054688
8.283637046813965,0.10029220581054688
8.294373989105225,0.10029220581054688
8.30510926246643,0.10029220581054688
8.315815448760986,0.10029220581054688
8.326524257659912,0.10029220581054688
8.33725619316101,0.10029220581054688
8.347969770431519,0.10029220581054688
8.358680486679077,0.10029220581054688
8.36940050125122,0.10029220581054688
8.380136251449585,0.10029220581054688
8.390866041183472,0.10054397583007812
8.401577711105347,0.10054397583007812
8.412299871444702,0.10054397583007812
8.423025846481323,0.10054397583007812
8.433745384216309,0.10054397583007812
8.44447135925293,0.10079574584960938
8.455196857452393,0.10129928588867188
8.465911865234375,0.10129928588867188
8.476619958877563,0.10155105590820312
8.487342357635498,0.10205459594726562
8.49805760383606,0.10255813598632812
8.508763790130615,0.10280990600585938
8.51947546005249,0.10280990600585938
8.530194997787476,0.10280990600585938
8.540912389755249,0.10280990600585938
8.551618099212646,0.10280990600585938
8.562334060668945,0.10280990600585938
8.573051929473877,0.10280990600585938
8.583777666091919,0.10280990600585938
8.594484567642212,0.10280990600585938
8.605210542678833,0.10280990600585938
8.615933179855347,0.10280990600585938
8.626645803451538,0.10280990600585938
8.637374877929688,0.10280990600585938
8.648097276687622,0.10280990600585938
8.658802509307861,0.10280990600585938
8.669511795043945,0.10280990600585938
8.680237293243408,0.10280990600585938
8.690964460372925,0.10280990600585938
8.701677799224854,0.10280990600585938
8.712407350540161,0.10280990600585938
8.72313117980957,0.10280990600585938
8.733875751495361,0.10280990600585938
8.74459171295166,0.10280990600585938
8.755322933197021,0.10280990600585938
8.766063928604126,0.10280990600585938
8.776783466339111,0.10280990600585938
8.787496328353882,0.10280990600585938
8.79822301864624,0.10280990600585938
8.808947324752808,0.10280990600585938
8.819664716720581,0.10280990600585938
8.830389738082886,0.10280990600585938
8.841116905212402,0.10280990600585938
8.85184621810913,0.10280990600585938
8.86257553100586,0.10280990600585938
8.87329626083374,0.10280990600585938
8.884027481079102,0.10280990600585938
8.894773483276367,0.10280990600585938
8.905474185943604,0.10280990600585938
8.916191339492798,0.10280990600585938
8.926918029785156,0.10280990600585938
8.937639713287354,0.10280990600585938
8.948359489440918,0.10280990600585938
8.959103345870972,0.10280990600585938
8.969819068908691,0.10280990600585938
8.980549097061157,0.10280990600585938
8.991272687911987,0.10280990600585938
9.00200891494751,0.10280990600585938
9.012712478637695,0.10280990600585938
9.023426055908203,0.10280990600585938
9.034157514572144,0.10280990600585938
9.044871091842651,0.10280990600585938
9.055581331253052,0.10280990600585938
9.066299438476562,0.10280990600585938
9.077033281326294,0.10280990600585938
9.08773684501648,0.10280990600585938
9.098450422286987,0.10280990600585938
9.109189987182617,0.10280990600585938
9.119949340820312,0.10280990600585938
9.130675077438354,0.10280990600585938
9.141407012939453,0.10280990600585938
9.15213131904602,0.10280990600585938
9.162856101989746,0.10280990600585938
9.173566341400146,0.10280990600585938
9.184288501739502,0.10280990600585938
9.195024251937866,0.10280990600585938
9.205727100372314,0.10280990600585938
9.21643590927124,0.10280990600585938
9.22715425491333,0.10280990600585938
9.237879753112793,0.10280990600585938
9.248585224151611,0.10280990600585938
9.259320735931396,0.10280990600585938
9.270058631896973,0.10280990600585938
9.280766725540161,0.10280990600585938
9.291487216949463,0.10280990600585938
9.30220651626587,0.10280990600585938
9.312934160232544,0.10280990600585938
9.323636054992676,0.10280990600585938
9.334360837936401,0.10306167602539062
9.345083236694336,0.10306167602539062
9.355820894241333,0.10306167602539062
9.366540670394897,0.10306167602539062
9.377272367477417,0.10306167602539062
9.38800311088562,0.10306167602539062
9.398707151412964,0.10306167602539062
9.40942645072937,0.10306167602539062
9.420196294784546,0.10306167602539062
9.430914640426636,0.10306167602539062
9.441630601882935,0.10306167602539062
9.452364683151245,0.10306167602539062
9.463086366653442,0.10306167602539062
9.473790407180786,0.10306167602539062
9.484495401382446,0.10306167602539062
9.495222330093384,0.10306167602539062
9.505944728851318,0.10306167602539062
9.516653299331665,0.10306167602539062
9.527367115020752,0.10306167602539062
9.538109540939331,0.10306167602539062
9.548844337463379,0.10331344604492188
9.559560537338257,0.10377120971679688
9.570281028747559,0.1040191650390625
9.580997705459595,0.10427093505859375
9.591708660125732,0.104522705078125
9.602452039718628,0.10477447509765625
9.613173484802246,0.1050262451171875
9.62391185760498,0.10527801513671875
9.63461971282959,0.10527801513671875
9.645344018936157,0.10527801513671875
9.656071662902832,0.10527801513671875
9.66678237915039,0.10527801513671875
9.677496194839478,0.10527801513671875
9.688236951828003,0.10527801513671875
9.69895887374878,0.10527801513671875
9.709665775299072,0.10527801513671875
9.72039270401001,0.10527801513671875
9.73110818862915,0.10527801513671875
9.741809606552124,0.10527801513671875
9.752514600753784,0.10527801513671875
9.763236045837402,0.10527801513671875
9.7739737033844,0.10527801513671875
9.784695386886597,0.10527801513671875
9.795421838760376,0.10527801513671875
9.806138038635254,0.10527801513671875
9.81687068939209,0.10527801513671875
9.827574968338013,0.10527801513671875
9.838313579559326,0.10527801513671875
9.849042415618896,0.10527801513671875
9.859756708145142,0.10527801513671875
9.870475053787231,0.10527801513671875
9.881202697753906,0.10527801513671875
9.89192271232605,0.10527801513671875
9.902634143829346,0.10527801513671875
9.913356304168701,0.10527801513671875
9.924072265625,0.10527801513671875
9.934796333312988,0.10527801513671875
9.945482730865479,0.10527801513671875
9.956200361251831,0.10527801513671875
9.966920614242554,0.10527801513671875
9.977630376815796,0.10527801513671875
9.988351821899414,0.10527801513671875
9.999080181121826,0.10527801513671875
10.009798049926758,0.10527801513671875
10.020511627197266,0.10527801513671875
10.031236171722412,0.10527801513671875
10.041972398757935,0.10552978515625
10.052686214447021,0.10578155517578125
10.063416719436646,0.10578155517578125
10.074162483215332,0.10578155517578125
10.084888696670532,0.10578155517578125
10.095597982406616,0.10578155517578125
10.106320142745972,0.10578155517578125
10.11703896522522,0.10578155517578125
10.127742052078247,0.10578155517578125
10.138451099395752,0.10578155517578125
10.149169921875,0.10578155517578125
10.159886360168457,0.10578155517578125
10.170592784881592,0.10578155517578125
10.181309700012207,0.10578155517578125
10.192038536071777,0.10578155517578125
10.202739238739014,0.10578155517578125
10.213458061218262,0.10578155517578125
10.224177360534668,0.1060333251953125
10.234890222549438,0.1060333251953125
10.245596408843994,0.1060333251953125
10.25631308555603,0.1060333251953125
10.267030477523804,0.1060333251953125
10.277751207351685,0.1060333251953125
10.288461208343506,0.1060333251953125
10.29918622970581,0.1060333251953125
10.309903383255005,0.1060333251953125
10.32060956954956,0.1060333251953125
10.331336736679077,0.1060333251953125
10.342051982879639,0.1060333251953125
10.352755308151245,0.1060333251953125
10.363459587097168,0.1060333251953125
10.37417984008789,0.1060333251953125
10.384894847869873,0.1060333251953125
10.395597457885742,0.1060333251953125
10.406319856643677,0.1060333251953125
10.417034149169922,0.1060333251953125
10.427755117416382,0.1060333251953125
10.43852186203003,0.1060333251953125
10.44924283027649,0.1060333251953125
10.459961891174316,0.1060333251953125
10.470668315887451,0.1060333251953125
10.481399059295654,0.1060333251953125
10.492127895355225,0.1060333251953125
10.50285029411316,0.1060333251953125
10.51356315612793,0.1060333251953125
10.524278402328491,0.1060333251953125
10.535012483596802,0.1060333251953125
10.545713663101196,0.1060333251953125
10.556432247161865,0.1060333251953125
10.56715178489685,0.1060333251953125
10.57787299156189,0.1060333251953125
10.588584184646606,0.1060333251953125
10.599315404891968,0.1060333251953125
10.610050916671753,0.1060333251953125
10.620763301849365,0.1060333251953125
10.631474494934082,0.1060333251953125
10.642208814620972,0.1060333251953125
10.65292477607727,0.1060333251953125
10.663625717163086,0.1060333251953125
10.674340724945068,0.1060333251953125
10.685058116912842,0.1060333251953125
10.695759534835815,0.1060333251953125
10.706470012664795,0.1060333251953125
10.717196464538574,0.1060333251953125
10.727925062179565,0.1060333251953125
10.738629817962646,0.1060333251953125
10.74934720993042,0.1060333251953125
10.760068893432617,0.1060333251953125
10.770777225494385,0.1060333251953125
10.781498908996582,0.1060333251953125
10.792225360870361,0.1060333251953125
10.802961826324463,0.1060333251953125
10.813676595687866,0.10628509521484375
10.824398756027222,0.10628509521484375
10.8351149559021,0.10628509521484375
10.845818996429443,0.10628509521484375
10.856570720672607,0.10628509521484375
10.867306232452393,0.10628509521484375
10.878036260604858,0.10628509521484375
10.888747930526733,0.10628509521484375
10.899463176727295,0.10628509521484375
10.910181045532227,0.10628509521484375
10.92090892791748,0.10628509521484375
10.93161678314209,0.10628509521484375
10.942342042922974,0.10628509521484375
10.953054666519165,0.10628509521484375
10.9637770652771,0.10628509521484375
10.974489450454712,0.10628509521484375
10.985231876373291,0.10628509521484375
10.995960235595703,0.10628509521484375
11.00667142868042,0.10628509521484375
11.017415761947632,0.10628509521484375
11.028138637542725,0.10628509521484375
11.038880109786987,0.10628509521484375
11.049612522125244,0.1070404052734375
11.060347557067871,0.10925674438476562
11.071091890335083,0.10925674438476562
11.08180546760559,0.10925674438476562
11.092534065246582,0.10925674438476562
11.103267669677734,0.10925674438476562
11.114012241363525,0.10925674438476562
11.124735832214355,0.10925674438476562
11.135454654693604,0.10925674438476562
11.14619255065918,0.10925674438476562
11.156929016113281,0.10925674438476562
11.16764521598816,0.10925674438476562
11.178380489349365,0.10925674438476562
11.18911075592041,0.10925674438476562
11.199815511703491,0.10925674438476562
11.21053147315979,0.10925674438476562
11.221282243728638,0.10925674438476562
11.231992721557617,0.10925674438476562
11.2427077293396,0.10925674438476562
11.25342345237732,0.10925674438476562
11.26414179801941,0.10925674438476562
11.274868965148926,0.10925674438476562
11.285574674606323,0.10925674438476562
11.296291589736938,0.10925674438476562
11.30701732635498,0.10925674438476562
11.317718029022217,0.10925674438476562
11.328436613082886,0.10925674438476562
11.339170455932617,0.10925674438476562
11.349891901016235,0.10925674438476562
11.360612154006958,0.10925674438476562
11.371350765228271,0.10925674438476562
11.382076025009155,0.10925674438476562
11.392786264419556,0.10925674438476562
11.403481245040894,0.10925674438476562
11.414203643798828,0.10925674438476562
11.424925804138184,0.10925674438476562
11.435636758804321,0.10925674438476562
11.446369647979736,0.10925674438476562
11.457110404968262,0.10950851440429688
11.467819929122925,0.10950851440429688
11.478550434112549,0.10950851440429688
11.489300966262817,0.10950851440429688
11.500027418136597,0.10988616943359375
11.510735750198364,0.11078262329101562
11.521466255187988,0.11078262329101562
11.532177209854126,0.11240386962890625
11.542911291122437,0.11240386962890625
11.553618431091309,0.11240386962890625
11.564347743988037,0.11240386962890625
11.575062274932861,0.11240386962890625
11.585781574249268,0.11240386962890625
11.596496820449829,0.11240386962890625
11.607224941253662,0.11240386962890625
11.61794114112854,0.11240386962890625
11.628639936447144,0.11240386962890625
11.639355659484863,0.11240386962890625
11.650084257125854,0.1126556396484375
11.660789251327515,0.11381912231445312
11.671517610549927,0.11381912231445312
11.682241439819336,0.11381912231445312
11.69295597076416,0.11381912231445312
11.703654050827026,0.11381912231445312
11.714375734329224,0.11381912231445312
11.725091218948364,0.11381912231445312
11.735804319381714,0.11381912231445312
11.746512174606323,0.11381912231445312
11.75722599029541,0.11381912231445312
11.76795744895935,0.11381912231445312
11.778661966323853,0.11381912231445312
11.78939962387085,0.11381912231445312
11.800124406814575,0.11381912231445312
11.810852527618408,0.11381912231445312
11.821555376052856,0.11381912231445312
11.832273483276367,0.11381912231445312
11.843001127243042,0.11381912231445312
11.853734493255615,0.11381912231445312
11.864456176757812,0.11381912231445312
11.875178813934326,0.11381912231445312
11.88590145111084,0.11381912231445312
11.896612405776978,0.11381912231445312
11.907335996627808,0.11381912231445312
11.91806149482727,0.11381912231445312
11.928779125213623,0.11381912231445312
11.9394850730896,0.11381912231445312
11.950210332870483,0.11381912231445312
11.960928916931152,0.11381912231445312
11.971641063690186,0.11381912231445312
11.982378959655762,0.11381912231445312
11.993104934692383,0.11381912231445312
12.003814220428467,0.11381912231445312
12.0145263671875,0.11381912231445312
12.025260925292969,0.11381912231445312
12.035985231399536,0.11381912231445312
12.0466890335083,0.11381912231445312
12.057412385940552,0.11381912231445312
12.068134546279907,0.11381912231445312
12.078857898712158,0.11442184448242188
12.089571475982666,0.11442184448242188
12.100302934646606,0.11442184448242188
12.111020565032959,0.11442184448242188
12.121730327606201,0.11442184448242188
12.132460117340088,0.11442184448242188
12.143203258514404,0.11442184448242188
12.15391492843628,0.11442184448242188
12.164616584777832,0.11442184448242188
12.175336837768555,0.11442184448242188
12.186054944992065,0.11442184448242188
12.196775436401367,0.11467361450195312
12.20749545097351,0.11598968505859375
12.218215703964233,0.11649322509765625
12.228938341140747,0.11649322509765625
12.23964238166809,0.11649322509765625
12.250364780426025,0.11649322509765625
12.261095523834229,0.11649322509765625
12.271796941757202,0.11649322509765625
12.282500505447388,0.11649322509765625
12.293232917785645,0.11649322509765625
12.303965091705322,0.11649322509765625
12.314668893814087,0.11649322509765625
12.325411319732666,0.11649322509765625
12.33612871170044,0.11649322509765625
12.346862316131592,0.11649322509765625
12.357573509216309,0.1167449951171875
12.368297100067139,0.1167449951171875
12.379035472869873,0.1167449951171875
12.389742612838745,0.1167449951171875
12.400517463684082,0.11697769165039062
12.411243677139282,0.11907577514648438
12.421977281570435,0.11932754516601562
12.432685136795044,0.1203155517578125
12.4434072971344,0.120819091796875
12.454137086868286,0.12107086181640625
12.464854001998901,0.12107086181640625
12.475577116012573,0.12201309204101562
12.48630428314209,0.12302780151367188
12.497015237808228,0.12353134155273438
12.507715940475464,0.12378311157226562
12.518439054489136,0.12403488159179688
12.529170989990234,0.12403488159179688
12.539894104003906,0.12403488159179688
12.550607681274414,0.12403488159179688
12.561335563659668,0.12403488159179688
12.572051048278809,0.12403488159179688
12.582750797271729,0.12403488159179688
12.593468427658081,0.12403488159179688
12.604204893112183,0.12403488159179688
12.614928483963013,0.12403488159179688
12.62563943862915,0.12403488159179688
12.63635802268982,0.12403488159179688
12.647092580795288,0.12453842163085938
12.657803773880005,0.12537765502929688
12.668522834777832,0.12588119506835938
12.679256439208984,0.12613296508789062
12.690008163452148,0.12613296508789062
12.70072317123413,0.12613296508789062
12.711458683013916,0.12613296508789062
12.722178936004639,0.12613296508789062
12.732900619506836,0.12613296508789062
12.74360704421997,0.12613296508789062
12.754329919815063,0.12613296508789062
12.765053510665894,0.12613296508789062
12.775777578353882,0.12613296508789062
12.786510467529297,0.12613296508789062
12.797245502471924,0.12638473510742188
12.807968616485596,0.12638473510742188
12.818691730499268,0.12663650512695312
12.829421758651733,0.12714004516601562
12.840144395828247,0.12739181518554688
12.850866794586182,0.12789535522460938
12.861607313156128,0.12789535522460938
12.872329473495483,0.12789535522460938
12.883057355880737,0.12789535522460938
12.893782377243042,0.12789535522460938
12.904484748840332,0.12789535522460938
12.915214776992798,0.12789535522460938
12.925933361053467,0.12789535522460938
12.936634063720703,0.12789535522460938
12.947376012802124,0.12789535522460938
12.958104848861694,0.12789535522460938
12.96881628036499,0.12789535522460938
12.979540824890137,0.12789535522460938
12.990270376205444,0.12789535522460938
13.001013278961182,0.12789535522460938
13.011734962463379,0.12789535522460938
13.022460699081421,0.12789535522460938
13.033207893371582,0.12789535522460938
13.043922662734985,0.12789535522460938
13.054624795913696,0.12789535522460938
13.065343856811523,0.12789535522460938
13.076061248779297,0.12789535522460938
13.086771726608276,0.12789535522460938
13.097490787506104,0.12789535522460938
13.108222484588623,0.12789535522460938
13.11895227432251,0.12789535522460938
13.129670143127441,0.12814712524414062
13.140425205230713,0.12814712524414062
13.151147603988647,0.12814712524414062
13.161885976791382,0.12814712524414062
13.172588586807251,0.12814712524414062
13.183307886123657,0.12814712524414062
13.19403624534607,0.12814712524414062
13.204738140106201,0.12814712524414062
13.215484857559204,0.12814712524414062
13.226213455200195,0.12814712524414062
13.236945390701294,0.12814712524414062
13.247659683227539,0.12814712524414062
13.258389711380005,0.12814712524414062
13.269123315811157,0.12814712524414062
13.279844999313354,0.12814712524414062
13.290565967559814,0.12814712524414062
13.301286458969116,0.12814712524414062
13.312013626098633,0.12814712524414062
13.322726249694824,0.12814712524414062
13.333454847335815,0.12814712524414062
13.344169616699219,0.12814712524414062
13.354902267456055,0.12814712524414062
13.365620374679565,0.12814712524414062
13.376346826553345,0.12814712524414062
13.387065649032593,0.12814712524414062
13.397770404815674,0.12814712524414062
13.408480644226074,0.12814712524414062
13.41919994354248,0.12814712524414062
13.42991852760315,0.12814712524414062
13.440629482269287,0.12814712524414062
13.45134973526001,0.12814712524414062
13.46206283569336,0.12814712524414062
13.472768068313599,0.12814712524414062
13.483473777770996,0.12814712524414062
13.494189262390137,0.12814712524414062
13.504906177520752,0.12814712524414062
13.51561975479126,0.12814712524414062
13.52633285522461,0.12814712524414062
13.5371994972229,0.12814712524414062
13.547933578491211,0.12814712524414062
13.558652400970459,0.12814712524414062
13.569424390792847,0.12814712524414062
13.580150842666626,0.12814712524414062
13.590870380401611,0.12814712524414062
13.60157585144043,0.12814712524414062
13.612311840057373,0.12814712524414062
13.623051166534424,0.12814712524414062
13.633762836456299,0.12814712524414062
13.644474267959595,0.12814712524414062
13.655192852020264,0.12814712524414062
13.665917158126831,0.12814712524414062
13.676625490188599,0.12814712524414062
13.687357187271118,0.12839889526367188
13.698082685470581,0.12890243530273438
13.708796739578247,0.12940597534179688
13.719495296478271,0.12990951538085938
13.730235815048218,0.13041305541992188
13.740968942642212,0.13066482543945312
13.751679420471191,0.13091659545898438
13.762417078018188,0.13142013549804688
13.773163557052612,0.13142013549804688
13.78391981124878,0.13167190551757812
13.794634819030762,0.13192367553710938
13.805368423461914,0.13242721557617188
13.81611156463623,0.13242721557617188
13.826834440231323,0.13242721557617188
13.837546586990356,0.13242721557617188
13.848269939422607,0.13242721557617188
13.858994007110596,0.13242721557617188
13.869701385498047,0.13242721557617188
13.880434274673462,0.13242721557617188
13.891173839569092,0.13444137573242188
13.90190052986145,0.13444137573242188
13.912618398666382,0.13444137573242188
13.923340320587158,0.13444137573242188
13.934083223342896,0.13444137573242188
13.944793224334717,0.13444137573242188
13.955500602722168,0.13444137573242188
13.966219902038574,0.13444137573242188
13.976948976516724,0.13444137573242188
13.98766565322876,0.13444137573242188
13.998394966125488,0.13444137573242188
14.009114503860474,0.13444137573242188
14.019819498062134,0.13444137573242188
14.030540943145752,0.13444137573242188
14.041258096694946,0.13444137573242188
14.051986694335938,0.13444137573242188
14.062700033187866,0.13444137573242188
14.073434114456177,0.13444137573242188
14.084176778793335,0.13444137573242188
14.094901323318481,0.13444137573242188
14.10560417175293,0.13444137573242188
14.116320610046387,0.13444137573242188
14.127034664154053,0.13444137573242188
14.137733459472656,0.13444137573242188
14.148464441299438,0.13444137573242188
14.159188747406006,0.13444137573242188
14.169907093048096,0.13444137573242188
14.180610656738281,0.13444137573242188
14.191340923309326,0.13476181030273438
14.202073097229004,0.13476181030273438
14.212791204452515,0.13476181030273438
14.223500490188599,0.13476181030273438
14.234223127365112,0.13476181030273438
14.244952201843262,0.13476181030273438
14.255659818649292,0.13476181030273438
14.266390562057495,0.13476181030273438
14.277106046676636,0.13476181030273438
14.287818431854248,0.13476181030273438
14.298522233963013,0.13476181030273438
14.30925178527832,0.13476181030273438
14.319969654083252,0.13476181030273438
14.330681324005127,0.13476181030273438
14.341414213180542,0.13476181030273438
14.352131843566895,0.13476181030273438
14.362857341766357,0.13476181030273438
14.373573780059814,0.13476181030273438
14.384296894073486,0.13476181030273438
14.395013570785522,0.13476181030273438
14.4057137966156,0.13476181030273438
14.416447877883911,0.13476181030273438
14.427162885665894,0.13476181030273438
14.43787932395935,0.13476181030273438
14.448607683181763,0.13476181030273438
14.459343433380127,0.13476181030273438
14.470062017440796,0.13476181030273438
14.480777740478516,0.13476181030273438
14.491492509841919,0.13476181030273438
14.502223491668701,0.13476181030273438
14.512957096099854,0.13476181030273438
14.523672342300415,0.1353607177734375
14.534400939941406,0.13561248779296875
14.545145750045776,0.13561248779296875
14.55587387084961,0.13561248779296875
14.566612482070923,0.13561248779296875
14.577340841293335,0.13561248779296875
14.588063716888428,0.13561248779296875
14.598768472671509,0.13561248779296875
14.609497547149658,0.13561248779296875
14.620223999023438,0.13561248779296875
14.630964756011963,0.13561248779296875
14.64169192314148,0.13561248779296875
14.652441024780273,0.13561248779296875
14.663170099258423,0.13561248779296875
14.673903703689575,0.13561248779296875
14.684626817703247,0.13561248779296875
14.695370435714722,0.13561248779296875
14.706109046936035,0.13561248779296875
14.716848134994507,0.13561248779296875
14.727560758590698,0.1358642578125
14.738285303115845,0.1363677978515625
14.749011993408203,0.1363677978515625
14.759721994400024,0.1363677978515625
14.770457029342651,0.1363677978515625
14.781187772750854,0.1363677978515625
14.791906595230103,0.1363677978515625
14.802630424499512,0.1363677978515625
14.813389539718628,0.1363677978515625
14.824110746383667,0.1363677978515625
14.834814310073853,0.1363677978515625
14.845516681671143,0.1363677978515625
14.856232166290283,0.1363677978515625
14.866958856582642,0.1363677978515625
14.877661228179932,0.1363677978515625
14.888389348983765,0.1363677978515625
14.899110555648804,0.1363677978515625
14.909815788269043,0.1363677978515625
14.920536756515503,0.13661956787109375
14.931255578994751,0.1367645263671875
14.941972017288208,0.13861846923828125
14.952695846557617,0.13983917236328125
14.963428735733032,0.14123916625976562
14.97416377067566,0.14273452758789062
14.984893560409546,0.144622802734375
14.995622158050537,0.14540481567382812
15.006337881088257,0.14540481567382812
15.01706838607788,0.14540481567382812
15.027783155441284,0.14540481567382812
15.038494348526001,0.14540481567382812
15.049232006072998,0.14540481567382812
15.05996322631836,0.14540481567382812
15.070672750473022,0.14540481567382812
15.08139705657959,0.14540481567382812
15.092122793197632,0.14540481567382812
15.102856397628784,0.14540481567382812
15.113593578338623,0.14540481567382812
15.124320030212402,0.14540481567382812
15.135037422180176,0.14540481567382812
15.145750284194946,0.14540481567382812
15.156468152999878,0.14540481567382812
15.167194604873657,0.14540481567382812
15.177909851074219,0.14540481567382812
15.188615322113037,0.14540481567382812
15.19933032989502,0.14540481567382812
15.210057735443115,0.14540481567382812
15.22077465057373,0.14540481567382812
15.231479167938232,0.14540481567382812
15.242202997207642,0.14540481567382812
15.252919435501099,0.14540481567382812
15.263630390167236,0.14540481567382812
15.27435851097107,0.14540481567382812
15.285077571868896,0.14540481567382812
15.29579472541809,0.14540481567382812
15.306523323059082,0.14540481567382812
15.317258596420288,0.14540481567382812
15.327986240386963,0.14540481567382812
15.338704824447632,0.14540481567382812
15.349441051483154,0.14540481567382812
15.360167503356934,0.14540481567382812
15.370901346206665,0.14540481567382812
15.381608247756958,0.14540481567382812
15.392334222793579,0.14540481567382812
15.40306830406189,0.14540481567382812
15.41379976272583,0.14540481567382812
15.42452096939087,0.14540481567382812
15.435256958007812,0.14540481567382812
15.445982217788696,0.14540481567382812
15.456691265106201,0.14540481567382812
15.467425107955933,0.14540481567382812
15.478151559829712,0.14540481567382812
15.488880157470703,0.14540481567382812
15.49959945678711,0.14540481567382812
15.510329723358154,0.14540481567382812
15.521049976348877,0.14540481567382812
15.53175950050354,0.14540481567382812
15.54248309135437,0.14540481567382812
15.553211450576782,0.14540481567382812
15.563947439193726,0.14540481567382812
15.574671506881714,0.14540481567382812
15.585411310195923,0.14540481567382812
15.596131086349487,0.14540481567382812
15.606855630874634,0.14540481567382812
15.617573022842407,0.14540481567382812
15.628296613693237,0.14540481567382812
15.63901686668396,0.14540481567382812
15.649723768234253,0.14540481567382812
15.66045880317688,0.14540481567382812
15.671186208724976,0.14540481567382812
15.681915283203125,0.14540481567382812
15.692626953125,0.14540481567382812
15.703349113464355,0.14540481567382812
15.714075088500977,0.14540481567382812
15.724780797958374,0.14540481567382812
15.73549747467041,0.14590835571289062
15.746231317520142,0.14609146118164062
15.756973505020142,0.14673233032226562
15.76769495010376,0.14698410034179688
15.778431415557861,0.14698410034179688
15.789177179336548,0.14698410034179688
15.799919366836548,0.14698410034179688
15.810660123825073,0.14698410034179688
15.821380376815796,0.14698410034179688
15.832099914550781,0.14698410034179688
15.84281063079834,0.14698410034179688
15.853529453277588,0.14698410034179688
15.864258050918579,0.14698410034179688
15.874978303909302,0.14698410034179688
15.885683059692383,0.14698410034179688
15.896416664123535,0.14698410034179688
15.907148361206055,0.14698410034179688
15.917872190475464,0.14698410034179688
15.928600549697876,0.14698410034179688
15.939339637756348,0.14776992797851562
15.950072765350342,0.14802169799804688
15.960794448852539,0.14827346801757812
15.971511840820312,0.14827346801757812
15.982230186462402,0.14827346801757812
15.992947340011597,0.14827346801757812
16.003684043884277,0.14827346801757812
16.01442003250122,0.14827346801757812
16.025147676467896,0.14827346801757812
16.03589153289795,0.14827346801757812
16.046608924865723,0.14827346801757812
16.0573410987854,0.14827346801757812
16.068077325820923,0.14827346801757812
16.078797101974487,0.14827346801757812
16.089521408081055,0.14827346801757812
16.100250005722046,0.14827346801757812
16.111003875732422,0.14827346801757812
16.121716260910034,0.14827346801757812
16.132461309432983,0.14852523803710938
16.143193006515503,0.14852523803710938
16.153935432434082,0.14852523803710938
16.164661645889282,0.14852523803710938
16.175405502319336,0.14852523803710938
16.18613362312317,0.14852523803710938
16.19791007041931,0.14852523803710938
16.210997343063354,0.14852523803710938
16.221763610839844,0.14852523803710938
16.23250651359558,0.14852523803710938
16.243244886398315,0.14852523803710938
16.25397539138794,0.14852523803710938
16.264697551727295,0.14852523803710938
16.27542519569397,0.14852523803710938
16.286158800125122,0.14852523803710938
16.296882152557373,0.14852523803710938
16.307593822479248,0.14852523803710938
16.31831645965576,0.14852523803710938
16.32903790473938,0.14852523803710938
16.339763879776,0.14930343627929688
16.35049343109131,0.15004348754882812
16.36121964454651,0.1509552001953125
16.37194561958313,0.15313339233398438
16.382659435272217,0.15465164184570312
16.393388032913208,0.154998779296875
16.404107093811035,0.15549850463867188
16.414878129959106,0.15600204467773438
16.425594806671143,0.15679931640625
16.43631410598755,0.157257080078125
16.44703722000122,0.15790176391601562
16.457753658294678,0.15885543823242188
16.46846342086792,0.15910720825195312
16.479191303253174,0.16025161743164062
16.489909648895264,0.16025161743164062
16.500614166259766,0.16025161743164062
16.511329889297485,0.16025161743164062
16.522056102752686,0.16025161743164062
16.532766580581665,0.16025161743164062
16.54349446296692,0.16025161743164062
16.554213762283325,0.16025161743164062
16.564934015274048,0.16025161743164062
16.575660228729248,0.16025161743164062
16.586392879486084,0.16025161743164062
16.59713625907898,0.16025161743164062
16.60786747932434,0.16025161743164062
16.618595600128174,0.16025161743164062
16.629321813583374,0.16025161743164062
16.640031814575195,0.16025161743164062
16.650734901428223,0.16050338745117188
16.661463499069214,0.16050338745117188
16.67218279838562,0.16050338745117188
16.682916402816772,0.16050338745117188
16.69361639022827,0.16050338745117188
16.704335927963257,0.16050338745117188
16.715059995651245,0.16050338745117188
16.725772619247437,0.16050338745117188
16.73647975921631,0.16050338745117188
16.74720597267151,0.16100692749023438
16.75793194770813,0.16125869750976562
16.768650770187378,0.16151046752929688
16.779365301132202,0.16195297241210938
16.79008436203003,0.16195297241210938
16.80080008506775,0.16195297241210938
16.81151008605957,0.16195297241210938
16.822237730026245,0.16195297241210938
16.832961559295654,0.16195297241210938
16.843668222427368,0.16195297241210938
16.854384183883667,0.16195297241210938
16.865097045898438,0.16195297241210938
16.87579917907715,0.16195297241210938
16.88650417327881,0.16195297241210938
16.897242546081543,0.16195297241210938
16.907966375350952,0.16195297241210938
16.91866970062256,0.16195297241210938
16.929391860961914,0.16195297241210938
16.940104484558105,0.16195297241210938
16.95081853866577,0.16278076171875
16.96152663230896,0.16344833374023438
16.972241163253784,0.16344833374023438
16.982961177825928,0.16344833374023438
16.9936625957489,0.16344833374023438
17.004390716552734,0.16344833374023438
17.015109062194824,0.16344833374023438
17.025815725326538,0.16344833374023438
17.036522150039673,0.16344833374023438
17.047239303588867,0.16344833374023438
17.05795383453369,0.16344833374023438
17.068665027618408,0.16344833374023438
17.079387426376343,0.16344833374023438
17.090099334716797,0.16344833374023438
17.100810766220093,0.16344833374023438
17.111512660980225,0.16344833374023438
17.122230291366577,0.16344833374023438
17.132946729660034,0.16344833374023438
17.143651723861694,0.16344833374023438
17.154366493225098,0.16344833374023438
17.16507887840271,0.16344833374023438
17.17578959465027,0.16344833374023438
17.18649911880493,0.16344833374023438
17.197214603424072,0.16344833374023438
17.20793652534485,0.16344833374023438
17.218648195266724,0.16344833374023438
17.229362726211548,0.16344833374023438
17.24008560180664,0.16344833374023438
17.25078582763672,0.16344833374023438
17.261478185653687,0.16344833374023438
17.272196769714355,0.16344833374023438
17.282914638519287,0.16344833374023438
17.293617725372314,0.16344833374023438
17.30432963371277,0.16344833374023438
17.315043926239014,0.16344833374023438
17.325743913650513,0.16344833374023438
17.33647108078003,0.16344833374023438
17.347216844558716,0.16344833374023438
17.35793709754944,0.16344833374023438
17.368640899658203,0.16344833374023438
17.379365921020508,0.16344833374023438
17.390085458755493,0.16344833374023438
17.400802850723267,0.16344833374023438
17.4115207195282,0.16344833374023438
17.42224144935608,0.16344833374023438
17.432955980300903,0.16344833374023438
17.4436993598938,0.16344833374023438
17.45441508293152,0.16344833374023438
17.465139627456665,0.16344833374023438
17.475863695144653,0.16344833374023438
17.486563205718994,0.16344833374023438
17.49728751182556,0.16344833374023438
17.50801658630371,0.16344833374023438
17.51872158050537,0.16344833374023438
17.529439687728882,0.16344833374023438
17.540157318115234,0.16344833374023438
17.550878524780273,0.16344833374023438
17.56158947944641,0.16344833374023438
17.57231092453003,0.16344833374023438
17.583030700683594,0.16344833374023438
17.59374451637268,0.16344833374023438
17.604456901550293,0.16344833374023438
17.615179300308228,0.16344833374023438
17.62590479850769,0.16344833374023438
17.636600732803345,0.16344833374023438
17.6473228931427,0.16344833374023438
17.65805435180664,0.16344833374023438
17.66877007484436,0.16344833374023438
17.679485082626343,0.16344833374023438
17.690202951431274,0.16344833374023438
17.70092010498047,0.16344833374023438
17.711629390716553,0.16344833374023438
17.722349882125854,0.16344833374023438
17.733073949813843,0.16344833374023438
17.743786334991455,0.163787841796875
17.754496812820435,0.163787841796875
17.765215396881104,0.163787841796875
17.77594542503357,0.163787841796875
17.786645889282227,0.163787841796875
17.797357082366943,0.163787841796875
17.808075189590454,0.163787841796875
17.818776845932007,0.163787841796875
17.82948088645935,0.163787841796875
17.84019923210144,0.163787841796875
17.8509578704834,0.163787841796875
17.861659049987793,0.163787841796875
17.872375965118408,0.163787841796875
17.883090257644653,0.163787841796875
17.89379334449768,0.163787841796875
17.9044930934906,0.163787841796875
17.915210485458374,0.163787841796875
17.925936460494995,0.163787841796875
17.936635971069336,0.163787841796875
17.947354793548584,0.163787841796875
17.958073377609253,0.163787841796875
17.968773365020752,0.163787841796875
17.97947335243225,0.163787841796875
17.99019694328308,0.163787841796875
18.000914335250854,0.163787841796875
18.0116286277771,0.163787841796875
18.02234959602356,0.163787841796875
18.033110857009888,0.163787841796875
18.043813943862915,0.163787841796875
18.054529428482056,0.163787841796875
18.065247297286987,0.163787841796875
18.075981855392456,0.163787841796875
18.08668541908264,0.163787841796875
18.097400188446045,0.163787841796875
18.108118295669556,0.163787841796875
18.118821382522583,0.163787841796875
18.129547119140625,0.163787841796875
18.14026427268982,0.163787841796875
18.150981187820435,0.163787841796875
18.161682605743408,0.163787841796875
18.172404050827026,0.163787841796875
18.183151721954346,0.163787841796875
18.193868398666382,0.163787841796875
18.204576015472412,0.163787841796875
18.215291023254395,0.163787841796875
18.226011753082275,0.163787841796875
18.236713886260986,0.163787841796875
18.24743628501892,0.163787841796875
18.258173942565918,0.163787841796875
18.268890380859375,0.163787841796875
18.279594659805298,0.163787841796875
18.290311336517334,0.163787841796875
18.301026105880737,0.163787841796875
18.311728954315186,0.163787841796875
18.32245111465454,0.163787841796875
18.333173274993896,0.163787841796875
18.343894720077515,0.163787841796875
18.354608297348022,0.16403961181640625
18.365325212478638,0.16403961181640625
18.376046657562256,0.16403961181640625
18.386759996414185,0.16403961181640625
18.397483110427856,0.16403961181640625
18.408217191696167,0.16403961181640625
18.418953895568848,0.16403961181640625
18.429657220840454,0.16403961181640625
18.440369606018066,0.16403961181640625
18.451083660125732,0.16403961181640625
18.461790800094604,0.16454315185546875
18.472496271133423,0.16454315185546875
18.483219146728516,0.16454315185546875
18.493939876556396,0.16454315185546875
18.504650354385376,0.16454315185546875
18.515363216400146,0.16454315185546875
18.526082038879395,0.16454315185546875
18.53678250312805,0.16454315185546875
18.547485828399658,0.16454315185546875
18.55821704864502,0.164794921875
18.568942308425903,0.164794921875
18.5796537399292,0.164794921875
18.590383529663086,0.164794921875
18.601113319396973,0.164794921875
18.611820459365845,0.164794921875
18.622540712356567,0.164794921875
18.633253574371338,0.164794921875
18.643964052200317,0.164794921875
18.654666662216187,0.164794921875
18.66537880897522,0.164794921875
18.676107168197632,0.164794921875
18.686813592910767,0.164794921875
18.69751477241516,0.164794921875
18.708235502243042,0.164794921875
18.718971967697144,0.164794921875
18.729674100875854,0.164794921875
18.74040150642395,0.164794921875
18.75113272666931,0.164794921875
18.76185154914856,0.164794921875
18.772566318511963,0.164794921875
18.783283233642578,0.164794921875
18.794008255004883,0.164794921875
18.804722547531128,0.164794921875
18.815446376800537,0.164794921875
18.826188325881958,0.164794921875
18.836912870407104,0.164794921875
18.8476243019104,0.164794921875
18.85835361480713,0.164794921875
18.869075536727905,0.164794921875
18.879804849624634,0.164794921875
18.89051628112793,0.164794921875
18.9012348651886,0.164794921875
18.911953926086426,0.164794921875
18.922661542892456,0.164794921875
18.93339204788208,0.164794921875
18.94411540031433,0.164794921875
18.95483660697937,0.164794921875
18.96553874015808,0.164794921875
18.97626805305481,0.164794921875
18.986976146697998,0.164794921875
18.997676134109497,0.164794921875
19.00840139389038,0.164794921875
19.019113540649414,0.164794921875
19.029816150665283,0.164794921875
19.040523052215576,0.164794921875
19.051236629486084,0.164794921875
19.061957359313965,0.16544723510742188
19.072667121887207,0.168975830078125
19.08338236808777,0.16955947875976562
19.09410047531128,0.17012405395507812
19.10480833053589,0.1708831787109375
19.115527629852295,0.171875
19.126246452331543,0.1736602783203125
19.136969566345215,0.17542266845703125
19.14767336845398,0.1763153076171875
19.158400774002075,0.17681884765625
19.169124603271484,0.17707061767578125
19.179841995239258,0.1773223876953125
19.190566539764404,0.17791748046875
19.201624155044556,0.5349044799804688
19.212868452072144,0.8940544128417969
19.224313497543335,1.2515640258789062
19.236055612564087,1.7285003662109375
19.247992992401123,2.0875473022460938
19.259857416152954,2.08758544921875
19.271681547164917,2.08758544921875
19.283567190170288,2.08758544921875
19.295398235321045,2.08758544921875
19.307254791259766,2.08758544921875
19.319076538085938,2.08758544921875
19.3309166431427,2.08758544921875
19.342739582061768,2.08758544921875
19.354588508605957,2.08758544921875
19.366631507873535,2.1899795532226562
19.3784658908844,2.207805633544922
19.39030385017395,2.2089385986328125
19.40215516090393,2.2106857299804688
19.41399097442627,2.2118682861328125
19.425838232040405,2.2145462036132812
19.437686443328857,2.2150230407714844
19.44952893257141,2.2167625427246094
19.461365699768066,2.2190170288085938
19.473239421844482,2.2202529907226562
19.485097408294678,2.2229957580566406
19.496957302093506,2.223613739013672
19.50881004333496,2.2260704040527344
19.520636796951294,2.228038787841797
19.53251028060913,2.3209075927734375
19.544384717941284,2.454925537109375
19.556424379348755,2.5329132080078125
19.56827664375305,2.4303741455078125
19.580162286758423,2.6143760681152344
19.59218406677246,2.914478302001953
19.604047536849976,3.3442955017089844
19.615901470184326,3.293994903564453
19.627751111984253,3.3952407836914062
19.639603853225708,3.4133529663085938
19.651463508605957,3.6655120849609375
19.66331958770752,3.66229248046875
19.67516827583313,3.643749237060547
19.687032222747803,3.373291015625
19.698926210403442,3.4387741088867188
19.710771083831787,3.4837265014648438
19.722620487213135,3.7397422790527344
19.73446750640869,3.867237091064453
19.747931241989136,4.256935119628906
19.76158380508423,4.232975006103516
19.77458167076111,4.341590881347656
19.787424325942993,4.2848663330078125
19.800341367721558,4.480754852294922
19.813265323638916,4.931064605712891
19.826196670532227,5.2369842529296875
19.83923077583313,5.347812652587891
19.85215425491333,5.204891204833984
19.865071535110474,5.365085601806641
19.878148555755615,5.573749542236328
19.89122772216797,5.395668029785156
19.905223608016968,5.469585418701172
19.91973853111267,5.519168853759766
19.932887315750122,5.634860992431641
19.9467134475708,5.723514556884766
19.959754467010498,5.757976531982422
19.97260856628418,5.644596099853516
19.98558211326599,5.776836395263672
19.998650550842285,5.812946319580078
20.011847257614136,5.901569366455078
20.02475643157959,5.962394714355469
20.037904500961304,6.0250091552734375
20.051066875457764,6.099185943603516
20.06420588493347,6.257728576660156
20.077229738235474,6.380760192871094
20.090760707855225,6.417446136474609
20.10369300842285,6.361061096191406
20.11676263809204,6.5735931396484375
20.12988567352295,6.619880676269531
20.142767190933228,6.634010314941406
20.156024932861328,6.6681060791015625
20.169270515441895,6.659446716308594
20.182373762130737,6.550769805908203
20.19563603401184,6.545047760009766
20.209095001220703,6.870326995849609
20.22254228591919,6.8008880615234375
20.236380100250244,6.730075836181641
20.250470399856567,6.917747497558594
20.264448881149292,6.708110809326172
20.2787823677063,6.953193664550781
20.293349266052246,6.975166320800781
20.30744481086731,7.119213104248047
20.321295976638794,7.2561492919921875
20.3350248336792,6.979850769042969
20.348705530166626,7.258232116699219
20.362205266952515,6.986896514892578
20.37611699104309,7.217216491699219
20.389854192733765,7.294658660888672
20.403273105621338,7.304729461669922
20.416764736175537,7.276393890380859
20.430530548095703,7.347576141357422
20.444433450698853,7.269283294677734
20.458823680877686,7.189884185791016
20.472163438796997,7.390377044677734
20.485544204711914,7.384487152099609
20.49964666366577,7.298728942871094
20.51326847076416,7.3231048583984375
20.52698302268982,7.439079284667969
20.54085898399353,7.317859649658203
20.554436683654785,7.128269195556641
20.568735361099243,7.302482604980469
20.582958221435547,7.291728973388672
20.59668469429016,7.311351776123047
20.610355377197266,7.272296905517578
20.624017477035522,7.301776885986328
20.637516975402832,7.375877380371094
20.65136480331421,7.330394744873047
20.66447877883911,7.2260284423828125
20.67843461036682,7.3932342529296875
20.691922664642334,7.3773040771484375
20.706091165542603,7.354469299316406
20.720234155654907,7.278545379638672
20.734384059906006,7.520664215087891
20.74802803993225,7.250957489013672
20.76161527633667,7.193065643310547
20.775304317474365,7.305908203125
20.789182901382446,7.391010284423828
20.80300736427307,7.241817474365234
20.816481590270996,7.56414794921875
20.830111026763916,7.387760162353516
20.84596300125122,7.210563659667969
20.859679460525513,7.334415435791016
20.873174905776978,7.368141174316406
20.886690616607666,7.454814910888672
20.8997642993927,7.402782440185547
20.914000988006592,7.558948516845703
20.927890300750732,7.233985900878906
20.941372871398926,7.298053741455078
20.95468282699585,7.136600494384766
20.968078136444092,7.285491943359375
20.981451749801636,7.405780792236328
20.994798183441162,7.5172576904296875
21.008060693740845,7.444587707519531
21.02163052558899,7.198040008544922
21.034929513931274,7.059261322021484
21.048351287841797,7.1957855224609375
21.061941862106323,7.379005432128906
21.075361728668213,7.5576629638671875
21.088610410690308,7.321720123291016
21.102137804031372,7.385250091552734
21.115357875823975,7.338356018066406
21.129223823547363,7.279453277587891
21.1432101726532,7.1565093994140625
21.156882524490356,7.27081298828125
21.17068314552307,7.427860260009766
21.18425965309143,7.210693359375
21.198083639144897,7.442356109619141
21.211301803588867,7.393100738525391
21.22528910636902,7.183258056640625
21.238743782043457,7.196353912353516
21.252185583114624,7.285861968994141
21.26564121246338,7.464103698730469
21.27920365333557,7.494709014892578
21.292378664016724,7.428424835205078
21.306185007095337,7.4372406005859375
21.319679975509644,7.2736358642578125
21.33346128463745,7.256595611572266
21.347950220108032,7.320171356201172
21.361616373062134,7.195182800292969
21.375657081604004,7.454639434814453
21.389605283737183,7.370052337646484
21.40403389930725,7.200389862060547
21.41772198677063,7.416194915771484
21.43096423149109,7.220081329345703
21.444390773773193,7.235500335693359
21.458017110824585,7.464546203613281
21.471416234970093,7.3272857666015625
21.48501443862915,7.1946563720703125
21.498371839523315,7.328315734863281
21.51191806793213,7.214260101318359
21.525612592697144,7.549125671386719
21.538973569869995,7.251071929931641
21.55368423461914,7.100139617919922
21.567091464996338,7.436920166015625
21.58045983314514,7.4926910400390625
21.59362292289734,7.325580596923828
21.60734462738037,7.3932952880859375
21.620568990707397,7.394927978515625
21.63371443748474,7.253368377685547
21.647220611572266,7.287818908691406
21.66106152534485,7.190807342529297
21.67461895942688,7.320960998535156
21.688056707382202,7.523960113525391
21.701512098312378,7.348503112792969
21.71527123451233,7.233531951904297
21.728874683380127,7.404842376708984
21.74221920967102,7.299152374267578
21.755711793899536,7.26177978515625
21.76915431022644,7.364288330078125
21.783390283584595,7.1783905029296875
21.796615600585938,7.1425323486328125
21.809878826141357,7.473117828369141
21.823235511779785,7.380771636962891
21.836782217025757,7.315265655517578
21.850234746932983,7.348155975341797
21.863819122314453,7.415260314941406
21.877387762069702,7.436119079589844
21.891384840011597,7.378849029541016
21.905534505844116,7.3390350341796875
21.919044256210327,7.2887725830078125
21.933409690856934,7.277381896972656
21.947261333465576,7.24969482421875
21.961095094680786,7.267112731933594
21.974844455718994,7.308403015136719
21.988656997680664,7.216693878173828
22.002427339553833,7.3875885009765625
22.016485691070557,7.342205047607422
22.030739784240723,7.129661560058594
22.044483423233032,7.355747222900391
22.05832529067993,7.5582427978515625
22.072078227996826,7.145229339599609
22.085628271102905,7.225654602050781
22.099090576171875,7.2042999267578125
22.11274743080139,7.471202850341797
22.125921964645386,7.2093353271484375
22.14004874229431,7.241619110107422
22.15389370918274,7.086711883544922
22.167489528656006,7.436779022216797
22.181227684020996,7.494537353515625
22.194966316223145,7.160511016845703
22.20888090133667,7.319011688232422
22.222275257110596,7.238430023193359
22.235695362091064,7.332416534423828
22.249305248260498,7.4292449951171875
22.26309323310852,7.402317047119141
22.276328086853027,7.406314849853516
22.289658784866333,7.161342620849609
22.303139448165894,7.2861328125
22.3166766166687,7.4399871826171875
22.32994842529297,7.357532501220703
22.343417167663574,7.373237609863281
22.356738805770874,7.139900207519531
22.37006163597107,7.1879730224609375
22.38334846496582,7.395214080810547
22.397329092025757,7.402149200439453
22.4108624458313,7.134906768798828
22.424398183822632,7.286296844482422
22.43827486038208,7.2995758056640625
22.452383041381836,7.396549224853516
22.466304779052734,7.428840637207031
22.480161905288696,7.354282379150391
22.49392294883728,7.4747314453125
22.507489442825317,7.161540985107422
22.5212185382843,7.348293304443359
22.53481435775757,7.408390045166016
22.54865527153015,7.294059753417969
22.562469005584717,7.470916748046875
22.5759379863739,7.397621154785156
22.590967655181885,7.124820709228516
22.60527777671814,7.410785675048828
22.619280099868774,7.498394012451172
22.63282322883606,7.405490875244141
22.646695613861084,7.401939392089844
22.66049098968506,7.292369842529297
22.674172163009644,7.200687408447266
22.68794274330139,7.430450439453125
22.70169997215271,7.548587799072266
22.71544861793518,7.359279632568359
22.729554176330566,7.381107330322266
22.743369579315186,7.3122406005859375
22.757012367248535,7.36865234375
22.770869731903076,7.312885284423828
22.7847158908844,7.368869781494141
22.79819130897522,7.206325531005859
22.812215566635132,7.357475280761719
22.825904369354248,7.473796844482422
22.8394992351532,7.518226623535156
22.8530113697052,7.222866058349609
22.866955041885376,7.559261322021484
22.88065242767334,7.270359039306641
22.89433717727661,7.521427154541016
22.908140897750854,7.375263214111328
22.92205047607422,7.445377349853516
22.935898542404175,7.461498260498047
22.94960331916809,7.336688995361328
22.963308811187744,7.484344482421875
22.977158308029175,7.373859405517578
22.991065502166748,7.348125457763672
23.004714488983154,7.311607360839844
23.01872158050537,7.559417724609375
23.032435655593872,7.317104339599609
23.046175241470337,7.3889312744140625
23.06001877784729,7.5200347900390625
23.07381248474121,7.504627227783203
23.087412357330322,7.442344665527344
23.10122537612915,7.417457580566406
23.114747285842896,7.4786529541015625
23.128045558929443,7.620571136474609
23.141773223876953,7.3433685302734375
23.155320167541504,7.240947723388672
23.168689489364624,7.178096771240234
23.18231987953186,7.5240020751953125
23.196176052093506,7.522541046142578
23.210073709487915,7.189693450927734
23.2235746383667,7.452507019042969
23.237048149108887,7.398365020751953
23.250680685043335,7.2435302734375
23.264427185058594,7.3974151611328125
23.277912139892578,7.309471130371094
23.291361093521118,7.307304382324219
23.30466651916504,7.367607116699219
23.318100214004517,7.443935394287109
23.33185338973999,7.657314300537109
23.345518112182617,7.3023834228515625
23.359369039535522,7.452350616455078
23.3731746673584,7.517803192138672
23.387293100357056,7.655872344970703
23.40103268623352,7.522563934326172
23.414607048034668,7.365821838378906
23.427937269210815,7.411823272705078
23.441507577896118,7.684043884277344
23.45499348640442,7.433292388916016
23.46860909461975,7.514701843261719
23.482171297073364,7.479076385498047
23.495428323745728,7.500343322753906
23.50933527946472,7.724452972412109
23.5234272480011,7.634876251220703
23.538309812545776,7.680408477783203
23.55169987678528,7.533321380615234
23.56513786315918,7.572132110595703
23.578585147857666,7.6180267333984375
23.591838598251343,7.637401580810547
23.605520725250244,7.638790130615234
23.619506359100342,7.718563079833984
23.633071422576904,7.703105926513672
23.646957874298096,7.574005126953125
23.660696506500244,7.632091522216797
23.674738883972168,7.718669891357422
23.688459396362305,7.910541534423828
23.70210862159729,7.686168670654297
23.71586298942566,7.602344512939453
23.729504585266113,7.873409271240234
23.743702173233032,7.73907470703125
23.757508993148804,7.72698974609375
23.771780252456665,7.735988616943359
23.785777807235718,7.628284454345703
23.799556970596313,7.866851806640625
23.813308000564575,7.577983856201172
23.826971530914307,7.6085205078125
23.84065866470337,7.637367248535156
23.854729413986206,7.8082733154296875
23.868044137954712,7.595832824707031
23.881880521774292,7.587947845458984
23.895282983779907,7.586246490478516
23.9087073802948,7.7707977294921875
23.922412633895874,7.9851837158203125
23.936079025268555,7.829761505126953
23.949642181396484,7.6397552490234375
23.96333956718445,7.674571990966797
23.977190256118774,7.765071868896484
23.99114227294922,7.8486175537109375
24.005043268203735,7.587352752685547
24.01847219467163,7.517822265625
24.031960487365723,7.7693023681640625
24.045517444610596,7.770061492919922
24.05907917022705,7.7015838623046875
24.07310652732849,7.570003509521484
24.086681842803955,7.7990570068359375
24.10011625289917,7.739559173583984
24.113868713378906,7.693454742431641
24.127490043640137,7.749530792236328
24.140984058380127,7.817943572998047
24.15443205833435,7.901611328125
24.168027877807617,7.9217529296875
24.1815664768219,7.935024261474609
24.19537377357483,7.761085510253906
24.208754301071167,7.722629547119141
24.22201180458069,7.73260498046875
24.235365629196167,7.736530303955078
24.24917459487915,7.771785736083984
24.26307225227356,7.615879058837891
24.276466608047485,7.909088134765625
24.28994107246399,7.796474456787109
24.303439617156982,7.846782684326172
24.316945791244507,7.932132720947266
24.330859422683716,7.9099578857421875
24.3443341255188,8.076248168945312
24.35825753211975,7.874614715576172
24.37233066558838,7.937347412109375
24.385401248931885,7.8527374267578125
24.39942979812622,8.10239028930664
24.412947177886963,8.043018341064453
24.42621898651123,8.034011840820312
24.439450979232788,8.050933837890625
24.452723503112793,7.963306427001953
24.466264486312866,8.239025115966797
24.480096578598022,8.014556884765625
24.493810892105103,7.958538055419922
24.50778102874756,8.081428527832031
24.52131962776184,8.28121566772461
24.535133838653564,8.147014617919922
24.548958778381348,8.005348205566406
24.5628399848938,8.176429748535156
24.576120615005493,8.059322357177734
24.589867115020752,8.2987060546875
24.603277683258057,8.02920150756836
24.616822957992554,8.00748062133789
24.630336046218872,8.096908569335938
24.643932819366455,8.015422821044922
24.657979488372803,8.121101379394531
24.67213249206543,8.10162353515625
24.686015129089355,8.17556381225586
24.69958758354187,7.994483947753906
24.713797569274902,8.066791534423828
24.727338790893555,8.103340148925781
24.740882635116577,8.195270538330078
24.75472855567932,8.18106460571289
24.767823934555054,8.146366119384766
24.780932188034058,8.183372497558594
24.794384241104126,8.224506378173828
24.807811737060547,8.187080383300781
24.821701765060425,8.072113037109375
24.83529758453369,8.254989624023438
24.848703622817993,8.268329620361328
24.862472534179688,8.161006927490234
24.87601065635681,8.116195678710938
24.889710664749146,8.376380920410156
24.903249502182007,8.150810241699219
24.917001962661743,8.346153259277344
24.9306538105011,8.225200653076172
24.94427752494812,8.29172134399414
24.958093404769897,8.361175537109375
24.971506118774414,8.255912780761719
24.98521399497986,8.221511840820312
24.998761892318726,8.53274154663086
25.012294054031372,8.172752380371094
25.026193380355835,8.101432800292969
25.03978157043457,8.422393798828125
25.05341911315918,8.304710388183594
25.06731653213501,8.249053955078125
25.081081867218018,8.284065246582031
25.09479022026062,8.388107299804688
25.108245134353638,8.358451843261719
25.121549606323242,8.407726287841797
25.13514804840088,8.344955444335938
25.148616075515747,8.339092254638672
25.161869287490845,8.21402359008789
25.175060033798218,8.478218078613281
25.188462495803833,8.473068237304688
25.20216464996338,8.56710433959961
25.216242790222168,8.547027587890625
25.23012900352478,8.483356475830078
25.243600368499756,8.538467407226562
25.2568998336792,8.45492172241211
25.27029323577881,8.504112243652344
25.283495664596558,8.519832611083984
25.29688334465027,8.62008285522461
25.310236930847168,8.492523193359375
25.323874473571777,8.59246826171875
25.337581157684326,8.824195861816406
25.351216793060303,8.621711730957031
25.365910053253174,8.642120361328125
25.379318952560425,8.72134780883789
25.392767906188965,8.868297576904297
25.406309127807617,8.642578125
25.420016288757324,8.821983337402344
25.433484077453613,8.65493392944336
25.447064876556396,8.511825561523438
25.460450649261475,8.735733032226562
25.474916219711304,8.952289581298828
25.4886372089386,8.64227294921875
25.502180337905884,8.743309020996094
25.515438318252563,8.515449523925781
25.529000282287598,8.781238555908203
25.5426504611969,8.941822052001953
25.556251764297485,8.623741149902344
25.569756507873535,8.714042663574219
25.583523750305176,8.781963348388672
25.5970139503479,9.010860443115234
25.610570192337036,8.666618347167969
25.624122619628906,8.753959655761719
25.637635231018066,8.894153594970703
25.651054620742798,8.730121612548828
25.66436457633972,8.752803802490234
25.67780828475952,8.915149688720703
25.691375970840454,8.734817504882812
25.705646276474,8.69167709350586
25.719078302383423,8.864337921142578
25.73243546485901,9.039535522460938
25.74601721763611,9.018733978271484
25.759385108947754,8.59781265258789
25.772725105285645,8.151458740234375
25.786475896835327,8.422088623046875
25.799813747406006,8.032054901123047
25.813557624816895,8.389328002929688
25.827312231063843,8.226959228515625
25.841236114501953,8.363391876220703
25.854817628860474,8.408943176269531
25.868364334106445,8.17025375366211
25.881922721862793,8.390384674072266
25.895503997802734,8.391532897949219
25.909079551696777,8.304622650146484
25.922533750534058,8.353752136230469
25.935787200927734,8.346126556396484
25.949806928634644,8.406898498535156
25.963136911392212,8.506855010986328
25.976436138153076,8.405895233154297
25.989856004714966,8.267166137695312
26.003178119659424,8.500404357910156
26.016418933868408,8.333908081054688
26.02961254119873,8.252090454101562
26.043070077896118,8.295047760009766
26.057241439819336,8.374034881591797
26.07055401802063,8.450183868408203
26.083893060684204,8.34842300415039
26.09749984741211,8.393718719482422
26.1111159324646,8.649650573730469
26.124419927597046,8.465812683105469
26.138017654418945,8.426349639892578
26.151607275009155,8.617816925048828
26.16555142402649,8.683650970458984
26.17932438850403,8.652393341064453
26.193187713623047,8.55276870727539
26.20672631263733,8.597084045410156
26.22000741958618,8.655780792236328
26.233407735824585,8.797603607177734
26.246925592422485,8.924751281738281
26.26088833808899,8.812980651855469
26.27433753013611,8.092479705810547
26.28735327720642,8.023193359375
26.301209211349487,8.180072784423828
26.315143585205078,8.238208770751953
26.328965663909912,8.24163818359375
26.342726469039917,8.009502410888672
26.355960369110107,8.124282836914062
26.369480848312378,8.14693832397461
26.383105993270874,8.123176574707031
26.396540880203247,8.16214370727539
26.409823417663574,8.128673553466797
26.42314124107361,8.17138671875
26.436370611190796,8.360515594482422
26.449671983718872,8.357975006103516
26.463082551956177,8.256187438964844
26.47692370414734,8.378368377685547
26.490680694580078,8.456687927246094
26.503947257995605,8.568958282470703
26.51737117767334,8.558212280273438
26.530945301055908,8.443687438964844
26.544105291366577,7.8975677490234375
26.55741262435913,7.915771484375
26.570685863494873,8.010379791259766
26.584253787994385,8.116458892822266
26.597810983657837,7.923892974853516
26.611180782318115,7.8556976318359375
26.624330520629883,7.925365447998047
26.637595891952515,8.06032943725586
26.651145935058594,8.10018539428711
26.664347887039185,8.126102447509766
26.677754878997803,8.003128051757812
26.69176983833313,8.172721862792969
26.705596446990967,8.100879669189453
26.71942925453186,7.979560852050781
26.733288764953613,8.079551696777344
26.746920585632324,8.084724426269531
26.76037621498108,7.936199188232422
26.77389168739319,7.860191345214844
26.78733468055725,7.9713287353515625
26.801077842712402,8.19183349609375
26.814889907836914,8.053489685058594
26.82869791984558,7.905181884765625
26.841964721679688,8.25238037109375
26.85530400276184,8.12969970703125
26.868816614151,8.013736724853516
26.881940603256226,7.9736175537109375
26.895353078842163,8.170867919921875
26.90849542617798,8.13449478149414
26.921597003936768,8.292144775390625
26.93464231491089,8.126411437988281
26.948103427886963,8.272602081298828
26.961591482162476,8.321800231933594
26.97479557991028,8.364707946777344
26.988054513931274,8.307136535644531
27.00122332572937,7.708824157714844
27.01462149620056,7.8228302001953125
27.02799415588379,7.781230926513672
27.041309356689453,7.868465423583984
27.054441452026367,7.936443328857422
27.06806969642639,8.108043670654297
27.081410884857178,7.991123199462891
27.095136642456055,7.827239990234375
27.1083505153656,7.336669921875
27.12157654762268,7.5003509521484375
27.134998083114624,7.557563781738281
27.1485435962677,7.474895477294922
27.161768436431885,7.4198455810546875
27.17571711540222,7.651008605957031
27.188900232315063,7.453056335449219
27.202245235443115,7.423816680908203
27.215248823165894,7.482822418212891
27.22883915901184,7.752296447753906
27.242899179458618,7.4153900146484375
27.256339073181152,7.451103210449219
27.2697274684906,7.568794250488281
27.28299641609192,7.438385009765625
27.296538829803467,7.435066223144531
27.310307264328003,7.5813446044921875
27.323775053024292,7.698554992675781
27.337318181991577,7.601329803466797
27.350961923599243,7.816867828369141
27.365368127822876,7.845268249511719
27.37856364250183,7.932376861572266
27.39185094833374,7.8994293212890625
27.40517544746399,8.040428161621094
27.41839051246643,8.112804412841797
27.432223558425903,8.155574798583984
27.44567632675171,8.018516540527344
27.458689212799072,7.391757965087891
27.47243309020996,7.520839691162109
27.487747192382812,7.578769683837891
27.500869512557983,6.912288665771484
27.51374387741089,6.911968231201172
27.527378797531128,6.841087341308594
27.540771007537842,7.090137481689453
27.554001331329346,7.078411102294922
27.56731915473938,6.855220794677734
27.580753803253174,6.913909912109375
27.59425401687622,6.752796173095703
27.607589721679688,6.846248626708984
27.620810508728027,6.938533782958984
27.634223222732544,7.02490234375
27.647594213485718,6.990081787109375
27.66075873374939,6.842750549316406
27.673981428146362,6.890789031982422
27.68717670440674,6.978137969970703
27.700927734375,7.018531799316406
27.7154438495636,7.108654022216797
27.728800773620605,7.031070709228516
27.74185538291931,7.033443450927734
27.75505232810974,7.010860443115234
27.768345594406128,7.078227996826172
27.781352519989014,6.998954772949219
27.79446530342102,7.088993072509766
27.8078715801239,7.037136077880859
27.8210608959198,7.113079071044922
27.835164785385132,7.127407073974609
27.848642826080322,7.119407653808594
27.861854791641235,7.198421478271484
27.874982595443726,7.255138397216797
27.8880512714386,7.290340423583984
27.90104031562805,7.07208251953125
27.914212226867676,6.580638885498047
27.927382707595825,6.778766632080078
27.94040608406067,6.701324462890625
27.953359127044678,6.5907135009765625
27.966176509857178,6.794269561767578
27.979289770126343,6.665748596191406
27.99229669570923,6.807415008544922
28.005513191223145,6.247802734375
28.018659114837646,6.215732574462891
28.03185200691223,6.135608673095703
28.044867277145386,6.2404937744140625
28.05802011489868,6.274482727050781
28.070968627929688,6.194831848144531
28.083921194076538,6.147769927978516
28.09703826904297,6.19873046875
28.110562562942505,6.340595245361328
28.12361216545105,6.106304168701172
28.1369731426239,6.149909973144531
28.150087118148804,6.230499267578125
28.163496732711792,6.354393005371094
28.177329063415527,6.385459899902344
28.19149398803711,6.329074859619141
28.204790592193604,6.339565277099609
28.218212604522705,6.445911407470703
28.23136878013611,6.376644134521484
28.24425172805786,6.353790283203125
28.256885766983032,6.333625793457031
28.269711017608643,6.477603912353516
28.28238606452942,6.462303161621094
28.295141458511353,6.4594268798828125
28.307865381240845,6.436004638671875
28.320518493652344,6.518138885498047
28.333950519561768,6.525821685791016
28.346978664398193,6.570011138916016
28.359681844711304,6.625209808349609
28.37257957458496,6.623287200927734
28.385273694992065,6.7548065185546875
28.397865056991577,6.690696716308594
28.410539865493774,6.749530792236328
28.424052238464355,6.7425689697265625
28.437129735946655,6.809288024902344
28.449790239334106,6.898220062255859
28.46278142929077,6.961170196533203
28.477296590805054,6.943088531494141
28.490692853927612,7.081043243408203
28.50387978553772,6.4685516357421875
28.517167806625366,6.522296905517578
28.5303213596344,6.356361389160156
28.54341745376587,6.3200531005859375
28.55625605583191,6.391536712646484
28.56929087638855,6.4501953125
28.58281397819519,6.535854339599609
28.59561324119568,6.60064697265625
28.608652353286743,6.652965545654297
28.62184190750122,6.715526580810547
28.635016202926636,6.7076416015625
28.648162841796875,6.773731231689453
28.661309957504272,6.878322601318359
28.674456119537354,6.802417755126953
28.6877224445343,6.948070526123047
28.700976133346558,6.947593688964844
28.7140691280365,7.074954986572266
28.727283000946045,7.142765045166016
28.740720987319946,7.205150604248047
28.753359079360962,6.530586242675781
28.766029357910156,6.642375946044922
28.77875304222107,6.6764373779296875
28.791362047195435,6.662471771240234
28.804136037826538,6.733802795410156
28.81663751602173,6.107196807861328
28.82891845703125,6.116222381591797
28.841053247451782,6.144275665283203
28.853302001953125,6.215995788574219
28.8650062084198,6.255825042724609
28.876723766326904,5.5869598388671875
28.888437747955322,5.639434814453125
28.900163412094116,5.6484527587890625
28.91189217567444,5.666229248046875
28.923592805862427,5.667140960693359
28.935307502746582,5.74957275390625
28.94700813293457,5.806850433349609
28.958910703659058,5.802417755126953
28.970611095428467,5.857246398925781
28.9823157787323,5.9679718017578125
28.994021892547607,5.3578338623046875
29.005720138549805,5.3391265869140625
29.017419815063477,5.405948638916016
29.029104709625244,4.689548492431641
29.040776014328003,4.725070953369141
29.052448511123657,4.765285491943359
29.064139127731323,4.761726379394531
29.075807809829712,4.794483184814453
29.08745265007019,4.1284027099609375
29.09916067123413,4.131805419921875
29.110874891281128,4.133308410644531
29.12257146835327,4.133548736572266
29.13426399230957,4.133548736572266
29.145970106124878,4.133548736572266
29.15764880180359,4.133548736572266
29.169351816177368,4.133548736572266
29.18106746673584,4.133548736572266
29.19276237487793,4.133758544921875
29.204463958740234,4.133758544921875
29.21615719795227,4.133758544921875
29.227885246276855,4.133758544921875
29.239582538604736,4.133758544921875
29.251283645629883,4.133758544921875
29.262973308563232,4.133758544921875
29.274656534194946,4.133758544921875
29.286368370056152,4.133758544921875
29.2980637550354,4.133758544921875
29.30976676940918,4.133758544921875
29.321463108062744,4.1339111328125
29.333178281784058,4.1339111328125
29.34489369392395,4.1339111328125
29.356582403182983,4.1339111328125
29.368286848068237,4.1339111328125
29.380001068115234,4.1339111328125
29.39169669151306,4.1339111328125
29.40340256690979,4.1339111328125
29.41514015197754,4.1339111328125
29.42685317993164,4.1339111328125
29.43854784965515,4.1339111328125
29.450246572494507,4.1339111328125
29.461957454681396,4.1339111328125
29.473655939102173,4.1339111328125
29.485363721847534,4.1339111328125
29.497071981430054,4.1339111328125
29.50877094268799,4.1339111328125
29.52047324180603,4.1339111328125
29.53217911720276,4.1339111328125
29.543901205062866,4.1339111328125
29.55559253692627,4.1339111328125
29.567288398742676,4.1339111328125
29.57898736000061,4.1339111328125
29.59066915512085,4.1339111328125
29.602838277816772,4.1339111328125
29.61457848548889,4.1339111328125
29.626291036605835,4.13409423828125
29.638007402420044,4.134300231933594
29.649694204330444,4.134300231933594
29.661402225494385,4.134300231933594
29.67309808731079,4.134300231933594
29.68478751182556,4.134300231933594
29.69645643234253,4.134300231933594
29.708158254623413,4.134300231933594
29.719855308532715,4.134300231933594
29.731549501419067,4.134300231933594
29.74325132369995,4.134300231933594
29.754944801330566,4.134300231933594
29.76662588119507,4.134513854980469
29.778328895568848,4.134513854980469
29.79003357887268,4.134513854980469
29.801721334457397,4.134513854980469
29.813405990600586,4.134513854980469
29.825100898742676,4.134513854980469
29.836791038513184,4.134513854980469
29.84847116470337,4.134513854980469
29.86018443107605,4.134513854980469
29.87187886238098,4.134513854980469
29.88356900215149,4.134513854980469
29.895267009735107,4.134513854980469
29.906986236572266,4.134681701660156
29.91867423057556,4.134681701660156
29.93041467666626,4.134681701660156
29.942123651504517,4.134681701660156
29.953817129135132,4.134681701660156
29.965466260910034,4.134681701660156
29.977168321609497,4.134681701660156
29.988869190216064,4.134792327880859
30.00055742263794,4.134792327880859
30.0122549533844,4.134922027587891
30.023980140686035,4.134922027587891
30.03567361831665,4.134922027587891
30.047378301620483,4.134922027587891
30.0590922832489,4.134922027587891
30.07079005241394,4.134922027587891
30.082469701766968,4.134922027587891
30.09417200088501,4.134922027587891
30.105864763259888,4.135112762451172
30.1175594329834,4.135112762451172
30.129269123077393,4.135112762451172
30.140989065170288,4.0609283447265625
30.152688026428223,4.023418426513672
30.164403915405273,4.023418426513672
30.17610454559326,4.023418426513672
30.187795877456665,4.023418426513672
30.199469566345215,4.023418426513672
30.211171865463257,4.023418426513672
30.223061323165894,4.023433685302734
30.234736919403076,4.023582458496094
30.246434926986694,4.023582458496094
30.258131980895996,4.023906707763672
30.26982283592224,4.027019500732422
30.281516790390015,4.027019500732422
30.293221950531006,4.027019500732422
30.304905891418457,4.027019500732422
30.31657910346985,4.027019500732422
30.3284695148468,4.0927581787109375
30.34019684791565,4.139533996582031
30.351919889450073,4.082855224609375
30.363636255264282,4.1021270751953125
30.375345706939697,4.086753845214844
30.38705277442932,4.147796630859375
30.39875078201294,4.1318206787109375
30.410483360290527,4.1357269287109375
30.422196626663208,4.14599609375
30.43390154838562,4.232421875
30.445606231689453,4.2404022216796875
30.457318782806396,4.2304229736328125
30.46900200843811,4.269981384277344
30.480695962905884,4.3072357177734375
30.492406368255615,4.262233734130859
30.504114866256714,4.319118499755859
30.515807151794434,4.352718353271484
30.527471780776978,4.386066436767578
30.539177656173706,4.3259735107421875
30.550893306732178,4.326473236083984
30.562585592269897,4.399929046630859
30.57429528236389,4.299488067626953
30.586019277572632,4.344554901123047
30.59771704673767,4.382160186767578
30.609428644180298,4.288719177246094
30.621142864227295,4.344905853271484
30.632851600646973,4.321895599365234
30.644551992416382,4.273799896240234
30.656267881393433,4.229335784912109
30.667969465255737,4.225410461425781
30.67965817451477,4.264869689941406
30.691370248794556,4.155113220214844
30.703083515167236,4.137271881103516
30.714774131774902,4.170871734619141
30.72647476196289,4.070384979248047
30.73822784423828,4.103931427001953
30.749935388565063,4.125919342041016
30.76163935661316,4.144325256347656
30.773324012756348,4.092311859130859
30.78501319885254,4.133472442626953
30.79668951034546,4.166820526123047
30.808384895324707,4.129489898681641
30.82009506225586,4.031154632568359
30.8317813873291,4.065498352050781
30.843456268310547,4.097908020019531
30.855164289474487,4.061023712158203
30.866865873336792,3.9918975830078125
30.878572702407837,4.019451141357422
30.890300512313843,4.104076385498047
30.902003288269043,4.076541900634766
30.913705587387085,4.079944610595703
30.925423622131348,4.185726165771484
30.93712544441223,4.264308929443359
30.948816061019897,4.211933135986328
30.960474491119385,4.1645660400390625
30.972198963165283,4.338653564453125
30.983893871307373,4.374122619628906
30.995571613311768,4.347404479980469
31.007312297821045,4.4925537109375
31.019049882888794,4.512523651123047
31.03077006340027,4.567230224609375
31.04264807701111,4.559139251708984
31.054354190826416,4.720722198486328
31.066059112548828,4.631526947021484
31.077743768692017,4.743747711181641
31.089442491531372,4.771018981933594
31.10114598274231,4.800342559814453
31.112839937210083,4.952487945556641
31.124537706375122,4.873516082763672
31.13623809814453,4.8923492431640625
31.147942781448364,4.936878204345703
31.159635305404663,4.957096099853516
31.171332836151123,5.002738952636719
31.183027267456055,5.087467193603516
31.19472312927246,5.108570098876953
31.206432819366455,5.061740875244141
31.218141555786133,5.130523681640625
31.229848384857178,5.114803314208984
31.241551876068115,5.155338287353516
31.25327205657959,5.10333251953125
31.26498317718506,5.158847808837891
31.276684284210205,5.130161285400391
31.28838086128235,5.170116424560547
31.300086736679077,5.270378112792969
31.311781406402588,5.197147369384766
31.323477268218994,5.182224273681641
31.335185050964355,5.160041809082031
31.34689998626709,5.008148193359375
31.358598232269287,4.922821044921875
31.37031626701355,5.123767852783203
31.382070302963257,4.873569488525391
31.393776416778564,4.997478485107422
31.40549874305725,4.998447418212891
31.417219161987305,4.961891174316406
31.429000854492188,4.858371734619141
31.440715312957764,5.100574493408203
31.452434539794922,4.910003662109375
31.4641330242157,4.924163818359375
31.475844383239746,4.914310455322266
31.487557888031006,4.914726257324219
31.49926996231079,4.954433441162109
31.510978937149048,5.0628204345703125
31.522713661193848,5.091487884521484
31.5344295501709,4.936859130859375
31.546154737472534,5.117549896240234
31.557873964309692,5.196266174316406
31.56958246231079,5.106697082519531
31.581313133239746,5.124835968017578
31.593042850494385,5.1721038818359375
31.60474181175232,5.2676239013671875
31.616454601287842,5.2567901611328125
31.62821388244629,5.2994232177734375
31.639995336532593,5.320762634277344
31.651915311813354,5.2889404296875
31.66360855102539,5.4559326171875
31.675313472747803,5.386150360107422
31.687021255493164,5.4188995361328125
31.698721408843994,5.581256866455078
31.71043062210083,5.455554962158203
31.72212791442871,5.4817962646484375
31.73381757736206,5.540870666503906
31.745485544204712,5.579780578613281
31.757243394851685,5.614204406738281
31.768966913223267,5.588756561279297
31.78067421913147,5.4897003173828125
31.792380571365356,5.676673889160156
31.804093837738037,5.703369140625
31.815808057785034,5.486396789550781
31.82748007774353,5.54412841796875
31.839186668395996,5.733943939208984
31.85090184211731,5.626533508300781
31.862606287002563,5.597541809082031
31.874379634857178,5.677116394042969
31.88607668876648,5.540031433105469
31.897782802581787,5.692657470703125
31.909478187561035,5.744728088378906
31.921195030212402,5.436489105224609
31.932913303375244,5.48785400390625
31.944618225097656,5.663124084472656
31.95633816719055,5.525337219238281
31.96804451942444,5.453304290771484
31.9799702167511,5.541385650634766
31.991727590560913,5.554450988769531
32.00343179702759,5.5542755126953125
32.01515221595764,5.418205261230469
32.026865005493164,5.400749206542969
32.038562297821045,5.556850433349609
32.05027174949646,5.576179504394531
32.06198501586914,5.537609100341797
32.07368540763855,5.421119689941406
32.085399866104126,5.310527801513672
32.09716868400574,5.430301666259766
32.10893273353577,5.408473968505859
32.12062859535217,5.356296539306641
32.13234305381775,5.361419677734375
32.14404797554016,5.522624969482422
32.15574359893799,5.581653594970703
32.167487144470215,5.433307647705078
32.17919850349426,5.417469024658203
32.19090700149536,5.568328857421875
32.20259928703308,5.492725372314453
32.21430706977844,5.620250701904297
32.22602367401123,5.542198181152344
32.23772859573364,5.7012786865234375
32.249436140060425,5.548740386962891
32.26114535331726,5.753227233886719
32.272850036621094,5.756645202636719
32.28455400466919,5.544647216796875
32.29625344276428,5.84320068359375
32.30795359611511,5.777744293212891
32.319659948349,5.727180480957031
32.33138394355774,5.783695220947266
32.34309196472168,5.850364685058594
32.354787826538086,5.821598052978516
32.36646795272827,5.954463958740234
32.37818241119385,5.838817596435547
32.38989281654358,5.753627777099609
32.40159463882446,5.911167144775391
32.41332244873047,6.104610443115234
32.42504048347473,5.694065093994141
32.43674039840698,5.954444885253906
32.44846177101135,5.9534149169921875
32.46018624305725,5.963825225830078
32.471895933151245,6.093681335449219
32.48359560966492,6.006130218505859
32.49531531333923,5.912128448486328
32.50702214241028,6.138298034667969
32.51871204376221,6.264739990234375
32.53044605255127,5.857627868652344
32.54217553138733,5.98077392578125
32.553900957107544,6.172935485839844
32.56561255455017,6.046062469482422
32.57733130455017,5.936397552490234
32.58905863761902,6.075740814208984
32.60076332092285,5.912193298339844
32.61248254776001,6.216976165771484
32.624212980270386,6.001991271972656
32.63593578338623,5.947257995605469
32.64764404296875,5.97808837890625
32.65936541557312,6.1241302490234375
32.67107629776001,5.9576568603515625
32.6827871799469,5.894287109375
32.69450521469116,6.134071350097656
32.706214904785156,6.154609680175781
32.717926263809204,5.922000885009766
32.72962975502014,5.949718475341797
32.74134182929993,6.0340118408203125
32.75324082374573,5.955513000488281
32.76495552062988,5.986537933349609
32.77667593955994,6.004180908203125
32.788390159606934,5.9015655517578125
32.800098180770874,6.225517272949219
32.811800479888916,6.126300811767578
32.82353377342224,5.899299621582031
32.835264921188354,5.949855804443359
32.84696650505066,5.9304351806640625
32.85866832733154,5.915779113769531
32.87038230895996,5.696319580078125
32.88208270072937,5.865211486816406
32.89385962486267,6.093143463134766
32.90592837333679,5.852012634277344
32.91766405105591,5.827236175537109
32.929386615753174,5.986476898193359
32.941349506378174,6.079139709472656
32.953136682510376,5.920295715332031
32.96488046646118,6.090343475341797
32.97658729553223,5.97955322265625
32.988306522369385,6.024456024169922
33.00104236602783,5.954906463623047
33.01388144493103,5.992465972900391
33.026641845703125,5.885311126708984
33.03945446014404,5.766651153564453
33.05228400230408,5.846916198730469
33.06491017341614,5.894783020019531
33.077653884887695,6.0572052001953125
33.09040427207947,5.703227996826172
33.1032190322876,5.586067199707031
33.115920543670654,5.733924865722656
33.12868094444275,5.836284637451172
33.14151120185852,5.671649932861328
33.15431022644043,5.774852752685547
33.167107343673706,5.771419525146484
33.17998504638672,5.960227966308594
33.1927604675293,5.859794616699219
33.20568132400513,5.962677001953125
33.218586444854736,6.092350006103516
33.23142409324646,6.160617828369141
33.24433374404907,5.824249267578125
33.257211685180664,6.01812744140625
33.270081996917725,6.102825164794922
33.28302335739136,6.1820220947265625
33.29598259925842,6.070034027099609
33.30925369262695,6.097267150878906
33.32232594490051,6.159832000732422
33.33547019958496,6.322853088378906
33.34875559806824,6.169956207275391
33.36179971694946,6.509487152099609
33.37461280822754,6.385814666748047
33.38763976097107,6.498119354248047
33.40067005157471,6.589958190917969
33.413501024246216,6.376213073730469
33.42656230926514,6.579902648925781
33.439655780792236,6.637996673583984
33.45278453826904,6.723102569580078
33.46566104888916,6.694179534912109
33.47892165184021,6.805263519287109
33.4922571182251,6.948974609375
33.50570321083069,7.090118408203125
33.518940448760986,6.885471343994141
33.5324068069458,7.144237518310547
33.54588723182678,7.2970733642578125
33.55919122695923,6.957897186279297
33.57238817214966,7.10394287109375
33.58566975593567,7.2691650390625
33.59900140762329,7.311939239501953
33.61226725578308,7.2377471923828125
33.62545871734619,7.266658782958984
33.63884711265564,7.377681732177734
33.65220379829407,7.337528228759766
33.665361404418945,7.309459686279297
33.678791999816895,7.329216003417969
33.69205570220947,7.4412689208984375
33.70546531677246,7.326286315917969
33.718915939331055,7.2823028564453125
33.7322211265564,7.433494567871094
33.745660066604614,7.5152740478515625
33.75922131538391,7.362415313720703
33.772449016571045,7.249118804931641
33.78562355041504,7.501598358154297
33.79897689819336,7.3808441162109375
33.812288999557495,7.637294769287109
33.82552194595337,7.282741546630859
33.83879280090332,7.49053955078125
33.852299213409424,7.6295928955078125
33.86585307121277,7.5357818603515625
33.87911057472229,7.331684112548828
33.892566442489624,7.5031585693359375
33.90592312812805,7.244697570800781
33.91939449310303,7.5295562744140625
33.93283796310425,7.353206634521484
33.946086168289185,7.455253601074219
33.95949053764343,7.342403411865234
33.97298216819763,7.3150634765625
33.98627233505249,7.3093414306640625
33.99970507621765,7.223697662353516
34.012993812561035,7.4774322509765625
34.02614879608154,7.521209716796875
34.039371728897095,7.2530517578125
34.052659034729004,7.3603668212890625
34.06597113609314,7.442577362060547
34.07906770706177,7.299095153808594
34.09227466583252,7.3745269775390625
34.10562586784363,7.457927703857422
34.11899018287659,7.323200225830078
34.13212490081787,7.263538360595703
34.1454656124115,7.3600311279296875
34.158889293670654,7.515178680419922
34.17221999168396,7.575218200683594
34.18539476394653,7.387992858886719
34.198835134506226,7.4477996826171875
34.2122266292572,7.548671722412109
34.225733280181885,7.628875732421875
34.23928952217102,7.569755554199219
34.252689599990845,7.345989227294922
34.26605248451233,7.603965759277344
34.2797532081604,7.857643127441406
34.293519496917725,7.705802917480469
34.306981563568115,7.310699462890625
34.320225954055786,7.593265533447266
34.333483934402466,7.926139831542969
34.34688067436218,7.725349426269531
34.360140800476074,7.746711730957031
34.37357950210571,7.716865539550781
34.38677716255188,7.804821014404297
34.40025210380554,7.707965850830078
34.41353368759155,7.822959899902344
34.42692828178406,7.869174957275391
34.44018745422363,7.935947418212891
34.45374774932861,7.7286834716796875
34.466992139816284,7.662265777587891
34.480494260787964,8.13507080078125
34.49401831626892,8.039012908935547
34.507426023483276,7.7111968994140625
34.52072596549988,7.924491882324219
34.534260988235474,7.918544769287109
34.547693490982056,8.113304138183594
34.56118941307068,7.828369140625
34.574522733688354,7.774757385253906
34.58783531188965,8.038902282714844
34.601304054260254,7.729774475097656
34.61498785018921,7.8494110107421875
34.628653049468994,7.781635284423828
34.64200234413147,7.9609222412109375
34.65532612800598,8.098709106445312
34.6688117980957,7.870395660400391
34.68216109275818,7.953685760498047
34.69571399688721,8.078041076660156
34.70879316329956,8.079383850097656
34.72175478935242,7.843170166015625
34.73502731323242,7.889682769775391
34.74828004837036,7.9943389892578125
34.761529207229614,8.025299072265625
34.77458047866821,7.841571807861328
34.787503242492676,7.955593109130859
34.80068898200989,8.076957702636719
34.81402611732483,7.85101318359375
34.827375650405884,8.01430892944336
34.840744972229004,7.8471221923828125
34.85376453399658,7.9792938232421875
34.867161989212036,8.030261993408203
34.88029408454895,7.813869476318359
34.893200397491455,7.971351623535156
34.90635395050049,7.801609039306641
34.91954565048218,7.956722259521484
34.93247199058533,7.7912445068359375
34.945454835891724,7.8767852783203125
34.95850348472595,7.907562255859375
34.971718072891235,7.9198150634765625
34.98484992980957,7.910804748535156
34.9978985786438,7.951423645019531
35.01102423667908,7.997272491455078
35.02519464492798,7.933673858642578
35.03858733177185,7.7428741455078125
35.051931381225586,8.01483154296875
35.0651638507843,8.07632064819336
35.07828140258789,7.959072113037109
35.091328859329224,7.919525146484375
35.10430550575256,8.109054565429688
35.11786770820618,7.942344665527344
35.13121843338013,7.9170684814453125
35.144158363342285,7.950679779052734
35.157306432724,8.074432373046875
35.17035913467407,7.851646423339844
35.18332362174988,8.078487396240234
35.19646692276001,7.846332550048828
35.20941710472107,8.016185760498047
35.22248983383179,8.169364929199219
35.23550629615784,7.961322784423828
35.248645305633545,7.895122528076172
35.2617564201355,7.931240081787109
35.27489471435547,8.02657699584961
35.28787922859192,7.955142974853516
35.300960302352905,8.090446472167969
35.31403946876526,7.920612335205078
35.32711100578308,7.93695068359375
35.34032487869263,7.921478271484375
35.353330850601196,8.018943786621094
35.3664755821228,8.159904479980469
35.37957429885864,8.047271728515625
35.39301252365112,7.877147674560547
35.40623164176941,7.930854797363281
35.4194130897522,7.922183990478516
35.432671785354614,8.106258392333984
35.445937395095825,7.947002410888672
35.45886540412903,7.797618865966797
35.47209978103638,8.02267837524414
35.485036849975586,8.159038543701172
35.49810981750488,7.9720916748046875
35.511265993118286,8.071121215820312
35.52482295036316,8.238319396972656
35.537898540496826,7.946563720703125
35.55076265335083,8.098506927490234
35.56389284133911,8.099822998046875
35.577046155929565,8.171001434326172
35.589964628219604,8.144046783447266
35.60297107696533,8.099201202392578
35.616060733795166,8.067497253417969
35.62909531593323,8.316791534423828
35.64265203475952,8.192977905273438
35.656009674072266,8.128746032714844
35.66906118392944,8.236114501953125
35.682231187820435,8.164970397949219
35.695451974868774,8.399173736572266
35.7084321975708,8.296531677246094
35.721561670303345,8.107738494873047
35.73451375961304,8.155342102050781
35.74783515930176,8.349414825439453
35.761358976364136,8.414142608642578
35.774730920791626,8.145977020263672
35.78789162635803,8.21957015991211
35.8012318611145,8.28573226928711
35.814493894577026,8.411205291748047
35.82791447639465,8.165237426757812
35.841065883636475,8.117851257324219
35.85434532165527,8.389213562011719
35.86769104003906,8.251644134521484
35.88101053237915,8.161605834960938
35.89432168006897,8.307754516601562
35.90762138366699,8.541400909423828
35.92099571228027,8.328948974609375
35.93445563316345,8.253250122070312
35.947678089141846,8.396175384521484
35.96086001396179,8.752178192138672
35.97431755065918,8.506439208984375
35.98780083656311,8.194690704345703
36.001049757003784,8.601280212402344
36.01436805725098,8.812541961669922
36.02769231796265,8.553123474121094
36.04093837738037,8.594608306884766
36.05398941040039,8.71722412109375
36.06698155403137,8.844940185546875
36.0802366733551,8.019001007080078
36.093421459198,7.861351013183594
36.10658311843872,8.01131820678711
36.11975622177124,8.188728332519531
36.13295936584473,8.048652648925781
36.14612174034119,8.185287475585938
36.15962266921997,8.16659164428711
36.1728401184082,8.348014831542969
36.185933351516724,7.959495544433594
36.19926929473877,7.935894012451172
36.212711334228516,8.1102294921875
36.22587251663208,8.340633392333984
36.23908805847168,8.359500885009766
36.25234889984131,8.205543518066406
36.26586365699768,8.329753875732422
36.27918863296509,8.229602813720703
36.29251718521118,8.228668212890625
36.305851459503174,8.24160385131836
36.3191773891449,8.399188995361328
36.33256936073303,8.418365478515625
36.34594368934631,8.35601806640625
36.3591046333313,8.281578063964844
36.37223768234253,8.432624816894531
36.385722637176514,8.583343505859375
36.39892077445984,8.380367279052734
36.41222834587097,8.504375457763672
36.42532968521118,7.7900543212890625
36.43849563598633,7.9850311279296875
36.45179867744446,7.897369384765625
36.46499228477478,7.7254486083984375
36.478169679641724,7.840423583984375
36.49151968955994,8.068763732910156
36.50487947463989,8.099601745605469
36.51819610595703,7.846649169921875
36.53041076660156,7.256534576416016
36.54230809211731,7.294673919677734
36.55421781539917,7.500385284423828
36.5660924911499,7.18768310546875
36.5779869556427,7.254447937011719
36.59135460853577,7.294700622558594
36.60473394393921,7.337760925292969
36.61798119544983,7.407203674316406
36.6312301158905,7.291374206542969
36.644574880599976,7.462532043457031
36.65778565406799,7.367275238037109
36.67123794555664,7.353031158447266
36.68456959724426,7.327293395996094
36.697943925857544,7.3706207275390625
36.71144247055054,7.5686187744140625
36.72499132156372,7.340343475341797
36.73844766616821,7.231437683105469
36.751847982406616,7.276157379150391
36.76549696922302,7.503013610839844
36.7789843082428,7.240699768066406
36.79245185852051,7.365871429443359
36.80606412887573,7.454090118408203
36.81939244270325,7.272850036621094
36.832844495773315,7.317970275878906
36.84629511833191,7.518520355224609
36.859752893447876,7.479789733886719
36.87295174598694,7.329097747802734
36.88621711730957,7.437953948974609
36.899670362472534,7.278102874755859
36.913212299346924,7.494892120361328
36.92642092704773,7.399833679199219
36.93979454040527,7.263755798339844
36.95313572883606,7.224109649658203
36.96650767326355,7.586067199707031
36.979891300201416,7.32391357421875
36.99354791641235,7.3770294189453125
37.006922006607056,7.388683319091797
37.020195722579956,7.4139404296875
37.03339338302612,7.280193328857422
37.04654622077942,7.351753234863281
37.06019997596741,7.195156097412109
37.07324576377869,7.358997344970703
37.08653140068054,7.417827606201172
37.099905252456665,7.516201019287109
37.113205671310425,7.294380187988281
37.12648820877075,7.348899841308594
37.13983750343323,7.332801818847656
37.153327226638794,7.369293212890625
37.1667582988739,7.260955810546875
37.18010377883911,7.386756896972656
37.193390130996704,7.456378936767578
37.206820487976074,7.458953857421875
37.22017288208008,7.564384460449219
37.23340678215027,7.444923400878906
37.24679088592529,7.482685089111328
37.260130643844604,7.589466094970703
37.27347469329834,7.396251678466797
37.286766052246094,7.361961364746094
37.29999089241028,7.570865631103516
37.31318211555481,7.443668365478516
37.32660484313965,7.406566619873047
37.33993887901306,7.538036346435547
37.353092670440674,7.614692687988281
37.366238832473755,7.543804168701172
37.37949299812317,7.476261138916016
37.392903327941895,7.786464691162109
37.40606093406677,7.6407012939453125
37.419599771499634,7.7008514404296875
37.43280005455017,7.797088623046875
37.446226596832275,7.70672607421875
37.45947194099426,7.875885009765625
37.47305727005005,7.999980926513672
37.486531257629395,7.945690155029297
37.49975371360779,7.891029357910156
37.51314187049866,7.730232238769531
37.52644443511963,7.849849700927734
37.53976249694824,7.873710632324219
37.55317711830139,7.930347442626953
37.566569089889526,8.19943618774414
37.579978704452515,7.899162292480469
37.593355894088745,8.077934265136719
37.606648683547974,8.08768081665039
37.619667291641235,8.00265884399414
37.6331672668457,8.04227066040039
37.646658420562744,7.954486846923828
37.66004252433777,8.172035217285156
37.67312407493591,8.168689727783203
37.68605899810791,8.258857727050781
37.699105978012085,8.14590835571289
37.7122962474823,8.400997161865234
37.72542643547058,8.347026824951172
37.73838686943054,8.448341369628906
37.751498222351074,8.647296905517578
37.76449394226074,8.347450256347656
37.77727794647217,8.462169647216797
37.79025459289551,8.571712493896484
37.80362582206726,8.61636734008789
37.81710481643677,8.560966491699219
37.83019709587097,8.834484100341797
37.843331813812256,8.702816009521484
37.85632109642029,7.892047882080078
37.86947846412659,7.351383209228516
37.88246750831604,7.286457061767578
37.895445585250854,7.512386322021484
37.908231019973755,7.647396087646484
37.92115664482117,7.323265075683594
37.93415689468384,7.457683563232422
37.94710373878479,7.443630218505859
37.96016025543213,7.452632904052734
37.97328543663025,7.3545379638671875
37.986483573913574,7.544586181640625
37.999470472335815,7.5250701904296875
38.01236820220947,7.640605926513672
38.02544903755188,7.6345367431640625
38.03826022148132,7.557842254638672
38.051331520080566,7.803352355957031
38.06431198120117,7.635959625244141
38.07758188247681,7.802745819091797
38.09076285362244,7.718143463134766
38.103676080703735,7.955883026123047
38.116719007492065,7.897167205810547
38.12972664833069,7.860324859619141
38.142727851867676,7.848594665527344
38.1557183265686,7.101345062255859
38.16859459877014,7.164173126220703
38.18155479431152,7.223445892333984
38.19498944282532,7.03240966796875
38.20811939239502,7.317600250244141
38.22109031677246,7.122043609619141
38.23404574394226,7.2046356201171875
38.24698090553284,7.186042785644531
38.26005530357361,7.445774078369141
38.27302885055542,7.162445068359375
38.285868644714355,7.130760192871094
38.29889416694641,7.264186859130859
38.31200075149536,7.3253021240234375
38.32506012916565,7.324371337890625
38.33798384666443,7.4187774658203125
38.35101008415222,7.4083709716796875
38.364115715026855,7.479881286621094
38.37712621688843,6.803916931152344
38.38998556137085,6.713108062744141
38.40309190750122,6.670295715332031
38.41600155830383,6.787742614746094
38.428759813308716,6.674602508544922
38.44168734550476,6.728919982910156
38.454673528671265,6.854434967041016
38.46768283843994,6.614009857177734
38.48056745529175,6.703166961669922
38.493518114089966,6.762912750244141
38.5064902305603,6.720821380615234
38.5193977355957,6.727519989013672
38.53227114677429,6.778961181640625
38.545056104660034,6.592967987060547
38.55800533294678,6.754680633544922
38.57114028930664,6.766185760498047
38.58416247367859,6.580268859863281
38.59763312339783,6.755126953125
38.610955238342285,6.859302520751953
38.62424683570862,6.745964050292969
38.637569427490234,6.830890655517578
38.65078687667847,6.829677581787109
38.6639506816864,6.801673889160156
38.67711424827576,6.832408905029297
38.69028878211975,6.854579925537109
38.70343065261841,6.711498260498047
38.716580867767334,6.863536834716797
38.72964882850647,7.007022857666016
38.742806911468506,6.883392333984375
38.7557590007782,6.959686279296875
38.768752336502075,6.810443878173828
38.781814098358154,6.933170318603516
38.79501986503601,7.01678466796875
38.80795955657959,6.9313812255859375
38.82109260559082,6.9901580810546875
38.83402752876282,7.009288787841797
38.846922159194946,6.985076904296875
38.85964918136597,7.015380859375
38.8726441860199,7.085762023925781
38.88553977012634,7.046424865722656
38.89846229553223,7.16607666015625
38.911306381225586,7.211444854736328
38.92414140701294,7.2735443115234375
38.93694567680359,7.348201751708984
38.94977641105652,7.187221527099609
38.96275186538696,7.264286041259766
38.975687980651855,7.160785675048828
38.98861002922058,7.2728118896484375
39.00138330459595,7.1408233642578125
39.0142457485199,7.225238800048828
39.02704930305481,7.196434020996094
39.04002356529236,7.2362518310546875
39.0528347492218,7.173130035400391
39.065584659576416,7.291057586669922
39.07835292816162,7.391960144042969
39.09121584892273,7.400211334228516
39.10417819023132,7.187831878662109
39.116865396499634,7.386371612548828
39.12973690032959,7.539592742919922
39.142634868621826,7.4050140380859375
39.15616846084595,7.322483062744141
39.16904425621033,7.504905700683594
39.18177533149719,7.599201202392578
39.194496631622314,7.596935272216797
39.207420349121094,6.773708343505859
39.2204966545105,6.805141448974609
39.233399868011475,6.968727111816406
39.24639630317688,6.964393615722656
39.26002860069275,6.873222351074219
39.27292060852051,6.955619812011719
39.285677909851074,6.958732604980469
39.298548460006714,7.074466705322266
39.31138277053833,7.0573577880859375
39.324219703674316,7.063022613525391
39.337013244628906,7.136161804199219
39.34994077682495,6.448966979980469
39.36256766319275,6.436485290527344
39.3757688999176,6.388980865478516
39.38917303085327,6.491798400878906
39.40249562263489,6.502178192138672
39.415053844451904,6.562202453613281
39.42784285545349,6.506439208984375
39.44048595428467,6.569084167480469
39.45326638221741,5.879009246826172
39.46596908569336,5.8368072509765625
39.47867393493652,5.934902191162109
39.49134349822998,5.8855133056640625
39.50411295890808,5.824642181396484
39.51742935180664,5.8589324951171875
39.53027534484863,5.847675323486328
39.54301452636719,5.852573394775391
39.55585265159607,5.829883575439453
39.56851029396057,5.777713775634766
39.58138942718506,5.937709808349609
39.5942542552948,5.947612762451172
39.60693621635437,5.855876922607422
39.61975646018982,5.783638000488281
39.632601737976074,5.921718597412109
39.64540457725525,5.868598937988281
39.65827250480652,5.920825958251953
39.67094278335571,5.7957916259765625
39.68379187583923,5.895195007324219
39.696616888046265,5.901390075683594
39.709431886672974,5.9335784912109375
39.72228240966797,5.923091888427734
39.735586404800415,5.927051544189453
39.74821639060974,5.788173675537109
39.760971784591675,5.959712982177734
39.77368450164795,5.756877899169922
39.78648400306702,5.675014495849609
39.79933452606201,5.777469635009766
39.81213617324829,5.850212097167969
39.82484817504883,5.821506500244141
39.83739376068115,5.7068634033203125
39.85003447532654,5.738010406494141
39.86284160614014,5.825733184814453
39.87544918060303,5.726146697998047
39.888333797454834,5.739284515380859
39.90103816986084,5.687328338623047
39.91388988494873,5.753925323486328
39.926554441452026,5.7741851806640625
39.93940281867981,5.8981475830078125
39.952799558639526,5.686634063720703
39.96553421020508,5.883087158203125
39.97819638252258,5.803253173828125
39.9909610748291,5.873699188232422
40.003588914871216,5.9653167724609375
40.016310691833496,5.8260345458984375
40.02916097640991,5.926326751708984
40.04199981689453,5.9863433837890625
40.05516219139099,6.024234771728516
40.0686559677124,5.9606475830078125
40.082104444503784,5.987884521484375
40.09565854072571,5.838108062744141
40.10853600502014,6.004329681396484
40.12130570411682,5.949108123779297
40.13410782814026,5.922630310058594
40.14695501327515,5.957359313964844
40.159631967544556,5.955028533935547
40.172465085983276,5.767559051513672
40.18519067764282,5.86114501953125
40.19871139526367,5.952140808105469
40.21145725250244,5.921695709228516
40.22419571876526,5.8985443115234375
40.23697376251221,5.8619537353515625
40.24958419799805,5.878177642822266
40.262385845184326,5.886432647705078
40.2752525806427,5.988384246826172
40.28806400299072,5.885364532470703
40.30104732513428,6.03369140625
40.3143892288208,6.034236907958984
40.32786154747009,6.067497253417969
40.3412504196167,5.477272033691406
40.354593992233276,5.384490966796875
40.36808204650879,5.409675598144531
40.38139271736145,5.344882965087891
40.394521713256836,5.3254852294921875
40.40774941444397,5.387718200683594
40.42096996307373,5.273139953613281
40.43424916267395,5.291900634765625
40.447497844696045,5.312538146972656
40.46060490608215,5.2389373779296875
40.47386622428894,5.346305847167969
40.487075328826904,5.344696044921875
40.500322341918945,5.354301452636719
40.51353645324707,5.3623046875
40.52686166763306,5.348846435546875
40.53997993469238,5.296875
40.55319404602051,5.346282958984375
40.566354274749756,5.359733581542969
40.579612016677856,5.296466827392578
40.59277701377869,5.436622619628906
40.60608148574829,5.541225433349609
40.61948585510254,5.420196533203125
40.63257670402527,5.462394714355469
40.64584016799927,5.492694854736328
40.65893077850342,5.479217529296875
40.67231369018555,5.498741149902344
40.68565130233765,5.491092681884766
40.6987783908844,5.561359405517578
40.71148371696472,5.523651123046875
40.72439742088318,5.53338623046875
40.7365927696228,5.667816162109375
40.7482533454895,5.604114532470703
40.75985932350159,5.625785827636719
40.771430253982544,5.621589660644531
40.78301024436951,5.637657165527344
40.79458141326904,5.627582550048828
40.806174516677856,5.648059844970703
40.81775760650635,5.619224548339844
40.829354763031006,5.630840301513672
40.841853618621826,5.7066650390625
40.85458993911743,5.774009704589844
40.86640381813049,5.820827484130859
40.878042459487915,5.8475494384765625
40.88962268829346,5.943328857421875
40.901217222213745,5.972465515136719
40.91309189796448,6.065578460693359
40.92593502998352,6.168159484863281
40.938711404800415,6.238147735595703
40.951809883117676,6.212867736816406
40.96475052833557,6.276329040527344
40.977681398391724,6.0740509033203125
40.990453004837036,5.668190002441406
41.00293707847595,5.617500305175781
41.01534676551819,5.653690338134766
41.02759838104248,5.710075378417969
41.04011583328247,5.673809051513672
41.05237793922424,5.657016754150391
41.06485104560852,5.771812438964844
41.077369689941406,5.778541564941406
41.090593338012695,5.765010833740234
41.10361909866333,5.767875671386719
41.116671562194824,5.83905029296875
41.12991261482239,5.828166961669922
41.14247131347656,5.910392761230469
41.15495944023132,5.965789794921875
41.16750478744507,6.019962310791016
41.180103063583374,6.052154541015625
41.192694425582886,5.427623748779297
41.205379009246826,5.511157989501953
41.21802377700806,5.543937683105469
41.23123621940613,5.591651916503906
41.24383568763733,5.664314270019531
41.25606918334961,4.994789123535156
41.268065452575684,5.065998077392578
41.280014991760254,5.025264739990234
41.291656494140625,5.127372741699219
41.30324459075928,5.1164093017578125
41.314823627471924,5.148551940917969
41.32640719413757,4.759990692138672
41.3380069732666,4.578868865966797
41.349605321884155,4.514881134033203
41.36119842529297,4.565906524658203
41.37276577949524,3.8710403442382812
41.38437747955322,3.8710403442382812
41.39595937728882,3.8710403442382812
41.407527446746826,3.8710403442382812
41.41912603378296,3.8710403442382812
41.430705070495605,3.8710403442382812
41.44230556488037,3.8710403442382812
41.4538893699646,3.8710403442382812
41.465481996536255,3.8710403442382812
41.47705435752869,3.8710403442382812
41.48862957954407,3.8710403442382812
41.500221490859985,3.8710403442382812
41.51178956031799,3.8710403442382812
41.52335238456726,3.8710403442382812
41.53493881225586,3.8710403442382812
41.54651975631714,3.8710403442382812
41.55809783935547,3.8710403442382812
41.56970167160034,3.8710403442382812
41.58135008811951,3.759540557861328
41.59296703338623,3.64752197265625
41.60454058647156,3.64752197265625
41.61611533164978,3.64752197265625
41.62768006324768,3.64752197265625
41.63926672935486,3.64752197265625
41.650840759277344,3.64752197265625
41.6624014377594,3.64752197265625
41.67396950721741,3.64752197265625
41.68554329872131,3.64752197265625
41.697139501571655,3.64752197265625
41.708698749542236,3.64752197265625
41.72027063369751,3.64752197265625
41.731863498687744,3.64752197265625
41.743427753448486,3.64752197265625
41.75503849983215,3.64752197265625
41.76659107208252,3.64752197265625
41.77816557884216,3.64752197265625
41.789730072021484,3.64752197265625
41.80130457878113,3.64752197265625
41.81288957595825,3.64752197265625
41.82445240020752,3.64752197265625
41.83614754676819,3.64752197265625
41.847702503204346,3.64752197265625
41.85927081108093,3.64752197265625
41.870834827423096,3.64752197265625
41.88241100311279,3.64752197265625
41.89398264884949,3.64752197265625
41.90555667877197,3.64752197265625
41.917137145996094,3.64752197265625
41.92871046066284,3.64752197265625
41.94029450416565,3.64752197265625
41.951879262924194,3.64752197265625
41.963462591171265,3.64752197265625
41.97504782676697,3.64752197265625
41.98662781715393,3.64752197265625
41.99835968017578,3.5357627868652344
42.00993990898132,3.5357627868652344
42.021507024765015,3.5357627868652344
42.03307056427002,3.5357627868652344
42.044642210006714,3.5357627868652344
42.05622696876526,3.5357627868652344
42.067800760269165,3.4546737670898438
42.07946228981018,3.4240074157714844
42.09106183052063,3.4240074157714844
42.10263681411743,3.4240074157714844
42.11422514915466,3.4240074157714844
42.12578344345093,3.4240074157714844
42.13733744621277,3.4240074157714844
42.148908615112305,3.4240074157714844
42.16048216819763,3.4240074157714844
42.17204976081848,3.4240074157714844
42.18361568450928,3.4240074157714844
42.19519281387329,3.4240074157714844
42.20681309700012,3.4240074157714844
42.218337535858154,3.4240074157714844
42.22989511489868,3.4240074157714844
42.24146628379822,3.4240074157714844
42.25304055213928,3.4240074157714844
42.264601707458496,3.4240074157714844
42.27618336677551,3.4240074157714844
42.28774666786194,3.4240074157714844
42.29933524131775,3.4240074157714844
42.31091570854187,3.4240074157714844
42.32247805595398,3.4240074157714844
42.33406686782837,3.4240074157714844
42.34563994407654,3.4240074157714844
42.35721564292908,3.4240074157714844
42.36878252029419,3.4240074157714844
42.38033604621887,3.4240074157714844
42.391918659210205,3.4240074157714844
42.403486013412476,3.4240074157714844
42.41506886482239,3.4240074157714844
42.426669120788574,3.4240074157714844
42.43824887275696,3.4240074157714844
42.44981145858765,3.4240074157714844
42.46134281158447,3.4240074157714844
42.47291326522827,3.4240074157714844
42.48447132110596,3.4240074157714844
42.49603843688965,3.4240074157714844
42.507604360580444,3.4240074157714844
42.519171714782715,3.4240074157714844
42.53073525428772,3.4240074157714844
42.5423150062561,3.4240074157714844
42.55389404296875,3.4240074157714844
42.56546640396118,3.4240074157714844
42.57704782485962,3.4240074157714844
42.58939528465271,3.4240074157714844
42.60107707977295,3.4240074157714844
42.612645387649536,3.4240074157714844
42.62424349784851,3.4240074157714844
42.63580918312073,3.4240074157714844
42.647345304489136,3.4240074157714844
42.658923864364624,3.4240074157714844
42.67050123214722,3.4240074157714844
42.68207335472107,3.4240074157714844
42.69364404678345,3.4240074157714844
42.70522689819336,3.4240074157714844
42.716782331466675,3.4240074157714844
42.728333473205566,3.4240074157714844
42.73990988731384,3.4240074157714844
42.75146746635437,3.4240074157714844
42.7630398273468,3.4240074157714844
42.77459669113159,3.4240074157714844
42.786186933517456,3.4240074157714844
42.79775047302246,3.4240074157714844
42.80931806564331,3.4240074157714844
42.82089924812317,3.4240074157714844
42.83247494697571,3.4240074157714844
42.84406304359436,3.4240074157714844
42.85564112663269,3.4240074157714844
42.867215394973755,3.4240074157714844
42.87877583503723,3.4240074157714844
42.89035773277283,3.4240074157714844
42.9019238948822,3.4240074157714844
42.91350245475769,3.4240074157714844
42.92508316040039,3.4240074157714844
42.936652421951294,3.4240074157714844
42.948235750198364,3.4240074157714844
42.95980525016785,3.4240074157714844
42.971346855163574,3.4240074157714844
42.98293471336365,3.4240074157714844
42.99451446533203,3.4240074157714844
43.00610041618347,3.4240074157714844
43.01766276359558,3.4240074157714844
43.029232025146484,3.4240074157714844
43.04080820083618,3.4240074157714844
43.052347898483276,3.4240074157714844
43.06393241882324,3.4240074157714844
43.07550239562988,3.4240074157714844
43.08709359169006,3.4240074157714844
43.098671197891235,3.4240074157714844
43.11054468154907,3.4240074157714844
43.12211894989014,3.4240074157714844
43.13372325897217,3.4240074157714844
43.145325899124146,3.4240074157714844
43.157004594802856,3.4240074157714844
43.16870713233948,3.312511444091797
43.18031930923462,3.3122520446777344
43.19196438789368,3.3122520446777344
43.203649044036865,3.3122520446777344
43.215216875076294,3.3122520446777344
43.226893186569214,3.3122520446777344
43.23856234550476,3.2585067749023438
43.250243186950684,3.2004966735839844
43.261805295944214,3.2004966735839844
43.27343416213989,3.2004966735839844
43.28500437736511,3.2004966735839844
43.29657244682312,3.2004966735839844
43.308138847351074,3.2004966735839844
43.3197021484375,3.2004966735839844
43.33129382133484,3.2004966735839844
43.342851638793945,3.2004966735839844
43.35443162918091,3.2004966735839844
43.36600923538208,3.2004966735839844
43.37757658958435,3.2004966735839844
43.38914942741394,3.2004966735839844
43.40073013305664,3.2004966735839844
43.41231822967529,3.2004966735839844
43.423906326293945,3.2004966735839844
43.43548011779785,3.2004966735839844
43.447062969207764,3.2004966735839844
43.45864510536194,3.2004966735839844
43.47021842002869,3.2004966735839844
43.48179602622986,3.2004966735839844
43.49335432052612,3.2004966735839844
43.50494837760925,3.2004966735839844
43.51652717590332,3.2004966735839844
43.52809262275696,3.2004966735839844
43.53967094421387,3.2004966735839844
43.55124258995056,3.2004966735839844
43.562803506851196,3.2004966735839844
43.574342250823975,3.2004966735839844
43.585922956466675,3.089000701904297
43.59751749038696,3.0887413024902344
43.609089851379395,3.0887413024902344
43.62065410614014,3.0887413024902344
43.63222551345825,3.0887413024902344
43.643808126449585,3.0887413024902344
43.65532875061035,3.0887413024902344
43.666907787323,3.0887413024902344
43.678462743759155,3.0887413024902344
43.69004225730896,3.0887413024902344
43.70159935951233,3.0887413024902344
43.71318292617798,3.0887413024902344
43.72475218772888,3.0887413024902344
43.7363064289093,3.0887413024902344
43.74788951873779,3.0887413024902344
43.759451150894165,3.0887413024902344
43.77102065086365,3.0887413024902344
43.78258752822876,3.0887413024902344
43.79415512084961,3.0887413024902344
43.80572509765625,3.0887413024902344
43.81730127334595,3.0887413024902344
43.82888984680176,3.0887413024902344
43.84045648574829,3.0887413024902344
43.8520245552063,3.0887413024902344
43.86358332633972,3.0887413024902344
43.87517285346985,3.0887413024902344
43.88672852516174,3.0887413024902344
43.89832043647766,3.0887413024902344
43.909887075424194,3.0887413024902344
43.921441316604614,3.0887413024902344
43.933011293411255,3.0887413024902344
43.94457793235779,3.0887413024902344
43.95616102218628,3.0887413024902344
43.96773386001587,3.0887413024902344
43.979315757751465,3.0887413024902344
43.99089288711548,3.0887413024902344
44.00246286392212,3.0887413024902344
44.01402449607849,3.0887413024902344
44.02558970451355,3.0887413024902344
44.03716969490051,3.0887413024902344
44.04873323440552,3.0887413024902344
44.06031394004822,3.0887413024902344
44.07188701629639,3.0887413024902344
44.083457231521606,3.0887413024902344
44.09503197669983,3.0887413024902344
44.10660147666931,3.0887413024902344
44.11818766593933,3.0887413024902344
44.129751205444336,3.0887413024902344
44.1413311958313,3.0887413024902344
44.15291118621826,3.0887413024902344
44.16447734832764,3.0887413024902344
44.176056146621704,3.0887413024902344
44.1876277923584,3.0887413024902344
44.19918775558472,3.0887413024902344
44.21075439453125,3.0887413024902344
44.22233200073242,3.0887413024902344
44.23392152786255,3.0887413024902344
44.24549341201782,3.0887413024902344
44.257068395614624,3.0887413024902344
44.26862859725952,3.0887413024902344
44.280192852020264,3.0887413024902344
44.29176044464111,3.0887413024902344
44.30333352088928,3.0887413024902344
44.314908266067505,3.0887413024902344
44.326467514038086,3.0887413024902344
44.33804774284363,3.0887413024902344
44.34963250160217,3.0887413024902344
44.361210346221924,3.0887413024902344
44.37277364730835,3.0887413024902344
44.38442635536194,3.0887413024902344
44.395999908447266,3.0887413024902344
44.40754842758179,3.0887413024902344
44.41912889480591,3.0887413024902344
44.430702447891235,3.0887413024902344
44.442286014556885,3.0887413024902344
44.453874826431274,3.0887413024902344
44.465441942214966,3.0887413024902344
44.47702121734619,3.0887413024902344
44.48858690261841,3.0887413024902344
44.500171422958374,3.0887413024902344
44.511754274368286,3.0887413024902344
44.52332639694214,3.0887413024902344
44.5349018573761,3.0887413024902344
44.54647922515869,3.0887413024902344
44.55805420875549,3.0887451171875
44.56960415840149,3.0887451171875
44.581175327301025,3.0887451171875
44.59273147583008,3.0887451171875
44.6043267250061,3.0514869689941406
44.61588096618652,3.014232635498047
44.627431869506836,2.9772415161132812
44.638997316360474,2.9769821166992188
44.6505606174469,2.9769821166992188
44.66213297843933,2.9769821166992188
44.67369222640991,2.9769821166992188
44.68525695800781,2.9769821166992188
44.69681930541992,2.9769821166992188
44.70834827423096,2.865222930908203
44.71991229057312,2.865222930908203
44.731475591659546,2.865222930908203
44.74305033683777,2.865222930908203
44.75460624694824,2.865222930908203
44.76616549491882,2.865222930908203
44.777716636657715,2.865222930908203
44.7893009185791,2.865222930908203
44.800896406173706,2.865222930908203
44.81246209144592,2.865222930908203
44.82403492927551,2.865222930908203
44.8355872631073,2.865222930908203
44.84715008735657,2.865222930908203
44.85870957374573,2.865222930908203
44.87028360366821,2.865222930908203
44.88184714317322,2.865222930908203
44.8934063911438,2.865222930908203
44.90496587753296,2.865222930908203
44.91652154922485,2.865222930908203
44.928101539611816,2.865222930908203
44.94005489349365,2.753467559814453
44.95192837715149,2.753467559814453
44.96377491950989,2.753467559814453
44.97560524940491,2.753467559814453
44.98747253417969,2.753467559814453
44.99933886528015,2.753467559814453
45.011215686798096,2.6419754028320312
45.02308225631714,2.6417160034179688
45.03495168685913,2.6417160034179688
45.04678726196289,2.6417160034179688
45.0586199760437,2.6417160034179688
45.07048058509827,2.5672073364257812
45.08235216140747,2.529956817626953
45.09421706199646,2.529956817626953
45.106074810028076,2.529956817626953
45.117939472198486,2.529956817626953
45.12980818748474,2.529956817626953
45.14166212081909,2.529956817626953
45.153794050216675,2.529956817626953
45.16565752029419,2.529956817626953
45.17751336097717,2.529956817626953
45.18936061859131,2.529956817626953
45.201207637786865,2.529956817626953
45.21304678916931,2.529956817626953
45.22489309310913,2.529956817626953
45.236796855926514,2.529956817626953
45.24862599372864,2.529956817626953
45.26048731803894,2.529956817626953
45.27237868309021,2.529956817626953
45.28424119949341,2.529956817626953
45.29610300064087,2.529956817626953
45.3080108165741,2.529956817626953
45.31986093521118,2.529956817626953
45.331703186035156,2.529956817626953
45.34357953071594,2.529956817626953
45.35544276237488,2.529956817626953
45.367316007614136,2.529956817626953
45.37917447090149,2.529956817626953
45.391029834747314,2.529956817626953
45.40288949012756,2.529956817626953
45.41474151611328,2.529956817626953
45.42660045623779,2.529956817626953
45.43844676017761,2.529956817626953
45.450295209884644,2.529956817626953
45.46215605735779,2.529956817626953
45.474010705947876,2.529956817626953
45.48585772514343,2.529956817626953
45.49769687652588,2.529956817626953
45.50955033302307,2.529956817626953
45.52139902114868,2.529956817626953
45.53325605392456,2.529956817626953
45.54513239860535,2.529956817626953
45.55698800086975,2.529956817626953
45.568851470947266,2.529956817626953
45.580692291259766,2.529956817626953
45.59254264831543,2.529956817626953
45.6043963432312,2.529956817626953
45.616257667541504,2.529956817626953
45.62811589241028,2.529956817626953
45.639962673187256,2.529956817626953
45.651814699172974,2.529956817626953
45.663702726364136,2.529956817626953
45.67558479309082,2.529956817626953
45.68745684623718,2.529956817626953
45.699323892593384,2.529956817626953
45.71117925643921,2.529956817626953
45.723039865493774,2.529956817626953
45.734890937805176,2.529956817626953
45.74674034118652,2.529956817626953
45.758610010147095,2.529956817626953
45.77047538757324,2.529956817626953
45.78234887123108,2.529956817626953
45.79420828819275,2.529956817626953
45.80607223510742,2.529956817626953
45.817931175231934,2.529956817626953
45.82978558540344,2.529956817626953
45.84164118766785,2.529956817626953
45.853495359420776,2.529956817626953
45.86536192893982,2.529956817626953
45.877228021621704,2.529956817626953
45.88908767700195,2.529956817626953
45.90094208717346,2.529956817626953
45.91279482841492,2.529956817626953
45.92462420463562,2.529956817626953
45.93647503852844,2.529956817626953
45.948326587677,2.529956817626953
45.96018719673157,2.5299606323242188
45.9720401763916,2.5299606323242188
45.98388600349426,2.5299606323242188
45.99573230743408,2.5299606323242188
46.00758910179138,2.5299606323242188
46.01944041252136,2.5299606323242188
46.03130602836609,2.5299606323242188
46.04317545890808,2.5299606323242188
46.05502939224243,2.5299606323242188
46.066879749298096,2.5299606323242188
46.078721046447754,2.5299606323242188
46.09058380126953,2.5299606323242188
46.102442502975464,2.5299606323242188
46.11430287361145,2.5299606323242188
46.12615656852722,2.5299606323242188
46.138014793395996,2.5299606323242188
46.14986276626587,2.5299606323242188
46.16170144081116,2.5299606323242188
46.17356324195862,2.5299606323242188
46.18542671203613,2.5299606323242188
46.197279930114746,2.5299606323242188
46.20914268493652,2.5299606323242188
46.221012115478516,2.5299606323242188
46.23287773132324,2.5299606323242188
46.2447247505188,2.5299606323242188
46.25657796859741,2.5299606323242188
46.26844239234924,2.5299606323242188
46.28030252456665,2.5299606323242188
46.29217195510864,2.5299606323242188
46.30403709411621,2.5299606323242188
46.315895557403564,2.5299606323242188
46.32774209976196,2.5299606323242188
46.33959197998047,2.5299606323242188
46.35144233703613,2.5299606323242188
46.363298654556274,2.5299606323242188
46.37515377998352,2.5299606323242188
46.38699984550476,2.5299606323242188
46.398853063583374,2.5299606323242188
46.41069555282593,2.5299606323242188
46.42254710197449,2.5299606323242188
46.43439865112305,2.5299606323242188
46.44625210762024,2.5299606323242188
46.4581081867218,2.5299606323242188
46.4699592590332,2.5299606323242188
46.48180389404297,2.5299606323242188
46.4936101436615,2.5299606323242188
46.50547194480896,2.5299606323242188
46.517324447631836,2.5299606323242188
46.529173851013184,2.5299606323242188
46.541025161743164,2.5299606323242188
46.5528678894043,2.5299606323242188
46.56470537185669,2.5299606323242188
46.57657051086426,2.5299606323242188
46.58841919898987,2.5299606323242188
46.60026526451111,2.5299606323242188
46.612120151519775,2.5299606323242188
46.623971700668335,2.5299606323242188
46.635820150375366,2.5299606323242188
46.64768648147583,2.5299606323242188
46.659571409225464,2.4181976318359375
46.67171788215637,0.17848968505859375
46.683534383773804,0.17848968505859375
46.69535684585571,0.17848968505859375
46.707157373428345,0.17848968505859375
46.71895694732666,0.17848968505859375
46.73074221611023,0.17848968505859375
46.742538928985596,0.17848968505859375
46.754395723342896,0.17848968505859375
46.76620817184448,0.17848968505859375
46.778005599975586,0.17848968505859375
46.78981614112854,0.17848968505859375
46.801562547683716,0.17848968505859375
46.81336808204651,0.17848968505859375
46.82517075538635,0.17848968505859375
46.83696746826172,0.17848968505859375
46.848753690719604,0.17848968505859375
46.86054563522339,0.17848968505859375
46.87129282951355,0.178619384765625
46.88203430175781,0.178619384765625
46.89275360107422,0.178619384765625
46.90348148345947,0.178619384765625
46.91421556472778,0.178619384765625
46.924946308135986,0.178619384765625
46.935659646987915,0.178619384765625
46.94638466835022,0.17865753173828125
46.95711541175842,0.17865753173828125
46.96784830093384,0.17865753173828125
46.97857356071472,0.17865753173828125
46.98929953575134,0.17869186401367188
47.0000262260437,0.17869186401367188
47.010740995407104,0.17869186401367188
47.02146649360657,0.17875289916992188
47.03219294548035,0.17875289916992188
47.04291915893555,0.17875289916992188
47.053630352020264,0.17875289916992188
47.06435942649841,0.17875289916992188
47.075093269348145,0.17875289916992188
47.08581876754761,0.17875289916992188
47.09653401374817,0.17876434326171875
47.10726189613342,0.17876434326171875
47.117976903915405,0.17876434326171875
47.12868785858154,0.1769561767578125
47.13941407203674,0.0
47.15015149116516,0.0
47.160884141922,0.0
47.171586751937866,0.0
