t_sec,rss_gib
0.005692481994628906,0.001567840576171875
0.01664423942565918,0.007328033447265625
0.027441024780273438,0.0086212158203125
0.03821253776550293,0.009685516357421875
0.0489659309387207,0.010440826416015625
0.059760093688964844,0.0110015869140625
0.07051753997802734,0.0110015869140625
0.08127284049987793,0.01183319091796875
0.09202361106872559,0.01434326171875
0.10278868675231934,0.018306732177734375
0.11354923248291016,0.019062042236328125
0.12430405616760254,0.019710540771484375
0.1350569725036621,0.020046234130859375
0.14582133293151855,0.02111053466796875
0.1565873622894287,0.021739959716796875
0.1673579216003418,0.021991729736328125
0.17809677124023438,0.021991729736328125
0.18886566162109375,0.021991729736328125
0.1996321678161621,0.022243499755859375
0.21039271354675293,0.022861480712890625
0.2211604118347168,0.024089813232421875
0.2319047451019287,0.024433135986328125
0.242661714553833,0.025104522705078125
0.2534315586090088,0.025608062744140625
0.2641735076904297,0.025608062744140625
0.2749178409576416,0.025608062744140625
0.28567957878112793,0.025608062744140625
0.29644155502319336,0.025608062744140625
0.3072042465209961,0.025608062744140625
0.3179752826690674,0.025608062744140625
0.3287355899810791,0.025608062744140625
0.3394894599914551,0.025608062744140625
0.35023927688598633,0.025608062744140625
0.3609797954559326,0.025608062744140625
0.37174177169799805,0.025608062744140625
0.382495641708374,0.025608062744140625
0.3932490348815918,0.025608062744140625
0.40398240089416504,0.025608062744140625
0.41473889350891113,0.025608062744140625
0.4254889488220215,0.025608062744140625
0.4362308979034424,0.025608062744140625
0.44696712493896484,0.025608062744140625
0.457719087600708,0.025608062744140625
0.468475341796875,0.025608062744140625
0.47922635078430176,0.025608062744140625
0.48996686935424805,0.025608062744140625
0.5007205009460449,0.025608062744140625
0.5114717483520508,0.025608062744140625
0.5222132205963135,0.025608062744140625
0.5329415798187256,0.025608062744140625
0.5436873435974121,0.025608062744140625
0.5544495582580566,0.025608062744140625
0.5651845932006836,0.025608062744140625
0.5759408473968506,0.025608062744140625
0.5866942405700684,0.025608062744140625
0.5974633693695068,0.025608062744140625
0.6082034111022949,0.025608062744140625
0.6189370155334473,0.025608062744140625
0.6296877861022949,0.025608062744140625
0.640434980392456,0.025608062744140625
0.6511697769165039,0.025608062744140625
0.6619067192077637,0.025608062744140625
0.6726658344268799,0.026576995849609375
0.6834137439727783,0.026828765869140625
0.6941473484039307,0.026828765869140625
0.7048954963684082,0.026828765869140625
0.7156939506530762,0.026828765869140625
0.7264435291290283,0.026828765869140625
0.7371783256530762,0.026828765869140625
0.7479076385498047,0.026828765869140625
0.7586596012115479,0.026828765869140625
0.7694103717803955,0.026828765869140625
0.7801425457000732,0.026828765869140625
0.7908823490142822,0.026828765869140625
0.8016300201416016,0.026828765869140625
0.8123769760131836,0.026828765869140625
0.8231217861175537,0.026958465576171875
0.8338723182678223,0.026958465576171875
0.8446145057678223,0.026958465576171875
0.8553650379180908,0.026958465576171875
0.866093635559082,0.026958465576171875
0.8768556118011475,0.026958465576171875
0.8876097202301025,0.026958465576171875
0.8983678817749023,0.026958465576171875
0.909104585647583,0.026958465576171875
0.9198498725891113,0.026958465576171875
0.9305939674377441,0.026958465576171875
0.9413430690765381,0.026958465576171875
0.9520745277404785,0.026958465576171875
0.962836742401123,0.026958465576171875
0.9735844135284424,0.0272979736328125
0.9843292236328125,0.0272979736328125
0.9950635433197021,0.0272979736328125
1.0058109760284424,0.0272979736328125
1.0165574550628662,0.0272979736328125
1.0273356437683105,0.0272979736328125
1.0380690097808838,0.0272979736328125
1.0488274097442627,0.0272979736328125
1.0595812797546387,0.0272979736328125
1.0703349113464355,0.0272979736328125
1.0810751914978027,0.027496337890625
1.0918464660644531,0.027496337890625
1.1026015281677246,0.027496337890625
1.1133592128753662,0.027496337890625
1.1240923404693604,0.027496337890625
1.1348388195037842,0.027496337890625
1.1455881595611572,0.027496337890625
1.156339406967163,0.027496337890625
1.1670715808868408,0.027496337890625
1.177828311920166,0.027496337890625
1.1885802745819092,0.027496337890625
1.1993329524993896,0.027496337890625
1.210066795349121,0.027496337890625
1.2208168506622314,0.0275115966796875
1.2315700054168701,0.0275115966796875
1.2423253059387207,0.0275115966796875
1.2530570030212402,0.0275115966796875
1.2638046741485596,0.0275115966796875
1.2745513916015625,0.0275115966796875
1.285304307937622,0.0275115966796875
1.2960679531097412,0.0275115966796875
1.3068225383758545,0.0275115966796875
1.3175673484802246,0.0275115966796875
1.3283195495605469,0.0275115966796875
1.3390519618988037,0.0275115966796875
1.3498198986053467,0.027652740478515625
1.3605716228485107,0.028354644775390625
1.3713304996490479,0.02864837646484375
1.382079839706421,0.029872894287109375
1.3928463459014893,0.030742645263671875
1.4036424160003662,0.030994415283203125
1.4143924713134766,0.030994415283203125
1.4251279830932617,0.030994415283203125
1.4358673095703125,0.030994415283203125
1.4466543197631836,0.030994415283203125
1.4574065208435059,0.030994415283203125
1.4681587219238281,0.030994415283203125
1.4789061546325684,0.030994415283203125
1.4896819591522217,0.030994415283203125
1.5004310607910156,0.030994415283203125
1.5111663341522217,0.030994415283203125
1.5218956470489502,0.030994415283203125
1.5326440334320068,0.030994415283203125
1.543410301208496,0.030994415283203125
1.554173231124878,0.030994415283203125
1.5649476051330566,0.030994415283203125
1.5757286548614502,0.030994415283203125
1.5865254402160645,0.031589508056640625
1.5973048210144043,0.031589508056640625
1.6080822944641113,0.031589508056640625
1.6188995838165283,0.031589508056640625
1.629690170288086,0.031589508056640625
1.6404953002929688,0.031589508056640625
1.6512532234191895,0.031589508056640625
1.6619899272918701,0.031589508056640625
1.672739028930664,0.031589508056640625
1.6834821701049805,0.031589508056640625
1.6942219734191895,0.031589508056640625
1.704958200454712,0.031589508056640625
1.7157042026519775,0.031589508056640625
1.7264559268951416,0.031589508056640625
1.737187147140503,0.031589508056640625
1.7479515075683594,0.03276824951171875
1.758718490600586,0.035594940185546875
1.76947021484375,0.035594940185546875
1.7802329063415527,0.035594940185546875
1.7909679412841797,0.035594940185546875
1.8017213344573975,0.035594940185546875
1.8124706745147705,0.035594940185546875
1.8232157230377197,0.035594940185546875
1.8339650630950928,0.035594940185546875
1.8447210788726807,0.035594940185546875
1.855483055114746,0.035594940185546875
1.8662409782409668,0.035594940185546875
1.876976490020752,0.035594940185546875
1.8877294063568115,0.035594940185546875
1.8984830379486084,0.035594940185546875
1.9092261791229248,0.035594940185546875
1.9199562072753906,0.035594940185546875
1.9307246208190918,0.035594940185546875
1.9414894580841064,0.035594940185546875
1.9522528648376465,0.035594940185546875
1.96299147605896,0.035594940185546875
1.973745346069336,0.035594940185546875
1.9844963550567627,0.035594940185546875
1.9952497482299805,0.035594940185546875
2.005983591079712,0.035594940185546875
2.0167298316955566,0.035594940185546875
2.0274746417999268,0.035594940185546875
2.0382187366485596,0.035594940185546875
2.0489542484283447,0.035594940185546875
2.0596985816955566,0.035594940185546875
2.0704455375671387,0.035594940185546875
2.0811767578125,0.035594940185546875
2.091905355453491,0.035594940185546875
2.102658748626709,0.035594940185546875
2.1134047508239746,0.035594940185546875
2.1241416931152344,0.035594940185546875
2.1348748207092285,0.035594940185546875
2.145632743835449,0.035594940185546875
2.1563808917999268,0.035594940185546875
2.167128324508667,0.035594940185546875
2.177877187728882,0.035594940185546875
2.1886281967163086,0.035762786865234375
2.199378252029419,0.035762786865234375
2.2101118564605713,0.035762786865234375
2.2208621501922607,0.035762786865234375
2.2316226959228516,0.035762786865234375
2.242375373840332,0.035762786865234375
2.253108024597168,0.035762786865234375
2.26385235786438,0.035762786865234375
2.2745962142944336,0.035762786865234375
2.285346269607544,0.03578948974609375
2.2960946559906006,0.03578948974609375
2.306835651397705,0.03578948974609375
2.317596673965454,0.03578948974609375
2.3283395767211914,0.03578948974609375
2.3390729427337646,0.03578948974609375
2.3498239517211914,0.03578948974609375
2.360574722290039,0.03578948974609375
2.371328353881836,0.03630828857421875
2.3820688724517822,0.037540435791015625
2.392834186553955,0.037792205810546875
2.4035868644714355,0.038295745849609375
2.414341688156128,0.039379119873046875
2.425079822540283,0.0396270751953125
2.435873508453369,0.040531158447265625
2.446624755859375,0.040843963623046875
2.457380533218384,0.04106903076171875
2.4681246280670166,0.04122161865234375
2.478872299194336,0.0416259765625
2.489628791809082,0.04164886474609375
2.5003950595855713,0.041896820068359375
2.5111472606658936,0.042148590087890625
2.521894931793213,0.042148590087890625
2.532663106918335,0.042148590087890625
2.5434134006500244,0.042148590087890625
2.5541515350341797,0.042148590087890625
2.564892053604126,0.042148590087890625
2.575645923614502,0.042148590087890625
2.586392641067505,0.042148590087890625
2.5971519947052,0.042148590087890625
2.6078898906707764,0.042148590087890625
2.6186439990997314,0.042148590087890625
2.629401683807373,0.042148590087890625
2.6401493549346924,0.042148590087890625
2.650923252105713,0.042400360107421875
2.6617023944854736,0.04279327392578125
2.6724600791931152,0.042987823486328125
2.683222770690918,0.042987823486328125
2.693964719772339,0.042987823486328125
2.704733371734619,0.042987823486328125
2.7154793739318848,0.042987823486328125
2.7262349128723145,0.042987823486328125
2.736964225769043,0.042987823486328125
2.747710704803467,0.042987823486328125
2.7584569454193115,0.042987823486328125
2.769198417663574,0.042987823486328125
2.7799315452575684,0.042987823486328125
2.790684938430786,0.042987823486328125
2.801442861557007,0.042987823486328125
2.812182664871216,0.042987823486328125
2.8229269981384277,0.042987823486328125
2.8336808681488037,0.042987823486328125
2.84443736076355,0.043243408203125
2.8551793098449707,0.043659210205078125
2.8659169673919678,0.0439300537109375
2.876689910888672,0.044414520263671875
2.887441873550415,0.044525146484375
2.8982067108154297,0.044708251953125
2.908944845199585,0.044708251953125
2.9197022914886475,0.044708251953125
2.9304521083831787,0.044708251953125
2.9411849975585938,0.044708251953125
2.9519312381744385,0.044708251953125
2.962684154510498,0.044708251953125
2.9734292030334473,0.044708251953125
2.984158515930176,0.044708251953125
2.9948959350585938,0.044708251953125
3.005645751953125,0.044708251953125
3.0163989067077637,0.044708251953125
3.027132987976074,0.044708251953125
3.037865400314331,0.044708251953125
3.048611879348755,0.044708251953125
3.0593671798706055,0.04491424560546875
3.0701186656951904,0.04496002197265625
3.080873489379883,0.045135498046875
3.0916361808776855,0.045135498046875
3.102395534515381,0.045383453369140625
3.1131391525268555,0.045886993408203125
3.123871088027954,0.046234130859375
3.134625196456909,0.046234130859375
3.1453988552093506,0.046234130859375
3.156144380569458,0.046234130859375
3.1668810844421387,0.046234130859375
3.177630662918091,0.046234130859375
3.1883909702301025,0.046234130859375
3.19912052154541,0.046234130859375
3.2098541259765625,0.046234130859375
3.2206077575683594,0.046234130859375
3.23136043548584,0.046234130859375
3.242109537124634,0.046627044677734375
3.2528765201568604,0.047573089599609375
3.2636377811431885,0.047573089599609375
3.2743887901306152,0.047573089599609375
3.2851216793060303,0.047573089599609375
3.2958600521087646,0.047573089599609375
3.3066201210021973,0.047573089599609375
3.317368507385254,0.047573089599609375
3.328101873397827,0.047573089599609375
3.338843584060669,0.047573089599609375
3.349602222442627,0.047573089599609375
3.360347032546997,0.047573089599609375
3.371080160140991,0.047573089599609375
3.38183331489563,0.047573089599609375
3.392592668533325,0.047824859619140625
3.403341293334961,0.047824859619140625
3.4140737056732178,0.047824859619140625
3.424830675125122,0.047824859619140625
3.435575008392334,0.047824859619140625
3.4463186264038086,0.047824859619140625
3.4570631980895996,0.047824859619140625
3.467820644378662,0.04975128173828125
3.4785807132720947,0.0527191162109375
3.4893412590026855,0.052959442138671875
3.500087022781372,0.053714752197265625
3.5108304023742676,0.053714752197265625
3.521569013595581,0.053714752197265625
3.532317876815796,0.053714752197265625
3.543044328689575,0.053714752197265625
3.5537872314453125,0.053714752197265625
3.5645315647125244,0.053714752197265625
3.5752780437469482,0.053714752197265625
3.5860109329223633,0.053714752197265625
3.5967910289764404,0.053714752197265625
3.60756516456604,0.053714752197265625
3.618328332901001,0.053714752197265625
3.6290528774261475,0.053714752197265625
3.639803886413574,0.053714752197265625
3.6505508422851562,0.05420684814453125
3.661317825317383,0.05420684814453125
3.672067642211914,0.05462646484375
3.6828196048736572,0.054851531982421875
3.6935739517211914,0.05561065673828125
3.7043232917785645,0.05759429931640625
3.7150652408599854,0.058155059814453125
3.7258315086364746,0.058826446533203125
3.7366085052490234,0.059902191162109375
3.7473716735839844,0.059902191162109375
3.7581188678741455,0.0614776611328125
3.768885850906372,0.062015533447265625
3.7797296047210693,0.06458282470703125
3.7905097007751465,0.06499099731445312
3.801285743713379,0.06512832641601562
3.8120312690734863,0.0662384033203125
3.822781562805176,0.06699371337890625
3.8335320949554443,0.0672454833984375
3.8442835807800293,0.06775283813476562
3.855026960372925,0.06786346435546875
3.8657784461975098,0.06847000122070312
3.8765223026275635,0.06890487670898438
3.8872733116149902,0.06924819946289062
3.8980154991149902,0.06924819946289062
3.9087765216827393,0.06924819946289062
3.919522762298584,0.06924819946289062
3.9302778244018555,0.06924819946289062
3.9410159587860107,0.06924819946289062
3.9517691135406494,0.06924819946289062
3.9625351428985596,0.06924819946289062
3.973289966583252,0.06924819946289062
3.9840304851531982,0.06924819946289062
3.994804620742798,0.06924819946289062
4.00554895401001,0.06924819946289062
4.016304016113281,0.06924819946289062
4.027036190032959,0.06924819946289062
4.037792444229126,0.06924819946289062
4.048544406890869,0.06924819946289062
4.059309244155884,0.06924819946289062
4.070050001144409,0.06924819946289062
4.080807447433472,0.06924819946289062
4.091557741165161,0.06924819946289062
4.102320671081543,0.06924819946289062
4.113069295883179,0.06924819946289062
4.123852491378784,0.06924819946289062
4.1346046924591064,0.06924819946289062
4.1453588008880615,0.06924819946289062
4.156091928482056,0.06924819946289062
4.166830778121948,0.06924819946289062
4.177588224411011,0.06924819946289062
4.1883440017700195,0.06924819946289062
4.199108600616455,0.06924819946289062
4.209860563278198,0.06924819946289062
4.220625162124634,0.06924819946289062
4.231381893157959,0.06924819946289062
4.242133378982544,0.06924819946289062
4.252885103225708,0.06924819946289062
4.263700008392334,0.06924819946289062
4.27445650100708,0.06924819946289062
4.2852020263671875,0.06924819946289062
4.2959818840026855,0.06924819946289062
4.306731462478638,0.06924819946289062
4.317545413970947,0.06924819946289062
4.3283469676971436,0.06924819946289062
4.339080572128296,0.06924819946289062
4.349844455718994,0.06924819946289062
4.3606343269348145,0.06924819946289062
4.371374607086182,0.06924819946289062
4.382107734680176,0.06924819946289062
4.392858028411865,0.06924819946289062
4.403608560562134,0.06924819946289062
4.414377927780151,0.06924819946289062
4.425110578536987,0.06924819946289062
4.435852527618408,0.06924819946289062
4.446612119674683,0.06924819946289062
4.457368612289429,0.0694732666015625
4.4681077003479,0.0694732666015625
4.478856086730957,0.0694732666015625
4.489609479904175,0.0694732666015625
4.500355958938599,0.0694732666015625
4.511098623275757,0.0694732666015625
4.521845102310181,0.0694732666015625
4.532601594924927,0.0694732666015625
4.543354749679565,0.0694732666015625
4.554088592529297,0.0694732666015625
4.564866065979004,0.0694732666015625
4.575624465942383,0.0694732666015625
4.586365461349487,0.0694732666015625
4.5971479415893555,0.0694732666015625
4.607886552810669,0.07004928588867188
4.6186418533325195,0.07004928588867188
4.629408597946167,0.07004928588867188
4.640164375305176,0.07004928588867188
4.650911569595337,0.07004928588867188
4.661684513092041,0.07004928588867188
4.672434329986572,0.07004928588867188
4.683167219161987,0.07004928588867188
4.6939074993133545,0.07004928588867188
4.704657077789307,0.07004928588867188
4.715399742126465,0.07004928588867188
4.726128339767456,0.07004928588867188
4.736871004104614,0.07004928588867188
4.747631311416626,0.07004928588867188
4.758387565612793,0.07004928588867188
4.769125938415527,0.07004928588867188
4.7798686027526855,0.07004928588867188
4.790624380111694,0.07004928588867188
4.8013739585876465,0.07004928588867188
4.812106132507324,0.07004928588867188
4.822851896286011,0.07004928588867188
4.833604335784912,0.07004928588867188
4.844356536865234,0.07004928588867188
4.855099439620972,0.07004928588867188
4.86583948135376,0.07004928588867188
4.8765952587127686,0.07004928588867188
4.8873515129089355,0.07004928588867188
4.898091793060303,0.07004928588867188
4.908837080001831,0.07004928588867188
4.919585943222046,0.07004928588867188
4.930330753326416,0.07004928588867188
4.941066265106201,0.07004928588867188
4.951810836791992,0.07004928588867188
4.962574481964111,0.07004928588867188
4.973330497741699,0.07004928588867188
4.984062671661377,0.07004928588867188
4.994822025299072,0.07004928588867188
5.005572557449341,0.07004928588867188
5.016330003738403,0.07004928588867188
5.027067422866821,0.07004928588867188
5.037820339202881,0.07004928588867188
5.048568964004517,0.07004928588867188
5.059326410293579,0.07004928588867188
5.070068120956421,0.07004928588867188
5.080825328826904,0.07004928588867188
5.091571569442749,0.07004928588867188
5.102339506149292,0.07004928588867188
5.113068103790283,0.07004928588867188
5.123816013336182,0.07004928588867188
5.1345624923706055,0.07004928588867188
5.145310640335083,0.07004928588867188
5.156045913696289,0.07004928588867188
5.16679310798645,0.07004928588867188
5.177544832229614,0.07004928588867188
5.188297510147095,0.07004928588867188
5.199040651321411,0.07004928588867188
5.209808349609375,0.07196044921875
5.2205650806427,0.07257843017578125
5.231328010559082,0.07307815551757812
5.242079734802246,0.07332992553710938
5.252835512161255,0.07423782348632812
5.263587951660156,0.07453536987304688
5.274335622787476,0.07453536987304688
5.285079002380371,0.07453536987304688
5.29583740234375,0.07453536987304688
5.3065900802612305,0.07453536987304688
5.317350149154663,0.07453536987304688
5.3280863761901855,0.07453536987304688
5.338845729827881,0.07453536987304688
5.3496177196502686,0.07453536987304688
5.360403776168823,0.07453536987304688
5.3711419105529785,0.07453536987304688
5.381881237030029,0.07453536987304688
5.392635822296143,0.07453536987304688
5.40339207649231,0.07453536987304688
5.41412878036499,0.07453536987304688
5.424859523773193,0.07453536987304688
5.435609340667725,0.07453536987304688
5.446358680725098,0.07453536987304688
5.457094430923462,0.07453536987304688
5.467828750610352,0.07453536987304688
5.478591442108154,0.07453536987304688
5.489336013793945,0.07453536987304688
5.500070095062256,0.07453536987304688
5.51082444190979,0.07453536987304688
5.521574974060059,0.07453536987304688
5.532327651977539,0.07453536987304688
5.54306435585022,0.07453536987304688
5.553821325302124,0.07453536987304688
5.564572095870972,0.07453536987304688
5.575313329696655,0.07453536987304688
5.5860512256622314,0.07453536987304688
5.596814870834351,0.07453536987304688
5.607611894607544,0.07482528686523438
5.618366241455078,0.07529449462890625
5.6291046142578125,0.07529449462890625
5.639856576919556,0.0755615234375
5.650611400604248,0.07657623291015625
5.661365747451782,0.07667922973632812
5.672104120254517,0.077545166015625
5.68286395072937,0.07779693603515625
5.6936235427856445,0.07779693603515625
5.704389333724976,0.07779693603515625
5.715121746063232,0.07779693603515625
5.72585916519165,0.07779693603515625
5.736607551574707,0.07779693603515625
5.747349739074707,0.07779693603515625
5.758079767227173,0.07779693603515625
5.768827199935913,0.07779693603515625
5.779573678970337,0.07779693603515625
5.790325164794922,0.07779693603515625
5.801055192947388,0.07779693603515625
5.81184458732605,0.07779693603515625
5.822597503662109,0.07779693603515625
5.833343982696533,0.07779693603515625
5.8440752029418945,0.07779693603515625
5.854825735092163,0.07779693603515625
5.865582704544067,0.07779693603515625
5.876330375671387,0.07779693603515625
5.887064456939697,0.07779693603515625
5.897817134857178,0.07779693603515625
5.9085752964019775,0.07779693603515625
5.919326543807983,0.07779693603515625
5.930065393447876,0.07779693603515625
5.940812110900879,0.07779693603515625
5.951566696166992,0.07779693603515625
5.962311744689941,0.07779693603515625
5.973060131072998,0.07779693603515625
5.98382306098938,0.07860565185546875
5.994568109512329,0.0803680419921875
6.005315780639648,0.08054733276367188
6.016058921813965,0.08171463012695312
6.026808977127075,0.08228302001953125
6.037559747695923,0.08260726928710938
6.048310279846191,0.08441543579101562
6.059055328369141,0.08531570434570312
6.069807767868042,0.08531570434570312
6.080547571182251,0.08556747436523438
6.091301918029785,0.08581924438476562
6.10204291343689,0.08581924438476562
6.1128106117248535,0.08607101440429688
6.123563051223755,0.08607101440429688
6.13432765007019,0.08632278442382812
6.145065546035767,0.08632278442382812
6.155824899673462,0.08632278442382812
6.16657280921936,0.08632278442382812
6.177324295043945,0.08632278442382812
6.188055515289307,0.08632278442382812
6.198807001113892,0.08632278442382812
6.209557056427002,0.08632278442382812
6.220314264297485,0.08632278442382812
6.231048583984375,0.08632278442382812
6.2417967319488525,0.08632278442382812
6.252546548843384,0.08632278442382812
6.26329231262207,0.08632278442382812
6.274026870727539,0.08632278442382812
6.284778356552124,0.08632278442382812
6.295526027679443,0.08657455444335938
6.306271314620972,0.08657455444335938
6.317007541656494,0.08657455444335938
6.327764511108398,0.08657455444335938
6.338533639907837,0.08657455444335938
6.349283933639526,0.08657455444335938
6.360018491744995,0.08657455444335938
6.370779991149902,0.08657455444335938
6.381528377532959,0.0868072509765625
6.392281532287598,0.08713912963867188
6.4030280113220215,0.08764266967773438
6.413784503936768,0.08814620971679688
6.424546957015991,0.08814620971679688
6.43530535697937,0.08864974975585938
6.446043968200684,0.08864974975585938
6.456800699234009,0.08900833129882812
6.467556715011597,0.08926010131835938
6.478308200836182,0.08951187133789062
6.4890501499176025,0.08998870849609375
6.4998087882995605,0.08998870849609375
6.51055383682251,0.08998870849609375
6.521291732788086,0.08998870849609375
6.532026052474976,0.08998870849609375
6.542779207229614,0.08998870849609375
6.553523302078247,0.08998870849609375
6.564261436462402,0.08998870849609375
6.5749900341033936,0.08998870849609375
6.585734128952026,0.08998870849609375
6.596501588821411,0.08998870849609375
6.607248306274414,0.08998870849609375
6.617981910705566,0.08998870849609375
6.62874960899353,0.08998870849609375
6.639493703842163,0.08998870849609375
6.650232791900635,0.08998870849609375
6.66096568107605,0.08998870849609375
6.671719789505005,0.09029388427734375
6.682483434677124,0.0904083251953125
6.69323468208313,0.09095382690429688
6.703985929489136,0.09108352661132812
6.714743614196777,0.09149169921875
6.7254931926727295,0.09174346923828125
6.7362470626831055,0.0919952392578125
6.746997833251953,0.0919952392578125
6.757747173309326,0.0919952392578125
6.768490314483643,0.0919952392578125
6.779236793518066,0.0919952392578125
6.789973497390747,0.0919952392578125
6.800734758377075,0.0919952392578125
6.811486005783081,0.0919952392578125
6.822242498397827,0.0919952392578125
6.8329784870147705,0.0919952392578125
6.843743562698364,0.0919952392578125
6.854493141174316,0.0919952392578125
6.865241527557373,0.0919952392578125
6.875988483428955,0.0919952392578125
6.886752605438232,0.09264373779296875
6.897514343261719,0.0930023193359375
6.908270359039307,0.0930023193359375
6.919024229049683,0.0930023193359375
6.929773569107056,0.09346771240234375
6.940531969070435,0.09346771240234375
6.951279163360596,0.09346771240234375
6.962015628814697,0.09439468383789062
6.972792863845825,0.09492874145507812
6.983569145202637,0.09518051147460938
6.994349956512451,0.09568405151367188
7.005089044570923,0.09568405151367188
7.015852212905884,0.09593582153320312
7.026605129241943,0.09618759155273438
7.037348031997681,0.09618759155273438
7.048090219497681,0.09618759155273438
7.058837890625,0.09618759155273438
7.069596290588379,0.09618759155273438
7.080348014831543,0.09618759155273438
7.09108567237854,0.09618759155273438
7.101849317550659,0.09618759155273438
7.112622976303101,0.09618759155273438
7.123383522033691,0.09618759155273438
7.134122371673584,0.09618759155273438
7.144859790802002,0.09618759155273438
7.155612468719482,0.09618759155273438
7.166395902633667,0.09618759155273438
7.177130222320557,0.09618759155273438
7.187871932983398,0.09618759155273438
7.198637962341309,0.09618759155273438
7.209408283233643,0.09618759155273438
7.220147609710693,0.09618759155273438
7.230870246887207,0.09618759155273438
7.241622447967529,0.09618759155273438
7.252431869506836,0.09618759155273438
7.263226747512817,0.09618759155273438
7.2740044593811035,0.09618759155273438
7.28481650352478,0.09618759155273438
7.29560661315918,0.09618759155273438
7.306402683258057,0.09618759155273438
7.317199468612671,0.09618759155273438
7.328019142150879,0.09618759155273438
7.338801622390747,0.09618759155273438
7.349560022354126,0.09618759155273438
7.360383033752441,0.09618759155273438
7.371140718460083,0.09618759155273438
7.381879568099976,0.09618759155273438
7.392634868621826,0.09643936157226562
7.40338659286499,0.09643936157226562
7.41412878036499,0.09643936157226562
7.4248738288879395,0.09643936157226562
7.435624837875366,0.09643936157226562
7.446373224258423,0.09643936157226562
7.457115650177002,0.09643936157226562
7.4678709506988525,0.09643936157226562
7.478682518005371,0.09643936157226562
7.48943305015564,0.09643936157226562
7.500167369842529,0.09643936157226562
7.510906934738159,0.09643936157226562
7.521662473678589,0.09643936157226562
7.5324156284332275,0.09643936157226562
7.543154001235962,0.09643936157226562
7.553898334503174,0.09643936157226562
7.564664363861084,0.09643936157226562
7.575425863265991,0.09643936157226562
7.586160182952881,0.09643936157226562
7.596895694732666,0.09643936157226562
7.607653617858887,0.09643936157226562
7.61841082572937,0.09643936157226562
7.629147529602051,0.09643936157226562
7.639913558959961,0.09643936157226562
7.650668621063232,0.09643936157226562
7.661426305770874,0.09643936157226562
7.672172784805298,0.09643936157226562
7.6829307079315186,0.09643936157226562
7.693732976913452,0.09643936157226562
7.704498052597046,0.09643936157226562
7.715246915817261,0.09643936157226562
7.726008892059326,0.09643936157226562
7.736780405044556,0.09643936157226562
7.747534513473511,0.09643936157226562
7.758289337158203,0.09643936157226562
7.769021034240723,0.09643936157226562
7.779772996902466,0.09643936157226562
7.790522813796997,0.09643936157226562
7.801276206970215,0.09643936157226562
7.812014818191528,0.09643936157226562
7.822787046432495,0.09643936157226562
7.833544731140137,0.09643936157226562
7.844315528869629,0.09719467163085938
7.855058193206787,0.09719467163085938
7.865817070007324,0.09719467163085938
7.876577377319336,0.09719467163085938
7.8873395919799805,0.09719467163085938
7.898076295852661,0.09719467163085938
7.908831834793091,0.09719467163085938
7.9195778369903564,0.09719467163085938
7.9303343296051025,0.09719467163085938
7.941067695617676,0.09719467163085938
7.951818943023682,0.09719467163085938
7.962578296661377,0.09719467163085938
7.973330974578857,0.09719467163085938
7.984061241149902,0.09719467163085938
7.99482274055481,0.09719467163085938
8.005582809448242,0.09719467163085938
8.016342163085938,0.09719467163085938
8.027078628540039,0.09719467163085938
8.03784465789795,0.09719467163085938
8.048593044281006,0.09719467163085938
8.059353590011597,0.09719467163085938
8.07010555267334,0.09769821166992188
8.080870389938354,0.09794998168945312
8.091630697250366,0.09845352172851562
8.10238766670227,0.09870529174804688
8.113126277923584,0.09895706176757812
8.123880386352539,0.09946060180664062
8.134639978408813,0.09976959228515625
8.145395994186401,0.09976959228515625
8.156145095825195,0.100128173828125
8.16687536239624,0.100128173828125
8.17763352394104,0.10037994384765625
8.188413143157959,0.10037994384765625
8.199157476425171,0.1006317138671875
8.209877967834473,0.1006317138671875
8.22062873840332,0.1006317138671875
8.231374263763428,0.1006317138671875
8.242104291915894,0.1006317138671875
8.252838850021362,0.1006317138671875
8.263588190078735,0.1006317138671875
8.274340391159058,0.1006317138671875
8.285078287124634,0.1006317138671875
8.295821905136108,0.1006317138671875
8.306584119796753,0.1006317138671875
8.317329406738281,0.1006317138671875
8.328059673309326,0.1006317138671875
8.338806629180908,0.1006317138671875
8.34956669807434,0.1006317138671875
8.3603196144104,0.1006317138671875
8.371051788330078,0.1006317138671875
8.381809711456299,0.1006317138671875
8.392565965652466,0.1006317138671875
8.40330982208252,0.1006317138671875
8.41404128074646,0.1006317138671875
8.4247887134552,0.1006317138671875
8.435552835464478,0.1006317138671875
8.44629454612732,0.1006317138671875
8.457028865814209,0.1006317138671875
8.467785835266113,0.1006317138671875
8.478533506393433,0.1006317138671875
8.489280462265015,0.1006317138671875
8.500011444091797,0.1006317138671875
8.510754346847534,0.1006317138671875
8.521499633789062,0.1006317138671875
8.53225302696228,0.1006317138671875
8.542988061904907,0.1006317138671875
8.55373740196228,0.1006317138671875
8.564482927322388,0.1006317138671875
8.575231552124023,0.1006317138671875
8.585972547531128,0.1006317138671875
8.596725940704346,0.1006317138671875
8.607476949691772,0.1006317138671875
8.61825156211853,0.1006317138671875
8.628984451293945,0.1006317138671875
8.63973069190979,0.1006317138671875
8.650474309921265,0.1006317138671875
8.661219358444214,0.1006317138671875
8.671952724456787,0.1006317138671875
8.68270206451416,0.1006317138671875
8.693453311920166,0.1006317138671875
8.70421314239502,0.1006317138671875
8.714945316314697,0.1006317138671875
8.72569990158081,0.1006317138671875
8.736449003219604,0.1006317138671875
8.747180938720703,0.1006317138671875
8.757911920547485,0.1006317138671875
8.768670558929443,0.1006317138671875
8.779409408569336,0.1006317138671875
8.79014801979065,0.1006317138671875
8.800891637802124,0.1006317138671875
8.811643362045288,0.1006317138671875
8.822397232055664,0.1006317138671875
8.833127737045288,0.1006317138671875
8.843872547149658,0.1006317138671875
8.85462474822998,0.1006317138671875
8.86537504196167,0.1006317138671875
8.876110315322876,0.1006317138671875
8.88685941696167,0.1006317138671875
8.89761996269226,0.1006317138671875
8.908366680145264,0.1006317138671875
8.919094324111938,0.1006317138671875
8.929829835891724,0.1006317138671875
8.940577745437622,0.1006317138671875
8.951328039169312,0.1006317138671875
8.962058544158936,0.1006317138671875
8.972803592681885,0.1006317138671875
8.983576774597168,0.1006317138671875
8.99433970451355,0.10088348388671875
9.005089521408081,0.10113525390625
9.015864133834839,0.10138702392578125
9.026618480682373,0.1016387939453125
9.037385940551758,0.10189056396484375
9.04812479019165,0.102142333984375
9.058878660202026,0.1026458740234375
9.069643259048462,0.10289764404296875
9.080395460128784,0.1031494140625
9.091129541397095,0.1031494140625
9.101866006851196,0.1031494140625
9.112621307373047,0.1031494140625
9.123369455337524,0.1031494140625
9.134107112884521,0.1031494140625
9.144848823547363,0.1031494140625
9.155604362487793,0.1031494140625
9.166345596313477,0.1031494140625
9.17707896232605,0.1031494140625
9.187825202941895,0.1031494140625
9.198567152023315,0.1031494140625
9.20931363105774,0.1031494140625
9.22005009651184,0.1031494140625
9.230815410614014,0.1031494140625
9.24156665802002,0.1031494140625
9.252315521240234,0.1031494140625
9.263048648834229,0.1031494140625
9.273793935775757,0.1031494140625
9.284539461135864,0.1031494140625
9.29529857635498,0.1031494140625
9.306052684783936,0.1031494140625
9.316806316375732,0.1031494140625
9.32755732536316,0.1031494140625
9.338309049606323,0.1031494140625
9.349039316177368,0.1031494140625
9.359784364700317,0.1031494140625
9.370541334152222,0.1031494140625
9.381290197372437,0.1031494140625
9.392033100128174,0.1031494140625
9.402785778045654,0.10340118408203125
9.413549661636353,0.1036529541015625
9.424305200576782,0.1041107177734375
9.435041427612305,0.10436248779296875
9.445804357528687,0.1046142578125
9.456570625305176,0.10486602783203125
9.467324018478394,0.10486602783203125
9.478063106536865,0.1051177978515625
9.488811492919922,0.1051177978515625
9.499562978744507,0.1051177978515625
9.51032543182373,0.1051177978515625
9.521060228347778,0.1051177978515625
9.531816005706787,0.1051177978515625
9.542557716369629,0.1051177978515625
9.553318977355957,0.1051177978515625
9.564053058624268,0.1051177978515625
9.574814319610596,0.1051177978515625
9.585565328598022,0.1051177978515625
9.596321821212769,0.1051177978515625
9.607062578201294,0.1051177978515625
9.61781620979309,0.1051177978515625
9.628567218780518,0.1051177978515625
9.639350891113281,0.1051177978515625
9.650081396102905,0.1051177978515625
9.66098403930664,0.1051177978515625
9.671750545501709,0.10536956787109375
9.682519674301147,0.10587310791015625
9.693286180496216,0.1061248779296875
9.70404839515686,0.10637664794921875
9.714810609817505,0.10662841796875
9.725565671920776,0.1071319580078125
9.73632287979126,0.10738372802734375
9.747072696685791,0.109344482421875
9.757829189300537,0.109344482421875
9.768583297729492,0.10959625244140625
9.779341697692871,0.10959625244140625
9.79008412361145,0.10997772216796875
9.800840854644775,0.10997772216796875
9.81164813041687,0.11086654663085938
9.822429180145264,0.11086654663085938
9.833208084106445,0.11236953735351562
9.843960762023926,0.11236953735351562
9.854723453521729,0.11287307739257812
9.865807056427002,0.11434555053710938
9.87685513496399,0.11459732055664062
9.887705087661743,0.11585617065429688
9.898505449295044,0.11635971069335938
9.909276723861694,0.11635971069335938
9.920043468475342,0.11635971069335938
9.930811643600464,0.11635971069335938
9.941573143005371,0.11635971069335938
9.95234727859497,0.11635971069335938
9.963140964508057,0.11635971069335938
9.973945617675781,0.11635971069335938
9.984722137451172,0.11635971069335938
9.995506048202515,0.11635971069335938
10.006287574768066,0.11635971069335938
10.017026662826538,0.11635971069335938
10.02779507637024,0.11635971069335938
10.038585186004639,0.11635971069335938
10.049334049224854,0.11635971069335938
10.060066223144531,0.11635971069335938
10.070851564407349,0.11635971069335938
10.081620693206787,0.11661148071289062
10.09236216545105,0.11661148071289062
10.103094816207886,0.11661148071289062
10.113831520080566,0.11661148071289062
10.124583959579468,0.11661148071289062
10.135326147079468,0.11661148071289062
10.146112203598022,0.11661148071289062
10.156855821609497,0.11661148071289062
10.167603731155396,0.11661148071289062
10.178355932235718,0.11661148071289062
10.189095735549927,0.11683273315429688
10.199846982955933,0.11683273315429688
10.210601568222046,0.118927001953125
10.221360206604004,0.11968231201171875
10.232107877731323,0.12016677856445312
10.242869138717651,0.12067031860351562
10.253635883331299,0.12092208862304688
10.26438283920288,0.12092208862304688
10.275139331817627,0.12117385864257812
10.285892963409424,0.12185287475585938
10.29664158821106,0.12185287475585938
10.307419061660767,0.12185287475585938
10.318150520324707,0.12185287475585938
10.328891515731812,0.12185287475585938
10.339649200439453,0.12185287475585938
10.350401878356934,0.12185287475585938
10.361135482788086,0.12185287475585938
10.371885538101196,0.12185287475585938
10.382642984390259,0.12185287475585938
10.393404960632324,0.12185287475585938
10.404173851013184,0.12185287475585938
10.414918899536133,0.12185287475585938
10.425670385360718,0.12185287475585938
10.436416149139404,0.12185287475585938
10.447158813476562,0.12185287475585938
10.457900047302246,0.12185287475585938
10.468650341033936,0.12185287475585938
10.479408979415894,0.12237548828125
10.490139484405518,0.12237548828125
10.500874042510986,0.12237548828125
10.511620283126831,0.12237548828125
10.522359848022461,0.12237548828125
10.533094882965088,0.12237548828125
10.54383111000061,0.12237548828125
10.55457878112793,0.12237548828125
10.565325021743774,0.12237548828125
10.5760657787323,0.12237548828125
10.58682131767273,0.12237548828125
10.597589254379272,0.1228790283203125
10.608341693878174,0.123382568359375
10.619078397750854,0.12363433837890625
10.629830360412598,0.1238861083984375
10.640584468841553,0.12469482421875
10.651333570480347,0.12548446655273438
10.66207242012024,0.12548446655273438
10.67282223701477,0.12548446655273438
10.683582544326782,0.12548446655273438
10.694319248199463,0.12548446655273438
10.705061197280884,0.12548446655273438
10.715808868408203,0.12548446655273438
10.726554870605469,0.12548446655273438
10.737305641174316,0.12548446655273438
10.748038530349731,0.12548446655273438
10.758783102035522,0.12548446655273438
10.769527673721313,0.12548446655273438
10.780277967453003,0.12548446655273438
10.791017770767212,0.12548446655273438
10.801774740219116,0.12548446655273438
10.812520265579224,0.12548446655273438
10.823269605636597,0.12548446655273438
10.834014415740967,0.12548446655273438
10.844773769378662,0.12573623657226562
10.855556726455688,0.12598800659179688
10.866312980651855,0.12598800659179688
10.877054214477539,0.12623977661132812
10.887816905975342,0.12623977661132812
10.898570775985718,0.12649154663085938
10.909326553344727,0.12674331665039062
10.920064687728882,0.12699508666992188
10.930819511413574,0.12724685668945312
10.941573143005371,0.12749862670898438
10.952322483062744,0.12800216674804688
10.96305799484253,0.12800216674804688
10.973814487457275,0.12800216674804688
10.9845712184906,0.12800216674804688
10.995322942733765,0.12800216674804688
11.006054639816284,0.12800216674804688
11.016815662384033,0.12800216674804688
11.027567386627197,0.12800216674804688
11.038309812545776,0.12800216674804688
11.049045085906982,0.12800216674804688
11.059799432754517,0.12800216674804688
11.070545196533203,0.12800216674804688
11.081292867660522,0.12800216674804688
11.092028856277466,0.12800216674804688
11.102796077728271,0.12800216674804688
11.11355447769165,0.12800216674804688
11.124303579330444,0.12800216674804688
11.135035514831543,0.12800216674804688
11.14578628540039,0.12800216674804688
11.156537294387817,0.12800216674804688
11.167281866073608,0.12800216674804688
11.178011655807495,0.12800216674804688
11.188756227493286,0.12800216674804688
11.19950008392334,0.12800216674804688
11.210257768630981,0.12800216674804688
11.221006393432617,0.12850570678710938
11.231764554977417,0.12900924682617188
11.242526054382324,0.12926101684570312
11.25328254699707,0.12951278686523438
11.264026880264282,0.13001632690429688
11.274779319763184,0.13051986694335938
11.285547733306885,0.13077163696289062
11.296299695968628,0.13077163696289062
11.30703067779541,0.13077163696289062
11.317786693572998,0.13077163696289062
11.328552961349487,0.13077163696289062
11.339297533035278,0.13077163696289062
11.350030899047852,0.13077163696289062
11.360780954360962,0.13077163696289062
11.371535062789917,0.13077163696289062
11.382290124893188,0.13077163696289062
11.393028497695923,0.13077163696289062
11.403791427612305,0.13077163696289062
11.41454815864563,0.13077163696289062
11.425312280654907,0.13077163696289062
11.43605089187622,0.13077163696289062
11.446797609329224,0.13077163696289062
11.457558870315552,0.13127517700195312
11.468324422836304,0.13127517700195312
11.479090213775635,0.13152694702148438
11.489852666854858,0.13177871704101562
11.500619649887085,0.13228225708007812
11.511393070220947,0.13431167602539062
11.522140741348267,0.1346282958984375
11.532905101776123,0.13498687744140625
11.543661117553711,0.13549041748046875
11.55441951751709,0.13549041748046875
11.565165281295776,0.13549041748046875
11.575940370559692,0.1357421875
11.586706638336182,0.1357421875
11.59746789932251,0.13599395751953125
11.60823392868042,0.1362457275390625
11.618976354598999,0.13649749755859375
11.629749774932861,0.13658523559570312
11.640561580657959,0.13825225830078125
11.651349544525146,0.14051437377929688
11.662148237228394,0.14090728759765625
11.672904968261719,0.14175033569335938
11.683666706085205,0.142913818359375
11.694447040557861,0.142913818359375
11.705261945724487,0.142913818359375
11.716042041778564,0.142913818359375
11.726846694946289,0.142913818359375
11.737607717514038,0.142913818359375
11.748355150222778,0.142913818359375
11.759095191955566,0.142913818359375
11.769842386245728,0.142913818359375
11.780598640441895,0.142913818359375
11.791358709335327,0.142913818359375
11.80210280418396,0.14429855346679688
11.812854051589966,0.14429855346679688
11.823608160018921,0.14429855346679688
11.834367990493774,0.14429855346679688
11.845109939575195,0.14429855346679688
11.855870485305786,0.14429855346679688
11.866631746292114,0.14484786987304688
11.877391576766968,0.14509963989257812
11.888152360916138,0.14509963989257812
11.898881196975708,0.14509963989257812
11.909633159637451,0.14509963989257812
11.920400857925415,0.14560317993164062
11.931148529052734,0.14578628540039062
11.941917896270752,0.14578628540039062
11.95268702507019,0.14643478393554688
11.96346378326416,0.14673995971679688
11.974218845367432,0.14696121215820312
11.98497462272644,0.14728546142578125
11.995725631713867,0.14778900146484375
12.006503343582153,0.148590087890625
12.017259359359741,0.14908599853515625
12.028015851974487,0.14978790283203125
12.038792371749878,0.15235137939453125
12.049553871154785,0.15384292602539062
12.060307025909424,0.15435409545898438
12.071048498153687,0.15435409545898438
12.081815242767334,0.15435409545898438
12.0925612449646,0.15435409545898438
12.103313684463501,0.15435409545898438
12.114044427871704,0.15435409545898438
12.124800205230713,0.15435409545898438
12.13554573059082,0.15435409545898438
12.146296262741089,0.15435409545898438
12.157020807266235,0.15435409545898438
12.167766332626343,0.15435409545898438
12.178502321243286,0.15435409545898438
12.189253568649292,0.15435409545898438
12.19999098777771,0.15435409545898438
12.210736751556396,0.15435409545898438
12.221491575241089,0.15435409545898438
12.232247829437256,0.15435409545898438
12.242985248565674,0.15435409545898438
12.253751277923584,0.15435409545898438
12.264505386352539,0.15435409545898438
12.275253772735596,0.15435409545898438
12.285997152328491,0.15435409545898438
12.29674506187439,0.15435409545898438
12.307522535324097,0.15435409545898438
12.318278074264526,0.15435409545898438
12.329015254974365,0.15435409545898438
12.339771509170532,0.15435409545898438
12.350517511367798,0.15435409545898438
12.361277103424072,0.15460586547851562
12.372014045715332,0.15495681762695312
12.382770299911499,0.15495681762695312
12.393522024154663,0.15495681762695312
12.404273986816406,0.15495681762695312
12.414999961853027,0.15495681762695312
12.42574691772461,0.15495681762695312
12.436494827270508,0.15495681762695312
12.447248935699463,0.15495681762695312
12.457980632781982,0.15495681762695312
12.46872615814209,0.15495681762695312
12.479474067687988,0.15495681762695312
12.49022126197815,0.15495681762695312
12.500962734222412,0.15495681762695312
12.511712789535522,0.15495681762695312
12.522468328475952,0.15495681762695312
12.53321123123169,0.15495681762695312
12.543946981430054,0.15520858764648438
12.554702043533325,0.15546035766601562
12.565461874008179,0.15571212768554688
12.576210975646973,0.15571212768554688
12.586947441101074,0.15571212768554688
12.59769582748413,0.15571212768554688
12.608441829681396,0.15571212768554688
12.619176149368286,0.15571212768554688
12.629903078079224,0.15571212768554688
12.640656232833862,0.15571212768554688
12.651404619216919,0.15571212768554688
12.662142992019653,0.15571212768554688
12.672882795333862,0.15651321411132812
12.683642864227295,0.15670013427734375
12.694395065307617,0.15738677978515625
12.705134153366089,0.1576385498046875
12.71587586402893,0.15819931030273438
12.726644277572632,0.15863418579101562
12.737405776977539,0.15888595581054688
12.748143672943115,0.15917205810546875
12.758899450302124,0.1602325439453125
12.769644737243652,0.1602325439453125
12.78038763999939,0.1602325439453125
12.791120767593384,0.1602325439453125
12.801856756210327,0.1602325439453125
12.812599658966064,0.1602325439453125
12.82334566116333,0.1602325439453125
12.83407711982727,0.1602325439453125
12.84482479095459,0.1602325439453125
12.85556960105896,0.1602325439453125
12.86630916595459,0.1602325439453125
12.877032041549683,0.1602325439453125
12.887779474258423,0.1602325439453125
12.898528814315796,0.1602325439453125
12.909276247024536,0.1602325439453125
12.92000961303711,0.1602325439453125
12.93075680732727,0.1602325439453125
12.941507816314697,0.1602325439453125
12.952258586883545,0.1602325439453125
12.963007688522339,0.1602325439453125
12.973769664764404,0.1602325439453125
12.984553575515747,0.1602325439453125
12.995305061340332,0.1602325439453125
13.006036758422852,0.1602325439453125
13.016781330108643,0.1602325439453125
13.027527570724487,0.1602325439453125
13.038273572921753,0.1602325439453125
13.049004316329956,0.1602325439453125
13.059754133224487,0.1602325439453125
13.070507049560547,0.16048431396484375
13.08127474784851,0.160736083984375
13.092015981674194,0.16098785400390625
13.102772951126099,0.16143035888671875
13.113526105880737,0.16229248046875
13.124281167984009,0.1627960205078125
13.135013580322266,0.16321182250976562
13.14577579498291,0.16349411010742188
13.156528234481812,0.16374588012695312
13.167287826538086,0.16424942016601562
13.178035497665405,0.16500473022460938
13.188796520233154,0.16815567016601562
13.199551105499268,0.16878509521484375
13.210295915603638,0.16945266723632812
13.221023797988892,0.16945266723632812
13.23181414604187,0.16945266723632812
13.242565870285034,0.16945266723632812
13.253312349319458,0.16945266723632812
13.264053583145142,0.16945266723632812
13.274795293807983,0.16945266723632812
13.285545587539673,0.16945266723632812
13.296290397644043,0.16945266723632812
13.307019233703613,0.16945266723632812
13.317769765853882,0.16945266723632812
13.328518629074097,0.16945266723632812
13.339264154434204,0.16945266723632812
13.35000491142273,0.16945266723632812
13.360754251480103,0.16945266723632812
13.37151575088501,0.16945266723632812
13.382263422012329,0.16945266723632812
13.393011569976807,0.16945266723632812
13.40377402305603,0.16973495483398438
13.41453242301941,0.16985702514648438
13.425280809402466,0.16985702514648438
13.436018228530884,0.16985702514648438
13.446759939193726,0.16985702514648438
13.457501649856567,0.16985702514648438
13.468260049819946,0.17000579833984375
13.478999376296997,0.17066574096679688
13.489753723144531,0.17136764526367188
13.50051212310791,0.17163848876953125
13.511272668838501,0.17516708374023438
13.522022485733032,0.17516708374023438
13.532782793045044,0.17578506469726562
13.543544292449951,0.17628097534179688
13.554298877716064,0.17628097534179688
13.565040826797485,0.17653274536132812
13.575809001922607,0.17653274536132812
13.586581945419312,0.17678451538085938
13.597339391708374,0.17703628540039062
13.608084678649902,0.1773834228515625
13.618849039077759,0.1773834228515625
13.630406141281128,0.5362434387207031
13.641775369644165,0.8949699401855469
13.65337085723877,1.2521591186523438
13.665155172348022,1.6103973388671875
13.677143573760986,2.0871200561523438
13.68946886062622,2.447559356689453
13.701980352401733,2.8063621520996094
13.714788913726807,3.2847824096679688
13.72791314125061,3.7626266479492188
13.741246938705444,4.122039794921875
13.754863500595093,4.6005096435546875
13.768694400787354,4.959373474121094
13.782833814620972,5.437885284423828
13.79727292060852,5.9164276123046875
13.811986446380615,6.3947601318359375
13.826915502548218,6.872859954833984
13.842254877090454,7.350982666015625
13.857840776443481,7.855064392089844
13.873605728149414,8.055854797363281
13.895967721939087,8.157028198242188
13.914850234985352,8.191631317138672
13.931517839431763,8.206588745117188
13.948008060455322,8.217491149902344
13.964500665664673,8.226451873779297
13.981208324432373,8.234779357910156
13.997853517532349,8.245948791503906
14.014485120773315,8.253986358642578
14.035610437393188,8.389942169189453
14.053532600402832,8.716880798339844
14.072296857833862,8.820869445800781
14.092846155166626,9.926567077636719
14.115936756134033,11.204071044921875
14.140022039413452,12.00754165649414
14.166127681732178,12.362682342529297
14.189024209976196,12.561710357666016
14.212400674819946,12.85748291015625
14.240096807479858,13.129981994628906
14.262390375137329,13.444175720214844
14.286869525909424,13.849552154541016
14.313110589981079,13.705352783203125
14.34141230583191,13.795600891113281
14.375543355941772,13.782440185546875
14.401922702789307,13.962993621826172
14.425349235534668,14.372299194335938
14.44603419303894,14.261421203613281
14.482851266860962,14.660327911376953
14.512625455856323,15.281375885009766
14.53866720199585,15.603569030761719
14.563493013381958,15.817070007324219
14.593527555465698,16.548564910888672
14.619401216506958,16.697914123535156
14.647351741790771,17.056533813476562
14.671087741851807,16.960365295410156
14.698547840118408,17.193130493164062
14.725813627243042,17.490310668945312
14.753451108932495,17.402545928955078
14.78068995475769,17.43981170654297
14.807948112487793,17.644927978515625
14.834102392196655,17.87014389038086
14.858046054840088,18.123668670654297
14.882924795150757,18.31208038330078
14.908156156539917,18.277267456054688
14.933718919754028,18.848297119140625
14.957001447677612,18.911617279052734
14.980913877487183,19.18779754638672
15.00912070274353,19.277694702148438
15.033277988433838,19.141273498535156
15.060568809509277,19.39169692993164
15.08430814743042,19.45288848876953
15.106350660324097,19.673534393310547
15.13616156578064,19.684463500976562
15.158970355987549,19.913230895996094
15.181285381317139,19.98470687866211
15.205783367156982,19.98974609375
15.231003761291504,20.21454620361328
15.253239631652832,20.03835678100586
15.276004076004028,20.07697296142578
15.300597429275513,20.379077911376953
15.323360919952393,20.54007339477539
15.34809684753418,20.474964141845703
15.374925374984741,20.78689956665039
15.400302410125732,20.834449768066406
15.423438787460327,21.19821548461914
15.446443796157837,21.06875991821289
15.474753618240356,21.244407653808594
15.496480703353882,21.454761505126953
15.520103693008423,21.420291900634766
15.544796228408813,21.398998260498047
15.573041200637817,21.263694763183594
15.604410171508789,21.652217864990234
15.630512714385986,21.618682861328125
15.659276723861694,21.940040588378906
15.68995475769043,22.041484832763672
15.727810144424438,22.624683380126953
15.758278608322144,22.358875274658203
15.78781270980835,22.380203247070312
15.817866325378418,22.71215057373047
15.850220441818237,22.863815307617188
15.880645036697388,23.440216064453125
15.90894627571106,23.39548110961914
15.934427976608276,23.663551330566406
15.961385011672974,23.741985321044922
15.99177885055542,24.283443450927734
16.016136646270752,24.4072265625
16.041444301605225,24.277088165283203
16.06384563446045,24.690773010253906
16.095808506011963,24.720077514648438
16.123028993606567,25.024417877197266
16.143346548080444,25.17400360107422
16.166128158569336,24.864398956298828
16.1898193359375,25.018718719482422
16.226338863372803,24.664569854736328
16.25029420852661,25.02825164794922
16.280054807662964,25.42858123779297
16.311914682388306,25.408695220947266
16.335988521575928,25.360671997070312
16.35675072669983,25.474872589111328
16.384846210479736,25.228271484375
16.41608428955078,25.323177337646484
16.440029621124268,25.500160217285156
16.462904691696167,25.62009048461914
16.486438989639282,25.68531036376953
16.508713483810425,25.74380874633789
16.534440517425537,25.770206451416016
16.554291009902954,25.7406005859375
16.581913471221924,25.896324157714844
16.6054527759552,25.802181243896484
16.641057014465332,25.804931640625
16.662444353103638,26.051998138427734
16.69140887260437,26.26092529296875
16.71454882621765,26.595062255859375
16.73550009727478,26.351348876953125
16.758570671081543,26.215686798095703
16.787893533706665,26.212451934814453
16.810140132904053,26.449256896972656
16.831374406814575,26.81903076171875
16.861363887786865,26.664722442626953
16.886436223983765,26.81973648071289
16.91056227684021,26.702816009521484
16.93648099899292,26.91476821899414
16.956987619400024,26.79510498046875
16.981998920440674,26.818538665771484
17.0077166557312,26.6060791015625
17.03739070892334,26.754493713378906
17.06283926963806,26.399642944335938
17.089690446853638,26.729686737060547
17.113621473312378,26.701187133789062
17.139179229736328,26.622982025146484
17.16472554206848,26.873119354248047
17.190528392791748,27.022472381591797
17.21405792236328,27.507461547851562
17.236271619796753,27.460033416748047
17.263235807418823,26.99365234375
17.28475785255432,27.29025650024414
17.307032108306885,27.11479949951172
17.328981637954712,27.140926361083984
17.353643655776978,27.075172424316406
17.37938356399536,27.262962341308594
17.405944347381592,27.68694305419922
17.436545372009277,27.48629379272461
17.461286783218384,27.73208236694336
17.48481822013855,27.545963287353516
17.5117506980896,27.463302612304688
17.54408836364746,27.494159698486328
17.565378189086914,27.664405822753906
17.59654951095581,27.827220916748047
17.61908221244812,27.763717651367188
17.643888235092163,28.095966339111328
17.670860290527344,28.11587905883789
17.697704792022705,28.096744537353516
17.723738431930542,28.060184478759766
17.74900197982788,28.00555419921875
17.779149293899536,27.973342895507812
17.80582046508789,27.55856704711914
17.832448482513428,27.689495086669922
17.857943296432495,28.00817108154297
17.884402751922607,27.763778686523438
17.909144163131714,27.827484130859375
17.93495488166809,27.946861267089844
17.966147661209106,28.18448257446289
17.99507474899292,28.152740478515625
18.026138305664062,28.41326904296875
18.053619861602783,28.226898193359375
18.079475164413452,27.965206146240234
18.10631513595581,27.959877014160156
18.132227182388306,28.1356201171875
18.16226887702942,28.030231475830078
18.185919046401978,27.713939666748047
18.21082615852356,28.18826675415039
18.242501974105835,28.243335723876953
18.26717233657837,28.136032104492188
18.290578365325928,27.650978088378906
18.3167142868042,27.818927764892578
18.342323064804077,27.956127166748047
18.36853551864624,28.515602111816406
18.393868923187256,28.579063415527344
18.420974731445312,28.599395751953125
18.447609186172485,28.806594848632812
18.471452951431274,28.638385772705078
18.49559998512268,28.65435028076172
18.518629550933838,28.327804565429688
18.544260501861572,27.8287353515625
18.570377826690674,28.187313079833984
18.594547748565674,28.505229949951172
18.61859393119812,28.485111236572266
18.646624088287354,28.832836151123047
18.67360544204712,28.803009033203125
18.69977355003357,28.872955322265625
18.725024461746216,28.89345932006836
18.751246690750122,28.60338592529297
18.77809429168701,28.77219009399414
18.806660413742065,28.407047271728516
18.836933612823486,28.360294342041016
18.863303661346436,28.48862075805664
18.89367151260376,28.28772735595703
18.920375108718872,28.23358917236328
18.94585657119751,28.59334945678711
18.972009658813477,28.52145004272461
18.99747610092163,28.50164031982422
19.02309012413025,28.74200439453125
19.050232887268066,28.880352020263672
19.075360774993896,28.857769012451172
19.102428436279297,28.709625244140625
19.128000259399414,28.666954040527344
19.154265642166138,28.769119262695312
19.178202152252197,29.015377044677734
19.208637237548828,28.923492431640625
19.23383402824402,29.010334014892578
19.25987219810486,28.68109130859375
19.287970304489136,28.820899963378906
19.31440234184265,28.691650390625
19.342061042785645,28.76751708984375
19.366912841796875,28.95623016357422
19.397056818008423,28.978919982910156
19.423481225967407,29.195293426513672
19.450225591659546,29.172420501708984
19.475379467010498,28.855510711669922
19.49991202354431,28.76690673828125
19.526504516601562,28.721057891845703
19.55182647705078,28.67928695678711
19.578042030334473,28.59457015991211
19.6041476726532,28.86642074584961
19.63021492958069,29.167922973632812
19.655550241470337,29.0760498046875
19.677886486053467,29.218738555908203
19.704859972000122,29.219600677490234
19.7292160987854,28.80832290649414
19.75536608695984,28.899703979492188
19.779737949371338,28.741355895996094
19.80532193183899,28.497272491455078
19.83100938796997,28.64459991455078
19.859533548355103,28.738296508789062
19.885211944580078,28.85748291015625
19.91326880455017,28.790363311767578
19.939547538757324,29.079330444335938
19.967641592025757,28.979557037353516
19.991978645324707,29.036712646484375
20.020164012908936,28.605693817138672
20.047158241271973,28.397480010986328
20.070793867111206,28.163692474365234
20.094486236572266,28.010948181152344
20.117122411727905,28.37860107421875
20.142340660095215,28.470088958740234
20.164531469345093,28.572280883789062
20.187917947769165,28.95766830444336
20.20965600013733,29.133556365966797
20.23211932182312,29.33983612060547
20.25532865524292,28.910511016845703
20.280826091766357,28.87502670288086
20.307015895843506,28.669639587402344
20.331461429595947,28.219646453857422
20.354990005493164,28.40188980102539
20.37683916091919,28.736698150634766
20.39928936958313,28.638309478759766
20.424486875534058,28.726242065429688
20.44884443283081,28.967514038085938
20.47406792640686,29.403396606445312
20.49713969230652,28.922683715820312
20.52071762084961,28.919864654541016
20.54385495185852,28.506820678710938
20.567388772964478,28.493030548095703
20.592735767364502,28.48047637939453
20.616732597351074,28.72069549560547
20.640878438949585,28.917705535888672
20.665199041366577,28.896018981933594
20.689135789871216,28.94870376586914
20.7126407623291,29.088871002197266
20.737712144851685,29.030780792236328
20.761528968811035,28.892433166503906
20.784874439239502,28.757217407226562
20.80897307395935,29.299999237060547
20.832120180130005,29.337257385253906
20.85491418838501,29.136730194091797
20.87951374053955,28.837196350097656
20.903138160705566,28.962860107421875
20.926559448242188,28.641109466552734
20.951388359069824,28.773456573486328
20.97481107711792,28.994510650634766
20.998077630996704,29.018993377685547
21.022061824798584,29.229469299316406
21.04535984992981,28.64230728149414
21.067333698272705,28.79052734375
21.091319799423218,28.638690948486328
21.113961219787598,28.483684539794922
21.13749647140503,28.656410217285156
21.161277294158936,28.794742584228516
21.18410873413086,29.08332061767578
21.208244562149048,28.778682708740234
21.233115196228027,29.03131866455078
21.258440017700195,28.865577697753906
21.28429675102234,28.464340209960938
21.30934739112854,28.507770538330078
21.333059072494507,28.025466918945312
21.354676723480225,27.903812408447266
21.375477075576782,28.358760833740234
21.399428129196167,28.864826202392578
21.423725128173828,29.058372497558594
21.447345972061157,29.115928649902344
21.4686017036438,28.948780059814453
21.492377281188965,29.204071044921875
21.5160071849823,28.963459014892578
21.53679585456848,28.659881591796875
21.558640003204346,28.485088348388672
21.581151723861694,28.27901840209961
21.60458254814148,28.46975326538086
21.627787113189697,28.49557113647461
21.650959730148315,28.672561645507812
21.675081253051758,29.07494354248047
21.69888925552368,29.34929656982422
21.720606803894043,29.10301971435547
21.743606567382812,29.369659423828125
21.765915870666504,29.36029815673828
21.790701150894165,29.15951919555664
21.81312108039856,28.550914764404297
21.83690881729126,28.533771514892578
21.862602949142456,28.467304229736328
21.885284900665283,28.509841918945312
21.909642934799194,28.465927124023438
21.93346881866455,28.690441131591797
21.954978942871094,28.865520477294922
21.978755712509155,29.25421142578125
22.003576278686523,29.12773895263672
22.029356479644775,29.253223419189453
22.055622577667236,28.943439483642578
22.076764822006226,29.070415496826172
22.098665952682495,29.038036346435547
22.120530128479004,28.834033966064453
22.143639087677002,28.694664001464844
22.167134284973145,28.768173217773438
22.19150137901306,28.857330322265625
22.216338872909546,28.919727325439453
22.243255853652954,29.32763671875
22.26982021331787,29.12680435180664
22.293065547943115,28.741775512695312
22.31563949584961,28.684001922607422
22.33900737762451,28.890357971191406
22.361958026885986,28.564861297607422
22.384010553359985,28.644935607910156
22.406098127365112,28.679100036621094
22.4295551776886,28.78253936767578
22.455013036727905,28.90911102294922
22.476945877075195,28.79666519165039
22.499710083007812,28.894489288330078
22.520996809005737,28.835803985595703
22.544570922851562,28.550445556640625
22.56771492958069,28.383132934570312
22.59186816215515,28.50235366821289
22.617250680923462,28.591121673583984
22.64105772972107,28.709217071533203
22.66261053085327,28.79192352294922
22.68676781654358,28.796916961669922
22.70906710624695,29.088279724121094
22.73336911201477,29.02379608154297
22.75833511352539,28.725543975830078
22.782233715057373,29.095722198486328
22.80568552017212,28.708778381347656
22.832335948944092,28.4278564453125
22.856271505355835,28.182178497314453
22.881549835205078,28.389232635498047
22.9025661945343,28.442626953125
22.926805019378662,28.72167205810547
22.949820518493652,28.761432647705078
22.971218585968018,29.085254669189453
22.995600938796997,28.885662078857422
23.018627882003784,29.023773193359375
23.04074192047119,28.908985137939453
23.063448190689087,28.629024505615234
23.086356163024902,28.86949920654297
23.109939098358154,28.745819091796875
23.133066415786743,28.8770751953125
23.155234575271606,28.524845123291016
23.180846452713013,28.992645263671875
23.204606294631958,29.06256103515625
23.229798793792725,28.918663024902344
23.253679990768433,29.13990020751953
23.276712894439697,29.325450897216797
23.29861330986023,29.191608428955078
23.321892976760864,29.321338653564453
23.34546995162964,29.219459533691406
23.370683670043945,29.06061553955078
23.396623373031616,28.96465301513672
23.420483112335205,28.516075134277344
23.444988250732422,28.56228256225586
23.46809196472168,28.76648712158203
23.492115020751953,28.777999877929688
23.516904592514038,28.771099090576172
23.538822650909424,28.95148468017578
23.56426763534546,28.869197845458984
23.58794641494751,28.715682983398438
23.612032651901245,28.689373016357422
23.635918855667114,28.674243927001953
23.657322883605957,28.976116180419922
23.68167018890381,29.048385620117188
23.70539402961731,28.89875030517578
23.728840827941895,28.98208236694336
23.75300431251526,28.893131256103516
23.777108192443848,28.637645721435547
23.798863649368286,28.639694213867188
23.82179069519043,28.452411651611328
23.848053693771362,28.81078338623047
23.871203899383545,29.0186767578125
23.89273977279663,28.685279846191406
23.916476488113403,28.84632110595703
23.94017481803894,28.89926528930664
23.964662790298462,29.05356216430664
23.989429235458374,28.8038330078125
24.011724948883057,28.51282501220703
24.03538465499878,28.598224639892578
24.060027599334717,28.425464630126953
24.087212085723877,28.296268463134766
24.115663290023804,28.663997650146484
24.141857624053955,28.68911361694336
24.16987705230713,28.77954864501953
24.195483446121216,29.150962829589844
24.225664854049683,29.3236083984375
24.25196862220764,28.726909637451172
24.276859283447266,28.673770904541016
24.301549434661865,28.751426696777344
24.328094482421875,28.437942504882812
24.353336572647095,28.560932159423828
24.377928733825684,28.879146575927734
24.40215015411377,28.83251953125
24.424587726593018,29.022598266601562
24.45222020149231,29.249038696289062
24.485941886901855,29.137985229492188
24.512384176254272,28.721820831298828
24.538814783096313,28.776622772216797
24.56658148765564,28.93743133544922
24.593902826309204,28.51000213623047
24.619457244873047,28.393741607666016
24.643553256988525,28.05489730834961
24.66752600669861,28.440967559814453
24.694765329360962,28.589153289794922
24.72341299057007,28.647632598876953
24.748884916305542,28.540863037109375
24.774094581604004,28.935089111328125
24.801227807998657,28.919784545898438
24.828277349472046,28.790008544921875
24.85305142402649,29.003585815429688
24.87702989578247,28.781356811523438
24.90210485458374,28.821453094482422
24.929600477218628,28.92984390258789
24.9613676071167,28.856510162353516
24.98434853553772,29.033706665039062
25.01357126235962,28.894454956054688
25.037028789520264,28.763439178466797
25.063502311706543,28.584819793701172
25.090198755264282,28.59811019897461
25.117919921875,28.967613220214844
25.143455266952515,28.833309173583984
25.16972780227661,28.910274505615234
25.195386171340942,29.043033599853516
25.22177243232727,29.079917907714844
25.251680612564087,28.973735809326172
25.2811176776886,28.870071411132812
25.308470487594604,28.718250274658203
25.337268114089966,28.8868408203125
25.365169048309326,28.97838592529297
25.390605449676514,28.967849731445312
25.416802883148193,29.04965591430664
25.44021964073181,29.068805694580078
25.46412992477417,29.126392364501953
25.49140167236328,29.17700958251953
25.51754927635193,29.29395294189453
25.545071125030518,29.314491271972656
25.571846961975098,28.907371520996094
25.599209785461426,28.847637176513672
25.624540090560913,28.569355010986328
25.649417877197266,28.398197174072266
25.67499351501465,28.458938598632812
25.702028274536133,28.7584228515625
25.729124307632446,28.847747802734375
25.752164840698242,28.544937133789062
25.777517080307007,28.636383056640625
25.806076288223267,28.87164306640625
25.830914735794067,28.31993865966797
25.856124877929688,28.333526611328125
25.88233208656311,28.382896423339844
25.908518075942993,28.79373550415039
25.935914754867554,28.93328094482422
25.961085557937622,28.888580322265625
25.9880588054657,28.753948211669922
26.017255544662476,28.963985443115234
26.040607213974,29.060623168945312
26.06443428993225,29.067554473876953
26.086434841156006,28.698841094970703
26.11054491996765,29.100555419921875
26.136229991912842,29.251068115234375
26.15842366218567,29.174949645996094
26.183472633361816,29.267898559570312
26.209112405776978,29.321449279785156
26.232988119125366,29.030521392822266
26.257095098495483,28.68866729736328
26.279317617416382,28.860111236572266
26.30230951309204,28.712772369384766
26.32395076751709,28.786510467529297
26.346652269363403,28.733295440673828
26.369949102401733,28.974712371826172
26.394372701644897,28.869369506835938
26.41925048828125,29.20578384399414
26.446436405181885,29.480274200439453
26.47122049331665,29.36117935180664
26.49433660507202,29.204681396484375
26.516242265701294,28.970684051513672
26.53890347480774,28.95211410522461
26.560553789138794,28.680530548095703
26.58337378501892,28.87110137939453
26.605825662612915,28.931156158447266
26.627981185913086,29.223751068115234
26.649350881576538,29.045307159423828
26.672914505004883,29.179019927978516
26.699409246444702,29.240516662597656
26.723169088363647,28.741779327392578
26.74458956718445,28.900142669677734
26.76706290245056,28.675045013427734
26.791342973709106,28.747604370117188
26.814302444458008,28.535789489746094
26.837050199508667,28.54983139038086
26.85984778404236,28.57714080810547
26.885558128356934,28.267704010009766
26.908937215805054,28.818775177001953
26.934244871139526,29.188369750976562
26.958252906799316,29.366466522216797
26.980936765670776,28.787105560302734
27.003443956375122,29.059833526611328
27.026513814926147,28.908859252929688
27.04733157157898,28.625873565673828
27.06903314590454,28.48871612548828
27.092898845672607,28.807815551757812
27.117945194244385,28.939472198486328
27.140899181365967,28.556583404541016
27.163641452789307,28.887969970703125
27.186232566833496,28.940189361572266
27.2119460105896,29.269515991210938
27.23596167564392,29.225521087646484
27.25711488723755,29.192611694335938
27.28018355369568,29.103622436523438
27.30505108833313,29.063621520996094
27.326641082763672,28.813182830810547
27.348621368408203,28.786346435546875
27.369993686676025,28.63644027709961
27.392740488052368,28.63768768310547
27.4170663356781,28.885398864746094
27.44026803970337,28.878707885742188
27.46396541595459,29.03272247314453
27.48937225341797,28.874618530273438
27.512781143188477,28.915393829345703
27.534453630447388,28.626068115234375
27.558252334594727,28.934585571289062
27.581018447875977,29.094547271728516
27.604881525039673,29.232173919677734
27.62878704071045,29.025901794433594
27.653845071792603,29.388282775878906
27.679298400878906,29.58590316772461
27.702703952789307,29.654720306396484
27.72551703453064,29.36191177368164
27.747848987579346,29.405521392822266
27.774513483047485,29.22115707397461
27.797807455062866,29.090972900390625
27.81907057762146,29.247272491455078
27.842370748519897,28.794143676757812
27.86577343940735,28.96161651611328
27.888521432876587,29.194454193115234
27.914625644683838,29.467350006103516
27.938502073287964,28.964305877685547
27.96102738380432,28.97182846069336
27.984159231185913,29.163143157958984
28.008452892303467,28.754478454589844
28.031907081604004,28.960689544677734
28.055187225341797,29.037273406982422
28.077564477920532,28.97238540649414
28.10161805152893,28.838424682617188
28.12500238418579,29.008777618408203
28.14774799346924,28.869274139404297
28.170273542404175,28.845199584960938
28.193426370620728,28.942188262939453
28.217140913009644,29.015636444091797
28.239830017089844,29.04956817626953
28.264894247055054,28.93084716796875
28.287869215011597,28.853328704833984
28.311603307724,28.957889556884766
28.333807229995728,28.946041107177734
28.35958743095398,29.30249786376953
28.38178277015686,29.183353424072266
28.404961585998535,29.24753189086914
28.42700719833374,29.155994415283203
28.45247220993042,29.25045394897461
28.476813077926636,28.679893493652344
28.498893976211548,28.946395874023438
28.522111415863037,29.01626968383789
28.54721236228943,28.854087829589844
28.570443153381348,28.812408447265625
28.59463381767273,29.13393783569336
28.619179487228394,29.31491470336914
28.644474506378174,29.527793884277344
28.667998790740967,29.501544952392578
28.691922664642334,29.613357543945312
28.71549105644226,29.424240112304688
28.739686012268066,29.224994659423828
28.762124061584473,28.70294189453125
28.785248041152954,28.777576446533203
28.809385299682617,28.9991455078125
28.832956552505493,29.37778091430664
28.85661029815674,29.371063232421875
28.87927532196045,29.437599182128906
28.90436601638794,29.538787841796875
28.927029132843018,29.70276641845703
28.950307846069336,29.78282928466797
28.973084926605225,29.23507308959961
28.99718713760376,29.48757553100586
29.021832704544067,29.323528289794922
29.045228719711304,28.999427795410156
29.06747531890869,29.01607894897461
29.091389656066895,28.783447265625
29.11485004425049,29.05689239501953
29.137186765670776,28.781017303466797
29.159496545791626,29.099178314208984
29.183536529541016,29.49929428100586
29.2073335647583,29.342945098876953
29.230485677719116,29.07394790649414
29.2566921710968,29.38370132446289
29.28163743019104,29.14011001586914
29.306331634521484,29.04989242553711
29.328715085983276,28.993003845214844
29.35072612762451,29.027721405029297
29.375809907913208,29.15662384033203
29.400427103042603,29.535964965820312
29.424186944961548,29.76280975341797
29.4458589553833,29.85932159423828
29.47054386138916,29.737926483154297
29.49360227584839,29.72054672241211
29.515958786010742,29.326427459716797
29.540136337280273,29.155990600585938
29.56361699104309,29.209674835205078
29.589097261428833,29.16539764404297
29.612725257873535,29.280593872070312
29.6375150680542,29.263320922851562
29.66140055656433,29.25244140625
29.684948921203613,29.471824645996094
29.707770347595215,29.094860076904297
29.730980157852173,29.405773162841797
29.753275871276855,29.45572280883789
29.7767436504364,29.61817169189453
29.801161289215088,29.651866912841797
29.82476806640625,29.51367950439453
29.85060715675354,29.34228515625
29.876249074935913,29.552623748779297
29.89858341217041,29.464580535888672
29.92251443862915,29.419036865234375
29.943724155426025,29.614154815673828
29.966724157333374,29.680904388427734
29.99111843109131,29.618209838867188
30.013307332992554,29.67666244506836
30.040409564971924,29.512081146240234
30.066267251968384,29.293888092041016
30.08999466896057,29.579925537109375
30.113905906677246,29.68532943725586
30.13673734664917,29.43939208984375
30.15870213508606,29.66956329345703
30.18299913406372,29.707378387451172
30.205605268478394,29.26811981201172
30.22962260246277,29.40158462524414
30.254153966903687,29.27712631225586
30.276249408721924,29.02837371826172
30.29913830757141,29.071651458740234
30.32117748260498,29.248260498046875
30.34360408782959,29.430503845214844
30.365129232406616,29.494834899902344
30.386386156082153,29.16443634033203
30.407562017440796,29.37818145751953
30.42975926399231,29.727828979492188
30.45401120185852,29.718814849853516
30.473493576049805,29.637943267822266
30.49548840522766,29.767112731933594
30.515044689178467,29.590316772460938
30.536417245864868,29.529552459716797
30.55891513824463,29.355030059814453
30.58456063270569,29.51510238647461
30.60810351371765,29.53305435180664
30.630072593688965,29.577194213867188
30.653568983078003,29.784351348876953
30.674800157546997,29.665931701660156
30.698165893554688,29.715595245361328
30.72201418876648,29.728702545166016
30.745444297790527,29.584949493408203
30.766913175582886,29.61507797241211
30.789817333221436,29.644248962402344
30.81215238571167,29.65353012084961
30.834787607192993,29.625484466552734
30.859116077423096,29.29137420654297
30.88112497329712,29.58838653564453
30.90330982208252,29.90587615966797
30.925739526748657,29.626239776611328
30.948632955551147,29.585948944091797
30.97064447402954,29.638179779052734
30.99371600151062,29.43938446044922
31.017356634140015,29.536548614501953
31.042112827301025,29.65127944946289
31.06417179107666,29.183998107910156
31.088369607925415,29.53701400756836
31.110923767089844,29.570281982421875
31.133437395095825,29.48419952392578
31.157392024993896,29.689952850341797
31.17958092689514,29.769309997558594
31.202245235443115,29.541149139404297
31.226505994796753,29.71717071533203
31.250997304916382,29.61933135986328
31.273887157440186,29.45285415649414
31.29870080947876,29.363754272460938
31.323319911956787,29.66045379638672
31.34653115272522,29.50857162475586
31.370815992355347,29.663745880126953
31.39591360092163,29.599727630615234
31.420929431915283,29.974727630615234
31.44316029548645,29.602378845214844
31.466292142868042,29.72614288330078
31.493096113204956,29.644039154052734
31.51844549179077,29.441513061523438
31.541123151779175,29.375255584716797
31.566457748413086,29.841495513916016
31.588594675064087,29.51575469970703
31.61286187171936,29.606693267822266
31.63688325881958,29.935611724853516
31.659715175628662,30.105121612548828
31.682738780975342,30.089099884033203
31.705469846725464,29.788898468017578
31.728121995925903,29.63080596923828
31.749946355819702,29.796279907226562
31.771288633346558,29.6041259765625
31.792691469192505,29.88302230834961
31.81613540649414,29.772972106933594
31.839213371276855,29.722637176513672
31.860532760620117,29.964385986328125
31.885698795318604,30.15497589111328
31.906288385391235,30.34506607055664
31.928604125976562,30.033836364746094
31.952152013778687,30.271995544433594
31.97351098060608,30.249591827392578
31.996326208114624,29.853668212890625
32.01786160469055,29.6888427734375
32.03930902481079,29.6905517578125
32.06190252304077,29.58246612548828
32.08539319038391,30.007450103759766
32.106703996658325,30.029033660888672
32.12887120246887,30.023101806640625
32.151251554489136,30.11737060546875
32.17448353767395,29.77165985107422
32.196635484695435,29.875667572021484
32.22172832489014,29.79977798461914
32.24678659439087,29.51480484008789
32.269042015075684,29.437305450439453
32.29262328147888,29.84880828857422
32.316498041152954,29.584545135498047
32.33898329734802,29.868507385253906
32.35931181907654,30.09713363647461
32.3831353187561,29.979785919189453
32.40753722190857,30.028644561767578
32.432239055633545,30.105018615722656
32.45511174201965,30.210159301757812
32.47637486457825,29.845596313476562
32.498029708862305,30.31743621826172
32.51958250999451,29.87146759033203
32.54343581199646,29.913299560546875
32.56609511375427,29.896705627441406
32.59007716178894,30.296184539794922
32.614304065704346,30.256919860839844
32.63634014129639,29.886062622070312
32.66028046607971,29.858844757080078
32.683478116989136,30.41815185546875
32.70623826980591,30.338924407958984
32.72783589363098,30.490219116210938
32.751425981521606,30.316043853759766
32.77373647689819,30.492210388183594
32.79579496383667,30.18631362915039
32.81812286376953,30.289417266845703
32.84022259712219,30.341175079345703
32.862611532211304,30.067035675048828
32.88590335845947,30.462539672851562
32.909504890441895,30.67667007446289
32.932514905929565,30.393657684326172
32.95567321777344,30.23398208618164
32.97880411148071,30.375572204589844
33.00087594985962,30.138561248779297
33.02467083930969,30.17511749267578
33.04979372024536,29.99225616455078
33.07156252861023,30.23509979248047
33.09401822090149,30.240947723388672
33.11692762374878,30.211185455322266
33.13972806930542,30.352802276611328
33.163875341415405,30.262699127197266
33.18648672103882,30.233333587646484
33.207874059677124,30.275413513183594
33.230246782302856,30.357059478759766
33.25168180465698,30.538578033447266
33.27464175224304,30.664836883544922
33.29894948005676,30.866619110107422
33.32164025306702,30.382301330566406
33.34524726867676,30.49170684814453
33.36869215965271,30.561363220214844
33.39020919799805,30.54776382446289
33.41344928741455,30.41750717163086
33.437713623046875,30.825790405273438
33.46047592163086,30.82238006591797
33.48430371284485,30.60785675048828
33.508567571640015,30.791988372802734
33.53173875808716,30.573265075683594
33.55465388298035,30.32402801513672
33.578956604003906,30.777721405029297
33.601829528808594,30.715396881103516
33.625473976135254,30.689517974853516
33.64876341819763,30.440406799316406
33.676310300827026,30.59636688232422
33.700843811035156,30.86109161376953
33.72333025932312,30.805179595947266
33.74412941932678,30.972713470458984
33.767446756362915,30.867523193359375
33.79024815559387,30.57974624633789
33.8146915435791,30.77499008178711
33.83740186691284,30.66075897216797
33.85872173309326,30.6724853515625
33.87969255447388,30.681026458740234
33.9014949798584,30.641368865966797
33.9233980178833,30.999610900878906
33.9468731880188,30.741092681884766
33.97098517417908,31.127288818359375
33.99242115020752,31.01016616821289
34.015235900878906,30.97055435180664
34.036338567733765,30.63064956665039
34.059839487075806,30.29507064819336
34.08382272720337,30.350383758544922
34.1054904460907,29.83795928955078
34.12866520881653,30.35422134399414
34.151222229003906,30.385265350341797
34.173784494400024,30.3792724609375
34.19779443740845,30.719524383544922
34.221625089645386,30.657730102539062
34.24491882324219,30.459049224853516
34.26784110069275,30.838459014892578
34.291259765625,30.664993286132812
34.31475591659546,30.824111938476562
34.338444232940674,30.813552856445312
34.36060643196106,30.788166046142578
34.38431906700134,30.94137191772461
34.40718221664429,31.16562271118164
34.43012022972107,31.076976776123047
34.452038288116455,30.820655822753906
34.47609281539917,31.056575775146484
34.49937152862549,31.202159881591797
34.52254939079285,31.218883514404297
34.54498076438904,31.093212127685547
34.56776142120361,30.992427825927734
34.590391635894775,31.053268432617188
34.61244320869446,31.09405517578125
34.63452982902527,31.076908111572266
34.65686845779419,31.283924102783203
34.67878603935242,30.970928192138672
34.700645446777344,30.88396453857422
34.722412109375,30.927536010742188
34.74535918235779,30.99610137939453
34.765007734298706,30.688175201416016
34.78737115859985,30.814220428466797
34.81236815452576,30.977012634277344
34.8340950012207,31.033836364746094
34.85500526428223,30.810916900634766
34.87548804283142,31.081825256347656
34.89981293678284,31.123291015625
34.9238760471344,30.937580108642578
34.94540524482727,31.17115020751953
34.96718192100525,31.37381362915039
34.98865365982056,31.29150390625
35.01181960105896,30.960124969482422
35.03499960899353,31.212020874023438
35.05799698829651,31.140548706054688
35.08002328872681,31.10055160522461
35.10385060310364,30.812725067138672
35.127177000045776,30.725299835205078
35.1501350402832,30.913711547851562
35.17365908622742,30.949508666992188
35.196921825408936,30.96398162841797
35.220595836639404,30.539417266845703
35.244810819625854,30.826526641845703
35.26992225646973,31.182567596435547
35.293779373168945,31.311065673828125
35.31681823730469,31.101707458496094
35.338350772857666,31.126266479492188
35.3628454208374,31.122638702392578
35.384310483932495,31.28635025024414
35.41022062301636,31.240493774414062
35.43320178985596,31.22595977783203
35.45648193359375,31.400943756103516
35.48192596435547,31.818843841552734
35.50511598587036,31.976627349853516
35.52985191345215,31.732177734375
35.55227565765381,31.272960662841797
35.57714915275574,31.361637115478516
35.600754737854004,30.984596252441406
35.62660503387451,31.351459503173828
35.648959159851074,31.245765686035156
35.67189335823059,31.03890609741211
35.69546914100647,31.03030014038086
35.718963384628296,31.086341857910156
35.74335217475891,31.256168365478516
35.76602244377136,31.26470947265625
35.79040741920471,30.906715393066406
35.81261396408081,31.14069366455078
35.83354616165161,31.163562774658203
35.85597205162048,31.361766815185547
35.87919855117798,31.15206527709961
35.90348434448242,30.769580841064453
35.92705798149109,31.05044174194336
35.949841260910034,31.132492065429688
35.97201442718506,31.321430206298828
35.995481967926025,31.619422912597656
36.01941633224487,31.273338317871094
36.04508686065674,31.606609344482422
36.069112062454224,31.469348907470703
36.09448599815369,31.49016571044922
36.116660833358765,31.17886734008789
36.139467000961304,31.275074005126953
36.16140127182007,31.379417419433594
36.18457317352295,31.531536102294922
36.20795202255249,31.663684844970703
36.23026418685913,31.650882720947266
36.253803968429565,31.397560119628906
36.27990651130676,31.414764404296875
36.30438995361328,31.665725708007812
36.32751774787903,31.450695037841797
36.35250949859619,31.537761688232422
36.3769633769989,31.651840209960938
36.398770809173584,31.278457641601562
36.42047929763794,31.184600830078125
36.44256782531738,31.211795806884766
36.46642708778381,31.371501922607422
36.48815560340881,31.422504425048828
36.511340379714966,31.652442932128906
36.536423206329346,31.660320281982422
36.56047081947327,31.655487060546875
36.586777687072754,31.638473510742188
36.60960149765015,31.56869888305664
36.63396430015564,31.52376937866211
36.65728497505188,31.589664459228516
36.68012475967407,31.71485137939453
36.702356576919556,31.294532775878906
36.72640633583069,31.39947509765625
36.74991726875305,31.29456329345703
36.77198314666748,31.17824935913086
36.795400857925415,31.090431213378906
36.818355083465576,31.296798706054688
36.84125304222107,31.268760681152344
36.86484742164612,31.267024993896484
36.888131618499756,31.13186264038086
36.911983251571655,31.222362518310547
36.93354940414429,31.138633728027344
36.95891976356506,31.532291412353516
36.98076844215393,31.639915466308594
37.00275635719299,31.4439697265625
37.0275559425354,31.87310791015625
37.050458908081055,31.870574951171875
37.07438063621521,31.943275451660156
37.09615921974182,31.527355194091797
37.119377851486206,31.688739776611328
37.14411759376526,31.40935516357422
37.17025971412659,31.869060516357422
37.19233012199402,31.579036712646484
37.21487092971802,31.41769790649414
37.23739671707153,31.377670288085938
37.25932288169861,31.279682159423828
37.28259038925171,31.680137634277344
37.30724048614502,31.448482513427734
37.32977485656738,31.70873260498047
37.3523907661438,31.73883056640625
37.37707781791687,31.786174774169922
37.39880418777466,31.820953369140625
37.42252326011658,31.85238265991211
37.447564363479614,31.621540069580078
37.470975160598755,31.921062469482422
37.4910626411438,31.28253173828125
37.51471138000488,31.38483428955078
37.53725743293762,31.362224578857422
37.558966398239136,31.314002990722656
37.58114552497864,31.39932632446289
37.60342741012573,31.385299682617188
37.62695384025574,31.67528533935547
37.64938139915466,31.643653869628906
37.672425746917725,31.698036193847656
37.69587206840515,31.554855346679688
37.717902421951294,31.525047302246094
37.73959159851074,31.34180450439453
37.76140904426575,31.574810028076172
37.7861602306366,31.594497680664062
37.808743476867676,31.461288452148438
37.83164310455322,31.696041107177734
37.852848529815674,31.777774810791016
37.87621450424194,31.763530731201172
37.8993821144104,31.604225158691406
37.92437481880188,31.78353500366211
37.946210622787476,31.470905303955078
37.96922183036804,31.692031860351562
37.991806745529175,31.924774169921875
38.0138201713562,31.747791290283203
38.03728747367859,31.22372817993164
38.0613374710083,31.143211364746094
38.08208417892456,31.293380737304688
38.10593581199646,31.131725311279297
38.12882447242737,31.453716278076172
38.151883602142334,31.73155975341797
38.17441725730896,31.551815032958984
38.19780468940735,31.584674835205078
38.2218496799469,31.919830322265625
38.24511098861694,32.11051559448242
38.26892852783203,31.648502349853516
38.29226517677307,31.39714813232422
38.31749939918518,31.422393798828125
38.34013915061951,31.717044830322266
38.361215591430664,31.967498779296875
38.38438391685486,31.75333023071289
38.408940076828,31.864452362060547
38.43134069442749,31.739612579345703
38.454893827438354,31.48818588256836
38.480366230010986,31.787860870361328
38.50332689285278,31.796794891357422
38.52480721473694,31.43557357788086
38.547112226486206,31.45319366455078
38.56869649887085,31.33877944946289
38.589906454086304,31.53726577758789
38.6121985912323,31.455177307128906
38.63577342033386,31.781211853027344
38.658053398132324,31.946731567382812
38.68212962150574,31.87976837158203
38.704834938049316,31.887619018554688
38.72614860534668,31.928726196289062
38.74803280830383,31.44528579711914
38.771342039108276,31.387714385986328
38.79496955871582,31.21139144897461
38.81701946258545,31.5185546875
38.83961200714111,31.11029052734375
38.863539695739746,31.305538177490234
38.88581466674805,31.329856872558594
38.91034388542175,31.65542984008789
38.93351936340332,31.841270446777344
38.95657777786255,32.05546569824219
38.97858452796936,31.9539794921875
39.00169515609741,32.023094177246094
39.02483606338501,31.93392562866211
39.04615116119385,31.688823699951172
39.06815481185913,31.76205825805664
39.09153485298157,31.603347778320312
39.116939544677734,31.603233337402344
39.13975548744202,31.632991790771484
39.16306495666504,32.02063751220703
39.18463754653931,31.772663116455078
39.20828151702881,32.040592193603516
39.230998277664185,32.12904739379883
39.25522327423096,31.957229614257812
39.278043270111084,31.913860321044922
39.299837589263916,32.138427734375
39.32458257675171,32.07954406738281
39.34843444824219,31.739486694335938
39.371506690979004,31.726707458496094
39.39344263076782,31.781574249267578
39.41504383087158,31.82866668701172
39.43776345252991,31.82449722290039
39.46122908592224,32.03477478027344
39.48489260673523,32.00896072387695
39.50926446914673,31.978355407714844
39.533963441848755,32.023189544677734
39.556533336639404,31.710922241210938
39.58017349243164,31.629295349121094
39.60490345954895,31.614933013916016
39.62749743461609,31.544986724853516
39.651845932006836,31.758956909179688
39.673163652420044,31.759002685546875
39.69642496109009,31.895671844482422
39.721128940582275,31.931041717529297
39.74491786956787,31.968433380126953
39.76787996292114,31.43659210205078
39.791953325271606,31.532264709472656
39.81608319282532,32.00276184082031
39.838722229003906,32.04358673095703
39.86276912689209,32.056915283203125
39.88597321510315,32.036197662353516
39.90854454040527,31.853824615478516
39.93233299255371,32.123111724853516
39.95656704902649,32.131561279296875
39.97862696647644,32.04751205444336
39.99923849105835,31.979507446289062
40.023019552230835,32.23934555053711
40.04416108131409,31.908748626708984
40.06757211685181,31.697891235351562
40.09054756164551,31.48846435546875
40.114351749420166,31.655494689941406
40.138662338256836,31.813114166259766
40.16053605079651,31.752696990966797
40.183207273483276,31.84042739868164
40.20803689956665,31.860809326171875
40.23078894615173,31.89553451538086
40.25211477279663,31.917556762695312
40.276400566101074,32.21348190307617
40.298429012298584,32.21863555908203
40.32084059715271,32.160701751708984
40.342647314071655,31.94192123413086
40.3652229309082,31.75037384033203
40.38774275779724,31.536911010742188
40.41044354438782,31.717571258544922
40.432740211486816,31.831241607666016
40.456231117248535,32.06107711791992
40.47895407676697,31.933265686035156
40.502694845199585,32.34061813354492
40.52734375,31.994823455810547
40.55036544799805,32.06478500366211
40.57466006278992,32.11774826049805
40.59611201286316,32.22676467895508
40.618664026260376,32.264808654785156
40.64064884185791,31.747638702392578
40.662710189819336,32.02947235107422
40.684226751327515,32.22427749633789
40.706613540649414,32.2945556640625
40.72808480262756,31.982532501220703
40.75176000595093,32.1434326171875
40.77633213996887,32.44023513793945
40.800814628601074,32.07661056518555
40.82443642616272,32.142478942871094
40.84699749946594,32.355716705322266
40.86505126953125,32.15892791748047
40.88422513008118,32.347721099853516
40.90287780761719,32.373477935791016
40.92257595062256,32.57763671875
40.94161820411682,32.78428649902344
40.96089243888855,32.73505401611328
40.978891372680664,32.661712646484375
40.99847412109375,32.41071319580078
41.02167248725891,32.32954025268555
41.04563069343567,31.896419525146484
41.06395387649536,31.71963119506836
41.08340334892273,31.910369873046875
41.10333704948425,31.74130630493164
41.12370300292969,31.74871063232422
41.14718580245972,31.815166473388672
41.17274880409241,31.993488311767578
41.1936411857605,31.81915283203125
41.216262340545654,31.916690826416016
41.24086380004883,31.694866180419922
41.263875007629395,31.796905517578125
41.28366827964783,31.814769744873047
41.30486536026001,31.936153411865234
41.32765793800354,32.0831184387207
41.35126233100891,31.989715576171875
41.376067876815796,32.09062957763672
41.40015625953674,32.21933364868164
41.423503398895264,32.408287048339844
41.44685435295105,32.38241958618164
41.470359802246094,32.30889892578125
41.49272108078003,32.020206451416016
41.51539325714111,31.973758697509766
41.53635001182556,32.018428802490234
41.56441140174866,32.29581069946289
41.58837294578552,32.54402160644531
41.61184787750244,32.41667556762695
41.63301205635071,32.46793746948242
41.6568124294281,32.46031188964844
41.682170391082764,32.58866882324219
41.70512843132019,32.7258415222168
41.72735905647278,32.4950065612793
41.75150752067566,32.17679214477539
41.77426552772522,32.07377624511719
41.79584074020386,32.03718185424805
41.81799912452698,32.00419235229492
41.83891749382019,32.14674758911133
41.86166739463806,32.38429641723633
41.883465051651,32.00828552246094
41.905818462371826,32.367950439453125
41.92942547798157,32.171878814697266
41.950297594070435,31.99340057373047
41.97104072570801,32.15099334716797
41.99379324913025,32.170902252197266
42.01617240905762,31.95449447631836
42.03693413734436,32.21460723876953
42.057262659072876,32.3171501159668
42.079241037368774,32.19567108154297
42.101388931274414,32.29988479614258
42.12368392944336,32.367610931396484
42.1444411277771,32.691566467285156
42.16861343383789,32.584877014160156
42.19135808944702,32.60264587402344
42.212082624435425,32.7241325378418
42.235416412353516,32.836708068847656
42.25947904586792,33.04899597167969
42.28188395500183,33.0855598449707
42.30570721626282,32.25727844238281
42.330711364746094,32.536800384521484
42.35650610923767,32.69607925415039
42.37968301773071,32.87666702270508
42.40336346626282,32.837928771972656
42.42837858200073,33.089290618896484
42.45039129257202,32.91848373413086
42.47431921958923,33.08360290527344
42.49871587753296,33.2789421081543
42.52227568626404,32.83970260620117
42.547146797180176,33.18368148803711
42.57029342651367,33.021419525146484
42.59390115737915,32.900291442871094
42.61597204208374,32.80528259277344
42.63934683799744,32.65663146972656
42.65851020812988,32.02779006958008
42.67569160461426,31.67961883544922
42.6924033164978,31.82180404663086
42.708845376968384,31.771015167236328
42.72526931762695,31.74750518798828
42.7414927482605,31.644371032714844
42.7577269077301,31.486244201660156
42.77393555641174,31.099700927734375
42.79018712043762,31.177825927734375
42.806342124938965,31.079570770263672
42.82416248321533,30.83765411376953
42.84110903739929,30.62529754638672
42.85790228843689,30.837596893310547
42.87471079826355,30.6497802734375
42.891340255737305,30.680843353271484
42.90878772735596,30.887279510498047
42.926804542541504,30.97378158569336
42.94387722015381,30.94058609008789
42.962326526641846,30.95574188232422
42.980633020401,30.615367889404297
42.99935603141785,30.791778564453125
43.01785135269165,31.057025909423828
43.03577947616577,30.792518615722656
43.05326771736145,30.820091247558594
43.07114362716675,31.032806396484375
43.08972358703613,30.84503936767578
43.106860876083374,30.947181701660156
43.1241717338562,31.24207305908203
43.14227342605591,31.203819274902344
43.1595504283905,31.55899429321289
43.17698001861572,31.653724670410156
43.19423055648804,31.42310333251953
43.21339654922485,31.671077728271484
43.23182725906372,31.318862915039062
43.24972105026245,31.369503021240234
43.26772141456604,30.917301177978516
43.28476428985596,30.903152465820312
43.302412271499634,30.83835220336914
43.320167779922485,31.063152313232422
43.33803939819336,31.21660614013672
43.35558462142944,31.16360092163086
43.3738648891449,31.25481414794922
43.39128088951111,31.28559112548828
43.4094033241272,31.45507049560547
43.42845630645752,31.870555877685547
43.44630217552185,31.957813262939453
43.46497917175293,32.10358428955078
43.48237586021423,31.737442016601562
43.50017166137695,31.987064361572266
43.51835346221924,31.957111358642578
43.53642272949219,31.268054962158203
43.55527973175049,31.324432373046875
43.57317805290222,31.09770965576172
43.59080219268799,30.956661224365234
43.609047412872314,31.109790802001953
43.62697982788086,31.252696990966797
43.6445837020874,31.375194549560547
43.6631383895874,31.715145111083984
43.68092083930969,31.193744659423828
43.69755935668945,30.827926635742188
43.71391272544861,30.879253387451172
43.728914976119995,31.126239776611328
43.743865966796875,31.24022674560547
43.76125526428223,31.376991271972656
43.77898621559143,31.38614273071289
43.796908378601074,31.320140838623047
43.81580567359924,30.774131774902344
43.8340802192688,30.907276153564453
43.85169172286987,31.025115966796875
43.86964511871338,30.99480438232422
43.88725018501282,31.092021942138672
43.906580209732056,31.14105224609375
43.92424130439758,31.106067657470703
43.942564249038696,31.04450225830078
43.96040940284729,30.826148986816406
43.978257179260254,31.122116088867188
43.99633264541626,31.414989471435547
44.01398539543152,31.366710662841797
44.031670808792114,31.286895751953125
44.04997181892395,31.38153839111328
44.06773781776428,30.928287506103516
44.0868034362793,31.117706298828125
44.10459756851196,31.30642318725586
44.12292838096619,31.36053466796875
44.141305685043335,30.12731170654297
44.15933418273926,30.202098846435547
44.17786192893982,30.123382568359375
44.19693183898926,30.03392791748047
44.21517467498779,30.14324951171875
44.233152866363525,29.69451904296875
44.250821590423584,29.851600646972656
44.26928663253784,29.94324493408203
44.28709840774536,30.151779174804688
44.30516314506531,29.870834350585938
44.32315421104431,29.954383850097656
44.341392517089844,30.28168487548828
44.358471155166626,30.08530044555664
44.37595343589783,29.98462677001953
44.39358973503113,29.994964599609375
44.411914348602295,29.918251037597656
44.429929971694946,30.239463806152344
44.44792938232422,30.13703155517578
44.4660427570343,30.109455108642578
44.484285831451416,29.879627227783203
44.50261163711548,29.774139404296875
44.52077031135559,30.086994171142578
44.53883600234985,30.223621368408203
44.55663800239563,30.140064239501953
44.57457876205444,30.295761108398438
44.59240794181824,30.334976196289062
44.6107394695282,30.58462142944336
44.629589557647705,30.72338104248047
44.6468608379364,30.459888458251953
44.66481924057007,30.125259399414062
44.6827666759491,30.245529174804688
44.700830698013306,30.534217834472656
44.718467473983765,30.718360900878906
44.73671865463257,31.03580093383789
44.75479483604431,30.81342315673828
44.77299094200134,30.86377716064453
44.791422605514526,30.994949340820312
44.80925750732422,30.87811279296875
44.82702016830444,30.979434967041016
44.84496736526489,30.903392791748047
44.86337161064148,31.092845916748047
44.88148093223572,30.532184600830078
44.899444818496704,30.337345123291016
44.91753554344177,30.388870239257812
44.935598373413086,30.326702117919922
44.95395517349243,30.297767639160156
44.97235679626465,30.57103729248047
44.99093270301819,30.51690673828125
45.00856637954712,30.543121337890625
45.02658724784851,30.630043029785156
45.04422998428345,30.68994140625
45.06205654144287,30.76943588256836
45.07988500595093,30.974388122558594
45.09803557395935,31.23794937133789
45.11591172218323,30.529930114746094
45.13440775871277,30.562721252441406
45.152184009552,29.624370574951172
45.17105436325073,28.931522369384766
45.18882727622986,28.840747833251953
45.20683789253235,29.118988037109375
45.225685358047485,29.269943237304688
45.24415874481201,29.05535888671875
45.26212000846863,29.100860595703125
45.2798912525177,29.367210388183594
45.29752326011658,29.343326568603516
45.315852880477905,28.849510192871094
45.33409309387207,28.736072540283203
45.352356910705566,28.861766815185547
45.370115756988525,29.00951385498047
45.388195514678955,29.036487579345703
45.406336545944214,29.113601684570312
45.424354553222656,29.10741424560547
45.4420063495636,29.229076385498047
45.460153102874756,29.257953643798828
45.47799730300903,29.234840393066406
45.49554991722107,29.11380386352539
45.51305103302002,29.063018798828125
45.53059673309326,28.463470458984375
45.5482337474823,28.65483856201172
45.566543102264404,28.673492431640625
45.585111141204834,28.651668548583984
45.603368520736694,28.45635986328125
45.621095180511475,28.4573974609375
45.63966655731201,28.222305297851562
45.65763759613037,28.159198760986328
45.67422270774841,28.34319305419922
45.68930673599243,28.289432525634766
45.704277753829956,28.29034423828125
45.7204532623291,28.18975067138672
45.73789644241333,28.37575912475586
45.75550389289856,28.096500396728516
45.77300786972046,28.123363494873047
45.790682315826416,28.12084197998047
45.80918216705322,28.173316955566406
45.82679009437561,27.8712158203125
45.84459209442139,28.012065887451172
45.86252737045288,27.912128448486328
45.879809856414795,27.960346221923828
45.897528648376465,27.81397247314453
45.915624141693115,28.234683990478516
45.933056116104126,28.130779266357422
45.95078110694885,28.095718383789062
45.96865797042847,28.251113891601562
45.98591756820679,28.443222045898438
46.00452709197998,28.4171142578125
46.02205944061279,28.46826171875
46.03970265388489,28.314239501953125
46.05731463432312,28.36568832397461
46.07544708251953,28.589191436767578
46.09311318397522,28.41454315185547
46.11082458496094,28.31509017944336
46.1285514831543,28.350154876708984
46.146145820617676,28.491790771484375
46.164087533950806,28.461421966552734
46.182114601135254,28.234848022460938
46.19942235946655,28.160232543945312
46.217931509017944,28.258342742919922
46.23600697517395,28.288131713867188
46.25385808944702,28.527637481689453
46.27151346206665,28.814777374267578
46.28979730606079,28.55899429321289
46.30724120140076,28.7401123046875
46.325119495391846,29.03282928466797
46.34317636489868,29.16600799560547
46.36098289489746,29.06204605102539
46.3783802986145,28.991230010986328
46.39664173126221,29.25069808959961
46.41472053527832,28.779464721679688
46.43207931518555,28.252910614013672
46.4486665725708,28.292774200439453
46.46497201919556,28.270431518554688
46.48135995864868,28.174217224121094
46.4975700378418,28.384613037109375
46.5135977268219,27.837501525878906
46.529584884643555,27.90558624267578
46.54528760910034,27.76238250732422
46.56116795539856,27.668609619140625
46.576746225357056,27.653564453125
46.59230375289917,27.795024871826172
46.608423709869385,27.624919891357422
46.62749147415161,27.70983123779297
46.64442038536072,27.730125427246094
46.66091966629028,27.61733627319336
46.67747926712036,27.707752227783203
46.693708419799805,28.01361083984375
46.709880113601685,27.721237182617188
46.727858543395996,27.82232666015625
46.745365858078,27.93456268310547
46.762335777282715,28.004505157470703
46.779874086380005,27.50677490234375
46.79762649536133,27.672374725341797
46.81446409225464,27.347820281982422
46.83183741569519,27.33514404296875
46.85024309158325,27.549579620361328
46.86762285232544,27.49571990966797
46.88539981842041,26.822044372558594
46.90250277519226,26.28335952758789
46.91965055465698,26.485179901123047
46.93689036369324,26.422687530517578
46.95502758026123,26.229175567626953
46.973580837249756,26.418987274169922
46.99090600013733,26.665203094482422
47.008490562438965,26.613784790039062
47.026734352111816,26.684894561767578
47.0446503162384,26.75418472290039
47.062828540802,26.70212173461914
47.08210301399231,26.633594512939453
47.1036491394043,26.78942108154297
47.12459444999695,26.205997467041016
47.14854836463928,26.08529281616211
47.17230439186096,25.92115020751953
47.192763566970825,25.998497009277344
47.21299648284912,26.263916015625
47.23264741897583,26.56670379638672
47.253201484680176,26.648456573486328
47.272910594940186,26.95302963256836
47.29511904716492,26.752986907958984
47.315444469451904,26.78856658935547
47.33595943450928,26.789196014404297
47.35835337638855,26.643436431884766
47.379586935043335,26.532337188720703
47.39855909347534,26.819961547851562
47.41800093650818,26.931575775146484
47.437843322753906,26.970149993896484
47.458284854888916,26.885284423828125
47.47944712638855,26.82874298095703
47.49957609176636,26.9979248046875
47.52179193496704,26.887969970703125
47.54186654090881,26.888545989990234
47.56215858459473,27.19451904296875
47.58253049850464,27.297317504882812
47.60444617271423,27.21438217163086
47.62426471710205,27.314918518066406
47.64434480667114,27.085800170898438
47.66474008560181,27.09484100341797
47.683581590652466,26.518165588378906
47.70373177528381,26.30573272705078
47.72423028945923,26.391677856445312
47.74367642402649,26.42314910888672
47.76470375061035,26.376136779785156
47.78305101394653,26.733997344970703
47.80181550979614,26.894519805908203
47.82094645500183,26.350109100341797
47.840598583221436,26.255359649658203
47.86150145530701,26.221900939941406
47.88194489479065,26.378597259521484
47.90224552154541,26.18905258178711
47.92136859893799,26.13370132446289
47.94017791748047,26.492103576660156
47.95834708213806,26.544677734375
47.977516651153564,26.15863800048828
47.99853992462158,25.95330810546875
48.018495082855225,26.144935607910156
48.03703498840332,26.410640716552734
48.05668091773987,26.257755279541016
48.07528376579285,26.480560302734375
48.094836711883545,26.302417755126953
48.11489701271057,26.466876983642578
48.13311004638672,26.462902069091797
48.152323722839355,26.56949234008789
48.17208123207092,26.662399291992188
48.193686962127686,26.801307678222656
48.21357083320618,26.59402084350586
48.23283863067627,26.660903930664062
48.25288414955139,26.816017150878906
48.27294945716858,26.51407241821289
48.293455839157104,26.86032485961914
48.31290626525879,26.779098510742188
48.33335852622986,26.501148223876953
48.35438776016235,26.537822723388672
48.373390197753906,26.686382293701172
48.39243197441101,26.385066986083984
48.412147760391235,26.268829345703125
48.43158292770386,26.427257537841797
48.45214319229126,26.591754913330078
48.47297811508179,26.65172576904297
48.491211891174316,26.808910369873047
48.50933241844177,27.03853988647461
48.527934074401855,27.088207244873047
48.548518657684326,26.903675079345703
48.56715416908264,26.67021942138672
48.586466550827026,26.770183563232422
48.60545587539673,26.772106170654297
48.62603187561035,26.668983459472656
48.64559054374695,26.47130584716797
48.66536474227905,26.809844970703125
48.685476303100586,26.816028594970703
48.704570293426514,27.097030639648438
48.72349953651428,27.11822509765625
48.7441520690918,27.163467407226562
48.76285099983215,27.27490997314453
48.78106617927551,27.458045959472656
48.799808979034424,27.357929229736328
48.818976402282715,27.379459381103516
48.838122844696045,27.651832580566406
48.857033014297485,27.324520111083984
48.8759868144989,27.470226287841797
48.895604372024536,27.22229766845703
48.914605140686035,27.54137420654297
48.93360257148743,27.395431518554688
48.95285677909851,27.366600036621094
48.97188687324524,27.053348541259766
48.990569829940796,26.914813995361328
49.008784770965576,27.21209716796875
49.02768111228943,27.22740936279297
49.04741811752319,27.48215103149414
49.06664252281189,27.47149658203125
49.08610725402832,27.63359832763672
49.10512566566467,27.770336151123047
49.12387156486511,27.64712905883789
49.14291715621948,27.814048767089844
49.16243028640747,27.476871490478516
49.1817090511322,27.845687866210938
49.20025444030762,27.233062744140625
49.22043991088867,27.404556274414062
49.239564180374146,27.49698257446289
49.259809732437134,27.489582061767578
49.27863812446594,27.575000762939453
49.29900646209717,27.48470687866211
49.3193097114563,27.368465423583984
49.33923578262329,27.462295532226562
49.358341693878174,27.556900024414062
49.37811994552612,27.521324157714844
49.396334171295166,27.766117095947266
49.41596078872681,27.7027587890625
49.435357332229614,27.82113265991211
49.45443868637085,27.917194366455078
49.474254846572876,27.79373550415039
49.49323558807373,27.89698028564453
49.51273822784424,27.983314514160156
49.53155755996704,28.112651824951172
49.5501503944397,28.048580169677734
49.56977701187134,28.556232452392578
49.588980197906494,28.523334503173828
49.61064052581787,28.08022689819336
49.631080627441406,28.30324935913086
49.65321135520935,28.476089477539062
49.67392611503601,28.301620483398438
49.69513773918152,28.412372589111328
49.71666216850281,28.212299346923828
49.73733329772949,28.30246353149414
49.757561922073364,28.360904693603516
49.778624057769775,28.324539184570312
49.8013973236084,28.647323608398438
49.823200702667236,28.29540252685547
49.84392476081848,28.4149169921875
49.8646821975708,28.55213165283203
49.884186029434204,28.70122528076172
49.90545964241028,27.95348358154297
49.92648649215698,27.25411605834961
49.95052456855774,26.988983154296875
49.97391986846924,27.054576873779297
49.997458934783936,27.267723083496094
50.018556118011475,27.437240600585938
50.039159536361694,27.49840545654297
50.06013107299805,27.725021362304688
50.0817608833313,27.813465118408203
50.103748083114624,27.904605865478516
50.1286039352417,27.84054946899414
50.15275287628174,27.875362396240234
50.17724609375,27.324459075927734
50.19948744773865,27.65707778930664
50.221861124038696,27.277755737304688
50.24437355995178,27.00421905517578
50.268717765808105,27.541507720947266
50.291327714920044,27.669143676757812
50.312195777893066,27.750823974609375
50.33327889442444,27.751708984375
50.35380434989929,27.78514862060547
50.375725507736206,27.827983856201172
50.39906430244446,27.599899291992188
50.422160625457764,27.742385864257812
50.444058895111084,28.253658294677734
50.46480846405029,28.18301773071289
50.486836433410645,27.7659912109375
50.50935959815979,27.591449737548828
50.530157804489136,27.176738739013672
50.55461835861206,27.76129913330078
50.57808780670166,27.558822631835938
50.599430084228516,27.539012908935547
50.61943006515503,27.76712417602539
50.63962507247925,27.947612762451172
50.660940647125244,28.112808227539062
50.68466639518738,28.36644744873047
50.70709800720215,28.1173095703125
50.72791075706482,28.060401916503906
50.7510929107666,28.323226928710938
50.77197527885437,28.300315856933594
50.79523706436157,28.442642211914062
50.81794834136963,27.830467224121094
50.83857703208923,27.83202362060547
50.86064839363098,27.9229736328125
50.8811297416687,27.793575286865234
50.90319895744324,27.785686492919922
50.9254629611969,27.73880386352539
50.94929265975952,27.33826446533203
50.97309136390686,27.56047821044922
50.99378728866577,27.811527252197266
51.01509141921997,28.109180450439453
51.03603386878967,26.10784912109375
51.05627942085266,26.098583221435547
51.07586407661438,26.202011108398438
51.09587478637695,26.283061981201172
51.115681171417236,26.24175262451172
51.136005878448486,26.006141662597656
51.155803203582764,25.97342300415039
51.17555046081543,26.44000244140625
51.19554591178894,26.412425994873047
51.21667790412903,26.105510711669922
51.23656725883484,26.069644927978516
51.25613784790039,26.194942474365234
51.27933740615845,26.122486114501953
51.30059242248535,26.466201782226562
51.323164224624634,26.405948638916016
51.346205711364746,26.751480102539062
51.367472410202026,26.458553314208984
51.39176416397095,26.584880828857422
51.41464686393738,26.55661392211914
51.43765425682068,26.640541076660156
51.460033655166626,26.857086181640625
51.48314571380615,27.345294952392578
51.50576663017273,27.004615783691406
51.52996373176575,27.349594116210938
51.554288387298584,27.17486572265625
51.57796359062195,27.240291595458984
51.601709842681885,27.25146484375
51.6245219707489,26.648582458496094
51.64637041091919,27.400897979736328
51.669106006622314,27.456623077392578
51.69291687011719,27.600032806396484
51.71502494812012,27.466655731201172
51.73931884765625,27.550052642822266
51.76258635520935,27.477035522460938
51.7871356010437,27.529693603515625
51.81114983558655,27.415958404541016
51.83500027656555,27.668987274169922
51.85847854614258,27.32263946533203
51.88129162788391,27.464725494384766
51.90233755111694,27.454524993896484
51.92648148536682,27.774497985839844
51.948652029037476,28.020065307617188
51.97062158584595,28.075687408447266
51.993608713150024,28.579208374023438
52.01525092124939,28.653629302978516
52.03866934776306,28.312294006347656
52.059988021850586,28.398143768310547
52.0825035572052,28.442462921142578
52.10620927810669,28.15264129638672
52.12893486022949,28.183292388916016
52.15033149719238,27.892608642578125
52.172558307647705,27.68518829345703
52.19739580154419,27.76605224609375
52.22261095046997,27.674400329589844
52.24704051017761,27.902637481689453
52.27031135559082,28.078968048095703
52.29571843147278,27.802135467529297
52.317030906677246,28.018478393554688
52.33988046646118,28.088157653808594
52.360881328582764,28.234691619873047
52.38287305831909,28.41014862060547
52.40564799308777,28.291847229003906
52.42968940734863,28.078636169433594
52.45237159729004,28.280548095703125
52.47331953048706,27.862430572509766
52.49748468399048,28.105792999267578
52.52155327796936,28.058929443359375
52.54418349266052,28.222549438476562
52.56757307052612,28.320987701416016
52.58962082862854,28.308502197265625
52.612460136413574,28.320068359375
52.63468837738037,28.094940185546875
52.65734577178955,28.254112243652344
52.67882227897644,28.32077407836914
52.70153331756592,28.658554077148438
52.725332260131836,28.235000610351562
52.747962474823,28.411861419677734
52.76993536949158,28.57046890258789
52.79257369041443,28.57675552368164
52.81589365005493,28.475547790527344
52.841843128204346,28.507686614990234
52.86443376541138,28.783126831054688
52.88703775405884,28.518077850341797
52.90785217285156,28.47498321533203
52.93151593208313,28.647071838378906
52.95371985435486,28.462017059326172
52.97579288482666,28.49862289428711
53.000519037246704,28.368202209472656
53.025160789489746,28.198226928710938
53.0464026927948,28.463451385498047
53.0686821937561,28.45186996459961
53.09086632728577,28.486968994140625
53.11358284950256,28.618492126464844
53.13433480262756,28.833637237548828
53.15570831298828,28.861019134521484
53.17698955535889,28.737529754638672
53.19803524017334,29.081344604492188
53.222113370895386,29.054393768310547
53.24501061439514,29.17251968383789
53.26904010772705,29.212833404541016
53.291642904281616,28.940532684326172
53.31290054321289,29.094799041748047
53.33717679977417,29.120338439941406
53.35998797416687,29.212425231933594
53.38210153579712,29.272075653076172
53.40509271621704,29.3125
53.426722049713135,29.019195556640625
53.4499716758728,28.913074493408203
53.47423553466797,28.689655303955078
53.49697303771973,29.017635345458984
53.52064299583435,28.919963836669922
53.54086208343506,29.0166015625
53.56391167640686,29.0400390625
53.585816621780396,29.14358139038086
53.60838270187378,29.075241088867188
53.63082504272461,29.17316436767578
53.65244436264038,29.030643463134766
53.6784565448761,29.353389739990234
53.700745820999146,29.527122497558594
53.721818923950195,29.52402114868164
53.744356632232666,29.437931060791016
53.76623320579529,29.598724365234375
53.78817963600159,29.647781372070312
53.80967044830322,29.632102966308594
53.832979917526245,30.09197998046875
53.85730767250061,30.228229522705078
53.87993836402893,30.209693908691406
53.90272521972656,30.58688735961914
53.92606329917908,29.67764663696289
53.95071244239807,28.917613983154297
53.972864866256714,28.612247467041016
53.991868019104004,27.92620086669922
54.01370286941528,27.81128692626953
54.03727173805237,27.881885528564453
54.057631731033325,28.25252914428711
54.081377267837524,27.53091049194336
54.10417699813843,27.351863861083984
54.12806272506714,27.377994537353516
54.150806188583374,27.119781494140625
54.17382478713989,27.00200653076172
54.19742965698242,27.09609603881836
54.22152614593506,27.187294006347656
54.24486184120178,27.483352661132812
54.268510580062866,27.309906005859375
54.29161858558655,27.486351013183594
54.31379556655884,27.746646881103516
54.33538556098938,27.695079803466797
54.358176946640015,27.451705932617188
54.380691051483154,27.733341217041016
54.405723333358765,27.902549743652344
54.42614245414734,28.208740234375
54.450438499450684,28.354843139648438
54.47322750091553,27.808013916015625
54.49761343002319,27.81713104248047
54.52061080932617,27.868701934814453
54.543068170547485,28.01913070678711
54.565863370895386,27.94202423095703
54.5882613658905,27.604869842529297
54.61140251159668,27.75102996826172
54.63518738746643,27.95539093017578
54.6579692363739,27.75302505493164
54.68114399909973,27.997173309326172
54.70416879653931,27.603912353515625
54.72730612754822,27.91905975341797
54.751333236694336,28.000595092773438
54.77317667007446,27.840808868408203
54.79657292366028,28.109912872314453
54.81906509399414,27.994430541992188
54.842448711395264,28.42145538330078
54.866416215896606,27.562442779541016
54.88936114311218,27.440643310546875
54.91321563720703,27.51342010498047
54.93599843978882,27.43505096435547
54.95886969566345,27.489078521728516
54.97949695587158,27.59918975830078
54.99959897994995,27.596878051757812
55.01839518547058,27.906578063964844
55.03759980201721,27.976303100585938
55.05715203285217,27.988967895507812
55.07664227485657,27.96227264404297
55.09723782539368,28.07093048095703
55.11591053009033,27.58275604248047
55.13493466377258,27.67007827758789
55.15423059463501,27.532878875732422
55.174437522888184,27.341350555419922
55.19408917427063,27.000240325927734
55.21345520019531,27.07707977294922
55.23406410217285,27.260406494140625
55.25283598899841,27.23926544189453
55.272488594055176,27.239463806152344
55.29306125640869,27.214496612548828
55.31322455406189,27.33807373046875
55.33365249633789,26.67148208618164
55.35613679885864,26.852218627929688
55.37730145454407,26.77846908569336
55.39701747894287,26.952011108398438
55.416908979415894,27.202308654785156
55.43551254272461,27.355037689208984
55.45576071739197,27.259307861328125
55.475831270217896,27.60150909423828
55.497759103775024,27.273235321044922
55.51913905143738,27.388229370117188
55.54024910926819,27.304359436035156
55.56080079078674,27.305683135986328
55.583462715148926,27.497089385986328
55.60478663444519,27.557613372802734
55.62577533721924,27.151519775390625
55.64732098579407,27.214984893798828
55.667030811309814,27.28113555908203
55.687222480773926,27.53955078125
55.709250688552856,27.630313873291016
55.73264122009277,27.971179962158203
55.75590491294861,28.18456268310547
55.77958822250366,27.908443450927734
55.80375933647156,26.920154571533203
55.82586097717285,27.266887664794922
55.849722146987915,27.169357299804688
55.87231659889221,27.225082397460938
55.894919872283936,27.081024169921875
55.91639304161072,26.865901947021484
55.93950390815735,27.000503540039062
55.96258854866028,26.86994171142578
55.98489475250244,26.92566680908203
56.00742173194885,27.099021911621094
56.02909827232361,27.33102798461914
56.05158710479736,27.594532012939453
56.073734521865845,27.435169219970703
56.09711527824402,27.317649841308594
56.119850635528564,27.41651153564453
56.14295220375061,27.877704620361328
56.16700196266174,28.008007049560547
56.1919219493866,27.966854095458984
56.21509003639221,27.95880889892578
56.23940896987915,28.232261657714844
56.26291799545288,28.150611877441406
56.28712701797485,28.312889099121094
56.310792684555054,28.242366790771484
56.33433532714844,28.17758560180664
56.357359647750854,28.041290283203125
56.38002824783325,28.036964416503906
56.40147614479065,28.169166564941406
56.423038721084595,27.997676849365234
56.44808316230774,28.291488647460938
56.47075152397156,28.375362396240234
56.4949676990509,28.31586456298828
56.51892352104187,28.06759262084961
56.5420298576355,28.05160140991211
56.56564283370972,28.238162994384766
56.58848762512207,28.41437530517578
56.609811544418335,28.2108154296875
56.63296842575073,28.600780487060547
56.65549612045288,28.398712158203125
56.6795916557312,28.254539489746094
56.70413827896118,28.507930755615234
56.725926876068115,28.238685607910156
56.748979330062866,28.31185531616211
56.77217149734497,28.310504913330078
56.794955015182495,28.504070281982422
56.817787647247314,28.456424713134766
56.839033126831055,28.61349868774414
56.86248517036438,28.724349975585938
56.88745737075806,28.736244201660156
56.91105508804321,28.428565979003906
56.93619656562805,28.590625762939453
56.960540771484375,28.67609405517578
56.98411297798157,28.703514099121094
57.00760293006897,28.79122543334961
57.031874895095825,28.59677505493164
57.053638219833374,28.744850158691406
57.07616949081421,28.743637084960938
57.10124111175537,28.560016632080078
57.1258339881897,28.292362213134766
57.14961647987366,28.657794952392578
57.17155957221985,28.708805084228516
57.19395899772644,28.83196258544922
57.219374895095825,28.776885986328125
57.242804288864136,28.493000030517578
57.263994455337524,28.586448669433594
57.284950733184814,28.900390625
57.30724120140076,28.787799835205078
57.32815623283386,28.496295928955078
57.35010361671448,28.78896713256836
57.370853900909424,28.863231658935547
57.39174294471741,28.39000701904297
57.4148895740509,28.446613311767578
57.43535256385803,28.586353302001953
57.457032203674316,28.830326080322266
57.4787073135376,28.857280731201172
57.503103733062744,29.273773193359375
57.5251567363739,29.244476318359375
57.54784393310547,29.431495666503906
57.56896352767944,29.21939468383789
57.591373682022095,29.13837432861328
57.614197969436646,28.83718490600586
57.637141704559326,28.598834991455078
57.660284757614136,28.568470001220703
57.6827712059021,28.36507797241211
57.704872846603394,28.453956604003906
57.728387117385864,28.688251495361328
57.751442193984985,29.031795501708984
57.77479577064514,29.02734375
57.7993221282959,28.797977447509766
57.82194757461548,28.902542114257812
57.84433317184448,28.340702056884766
57.86646604537964,28.211673736572266
57.88836455345154,28.213211059570312
57.91001629829407,28.326339721679688
57.93116855621338,28.509262084960938
57.95382356643677,28.578746795654297
57.97764611244202,28.37811279296875
58.00184965133667,28.42729949951172
58.02404594421387,28.60812759399414
58.04733228683472,28.77731704711914
58.0707004070282,28.605018615722656
58.09204149246216,28.585376739501953
58.115615129470825,28.359764099121094
58.1387996673584,28.503013610839844
58.163613080978394,28.762596130371094
58.1859986782074,28.90526580810547
58.208579301834106,28.682964324951172
58.23267865180969,28.673728942871094
58.2592511177063,28.26041030883789
58.28437042236328,28.07910919189453
58.30787444114685,27.752178192138672
58.330716133117676,28.040382385253906
58.35306429862976,27.879459381103516
58.37562036514282,27.977706909179688
58.39633274078369,27.79489517211914
58.420374393463135,27.773025512695312
58.44547748565674,27.9305419921875
58.469833850860596,28.190338134765625
58.49309206008911,28.41854476928711
58.516398668289185,28.58985137939453
58.53961515426636,28.539012908935547
58.562005281448364,28.400680541992188
58.58525800704956,28.538787841796875
58.60927200317383,28.700759887695312
58.631556034088135,28.63753890991211
58.6530659198761,28.506736755371094
58.6771297454834,28.561756134033203
58.70082640647888,28.827083587646484
58.724289417266846,29.032386779785156
58.74831557273865,29.022125244140625
58.76925325393677,29.03894805908203
58.79300856590271,28.761871337890625
58.81791567802429,28.885589599609375
58.8399875164032,28.736587524414062
58.86423468589783,28.60279083251953
58.885732650756836,28.51258087158203
58.9111123085022,28.43674087524414
58.935232639312744,28.731891632080078
58.95757222175598,28.557861328125
58.97941517829895,28.7425537109375
59.002159118652344,29.008380889892578
59.026164531707764,28.856475830078125
59.04832148551941,28.745349884033203
59.070884704589844,28.67829132080078
59.09346032142639,29.005496978759766
59.114466190338135,28.798812866210938
59.13808345794678,28.74298858642578
59.16186738014221,28.673892974853516
59.18470001220703,28.802776336669922
59.20837712287903,28.990306854248047
59.23304462432861,28.959762573242188
59.257285833358765,28.971118927001953
59.28026843070984,28.850757598876953
59.302969217300415,28.89434051513672
59.32585263252258,29.11663055419922
59.350295543670654,28.969715118408203
59.37243962287903,29.094356536865234
59.3956823348999,29.413761138916016
59.41778612136841,29.070110321044922
59.442798376083374,29.304912567138672
59.46661353111267,29.478656768798828
59.48933029174805,29.529666900634766
59.51377487182617,29.4869384765625
59.53758764266968,29.50021743774414
59.561421394348145,29.84042739868164
59.58477234840393,29.69638442993164
59.606239795684814,29.627216339111328
59.62985396385193,29.61754608154297
59.655269384384155,29.559276580810547
59.6778781414032,29.207656860351562
59.700652837753296,29.409664154052734
59.72334337234497,29.08591079711914
59.746522188186646,29.16974639892578
59.7690327167511,29.12875747680664
59.791510581970215,29.192787170410156
59.815553426742554,28.920909881591797
59.83954834938049,29.024658203125
59.86199760437012,29.21062469482422
59.88483214378357,29.395992279052734
59.90831685066223,29.209686279296875
59.930729150772095,29.08667755126953
59.95646357536316,29.353172302246094
59.97906541824341,29.340518951416016
60.002683877944946,29.504837036132812
60.02601170539856,29.41887664794922
60.05021286010742,29.238365173339844
60.07272171974182,29.29486083984375
60.09663414955139,29.74909210205078
60.119396686553955,29.666114807128906
60.143033266067505,29.401161193847656
60.165472984313965,29.307403564453125
60.18764925003052,29.412399291992188
60.21040487289429,29.496856689453125
60.23201942443848,29.67416000366211
60.25847768783569,29.619335174560547
60.28265881538391,29.69991683959961
60.3054256439209,29.176467895507812
60.32921361923218,29.58344268798828
60.35228514671326,29.389320373535156
60.37317895889282,29.635093688964844
60.39635634422302,29.705974578857422
60.4181694984436,29.559226989746094
60.441250801086426,29.737674713134766
60.464881896972656,29.80786895751953
60.48741102218628,29.916240692138672
60.50924634933472,29.598052978515625
60.53149962425232,29.93471908569336
60.555142641067505,29.81456756591797
60.57923364639282,29.92270278930664
60.60205316543579,29.83098602294922
60.62507724761963,29.742645263671875
60.650858640670776,29.95696258544922
60.67494511604309,29.62635040283203
60.70082092285156,29.85363006591797
60.7225980758667,30.00566864013672
60.74707794189453,29.736194610595703
60.772016763687134,29.652690887451172
60.79510140419006,29.881694793701172
60.8193461894989,29.82135772705078
60.8448371887207,29.39867401123047
60.86695837974548,29.23040771484375
60.88978552818298,29.457183837890625
60.91367983818054,29.607990264892578
60.93906784057617,29.586013793945312
60.960885524749756,29.661571502685547
60.985673666000366,29.82107162475586
61.00682592391968,29.518306732177734
61.031840324401855,29.485244750976562
61.055816650390625,29.621559143066406
61.07932448387146,30.016979217529297
61.10011959075928,29.96448516845703
61.12324261665344,30.069774627685547
61.14552640914917,30.15009307861328
61.17120027542114,30.45661163330078
61.19369626045227,30.397125244140625
61.215855836868286,30.112754821777344
61.23850083351135,30.03948974609375
61.26027512550354,29.905994415283203
61.28447890281677,29.689350128173828
61.30773591995239,29.790142059326172
61.330283641815186,29.855854034423828
61.35233545303345,29.79407501220703
61.374656438827515,29.65530776977539
61.39786148071289,30.0478515625
61.41988468170166,29.978626251220703
61.4441978931427,29.84430694580078
61.46946406364441,29.606090545654297
61.49415993690491,29.893295288085938
61.51770377159119,29.880001068115234
61.53931641578674,30.04024887084961
61.56432104110718,30.253921508789062
61.58774280548096,30.083580017089844
61.61105298995972,30.15935516357422
61.63370680809021,30.322372436523438
61.655898571014404,30.22522735595703
61.680381298065186,30.135326385498047
61.70255517959595,30.210895538330078
61.726272106170654,30.3294677734375
61.74925446510315,30.084651947021484
61.774333477020264,30.293907165527344
61.79601573944092,30.180065155029297
61.81754684448242,29.84652328491211
61.84119892120361,30.103633880615234
61.86666202545166,30.226245880126953
61.88925004005432,29.93935775756836
61.91282844543457,29.948463439941406
61.9368622303009,30.045909881591797
61.95891714096069,29.881797790527344
61.980714321136475,29.812339782714844
62.00438356399536,29.691879272460938
62.02890729904175,29.942276000976562
62.05232858657837,30.13766098022461
62.074830293655396,30.116622924804688
62.099101066589355,29.978328704833984
62.12463021278381,29.999305725097656
62.14582562446594,30.292423248291016
62.16875195503235,30.64544677734375
62.19106078147888,30.366214752197266
62.21564531326294,30.46009063720703
62.239309787750244,30.018692016601562
62.2635281085968,30.033477783203125
62.29036593437195,30.321422576904297
62.31255865097046,30.150352478027344
62.3371696472168,30.19963836669922
62.36196184158325,30.433963775634766
62.382898807525635,30.506210327148438
62.40548753738403,30.537097930908203
62.429070234298706,30.435333251953125
62.45290780067444,30.33112335205078
62.47590756416321,29.97344970703125
62.49924302101135,29.983505249023438
62.52270698547363,29.88797378540039
62.54575729370117,29.950721740722656
62.573614835739136,30.21485137939453
62.59600329399109,30.104747772216797
62.6198308467865,30.387107849121094
62.640769243240356,29.943260192871094
62.66428089141846,30.197158813476562
62.68628764152527,30.284290313720703
62.70871448516846,30.183528900146484
62.73278093338013,30.441654205322266
62.75663089752197,30.37435531616211
62.77878189086914,30.119834899902344
62.8020703792572,30.04888153076172
62.82478451728821,30.309185028076172
62.84916663169861,30.265853881835938
62.8744752407074,29.3973388671875
62.897366523742676,30.052276611328125
62.920511960983276,30.05362319946289
62.94189810752869,30.11105728149414
62.96333718299866,29.947765350341797
62.98611927032471,29.949081420898438
63.00776791572571,29.570262908935547
63.032294511795044,29.774730682373047
63.056044578552246,29.92666244506836
63.079890966415405,30.27519989013672
63.10331130027771,30.185279846191406
63.12758803367615,30.53985595703125
63.152169704437256,30.668418884277344
63.172898054122925,30.443359375
63.195143699645996,30.355701446533203
63.21751666069031,30.17428207397461
63.24299168586731,30.33020782470703
63.26830577850342,30.538551330566406
63.29215121269226,30.422039031982422
63.31424951553345,30.219528198242188
63.337430477142334,30.54207992553711
63.36372494697571,31.035099029541016
63.38657569885254,31.008846282958984
63.41020703315735,31.077533721923828
63.43373990058899,31.033710479736328
63.45854640007019,30.85702896118164
63.480828046798706,30.441455841064453
63.50386667251587,30.19324493408203
63.52576541900635,30.037525177001953
63.549890756607056,30.111488342285156
63.57310700416565,30.215187072753906
63.59741449356079,30.385372161865234
63.62271451950073,30.45172119140625
63.64556002616882,30.16332244873047
63.66792035102844,30.37302017211914
63.68994355201721,30.370563507080078
63.71288347244263,30.753894805908203
63.737051248550415,30.35320281982422
63.76056742668152,30.647323608398438
63.78632926940918,30.88030242919922
63.81060528755188,30.491867065429688
63.83185172080994,30.797977447509766
63.85592603683472,30.968658447265625
63.879456996917725,31.013137817382812
63.90376019477844,31.23786163330078
63.92750668525696,31.284534454345703
63.95039653778076,31.113388061523438
63.974868297576904,31.258907318115234
63.99764442443848,31.103126525878906
64.02001929283142,31.054195404052734
64.04365110397339,31.1151123046875
64.06707835197449,31.023712158203125
64.09078931808472,31.016029357910156
64.11309242248535,30.791587829589844
64.13633418083191,31.009807586669922
64.15983271598816,31.111064910888672
64.18455362319946,31.079456329345703
64.2068419456482,31.06478500366211
64.23080039024353,31.23255157470703
64.25503253936768,31.334625244140625
64.27853608131409,31.336994171142578
64.30357098579407,31.25307846069336
64.32797241210938,31.06290054321289
64.35022807121277,31.139942169189453
64.37308430671692,31.317813873291016
64.39641904830933,31.225048065185547
64.42167544364929,31.29027557373047
64.44371199607849,31.06732177734375
64.46475625038147,31.229080200195312
64.4874496459961,31.399253845214844
64.51287007331848,31.024585723876953
64.53588151931763,30.840423583984375
64.559237241745,31.063636779785156
64.58275580406189,31.04520034790039
64.6040506362915,31.14090347290039
64.62631011009216,31.159034729003906
64.64897084236145,31.139904022216797
64.6714985370636,31.426441192626953
64.69892525672913,31.46066665649414
64.7210922241211,31.336109161376953
64.74310541152954,30.980815887451172
64.7655234336853,30.951740264892578
64.78901600837708,31.36986541748047
64.81188893318176,31.29150390625
64.83580899238586,31.10576629638672
64.86046600341797,31.518291473388672
64.8829653263092,31.387928009033203
64.90460419654846,31.307498931884766
64.92614459991455,31.43683624267578
64.94885325431824,31.296253204345703
64.9719750881195,31.60250473022461
64.99509334564209,31.691986083984375
65.01814794540405,31.752674102783203
65.03902769088745,31.658401489257812
65.06260204315186,31.65420913696289
65.08689951896667,32.048614501953125
65.10926699638367,31.699787139892578
65.13379096984863,32.09383010864258
65.1592059135437,31.443119049072266
65.18291354179382,31.618160247802734
65.20609402656555,31.45482635498047
65.22743463516235,31.480857849121094
65.2492401599884,31.626853942871094
65.273118019104,31.689849853515625
65.29545068740845,31.693084716796875
65.31888222694397,31.394142150878906
65.3438458442688,31.383384704589844
65.36721062660217,31.250717163085938
65.39097785949707,31.401775360107422
65.41386914253235,31.230541229248047
65.4366512298584,31.27202606201172
65.45986866950989,31.420978546142578
65.48135876655579,31.497554779052734
65.50479006767273,31.70561981201172
65.52731323242188,31.794891357421875
65.55073523521423,32.09882736206055
65.57471537590027,31.994892120361328
65.59746432304382,31.317306518554688
65.62296795845032,31.947429656982422
65.64796781539917,32.070133209228516
65.67071962356567,32.07870101928711
65.69239282608032,31.89086151123047
65.71404981613159,31.743621826171875
65.73660731315613,31.73434066772461
65.75803637504578,31.942138671875
65.78004741668701,32.01826858520508
65.80383825302124,32.022003173828125
65.82679486274719,32.12257766723633
65.84972095489502,31.818706512451172
65.87277007102966,31.96567153930664
65.89754986763,31.996231079101562
65.92146921157837,31.974685668945312
65.94289088249207,32.12421798706055
65.96639657020569,31.789791107177734
65.98992252349854,31.879817962646484
66.01285099983215,31.99353790283203
66.03568267822266,31.550357818603516
66.05800795555115,31.650188446044922
66.07965087890625,32.02910614013672
66.10185670852661,31.815528869628906
66.12396121025085,31.847274780273438
66.14777612686157,32.10924530029297
66.17069697380066,32.101505279541016
66.19352912902832,31.92984390258789
66.21716713905334,31.99740982055664
66.23833417892456,32.17363739013672
66.2601420879364,31.577205657958984
66.28228878974915,31.675430297851562
66.30746006965637,31.698097229003906
66.33212971687317,31.61031723022461
66.35736870765686,31.73192596435547
66.38165330886841,32.0059814453125
66.40615391731262,31.574504852294922
66.42946600914001,31.440414428710938
66.45383024215698,31.749095916748047
66.47774004936218,31.598785400390625
66.49929189682007,31.533294677734375
66.52296781539917,31.487716674804688
66.54675388336182,31.63024139404297
66.56799650192261,30.96010971069336
66.59173727035522,31.167831420898438
66.61451506614685,31.179584503173828
66.63896536827087,31.66965103149414
66.66344714164734,31.441978454589844
66.68812012672424,31.321144104003906
66.71210622787476,31.480548858642578
66.73427963256836,31.004962921142578
66.75736737251282,30.830493927001953
66.78036618232727,31.206043243408203
66.80298352241516,31.043617248535156
66.82763028144836,31.231613159179688
66.85090279579163,31.416847229003906
66.87388372421265,31.186641693115234
66.89846348762512,31.26380157470703
66.92138433456421,31.364566802978516
66.94683885574341,31.59197998046875
66.97012758255005,31.531906127929688
66.9927625656128,31.400348663330078
67.01542711257935,31.432437896728516
67.03863954544067,31.633995056152344
67.06071424484253,31.38359832763672
67.08507704734802,31.534683227539062
67.11089777946472,31.586483001708984
67.1338906288147,31.426300048828125
67.15575957298279,31.70903778076172
67.1784896850586,31.810359954833984
67.20386004447937,31.768943786621094
67.22874927520752,31.80170440673828
67.25198769569397,31.986156463623047
67.2758138179779,31.622913360595703
67.29963088035583,31.540660858154297
67.32064056396484,31.345767974853516
67.34203386306763,31.41162109375
67.36650586128235,31.437862396240234
67.3895652294159,31.13925552368164
67.41197395324707,31.01087188720703
67.4355239868164,31.25106430053711
67.45700192451477,31.519088745117188
67.48038673400879,31.42917251586914
67.50514221191406,31.375614166259766
67.52921175956726,31.286911010742188
67.55086183547974,31.421104431152344
67.57464814186096,31.187511444091797
67.59996247291565,30.710041046142578
67.62252402305603,30.869098663330078
67.6452624797821,31.187278747558594
67.66827726364136,30.963024139404297
67.68973565101624,30.96033477783203
67.71100068092346,31.47290802001953
67.73408365249634,31.141876220703125
67.7576036453247,31.486804962158203
67.7793595790863,31.305328369140625
67.80209374427795,31.382911682128906
67.82772493362427,31.152660369873047
67.84961104393005,31.196102142333984
67.87355947494507,31.525428771972656
67.89568734169006,31.335369110107422
67.91916728019714,31.654701232910156
67.94264960289001,31.738975524902344
67.96688652038574,31.146121978759766
67.99044966697693,31.527992248535156
68.01269721984863,31.590087890625
68.03568053245544,30.99126434326172
68.05858016014099,31.23431396484375
68.0809760093689,31.349655151367188
68.10291767120361,31.519847869873047
68.12556576728821,31.738521575927734
68.1479172706604,31.410213470458984
68.17204427719116,31.553245544433594
68.19518280029297,31.251689910888672
68.21910738945007,31.090431213378906
68.24126672744751,31.391002655029297
68.26578211784363,31.358970642089844
68.28477621078491,31.388782501220703
68.3049247264862,31.328571319580078
68.32577562332153,31.1385498046875
68.34440803527832,31.51211166381836
68.36374616622925,31.473976135253906
68.38274765014648,31.477638244628906
68.39995241165161,31.548725128173828
68.41797590255737,31.66766357421875
68.44060707092285,31.68182373046875
68.4624559879303,31.625965118408203
68.48101544380188,31.733829498291016
68.4988305568695,31.691394805908203
68.51725101470947,31.517738342285156
68.53632640838623,31.78044891357422
68.55857443809509,31.855789184570312
68.58145046234131,32.040992736816406
68.60390567779541,32.21042251586914
68.62854361534119,32.442684173583984
68.6537435054779,32.63320541381836
68.67564034461975,32.326534271240234
68.69835782051086,32.1596794128418
68.71749997138977,32.058189392089844
68.74052500724792,32.11786651611328
68.76441073417664,32.39200210571289
68.78859448432922,32.187232971191406
68.81071949005127,32.216819763183594
68.8339900970459,31.967086791992188
68.85864281654358,32.533382415771484
68.88441014289856,32.6080436706543
68.90931034088135,32.68916702270508
68.93051791191101,32.928916931152344
68.95285677909851,32.57374954223633
68.977299451828,32.252349853515625
68.99958419799805,32.29874038696289
69.01937890052795,32.31667709350586
69.04054498672485,32.4698486328125
69.06400346755981,32.410911560058594
69.0879979133606,32.66862869262695
69.11349105834961,32.217376708984375
69.13618302345276,32.127498626708984
69.159104347229,32.01999282836914
69.18177008628845,31.72327423095703
69.20560097694397,31.3555908203125
69.22907829284668,31.51172637939453
69.25306129455566,31.57049560546875
69.27590727806091,31.431217193603516
69.29954719543457,31.694664001464844
69.32112550735474,31.985919952392578
69.34525990486145,32.02810287475586
69.36855959892273,32.392242431640625
69.38917636871338,32.337223052978516
69.41311717033386,32.38594436645508
69.43591499328613,32.44820785522461
69.45704293251038,32.42975997924805
69.47879767417908,32.31806564331055
69.50113463401794,32.30426025390625
69.52533221244812,32.45679473876953
69.55011987686157,32.373416900634766
69.57133436203003,32.15359878540039
69.59466767311096,32.70530319213867
69.61558294296265,32.41973114013672
69.63989663124084,32.6339225769043
69.66260313987732,32.76294708251953
69.68351936340332,32.746971130371094
69.70716261863708,32.09437561035156
69.72967457771301,32.254554748535156
69.75244903564453,32.420101165771484
69.7777647972107,32.677677154541016
69.80056715011597,32.825477600097656
69.82195258140564,32.94770431518555
69.84501338005066,32.82147216796875
69.869140625,32.61589050292969
69.89241743087769,32.6068000793457
69.91660046577454,32.816490173339844
69.93928241729736,32.86343002319336
69.96102976799011,32.991668701171875
69.98341917991638,32.986541748046875
70.00908875465393,33.18416213989258
70.02764296531677,31.750247955322266
70.04600524902344,31.562850952148438
70.0645043849945,31.453521728515625
70.08309006690979,31.45180892944336
70.1018979549408,31.73714828491211
70.12034749984741,31.472747802734375
70.13890409469604,31.69947052001953
70.15821170806885,31.798912048339844
70.17652153968811,31.245620727539062
70.19453024864197,30.834659576416016
70.2127673625946,30.798728942871094
70.23136878013611,30.692153930664062
70.2504210472107,30.99868392944336
70.26933145523071,31.00506591796875
70.28697204589844,30.750823974609375
70.30520629882812,30.99481201171875
70.32346963882446,31.243270874023438
70.34144496917725,31.371280670166016
70.35946869850159,31.48400115966797
70.37724947929382,31.48639678955078
70.39605760574341,30.790836334228516
70.41438102722168,30.793556213378906
70.43367743492126,30.931903839111328
70.45248746871948,31.286174774169922
70.47255969047546,31.13321304321289
70.4908435344696,30.972984313964844
70.50837135314941,31.143585205078125
70.52677774429321,31.216976165771484
70.54437518119812,31.454647064208984
70.56251955032349,31.451351165771484
70.58002400398254,31.18706512451172
70.59894323348999,31.539474487304688
70.61749148368835,31.403366088867188
70.63557744026184,31.69287872314453
70.65431761741638,31.04098129272461
70.67239379882812,30.36185073852539
70.69068503379822,30.563716888427734
70.70813393592834,30.399036407470703
70.7265374660492,30.389068603515625
70.7447669506073,30.614212036132812
70.76247835159302,30.721675872802734
70.78030204772949,30.864551544189453
70.7982988357544,30.822471618652344
70.81594395637512,30.72405242919922
70.8336672782898,30.809768676757812
70.85229587554932,30.94219970703125
70.86988186836243,30.218387603759766
70.88796520233154,30.138916015625
70.9058747291565,29.856342315673828
70.92384815216064,30.026058197021484
70.94233798980713,30.38373565673828
70.96100091934204,30.28852081298828
70.98142051696777,29.915523529052734
70.9995698928833,29.86529541015625
71.01711106300354,29.986732482910156
71.03466415405273,30.090709686279297
71.05270552635193,30.312484741210938
71.06999135017395,30.08004379272461
71.08892798423767,30.113479614257812
71.10726165771484,29.9296875
71.1254072189331,30.175460815429688
71.1434473991394,30.1422119140625
71.16141629219055,30.060386657714844
71.17979526519775,30.18154525756836
71.19812417030334,30.545482635498047
71.2161774635315,30.721805572509766
71.23378419876099,30.59713363647461
71.25134634971619,30.65125274658203
71.26917552947998,30.87554168701172
71.2875394821167,30.665130615234375
71.30525326728821,30.753448486328125
71.32320833206177,30.87166976928711
71.34168553352356,30.768089294433594
71.36009073257446,30.969676971435547
71.37831521034241,30.680747985839844
71.39603900909424,31.05016326904297
71.41413569450378,30.877811431884766
71.43261313438416,30.781455993652344
71.4511206150055,31.124217987060547
71.4688937664032,31.03594970703125
71.48715853691101,31.11343765258789
71.50530648231506,31.091014862060547
71.52284812927246,30.955673217773438
71.54140615463257,31.150711059570312
71.55930781364441,30.983966827392578
71.5777759552002,30.980525970458984
71.5956621170044,31.026023864746094
71.6132276058197,31.35690689086914
71.63146471977234,31.64935302734375
71.64959216117859,31.773666381835938
71.66740608215332,31.440898895263672
71.68548774719238,31.531036376953125
71.7031717300415,31.188949584960938
71.72084927558899,31.441654205322266
71.73887872695923,31.49970245361328
71.75686430931091,31.564529418945312
71.77634644508362,31.264568328857422
71.79429745674133,31.331241607666016
71.8124692440033,31.596458435058594
71.83114242553711,31.638832092285156
71.84953951835632,31.619930267333984
71.8680944442749,31.471920013427734
71.88599753379822,31.712589263916016
71.90926051139832,32.00542068481445
71.92962408065796,31.84967041015625
71.95052576065063,31.862041473388672
71.97168326377869,31.875545501708984
71.99266648292542,31.91708755493164
72.01445746421814,31.62472915649414
72.03438472747803,31.705245971679688
72.05503511428833,31.70681381225586
72.07626366615295,31.563621520996094
72.09595084190369,31.868606567382812
72.11916041374207,31.529388427734375
72.14071345329285,31.449779510498047
72.15974831581116,31.394664764404297
72.18139338493347,31.495258331298828
72.20103001594543,31.760547637939453
72.22098278999329,31.950599670410156
72.24179339408875,31.85610580444336
72.26339340209961,31.796321868896484
72.28611540794373,31.838687896728516
72.30678296089172,31.926376342773438
72.32866835594177,32.09821701049805
72.35209465026855,31.736103057861328
72.37436437606812,31.25103759765625
72.39423966407776,31.146564483642578
72.41406798362732,31.002513885498047
72.43503451347351,31.198421478271484
72.45594143867493,31.41368865966797
72.48007345199585,31.572406768798828
72.50134801864624,31.021785736083984
72.52109265327454,31.17772674560547
72.54106831550598,30.907623291015625
72.56164050102234,31.262527465820312
72.58338117599487,31.349559783935547
72.60336875915527,31.431312561035156
72.62459135055542,31.156982421875
72.64469242095947,31.470230102539062
72.66382622718811,31.405616760253906
72.68442177772522,31.306964874267578
72.70519781112671,31.267005920410156
72.72511506080627,31.71135711669922
72.74690175056458,31.566970825195312
72.76951885223389,31.483200073242188
72.79155611991882,31.501876831054688
72.81123638153076,31.604129791259766
72.83021569252014,31.538162231445312
72.85084533691406,31.412006378173828
72.8715615272522,31.73125457763672
72.89273977279663,32.015804290771484
72.91653108596802,31.97101593017578
72.93629240989685,31.87773895263672
72.95714068412781,32.08437728881836
72.97991418838501,32.28913116455078
73.00184893608093,32.214046478271484
73.0231077671051,32.124114990234375
73.04342460632324,32.06204605102539
73.06356239318848,31.9493408203125
73.0837893486023,32.013607025146484
73.1052131652832,32.331993103027344
73.12746620178223,32.601863861083984
73.14764046669006,32.1356086730957
73.16749429702759,31.463008880615234
73.18848419189453,31.413177490234375
73.21000957489014,31.67132568359375
73.23184967041016,31.878402709960938
73.25322151184082,31.958648681640625
73.27402377128601,32.08296203613281
73.29475808143616,32.07624435424805
73.31435251235962,31.827808380126953
73.33503890037537,31.852821350097656
73.3575656414032,32.20511245727539
73.38158583641052,32.408260345458984
73.40444159507751,31.47711944580078
73.42637300491333,31.033843994140625
73.44623279571533,31.00359344482422
73.46615099906921,30.97759246826172
73.487557888031,30.663177490234375
73.51074266433716,30.795856475830078
73.53250861167908,30.685226440429688
73.55309224128723,30.903480529785156
73.57407522201538,30.293968200683594
73.5956506729126,30.003814697265625
73.61665678024292,29.813430786132812
73.63831233978271,30.038692474365234
73.65894675254822,30.146751403808594
73.67890691757202,30.327171325683594
73.69849896430969,30.360321044921875
73.71938586235046,30.16381072998047
73.73961424827576,30.11084747314453
73.76104283332825,30.21975326538086
73.78253030776978,30.164905548095703
73.80309700965881,30.1756591796875
73.82415461540222,30.121410369873047
73.84667801856995,29.457313537597656
73.86692357063293,29.114727020263672
73.88864755630493,28.784385681152344
73.90871477127075,28.720611572265625
73.92943525314331,29.03252410888672
73.94963812828064,28.970375061035156
73.97230553627014,29.10495376586914
73.99411725997925,28.99683380126953
74.01590418815613,29.102123260498047
74.03829002380371,29.274520874023438
74.05837154388428,29.05095672607422
74.08188557624817,28.97704315185547
74.10179829597473,28.907459259033203
74.12236166000366,29.20914077758789
74.1442334651947,29.068965911865234
74.16506767272949,29.203754425048828
74.18695592880249,29.042652130126953
74.20816802978516,29.04253387451172
74.22932410240173,28.988075256347656
74.25105047225952,28.908767700195312
74.27261900901794,28.960750579833984
74.29294800758362,29.237449645996094
74.31416749954224,29.032325744628906
74.3338713645935,29.03066635131836
74.35421538352966,28.97258758544922
74.37510275840759,29.19260025024414
74.39568424224854,29.231578826904297
74.41615772247314,29.411903381347656
74.43898892402649,29.557140350341797
74.45878148078918,29.494739532470703
74.47911357879639,29.232627868652344
74.5005042552948,29.513534545898438
74.52118492126465,29.135536193847656
74.54208660125732,29.14043426513672
74.56333017349243,29.35417938232422
74.58347010612488,29.601512908935547
74.60503625869751,29.803470611572266
74.62605261802673,29.559890747070312
74.64603114128113,29.648818969726562
74.66734266281128,29.424236297607422
74.68941760063171,29.345809936523438
74.70864033699036,29.30331802368164
74.7296531200409,29.65563201904297
74.7511260509491,29.472782135009766
74.77052855491638,29.677040100097656
74.79098629951477,29.291358947753906
74.81026124954224,29.24591064453125
74.82959294319153,29.264930725097656
74.85113620758057,29.374568939208984
74.87323999404907,29.379730224609375
74.89429497718811,29.274429321289062
74.91685914993286,29.44997787475586
74.94144344329834,29.419288635253906
74.96771740913391,29.59158706665039
74.99094104766846,29.66352081298828
75.01755046844482,29.526866912841797
75.04198336601257,29.64688491821289
75.06686568260193,29.799270629882812
75.09092974662781,29.73147201538086
75.11429953575134,29.699047088623047
75.1379702091217,30.009845733642578
75.16196274757385,30.15096664428711
75.18704652786255,29.959789276123047
75.21390080451965,29.80758285522461
75.23978185653687,29.514400482177734
75.26433944702148,29.79180908203125
75.28830862045288,29.927459716796875
75.31402254104614,30.00323486328125
75.33724451065063,29.870494842529297
75.36065769195557,30.031055450439453
75.38555979728699,30.09210205078125
75.41058158874512,30.231433868408203
75.43552899360657,30.428020477294922
75.4573585987091,30.31976318359375
75.48434948921204,29.913211822509766
75.50728154182434,30.080791473388672
75.53403902053833,30.113250732421875
75.56453466415405,30.21485137939453
75.58765769004822,29.82354736328125
75.61111569404602,29.38686752319336
75.63697719573975,29.54037857055664
75.66046380996704,29.767425537109375
75.6855480670929,29.742225646972656
75.71117663383484,29.776966094970703
75.73987865447998,29.380687713623047
75.76586246490479,29.74264907836914
75.79099225997925,30.196754455566406
75.81714916229248,30.190521240234375
75.84480690956116,30.260311126708984
75.8716995716095,30.161785125732422
75.89638710021973,30.135761260986328
75.92354440689087,29.931812286376953
75.94978427886963,29.942752838134766
75.97667121887207,29.877338409423828
76.00109052658081,29.992027282714844
76.0242748260498,30.04770278930664
76.05006217956543,30.171146392822266
76.07631659507751,30.229019165039062
76.1040723323822,30.125675201416016
76.13104319572449,30.085556030273438
76.15813112258911,30.26654815673828
76.18495416641235,30.218978881835938
76.2111463546753,29.59402084350586
76.24073767662048,29.917293548583984
76.26722955703735,29.809734344482422
76.29186820983887,29.996109008789062
76.31921148300171,30.0386962890625
76.34664297103882,30.094120025634766
76.37231612205505,30.23798370361328
76.40076398849487,30.009571075439453
76.42649912834167,29.96155548095703
76.45325231552124,30.290462493896484
76.48159980773926,30.224124908447266
76.50781011581421,30.245819091796875
76.53364729881287,30.53713607788086
76.55953025817871,30.822704315185547
76.58553075790405,30.369369506835938
76.61096000671387,29.744342803955078
76.63768100738525,29.75090789794922
76.66706943511963,29.61679458618164
76.69160175323486,29.622756958007812
76.71619629859924,29.311492919921875
76.74254417419434,29.619792938232422
76.76684069633484,29.68655776977539
76.79236459732056,29.53527069091797
76.8191306591034,29.49327850341797
76.84825205802917,29.237918853759766
76.87489199638367,29.38957977294922
76.90146780014038,29.754756927490234
76.92484641075134,29.7259521484375
76.95129132270813,29.77838134765625
76.97930574417114,30.025466918945312
77.00389623641968,29.805400848388672
77.02925896644592,30.124313354492188
77.05421781539917,29.887657165527344
77.08298707008362,30.28243637084961
77.10859394073486,30.31344223022461
77.13281083106995,30.24323272705078
77.15819644927979,30.29631805419922
77.18272018432617,30.409332275390625
77.2097475528717,30.507522583007812
77.23608803749084,30.452632904052734
77.26010084152222,30.521568298339844
77.28427696228027,30.789840698242188
77.30997252464294,30.016563415527344
77.33642935752869,29.378738403320312
77.36017394065857,29.451953887939453
77.38455867767334,29.019336700439453
77.40785074234009,29.385540008544922
77.43099069595337,29.333599090576172
77.45601868629456,29.46572494506836
77.48079633712769,29.435649871826172
77.50570273399353,29.543701171875
77.53164148330688,29.487255096435547
77.55606460571289,29.716262817382812
77.58395910263062,29.8824462890625
77.61216831207275,29.761699676513672
77.63774347305298,29.96173858642578
77.66370606422424,30.06448745727539
77.68723487854004,30.12149429321289
77.71359634399414,30.342418670654297
77.73881220817566,30.430408477783203
77.76496601104736,30.353931427001953
77.7928717136383,30.445228576660156
77.81885862350464,30.432201385498047
77.84418249130249,29.388286590576172
77.86759567260742,29.351181030273438
77.89348983764648,28.784286499023438
77.9180314540863,29.009075164794922
77.94447326660156,28.995174407958984
77.96936774253845,28.923076629638672
77.99438977241516,28.836009979248047
78.01831483840942,28.65350341796875
78.04185247421265,28.798870086669922
78.0656623840332,28.637924194335938
78.09122562408447,28.74419403076172
78.11774349212646,28.803077697753906
78.14509177207947,28.92919921875
78.17104578018188,28.7314453125
78.19490170478821,28.591262817382812
78.2195177078247,28.70053482055664
78.24636340141296,28.787822723388672
78.2693943977356,28.80624771118164
78.2954683303833,29.166683197021484
78.32206273078918,28.953533172607422
78.34625029563904,29.308063507080078
78.36925911903381,29.026592254638672
78.39416480064392,28.941478729248047
78.41630744934082,28.178070068359375
78.43947696685791,28.40926742553711
78.46678686141968,28.261978149414062
78.49260544776917,27.833232879638672
78.51836013793945,27.804981231689453
78.54085350036621,27.910846710205078
78.56440210342407,27.96820068359375
78.59102535247803,27.801361083984375
78.6144118309021,27.768936157226562
78.63735866546631,27.961265563964844
78.66218280792236,28.13519287109375
78.68577432632446,28.291526794433594
78.71091365814209,28.016075134277344
78.73443675041199,28.327816009521484
78.75786328315735,28.474040985107422
78.78262209892273,28.431602478027344
78.80515503883362,28.250083923339844
78.83032774925232,28.484172821044922
78.85588049888611,28.45069122314453
78.88091397285461,28.14191436767578
78.9039158821106,28.32006072998047
78.92903995513916,28.451416015625
78.95744347572327,28.70061492919922
78.98249173164368,28.786060333251953
79.00787901878357,28.793521881103516
79.03580403327942,29.279808044433594
79.06089544296265,28.574432373046875
79.08559775352478,28.62268829345703
79.1100525856018,28.8948974609375
79.13478398323059,28.98067855834961
79.15696978569031,28.31692123413086
79.18022656440735,28.402179718017578
79.20260834693909,28.498775482177734
79.22609186172485,28.530174255371094
79.24827289581299,28.63150405883789
79.27134776115417,28.849445343017578
79.29372954368591,28.659828186035156
79.3191545009613,28.77825927734375
79.34112691879272,28.09986114501953
79.36440300941467,27.93193817138672
79.38663220405579,28.20016860961914
79.41053032875061,28.245773315429688
79.43452167510986,28.172203063964844
79.45640015602112,28.266094207763672
79.47764158248901,28.09534454345703
79.5021436214447,28.206096649169922
79.52804946899414,28.375926971435547
79.55143666267395,27.996578216552734
79.57234072685242,28.035430908203125
79.59572744369507,28.067825317382812
79.6181378364563,28.23529052734375
79.64376163482666,28.059890747070312
79.6698100566864,28.231151580810547
79.6922333240509,28.346019744873047
79.71708798408508,28.30105972290039
79.73899745941162,28.44420623779297
79.76171827316284,28.170635223388672
79.78532695770264,28.2139892578125
79.80894470214844,28.506591796875
79.83195161819458,28.508026123046875
79.85572671890259,28.63412094116211
79.87840485572815,28.59427261352539
79.90155243873596,28.649974822998047
79.92376399040222,28.57681655883789
79.94577813148499,28.626220703125
79.97030997276306,28.497642517089844
79.9929940700531,28.602527618408203
80.01654815673828,28.561420440673828
80.039621591568,28.27465057373047
80.06045818328857,28.434879302978516
80.0827693939209,28.656909942626953
80.10622763633728,28.771102905273438
80.13053703308105,28.712482452392578
80.1549232006073,28.60495376586914
80.17909288406372,28.737682342529297
80.20051646232605,28.622276306152344
80.2236053943634,28.418811798095703
80.24590420722961,28.432292938232422
80.26828026771545,28.495269775390625
80.29168581962585,28.443588256835938
80.31593298912048,28.354167938232422
80.33808827400208,28.710132598876953
80.36168456077576,28.918731689453125
80.3838095664978,28.67864990234375
80.40568399429321,28.59380340576172
80.42614984512329,28.80396270751953
80.45023369789124,28.669158935546875
80.472647190094,28.680362701416016
80.49458980560303,28.973308563232422
80.51512122154236,28.81633758544922
80.53746509552002,28.815025329589844
80.56132769584656,28.631855010986328
80.5837049484253,28.94894027709961
80.60456418991089,28.78528594970703
80.62639260292053,29.10832977294922
80.6477370262146,29.187015533447266
80.67053961753845,29.13827896118164
80.69137763977051,28.622066497802734
80.71345591545105,28.573726654052734
80.73302745819092,28.809978485107422
80.7536678314209,29.06732940673828
80.77278327941895,28.93014907836914
80.79453182220459,29.01485824584961
80.81547117233276,28.84368896484375
80.83639931678772,28.925682067871094
80.85732126235962,28.73322296142578
80.8827395439148,28.829559326171875
80.90526294708252,28.943336486816406
80.92643809318542,29.051895141601562
80.94625759124756,29.247512817382812
80.96689653396606,29.10843276977539
80.98827481269836,28.985652923583984
81.0122480392456,28.955524444580078
81.03588557243347,29.087200164794922
81.05595397949219,29.112422943115234
81.07633829116821,29.12975311279297
81.10051846504211,29.280467987060547
81.12244248390198,29.144683837890625
81.14587235450745,29.36517333984375
81.16704964637756,29.52387237548828
81.18877506256104,29.269695281982422
81.21052646636963,28.974029541015625
81.23442125320435,29.18276596069336
81.25688314437866,29.04711151123047
81.2801833152771,29.03583526611328
81.30195450782776,29.367103576660156
81.32340621948242,29.485801696777344
81.34485912322998,29.454360961914062
81.3661515712738,29.492366790771484
81.38808631896973,29.389446258544922
81.41132521629333,29.485031127929688
81.43279671669006,29.606719970703125
81.45541191101074,29.402202606201172
81.47813987731934,29.245014190673828
81.50170016288757,29.520824432373047
81.52694582939148,29.63825225830078
81.54971599578857,29.691890716552734
81.57169508934021,29.481891632080078
81.59404921531677,29.653934478759766
81.61611795425415,29.729469299316406
81.63864398002625,29.704925537109375
81.66300177574158,29.510982513427734
81.6876928806305,29.65814971923828
81.70909976959229,29.471023559570312
81.7320716381073,29.494361877441406
81.75369191169739,29.891937255859375
81.77536678314209,29.86355972290039
81.79844617843628,29.887409210205078
81.82062411308289,29.972530364990234
81.84312558174133,29.652145385742188
81.8657124042511,29.728370666503906
81.89021396636963,30.018505096435547
81.91263246536255,30.068355560302734
81.93548035621643,30.157791137695312
81.9574089050293,29.975814819335938
81.98355221748352,29.860103607177734
82.00466918945312,29.280868530273438
82.02634310722351,29.413284301757812
82.047536611557,29.430130004882812
82.06799483299255,29.403030395507812
82.09019875526428,29.073875427246094
82.11389780044556,29.619937896728516
82.13828349113464,29.70477294921875
82.16047310829163,29.648677825927734
82.1836154460907,29.794105529785156
82.209401845932,29.985164642333984
82.2319164276123,29.649715423583984
82.25479102134705,30.039947509765625
82.27684712409973,30.104331970214844
82.29987001419067,30.01336669921875
82.32424139976501,30.18755340576172
82.34739589691162,30.118091583251953
82.37353157997131,29.96099090576172
82.39594459533691,29.686813354492188
82.41691493988037,29.544231414794922
82.43709015846252,29.896160125732422
82.4573347568512,29.90399169921875
82.47716975212097,29.5509033203125
82.49768090248108,29.522781372070312
82.51671600341797,29.471485137939453
82.53638529777527,29.754558563232422
82.55558204650879,29.806575775146484
82.57609605789185,29.884029388427734
82.59720969200134,29.925518035888672
82.61638760566711,29.806827545166016
82.63606977462769,29.841228485107422
82.65581607818604,29.923961639404297
82.67636919021606,30.331165313720703
82.69611477851868,30.318340301513672
82.71604084968567,30.52791976928711
82.73645377159119,30.39301300048828
82.75759029388428,30.560874938964844
82.7776198387146,30.429256439208984
82.79793095588684,30.46137237548828
82.8179497718811,30.430011749267578
82.83900165557861,30.691761016845703
82.858891248703,30.647258758544922
82.87990665435791,29.942398071289062
82.90183329582214,30.051013946533203
82.92259621620178,29.9530029296875
82.94430828094482,29.618919372558594
82.96450185775757,29.824275970458984
82.98491096496582,30.219566345214844
83.00398063659668,30.422855377197266
83.02351975440979,30.161331176757812
83.0433566570282,29.972240447998047
83.06326389312744,30.171367645263672
83.08325910568237,30.184085845947266
83.10473132133484,30.34018325805664
83.12871527671814,30.373226165771484
83.1529450416565,30.12833023071289
83.17453742027283,30.060588836669922
83.19615387916565,30.060523986816406
83.22107672691345,29.814315795898438
83.24655723571777,29.977237701416016
83.2685317993164,30.090011596679688
83.29208421707153,30.000446319580078
83.31715416908264,30.4764404296875
83.34082007408142,30.153900146484375
83.36452198028564,30.259246826171875
83.39045643806458,30.26382827758789
83.41330051422119,30.25939178466797
83.43617129325867,30.171646118164062
83.45937585830688,30.348419189453125
83.48181796073914,30.197803497314453
83.5055205821991,30.095905303955078
83.52816891670227,29.817562103271484
83.5536048412323,30.09734344482422
83.57702708244324,30.472095489501953
83.60077834129333,30.33444595336914
83.62455344200134,29.815593719482422
83.64675712585449,30.262409210205078
83.66839933395386,30.126514434814453
83.69227814674377,30.170795440673828
83.71583080291748,30.242843627929688
83.73972463607788,30.02515411376953
83.76116585731506,30.237476348876953
83.78607082366943,29.98708724975586
83.81087899208069,30.22134017944336
83.83331990242004,30.241302490234375
83.85694456100464,30.194229125976562
83.87956523895264,30.10915756225586
83.90165877342224,29.887832641601562
83.92460489273071,29.80264663696289
83.94799447059631,30.063926696777344
83.97045636177063,29.907981872558594
83.99349236488342,29.827438354492188
84.01488447189331,30.014896392822266
84.03646397590637,29.982772827148438
84.06159138679504,30.12750244140625
84.08474731445312,30.354888916015625
84.10689854621887,30.46017837524414
84.12928581237793,30.359867095947266
84.15233707427979,30.526657104492188
84.17350769042969,30.457569122314453
84.19569253921509,30.467876434326172
84.21931171417236,30.559226989746094
84.24229383468628,30.77899932861328
84.2673020362854,30.85980987548828
84.28972578048706,30.751834869384766
84.31206965446472,30.742000579833984
84.33512854576111,30.653884887695312
84.36054563522339,30.616519927978516
84.38289380073547,30.829368591308594
84.40717720985413,31.155773162841797
84.42845392227173,31.11124038696289
84.4526138305664,30.87326431274414
84.47628164291382,30.256725311279297
84.50136113166809,30.422618865966797
84.52959513664246,30.23369598388672
84.55358672142029,30.284351348876953
84.57660174369812,30.616039276123047
84.59975242614746,30.291481018066406
84.62227988243103,30.351585388183594
84.6441388130188,30.377246856689453
84.66732573509216,30.53504180908203
84.69036388397217,30.555843353271484
84.7135603427887,30.627239227294922
84.73696494102478,30.669387817382812
84.75886917114258,30.429080963134766
84.78366780281067,30.559497833251953
84.80744576454163,30.517906188964844
84.82951045036316,30.42837142944336
84.85283660888672,30.609638214111328
84.87583041191101,30.469253540039062
84.89972257614136,30.55834197998047
84.92193222045898,30.727149963378906
84.94476699829102,30.870235443115234
84.96985149383545,30.704936981201172
84.99321699142456,30.48360824584961
85.01821851730347,30.393932342529297
85.04087996482849,30.365543365478516
85.06187176704407,30.499340057373047
85.08842444419861,30.64183807373047
85.11153650283813,30.42395782470703
85.13457489013672,30.645706176757812
85.15710854530334,30.487415313720703
85.17926359176636,30.572433471679688
85.20190596580505,30.381481170654297
85.22513389587402,30.369335174560547
85.2505943775177,30.737873077392578
85.27403712272644,30.804615020751953
85.2994818687439,30.575904846191406
85.32172846794128,30.487499237060547
85.34396696090698,30.5709228515625
85.36593103408813,30.72085952758789
85.38835525512695,31.09917449951172
85.40921545028687,31.073204040527344
85.43040776252747,31.031524658203125
85.45380544662476,31.05518341064453
85.47746014595032,31.203723907470703
85.50138020515442,31.108966827392578
85.52523732185364,31.387245178222656
85.5480945110321,31.4710693359375
85.5715720653534,31.32558822631836
85.59378123283386,31.31011199951172
85.61604380607605,31.285472869873047
85.63969945907593,31.107421875
85.66427707672119,31.127704620361328
85.6881275177002,31.101226806640625
85.7103500366211,30.47924041748047
85.7344298362732,29.92104721069336
85.75854134559631,29.985801696777344
85.78251934051514,29.659500122070312
85.80849528312683,29.495746612548828
85.83008098602295,29.629413604736328
85.85402941703796,29.77432632446289
85.87895274162292,29.664188385009766
85.90224409103394,29.881916046142578
85.92576384544373,29.84048843383789
85.94854831695557,29.81661605834961
85.97168183326721,29.785083770751953
85.99513792991638,29.971168518066406
86.01890254020691,29.73067855834961
86.04261350631714,29.643138885498047
86.06638503074646,29.447147369384766
86.09092235565186,29.892234802246094
86.11449480056763,29.947765350341797
86.1375823020935,29.71912384033203
86.16161561012268,29.825180053710938
86.1841812133789,29.86166000366211
86.20793080329895,29.794376373291016
86.23027610778809,29.783016204833984
86.25357103347778,29.829429626464844
86.2782883644104,30.159358978271484
86.30153036117554,30.397789001464844
86.32500529289246,29.879539489746094
86.34896922111511,30.10403060913086
86.37194085121155,30.263961791992188
86.39405989646912,29.97838592529297
86.41685199737549,30.051254272460938
86.4385097026825,29.830337524414062
86.46037220954895,29.941410064697266
86.48531317710876,30.05545425415039
86.50800204277039,30.147533416748047
86.53058886528015,30.090190887451172
86.55386543273926,29.626758575439453
86.57524943351746,29.221923828125
86.59985160827637,29.252456665039062
86.6223874092102,29.15093231201172
86.6454541683197,29.269371032714844
86.66560292243958,29.487049102783203
86.6892306804657,29.309608459472656
86.71327519416809,29.572216033935547
86.73535752296448,29.289199829101562
86.75986289978027,29.616344451904297
86.78611469268799,29.433353424072266
86.81046319007874,29.570491790771484
86.83353281021118,28.980316162109375
86.85906839370728,29.088455200195312
86.88400673866272,29.6170654296875
86.90873265266418,29.66225814819336
86.93111109733582,29.581157684326172
86.95277881622314,29.590373992919922
86.97621273994446,29.182037353515625
87.00108242034912,29.219905853271484
87.02545118331909,29.383636474609375
87.04928827285767,29.59508514404297
87.07316088676453,29.38479232788086
87.09693193435669,29.478092193603516
87.12095952033997,29.34537124633789
87.14543604850769,29.20077133178711
87.1676766872406,29.340240478515625
87.18980717658997,29.50094223022461
87.21249890327454,29.296138763427734
87.2345175743103,29.274372100830078
87.25932621955872,29.413639068603516
87.28065776824951,29.392444610595703
87.30438041687012,29.223899841308594
87.32772302627563,29.115238189697266
87.34926462173462,29.2845458984375
87.37161707878113,29.30609130859375
87.39444613456726,29.287071228027344
87.41726756095886,29.515968322753906
87.43792796134949,29.766246795654297
87.46145153045654,29.666748046875
87.48382520675659,29.530712127685547
87.50780296325684,29.680667877197266
87.53187012672424,29.69788360595703
87.55508732795715,29.40264129638672
87.57809400558472,29.379230499267578
87.5982654094696,29.50210189819336
87.6214587688446,29.44365692138672
87.64937019348145,29.432289123535156
87.67264103889465,29.175186157226562
87.6926589012146,29.598201751708984
87.71408152580261,29.43552017211914
87.73645567893982,29.399723052978516
87.75859117507935,29.407196044921875
87.78055167198181,29.347026824951172
87.80106353759766,29.471744537353516
87.8221435546875,29.612648010253906
87.84464812278748,29.4842529296875
87.86752247810364,29.667442321777344
87.89274406433105,29.457916259765625
87.9182014465332,29.43299102783203
87.93954157829285,29.614501953125
87.96253490447998,29.753562927246094
87.98415327072144,29.869869232177734
88.0058434009552,29.6602783203125
88.0284309387207,29.57177734375
88.05166745185852,29.36540985107422
88.0712399482727,29.446929931640625
88.09236001968384,29.65671157836914
88.11485147476196,29.791229248046875
88.13840413093567,29.50965118408203
88.16116452217102,29.747535705566406
88.18533396720886,29.378910064697266
88.20942974090576,29.518192291259766
88.23353600502014,29.743118286132812
88.25583720207214,29.774185180664062
88.2778468132019,29.609146118164062
88.30092573165894,29.600536346435547
88.32470297813416,29.82117462158203
88.34768915176392,30.236175537109375
88.37412071228027,30.043750762939453
88.39533734321594,29.882591247558594
88.41714644432068,30.292743682861328
88.43850445747375,29.681575775146484
88.46007037162781,30.08450698852539
88.48272562026978,30.163593292236328
88.50697708129883,30.17426300048828
88.53009700775146,29.885643005371094
88.55351686477661,29.982078552246094
88.57470679283142,29.823001861572266
88.59858822822571,29.90613555908203
88.62166357040405,30.053939819335938
88.6456401348114,29.975494384765625
88.66877317428589,29.861209869384766
88.69122648239136,29.947139739990234
88.71433424949646,30.195812225341797
88.73855948448181,30.330093383789062
88.76152443885803,30.098220825195312
88.78405404090881,30.354022979736328
88.80746245384216,30.378582000732422
88.82989001274109,30.23955535888672
88.85310888290405,30.20909881591797
88.87492775917053,30.257972717285156
88.89765548706055,30.545482635498047
88.91941690444946,30.654090881347656
88.94297742843628,30.33228302001953
88.96897768974304,30.477733612060547
88.99269080162048,30.754497528076172
89.01577162742615,30.83053207397461
89.03755736351013,30.70861053466797
89.06063032150269,30.918914794921875
89.08234190940857,30.42764663696289
89.10712909698486,30.073711395263672
89.13324284553528,30.10169219970703
89.15655326843262,29.97719955444336
89.18079900741577,30.069278717041016
89.20340371131897,30.10669708251953
89.2245659828186,29.686649322509766
89.24836015701294,29.798797607421875
89.27150869369507,29.88079833984375
89.29406905174255,29.920753479003906
89.31863808631897,30.062938690185547
89.34160852432251,30.365585327148438
89.36373090744019,30.337753295898438
89.38737416267395,30.603206634521484
89.41189122200012,30.831985473632812
89.43401217460632,30.87295150756836
89.45670652389526,30.05257797241211
89.48129224777222,29.74062728881836
89.50266766548157,29.716533660888672
89.52479290962219,29.939910888671875
89.54748702049255,29.854267120361328
89.56949949264526,30.055919647216797
89.59087347984314,29.918869018554688
89.61342477798462,29.45758056640625
89.63721871376038,29.032196044921875
89.66065573692322,29.339778900146484
89.68104243278503,28.782222747802734
89.70470428466797,28.940380096435547
89.7272560596466,28.903717041015625
89.7498254776001,29.33145523071289
89.76950550079346,29.37625503540039
89.78985714912415,29.29571533203125
89.8112907409668,29.471302032470703
89.8316638469696,29.194843292236328
89.85521697998047,29.20294189453125
89.87639617919922,29.430320739746094
89.89604949951172,29.128665924072266
89.91870307922363,28.76410675048828
89.94327712059021,28.69902801513672
89.96570873260498,28.83721160888672
89.98679518699646,29.0545654296875
90.0105893611908,28.46975326538086
90.03492140769958,28.739959716796875
90.05738830566406,28.970317840576172
90.08204555511475,29.033855438232422
90.10452723503113,29.114025115966797
90.12820243835449,28.981834411621094
90.15349316596985,29.115562438964844
90.17710757255554,28.94256591796875
90.20095419883728,28.748844146728516
90.22310900688171,28.801429748535156
90.24458026885986,29.017967224121094
90.26745319366455,28.990272521972656
90.28711891174316,28.774707794189453
90.31121850013733,29.079906463623047
90.33355855941772,28.913963317871094
90.35530877113342,28.938751220703125
90.37966251373291,29.028831481933594
90.4056761264801,29.233516693115234
90.42792701721191,29.163543701171875
90.45271182060242,29.426071166992188
90.47458505630493,28.89752197265625
90.49652886390686,29.31580352783203
90.51934170722961,29.136817932128906
90.54234790802002,28.698524475097656
90.56723141670227,28.42169189453125
90.59107208251953,28.268646240234375
90.61395692825317,28.327327728271484
90.6360092163086,28.73834991455078
90.6593337059021,28.689891815185547
90.68359303474426,28.60211181640625
90.70683240890503,28.627883911132812
90.72844076156616,28.574420928955078
90.7488169670105,28.654399871826172
90.76981711387634,28.619354248046875
90.7921552658081,28.865245819091797
90.81440997123718,29.0233154296875
90.83883452415466,29.168743133544922
90.86039161682129,29.006301879882812
90.88035249710083,28.222370147705078
90.90156507492065,28.338050842285156
90.92352271080017,28.311786651611328
90.94651699066162,28.533252716064453
90.96865487098694,28.461090087890625
90.9896502494812,28.459918975830078
91.01122689247131,28.225772857666016
91.03086423873901,28.329273223876953
91.0535237789154,28.310619354248047
91.07371520996094,28.213245391845703
91.09331202507019,27.9622802734375
91.11416459083557,27.519344329833984
91.13495564460754,27.59105682373047
91.15542578697205,26.963584899902344
91.17483901977539,27.13626480102539
91.19521927833557,27.341690063476562
91.21555829048157,27.100261688232422
91.23588728904724,27.247802734375
91.25530123710632,26.995525360107422
91.27442526817322,27.191471099853516
91.29463839530945,27.019805908203125
91.31491327285767,27.176639556884766
91.33570885658264,27.342636108398438
91.35649633407593,27.4376220703125
91.37746071815491,27.60268783569336
91.39759612083435,27.485706329345703
91.41912698745728,27.60034942626953
91.43960189819336,27.395526885986328
91.46039986610413,26.992847442626953
91.48166513442993,27.27088165283203
91.5013837814331,27.490612030029297
91.52296185493469,27.375221252441406
91.54426836967468,27.20086669921875
91.5641655921936,27.587127685546875
91.58415484428406,27.67648696899414
91.60705471038818,27.656631469726562
91.62920832633972,27.383548736572266
91.65088510513306,27.681320190429688
91.67094779014587,27.868698120117188
91.69145822525024,27.48092269897461
91.7124195098877,27.472042083740234
91.734619140625,27.508731842041016
91.7550528049469,27.335067749023438
91.77532982826233,27.221168518066406
91.79481911659241,27.25052261352539
91.81469631195068,27.202152252197266
91.83697080612183,27.41543197631836
91.86174750328064,27.521617889404297
91.88241147994995,27.344058990478516
91.902827501297,27.332077026367188
91.9234983921051,27.224300384521484
91.94478726387024,27.29388427734375
91.96518635749817,27.181678771972656
91.98603057861328,27.381790161132812
92.00657224655151,27.206512451171875
92.02705979347229,27.419307708740234
92.04740977287292,27.544654846191406
92.0678243637085,27.521129608154297
92.08752703666687,27.389976501464844
92.10880541801453,27.479785919189453
92.13186287879944,27.506080627441406
92.15335631370544,27.47429656982422
92.1737380027771,27.350540161132812
92.19479751586914,27.407909393310547
92.21569728851318,27.674457550048828
92.23867750167847,27.465789794921875
92.26174211502075,27.475711822509766
92.28232550621033,27.409523010253906
92.30064177513123,27.503646850585938
92.3193633556366,27.277629852294922
92.33766102790833,27.291316986083984
92.35664010047913,27.495975494384766
92.3764488697052,27.667545318603516
92.39580059051514,27.795040130615234
92.41500854492188,27.54810333251953
92.43382930755615,27.47803497314453
92.45229506492615,27.413997650146484
92.47198152542114,27.629051208496094
92.49106025695801,27.46929931640625
92.51114225387573,27.74770736694336
92.52951955795288,27.54959487915039
92.54770493507385,27.180438995361328
92.5661826133728,27.205055236816406
92.58628249168396,27.023822784423828
92.60448908805847,27.33116912841797
92.62279963493347,27.593887329101562
92.64109015464783,27.39111328125
92.66071724891663,27.45287322998047
92.67943930625916,27.44538116455078
92.6978268623352,27.51911163330078
92.71636462211609,27.524890899658203
92.73499798774719,27.457077026367188
92.75395965576172,27.193885803222656
92.77176904678345,27.302692413330078
92.79060220718384,27.51810073852539
92.80921125411987,27.657764434814453
92.8272807598114,27.77922821044922
92.8458845615387,27.777233123779297
92.865553855896,27.492633819580078
92.8876805305481,27.616256713867188
92.90673279762268,27.756961822509766
92.92753100395203,28.096797943115234
92.94822478294373,27.512413024902344
92.9690043926239,27.546749114990234
92.99005436897278,27.67487335205078
93.01062798500061,27.73681640625
93.03203582763672,27.718769073486328
93.05450391769409,27.811119079589844
93.0745301246643,27.58655548095703
93.09437727928162,27.737003326416016
93.11561942100525,27.787261962890625
93.13361740112305,27.842411041259766
93.15288591384888,27.801071166992188
93.17386364936829,28.144622802734375
93.19547247886658,27.90985870361328
93.21542692184448,28.084278106689453
93.23575639724731,27.718048095703125
93.25450325012207,27.74673843383789
93.27301907539368,27.692256927490234
93.29403185844421,27.920326232910156
93.31545186042786,28.192527770996094
93.33520078659058,28.343860626220703
93.35587954521179,28.419158935546875
93.37665343284607,27.884544372558594
93.39689469337463,28.04278564453125
93.41670322418213,27.99378204345703
93.43699812889099,28.129138946533203
93.4568555355072,28.338062286376953
93.4773998260498,28.39844512939453
93.49734330177307,28.144527435302734
93.51912498474121,28.155948638916016
93.5395336151123,28.456905364990234
93.56212520599365,28.256195068359375
93.58238554000854,28.346302032470703
93.6029224395752,28.02753448486328
93.62388920783997,28.260028839111328
93.64356517791748,27.08138656616211
93.66239190101624,27.050830841064453
93.68118691444397,26.849395751953125
93.70103788375854,26.975666046142578
93.71987390518188,27.34500503540039
93.73947978019714,27.427593231201172
93.75790238380432,27.27956771850586
93.77725768089294,27.330387115478516
93.79629898071289,27.21676254272461
93.81490969657898,27.05673599243164
93.83358216285706,27.09933853149414
93.85366034507751,27.237091064453125
93.87180471420288,27.376354217529297
93.89029717445374,27.299354553222656
93.91120624542236,27.449443817138672
93.93069338798523,27.765186309814453
93.95320701599121,27.61945343017578
93.97243046760559,27.80941390991211
93.99155950546265,27.688297271728516
94.01162433624268,27.883872985839844
94.03029990196228,27.761734008789062
94.05003952980042,27.84687042236328
94.06973218917847,27.704113006591797
94.08805537223816,26.99038314819336
94.10600137710571,27.142539978027344
94.12416934967041,27.2498779296875
94.14236998558044,27.3277587890625
94.16090655326843,27.56884002685547
94.17902708053589,27.606403350830078
94.20077276229858,27.47411346435547
94.21963548660278,26.88912582397461
94.24187111854553,26.87875747680664
94.26245021820068,26.872241973876953
94.28096342086792,26.660781860351562
94.30322432518005,26.542259216308594
94.32170629501343,26.293712615966797
94.34040331840515,26.540401458740234
94.35899090766907,26.681991577148438
94.37901329994202,26.952659606933594
94.39751863479614,26.761516571044922
94.41524243354797,27.066680908203125
94.43409442901611,26.778339385986328
94.45322751998901,26.668346405029297
94.47260427474976,26.864482879638672
94.49214720726013,27.19561004638672
94.51153326034546,26.939453125
94.53147387504578,27.122055053710938
94.5528028011322,27.418296813964844
94.57247257232666,27.23141860961914
94.59460973739624,27.654041290283203
94.6141664981842,27.39168930053711
94.63353967666626,27.281375885009766
94.65355467796326,27.181060791015625
94.67300152778625,27.197399139404297
94.69279932975769,26.982593536376953
94.7127058506012,27.333168029785156
94.73316526412964,27.044124603271484
94.7525622844696,26.743408203125
94.77281498908997,26.545513153076172
94.79165768623352,26.987533569335938
94.81227231025696,27.227035522460938
94.83081388473511,27.235092163085938
94.85048365592957,27.379085540771484
94.86906027793884,27.309917449951172
94.88827443122864,27.13518524169922
94.90662336349487,27.41558074951172
94.92701053619385,27.105770111083984
94.94615960121155,26.755451202392578
94.96472072601318,26.94806671142578
94.98340034484863,27.011531829833984
95.0016188621521,26.730018615722656
95.021413564682,26.879695892333984
95.04069757461548,27.09054946899414
95.05988621711731,27.00286865234375
95.08040261268616,27.01839828491211
95.09961938858032,26.995014190673828
95.11897444725037,26.929546356201172
95.14074087142944,26.915042877197266
95.16176223754883,26.830585479736328
95.1843535900116,27.050540924072266
95.20676517486572,27.004268646240234
95.22740888595581,27.05963134765625
95.24948501586914,26.958789825439453
95.26988196372986,26.976409912109375
95.29234862327576,27.199005126953125
95.31545758247375,27.25931167602539
95.33469295501709,27.105850219726562
95.35553669929504,27.068416595458984
95.37583518028259,27.3868408203125
95.39720916748047,27.52381134033203
95.41804480552673,27.657379150390625
95.43730449676514,27.544391632080078
95.45855140686035,27.528034210205078
95.47812700271606,27.608417510986328
95.49742817878723,27.494159698486328
95.51738262176514,26.831783294677734
95.53775668144226,26.239315032958984
95.55589056015015,26.331886291503906
95.57378220558167,25.503772735595703
95.59166145324707,25.588119506835938
95.60988402366638,25.428985595703125
95.62764477729797,25.60141372680664
95.6464626789093,25.630481719970703
95.66465735435486,25.82825469970703
95.68269419670105,25.863502502441406
95.70105147361755,26.03888702392578
95.72065329551697,26.10906982421875
95.74146342277527,25.11605453491211
95.76306939125061,25.46124267578125
95.78195309638977,25.572059631347656
95.80151796340942,25.59612274169922
95.82240390777588,25.625106811523438
95.84316515922546,25.339183807373047
95.86044526100159,24.844276428222656
95.87782835960388,24.739791870117188
95.89570307731628,24.660587310791016
95.91413474082947,24.800018310546875
95.93236899375916,24.684452056884766
95.95070695877075,25.010822296142578
95.9686541557312,25.06494903564453
95.98716735839844,25.364032745361328
96.00674319267273,24.901592254638672
96.02598643302917,25.19445037841797
96.04438710212708,25.025650024414062
96.06339526176453,24.986629486083984
96.08211731910706,25.118621826171875
96.10056328773499,25.010669708251953
96.11949896812439,25.03917694091797
96.13986110687256,25.15401840209961
96.160076379776,25.05649185180664
96.17866587638855,24.960750579833984
96.19841456413269,25.208049774169922
96.21900200843811,25.332420349121094
96.24010872840881,25.097980499267578
96.26113843917847,25.243675231933594
96.28179502487183,25.17258071899414
96.30128216743469,25.33153533935547
96.31992197036743,25.376277923583984
96.33902359008789,25.60095977783203
96.35970830917358,25.789691925048828
96.37866163253784,25.8148193359375
96.39754056930542,25.796356201171875
96.4179220199585,25.121688842773438
96.43900775909424,24.521888732910156
96.46031665802002,24.61276626586914
96.48094987869263,23.65976333618164
96.50159525871277,23.840206146240234
96.52280521392822,23.678363800048828
96.54360222816467,23.921497344970703
96.56483006477356,24.034442901611328
96.58643555641174,24.030170440673828
96.60789370536804,24.11113739013672
96.62988996505737,24.121479034423828
96.65113401412964,24.418472290039062
96.67235660552979,24.294769287109375
96.69353604316711,24.424522399902344
96.71394491195679,24.582050323486328
96.73314476013184,24.216007232666016
96.75055408477783,23.708358764648438
96.76830244064331,23.898067474365234
96.78620076179504,24.001201629638672
96.80431962013245,23.984031677246094
96.82207417488098,24.076168060302734
96.84010601043701,24.02627182006836
96.85767555236816,24.225006103515625
96.87780690193176,24.15023422241211
96.89687967300415,24.02002716064453
96.91690397262573,24.206405639648438
96.93711233139038,24.5528564453125
96.96097683906555,24.75747299194336
96.98056507110596,24.70412826538086
97.00013089179993,24.465988159179688
97.01965165138245,24.35922622680664
97.03690457344055,23.569133758544922
97.05421090126038,23.42353057861328
97.07166004180908,23.908241271972656
97.08885836601257,23.845355987548828
97.1059684753418,23.82052230834961
97.12315511703491,23.350547790527344
97.14041495323181,23.4818115234375
97.15763998031616,23.765396118164062
97.17510414123535,23.655261993408203
97.19214344024658,23.60417938232422
97.20900058746338,23.151233673095703
97.22589039802551,23.225482940673828
97.24300050735474,23.42388916015625
97.25987577438354,23.298919677734375
97.2771418094635,22.713951110839844
97.29448890686035,22.792816162109375
97.31158971786499,22.95757293701172
97.32870626449585,22.980987548828125
97.34583353996277,23.088153839111328
97.36290311813354,23.213687896728516
97.38013124465942,22.39240264892578
97.39762139320374,22.325031280517578
97.41490530967712,22.392349243164062
97.43237590789795,22.640621185302734
97.44957494735718,22.551979064941406
97.46692132949829,22.48902130126953
97.48421359062195,22.713665008544922
97.50148749351501,22.72793197631836
97.51883554458618,23.027374267578125
97.53598380088806,22.773834228515625
97.55402112007141,22.537006378173828
97.57260990142822,22.50882339477539
97.58994126319885,22.724945068359375
97.60740518569946,22.859920501708984
97.62471342086792,22.69100570678711
97.64185380935669,22.998699188232422
97.6592288017273,22.96316146850586
97.67683601379395,23.211074829101562
97.69498610496521,23.485923767089844
97.71309161186218,23.219985961914062
97.7318856716156,23.183490753173828
97.74968481063843,23.261112213134766
97.76696562767029,22.92591094970703
97.78410339355469,23.109447479248047
97.80121660232544,23.239715576171875
97.81843781471252,22.485488891601562
97.83556294441223,22.372032165527344
97.8534791469574,20.852916717529297
97.87244200706482,21.058284759521484
97.88941884040833,21.227710723876953
97.90678596496582,20.35269546508789
97.92414712905884,20.070796966552734
97.94143223762512,20.402149200439453
97.95863103866577,20.476245880126953
97.97662806510925,20.407573699951172
97.99447131156921,20.49262237548828
98.01266860961914,20.645248413085938
98.03067588806152,20.69121551513672
98.04916763305664,19.88405990600586
98.06707501411438,20.053436279296875
98.08546686172485,20.125354766845703
98.10376358032227,20.435970306396484
98.12196350097656,19.598812103271484
98.13995790481567,18.756771087646484
98.15744805335999,19.043960571289062
98.17518258094788,19.22149658203125
98.19308400154114,19.094810485839844
98.21024370193481,19.246585845947266
98.22686171531677,17.910213470458984
98.24300575256348,18.017757415771484
98.25896692276001,17.964759826660156
98.27480101585388,17.96056365966797
98.29112792015076,18.022361755371094
98.30690503120422,18.051471710205078
98.32269334793091,18.204246520996094
98.33840775489807,18.059661865234375
98.35408973693848,18.19652557373047
98.37080359458923,18.102046966552734
98.38689637184143,18.357166290283203
98.40301084518433,18.377567291259766
98.41912508010864,18.342601776123047
98.43604779243469,18.271224975585938
98.45283579826355,18.27728271484375
98.46978306770325,18.497940063476562
98.48646831512451,18.455097198486328
98.50329113006592,18.410381317138672
98.5203914642334,18.50385284423828
98.53733944892883,18.3541259765625
98.55410814285278,18.355751037597656
98.5707175731659,18.515602111816406
98.58763313293457,18.510387420654297
98.6043028831482,18.53527069091797
98.6214189529419,18.400550842285156
98.63867926597595,18.371707916259766
98.65571141242981,18.23809051513672
98.6721625328064,18.37377166748047
98.68800401687622,18.319271087646484
98.70284700393677,18.38088607788086
98.7176878452301,18.598316192626953
98.73251867294312,18.41614532470703
98.74758195877075,18.405628204345703
98.76244282722473,18.59699249267578
98.77727961540222,18.80768585205078
98.79211783409119,18.658172607421875
98.80697202682495,18.75658416748047
98.8217933177948,18.347225189208984
98.83664584159851,18.31396484375
98.85154128074646,17.467960357666016
98.86637163162231,17.71389389038086
98.88124322891235,16.981319427490234
98.89618277549744,16.870376586914062
98.91103863716125,16.968608856201172
98.92584943771362,16.832862854003906
98.94066882133484,16.91457748413086
98.95551538467407,16.841045379638672
98.97036743164062,16.951007843017578
98.98516798019409,17.00049591064453
98.99995422363281,16.877521514892578
99.01476192474365,17.026302337646484
99.02957582473755,16.777278900146484
99.044442653656,16.849876403808594
99.05929160118103,16.931270599365234
99.07411551475525,16.922584533691406
99.08892321586609,16.915359497070312
99.10377430915833,16.91638946533203
99.11861181259155,16.872970581054688
99.13351368904114,16.94058609008789
99.14839124679565,16.962963104248047
99.16325616836548,16.894344329833984
99.1780936717987,17.152843475341797
99.19297122955322,16.886940002441406
99.2078115940094,16.74860382080078
99.22263240814209,16.953155517578125
99.23745727539062,16.809192657470703
99.25227761268616,16.844844818115234
99.26707243919373,17.019088745117188
99.2819402217865,16.95626449584961
99.29679226875305,16.987152099609375
99.3116204738617,16.784381866455078
99.32645344734192,16.863018035888672
99.34132814407349,16.898780822753906
99.35618042945862,16.919689178466797
99.37096190452576,16.901531219482422
99.38580060005188,16.834056854248047
99.40062022209167,16.833717346191406
99.4154064655304,16.994426727294922
99.43024802207947,16.977806091308594
99.44504070281982,16.866809844970703
99.45985841751099,16.799373626708984
99.47470593452454,16.875213623046875
99.48981928825378,16.737876892089844
99.5046272277832,16.836143493652344
99.51942229270935,16.790977478027344
99.53422784805298,17.011703491210938
99.5489993095398,16.775802612304688
99.5638370513916,16.55579376220703
99.57867693901062,16.74785614013672
99.59386825561523,16.702220916748047
99.60870409011841,16.819904327392578
99.62355542182922,16.87137222290039
99.63840794563293,16.852405548095703
99.65322279930115,16.821861267089844
99.66804790496826,16.646209716796875
99.68285870552063,16.782970428466797
99.69767808914185,16.90841293334961
99.71248936653137,16.856422424316406
99.72729849815369,16.668315887451172
99.74209856987,16.59475326538086
99.75694823265076,16.597816467285156
99.77175164222717,16.851360321044922
99.786612033844,16.604724884033203
99.80145001411438,16.57155990600586
99.8162751197815,16.64392852783203
99.83123731613159,16.588268280029297
99.84606289863586,16.570316314697266
99.86092162132263,16.707462310791016
99.87579989433289,16.782291412353516
99.89066243171692,16.798931121826172
99.90549564361572,16.68614959716797
99.92035436630249,16.643585205078125
99.93517756462097,16.731952667236328
99.9499683380127,16.864013671875
99.96483397483826,16.867420196533203
99.97971844673157,16.755584716796875
99.99454998970032,16.215736389160156
100.00935935974121,16.257312774658203
100.02414584159851,16.14443588256836
100.03894114494324,16.31151580810547
100.05376482009888,16.26824951171875
100.06857824325562,16.273216247558594
100.08338642120361,16.244441986083984
100.09823322296143,16.258312225341797
100.1130440235138,16.344085693359375
100.12788820266724,16.340679168701172
100.14270210266113,16.399459838867188
100.1574923992157,16.368854522705078
100.17231225967407,16.42235565185547
100.18716835975647,16.50277328491211
100.20193147659302,16.533374786376953
100.21681141853333,16.597103118896484
100.2316780090332,16.639976501464844
100.2465307712555,16.675769805908203
100.26135778427124,16.814743041992188
100.27620673179626,16.734352111816406
100.29102826118469,16.624813079833984
100.3058693408966,16.89764404296875
100.32069873809814,17.02570343017578
100.33554887771606,16.936492919921875
100.3503646850586,16.84032440185547
100.36518216133118,17.059600830078125
100.37998819351196,17.00249481201172
100.39479374885559,16.94708251953125
100.40962362289429,16.89889144897461
100.42443251609802,17.027729034423828
100.43924617767334,17.04336166381836
100.45403051376343,16.988697052001953
100.46884179115295,17.07870101928711
100.48371291160583,17.237884521484375
100.49859166145325,17.12279510498047
100.51345205307007,17.11821746826172
100.52826881408691,17.107593536376953
100.54308271408081,17.029346466064453
100.55796527862549,17.088531494140625
100.57281017303467,17.19300079345703
100.58763146400452,16.987884521484375
100.60246920585632,17.070201873779297
100.61735534667969,16.541221618652344
100.63217568397522,16.217288970947266
100.64708709716797,16.132171630859375
100.66204786300659,16.315410614013672
100.67700242996216,16.333728790283203
100.69188618659973,16.453144073486328
100.7067129611969,16.40578842163086
100.72185134887695,16.593223571777344
100.73680186271667,16.671794891357422
100.75165843963623,16.716243743896484
100.76675391197205,16.823299407958984
100.7818124294281,16.693214416503906
100.79683208465576,16.797317504882812
100.8117299079895,16.989639282226562
100.8265769481659,16.483840942382812
100.84143447875977,15.815654754638672
100.85628747940063,15.680099487304688
100.87111067771912,15.219154357910156
100.8859691619873,15.05953598022461
100.90098977088928,14.97177505493164
100.91591739654541,15.087879180908203
100.93074417114258,15.133346557617188
100.94554233551025,15.275550842285156
100.96034264564514,15.189949035644531
100.97516417503357,15.015304565429688
100.98992848396301,15.071670532226562
101.00491905212402,15.082714080810547
101.0199625492096,14.961956024169922
101.03478956222534,15.001399993896484
101.0496072769165,15.18588638305664
101.06439113616943,15.158882141113281
101.0791847705841,15.12405014038086
101.09394264221191,15.24087142944336
101.10876059532166,15.059951782226562
101.12377166748047,15.321937561035156
101.13858461380005,15.264495849609375
101.15340256690979,15.182838439941406
101.16820645332336,14.601337432861328
101.18297982215881,14.54189682006836
101.19775128364563,14.551517486572266
101.21252965927124,13.81207275390625
101.22756147384644,13.824398040771484
101.242347240448,13.974830627441406
101.25713300704956,14.042232513427734
101.27196311950684,13.957515716552734
101.28674912452698,13.908119201660156
101.30153179168701,13.96927261352539
101.3163275718689,13.882537841796875
101.3310878276825,13.828384399414062
101.34588551521301,13.838211059570312
101.36071872711182,13.925045013427734
101.37550926208496,13.920578002929688
101.39029288291931,13.99282455444336
101.40510416030884,13.786972045898438
101.41988730430603,13.82666015625
101.43480849266052,13.799442291259766
101.44963192939758,13.94741439819336
101.46452164649963,14.049545288085938
101.47935557365417,13.877384185791016
101.49420404434204,13.76761245727539
101.50910067558289,13.53780746459961
101.52385926246643,13.216239929199219
101.53866744041443,13.392078399658203
101.55344414710999,13.133285522460938
101.56821250915527,13.182605743408203
101.58299374580383,13.356918334960938
101.59775805473328,13.158145904541016
101.61252570152283,13.225963592529297
101.62739610671997,13.216167449951172
101.64221358299255,13.315265655517578
101.65699791908264,13.20016860961914
101.67181921005249,13.214935302734375
101.68658876419067,13.314292907714844
101.7013692855835,13.22000503540039
101.7161226272583,13.234390258789062
101.73112654685974,13.241409301757812
101.74598240852356,13.318073272705078
101.76076030731201,13.362300872802734
101.77558016777039,13.293750762939453
101.79040145874023,13.42019271850586
101.80520415306091,13.306182861328125
101.82000851631165,13.302982330322266
101.83483648300171,13.357437133789062
101.8496241569519,13.422626495361328
101.8643970489502,13.42010498046875
101.87918329238892,13.417377471923828
101.8940122127533,13.304882049560547
101.90880703926086,13.179557800292969
101.92362594604492,13.1787109375
101.93861746788025,12.939163208007812
101.95385670661926,12.973194122314453
101.96900653839111,13.025917053222656
101.98424124717712,12.956275939941406
101.99946594238281,13.09967041015625
102.01469659805298,13.135265350341797
102.02990579605103,13.061328887939453
102.04535579681396,13.16324234008789
102.0610363483429,13.157196044921875
102.07639956474304,13.075332641601562
102.09165382385254,13.197242736816406
102.10687518119812,13.102298736572266
102.1220772266388,13.087276458740234
102.13737225532532,12.930072784423828
102.15237426757812,13.088314056396484
102.1673583984375,13.085670471191406
102.18235874176025,12.90667724609375
102.19731187820435,12.854366302490234
102.21228837966919,12.941261291503906
102.22722911834717,12.94131851196289
102.24213790893555,12.73779296875
102.25701665878296,12.922565460205078
102.27192640304565,12.899463653564453
102.28702592849731,12.826019287109375
102.3018946647644,12.821170806884766
102.31672644615173,12.902290344238281
102.33155941963196,12.936752319335938
102.3464047908783,12.886539459228516
102.36127781867981,12.645023345947266
102.37609934806824,12.242088317871094
102.39109492301941,12.299125671386719
102.40596580505371,12.380867004394531
102.4208071231842,12.41958236694336
102.43562483787537,12.439659118652344
102.45043182373047,11.755332946777344
102.46526050567627,11.767051696777344
102.48005557060242,11.77749252319336
102.49493408203125,11.856121063232422
102.50974130630493,11.891529083251953
102.52457165718079,11.875556945800781
102.53939270973206,11.924880981445312
102.55432367324829,11.842926025390625
102.56914830207825,11.832313537597656
102.58383131027222,11.802871704101562
102.59845662117004,11.793601989746094
102.61312341690063,11.864410400390625
102.6277334690094,11.887489318847656
102.64233016967773,11.901317596435547
102.65698719024658,11.92490005493164
102.67149448394775,11.916942596435547
102.68604350090027,11.889598846435547
102.70061135292053,11.902259826660156
102.71515941619873,11.887859344482422
102.7298972606659,11.875568389892578
102.7447280883789,11.97454833984375
102.75956583023071,11.978317260742188
102.77437543869019,12.048538208007812
102.78916120529175,12.027790069580078
102.80389451980591,12.037307739257812
102.81866121292114,12.077056884765625
102.83345150947571,12.089134216308594
102.84823751449585,11.45370101928711
102.86300897598267,11.490863800048828
102.8777379989624,11.493888854980469
102.89229106903076,11.441490173339844
102.906898021698,11.438560485839844
102.92170286178589,11.407344818115234
102.9365348815918,11.450927734375
102.95132541656494,11.497947692871094
102.96609473228455,11.592628479003906
102.98096466064453,11.555419921875
102.99572134017944,10.922252655029297
103.0102801322937,10.884998321533203
103.0247950553894,10.884998321533203
103.03941321372986,10.884998321533203
103.05396366119385,10.884998321533203
103.06841707229614,10.884998321533203
103.08284664154053,10.884998321533203
103.09729409217834,10.884998321533203
103.11172270774841,10.885002136230469
103.12615585327148,10.885002136230469
103.1406319141388,10.885002136230469
103.1550600528717,10.810752868652344
103.16962146759033,10.773239135742188
103.18406081199646,10.773239135742188
103.1985170841217,10.773239135742188
103.21293473243713,10.773239135742188
103.2274260520935,10.773239135742188
103.24201011657715,10.773239135742188
103.25657367706299,10.773239135742188
103.2718186378479,10.773239135742188
103.28705406188965,10.773239135742188
103.30233883857727,10.773239135742188
103.31758427619934,10.773239135742188
103.33284211158752,10.773239135742188
103.34809422492981,10.773239135742188
103.3633782863617,10.773239135742188
103.37865447998047,10.726303100585938
103.3938536643982,10.661476135253906
103.40904903411865,10.661476135253906
103.42424774169922,10.661476135253906
103.43943881988525,10.661476135253906
103.45464015007019,10.549739837646484
103.46984505653381,10.549739837646484
103.48526930809021,10.549739837646484
103.50056314468384,10.549739837646484
103.51582145690918,10.549739837646484
103.5310537815094,10.549739837646484
103.54630827903748,10.549739837646484
103.56152820587158,10.549739837646484
103.57677125930786,10.549739837646484
103.5920238494873,10.549739837646484
103.60734272003174,10.437980651855469
103.62262392044067,10.437980651855469
103.63783884048462,10.437980651855469
103.653071641922,10.437980651855469
103.66829538345337,10.437980651855469
103.68356323242188,10.437980651855469
103.6988410949707,10.437980651855469
103.71408319473267,10.437980651855469
103.7293598651886,10.437980651855469
103.7445878982544,10.437980651855469
103.75986409187317,10.437980651855469
103.77511739730835,10.437980651855469
103.79041171073914,10.437980651855469
103.80566120147705,10.437980651855469
103.82088828086853,10.437980651855469
103.8361542224884,10.437980651855469
103.85138940811157,10.437980651855469
103.8665919303894,10.437980651855469
103.88183355331421,10.437980651855469
103.89710712432861,10.437980651855469
103.91238498687744,10.437980651855469
103.92765641212463,10.437980651855469
103.94293665885925,10.437980651855469
103.95834803581238,10.326225280761719
103.97351884841919,10.326225280761719
103.98869824409485,10.326225280761719
104.00397157669067,10.326225280761719
104.01920294761658,10.326225280761719
104.03453493118286,10.326225280761719
104.05005407333374,10.326225280761719
104.06531238555908,10.326225280761719
104.080650806427,10.326225280761719
104.09595131874084,10.326225280761719
104.11128330230713,10.326225280761719
104.12655377388,10.326225280761719
104.1417829990387,10.326225280761719
104.15703105926514,10.326225280761719
104.17226886749268,10.326225280761719
104.18761444091797,10.326225280761719
104.2028706073761,10.326225280761719
104.21807289123535,10.326225280761719
104.23338580131531,10.326225280761719
104.24860787391663,10.326225280761719
104.26386070251465,10.326225280761719
104.27910923957825,10.326225280761719
104.29440498352051,10.326225280761719
104.30961513519287,10.326225280761719
104.32479929924011,10.326225280761719
104.33998370170593,10.326225280761719
104.3552520275116,10.326225280761719
104.37047100067139,10.326225280761719
104.38566565513611,10.326225280761719
104.40088415145874,10.326225280761719
104.41611433029175,10.214466094970703
104.43136429786682,10.214466094970703
104.44660067558289,10.214466094970703
104.46183514595032,10.214466094970703
104.47710680961609,10.214466094970703
104.49229907989502,10.214466094970703
104.50748753547668,10.214466094970703
104.52267837524414,10.214466094970703
104.5378806591034,10.214466094970703
104.55308890342712,10.214466094970703
104.56838464736938,10.214466094970703
104.58362531661987,10.214466094970703
104.59881544113159,10.214466094970703
104.6140820980072,10.214466094970703
104.62933492660522,10.214466094970703
104.64458084106445,10.214466094970703
104.65976881980896,10.214466094970703
104.67499470710754,10.214466094970703
104.69017767906189,10.214466094970703
104.70533585548401,10.214466094970703
104.72056317329407,10.214466094970703
104.73579239845276,10.214466094970703
104.75099635124207,10.214466094970703
104.76620841026306,10.214466094970703
104.78145360946655,10.214466094970703
104.79664087295532,10.214466094970703
104.81181454658508,10.214466094970703
104.82699465751648,10.214466094970703
104.84225249290466,10.102703094482422
104.85752010345459,10.102703094482422
104.8727777004242,10.102703094482422
104.88800120353699,10.102703094482422
104.90324759483337,10.102703094482422
104.91850352287292,9.99094009399414
104.93378353118896,9.99094009399414
104.949138879776,9.99094009399414
104.964426279068,9.99094009399414
104.97960782051086,9.99094009399414
104.99478268623352,9.99094009399414
105.00995945930481,9.99094009399414
105.02520537376404,9.99094009399414
105.04038834571838,9.99094009399414
105.05555582046509,9.99094009399414
105.07078790664673,9.99094009399414
105.0859842300415,9.99094009399414
105.101238489151,9.99094009399414
105.11645817756653,9.99094009399414
105.13162422180176,9.99094009399414
105.14686131477356,9.99094009399414
105.16204857826233,9.99094009399414
105.17729592323303,9.99094009399414
105.19250059127808,9.99094009399414
105.20771193504333,9.99094009399414
105.22288703918457,9.99094009399414
105.23804903030396,9.99094009399414
105.25328731536865,9.99094009399414
105.26851963996887,9.99094009399414
105.28370666503906,9.99094009399414
105.29893255233765,9.99094009399414
105.31412863731384,9.99094009399414
105.32935547828674,9.99094009399414
105.34459185600281,9.99094009399414
105.35982418060303,9.99094009399414
105.37508606910706,9.99094009399414
105.39031887054443,9.99094009399414
105.40554738044739,9.99094009399414
105.42072248458862,9.879188537597656
105.43588519096375,9.879188537597656
105.45103192329407,9.879188537597656
105.46618151664734,9.879188537597656
105.48128509521484,9.879188537597656
105.49641227722168,9.879188537597656
105.51170754432678,9.879188537597656
105.52688717842102,9.879188537597656
105.54208040237427,9.879188537597656
105.55725812911987,9.879188537597656
105.57242202758789,9.879188537597656
105.58763790130615,9.879188537597656
105.60282754898071,9.879188537597656
105.61800289154053,9.879188537597656
105.63317847251892,9.879188537597656
105.64839768409729,9.767433166503906
105.66359806060791,9.767433166503906
105.67877244949341,9.767433166503906
105.69394445419312,9.767433166503906
105.70912194252014,9.767433166503906
105.72431349754333,9.767433166503906
105.73952674865723,9.767433166503906
105.75470662117004,9.767433166503906
105.76989912986755,9.767433166503906
105.78508234024048,9.767433166503906
105.80028486251831,9.767433166503906
105.81548118591309,9.767433166503906
105.83065533638,9.767433166503906
105.84584140777588,9.767433166503906
105.86100959777832,9.767433166503906
105.8764488697052,9.655693054199219
105.89163327217102,9.655693054199219
105.90680193901062,9.655693054199219
105.9219663143158,9.655693054199219
105.93712496757507,9.655693054199219
105.95233201980591,9.655693054199219
105.96748542785645,9.655693054199219
105.98264527320862,9.655693054199219
105.99779391288757,9.655693054199219
106.01298904418945,9.655693054199219
106.02814412117004,9.655693054199219
106.04331493377686,9.655693054199219
106.0584716796875,9.655693054199219
106.07364416122437,9.655693054199219
106.08881139755249,9.655693054199219
106.10397911071777,9.655693054199219
106.11913990974426,9.655693054199219
106.13430428504944,9.655693054199219
106.14947009086609,9.655693054199219
106.16464328765869,9.655693054199219
106.17981553077698,9.655693054199219
106.19501852989197,9.655693054199219
106.21020793914795,9.655693054199219
106.22537660598755,9.655693054199219
106.24056339263916,9.655693054199219
106.25581693649292,9.655693054199219
106.27099823951721,9.655693054199219
106.28616499900818,9.655693054199219
106.30129480361938,9.655693054199219
106.31651782989502,9.543937683105469
106.33172845840454,9.543937683105469
106.34690046310425,9.543937683105469
106.36205410957336,9.543937683105469
106.37725782394409,9.543937683105469
106.39236545562744,9.432186126708984
106.40748071670532,9.432186126708984
106.42260646820068,9.432186126708984
106.437739610672,9.432186126708984
106.45286846160889,9.432186126708984
106.46800875663757,9.432186126708984
106.4831612110138,9.432186126708984
106.49828934669495,9.432186126708984
106.51344990730286,9.432186126708984
106.52862572669983,9.432186126708984
106.54380345344543,9.432186126708984
106.55903339385986,9.320426940917969
106.57423830032349,9.320426940917969
106.58944845199585,9.320426940917969
106.60466861724854,9.320426940917969
106.61986255645752,9.320426940917969
106.63503289222717,9.320426940917969
106.65019726753235,9.320426940917969
106.66534924507141,9.320426940917969
106.68051075935364,9.320426940917969
106.69567561149597,9.320426940917969
106.71082735061646,9.320426940917969
106.72597694396973,9.320426940917969
106.74113368988037,9.320426940917969
106.75629496574402,9.320426940917969
106.77144861221313,9.320426940917969
106.78659749031067,9.320426940917969
106.80174708366394,9.320426940917969
106.81691145896912,9.320426940917969
106.83206272125244,9.320426940917969
106.84720945358276,9.320426940917969
106.86236119270325,9.320426940917969
106.87749552726746,9.320426940917969
106.89264011383057,9.320426940917969
106.90778756141663,9.320426940917969
106.92292714118958,9.320426940917969
106.93808317184448,9.320426940917969
106.95324730873108,9.320426940917969
106.96840214729309,9.320426940917969
106.98354172706604,9.320426940917969
106.99869132041931,9.320426940917969
107.01384806632996,9.320426940917969
107.02899193763733,9.320426940917969
107.0441541671753,9.320426940917969
107.05929350852966,9.320426940917969
107.0744366645813,9.320426940917969
107.08961486816406,9.320426940917969
107.1047716140747,9.320426940917969
107.12003254890442,9.320430755615234
107.13521385192871,9.320430755615234
107.15037870407104,9.320430755615234
107.16554284095764,9.320430755615234
107.18072652816772,9.320430755615234
107.19589686393738,9.320430755615234
107.21111035346985,9.320430755615234
107.22629642486572,9.320430755615234
107.24147152900696,9.320430755615234
107.25662422180176,9.320430755615234
107.27178502082825,9.320430755615234
107.28694415092468,9.320430755615234
107.3021092414856,9.320430755615234
107.31729650497437,9.320430755615234
107.33247184753418,9.320430755615234
107.34763026237488,9.320430755615234
107.36280846595764,9.320430755615234
107.3779764175415,9.320430755615234
107.39315843582153,9.320430755615234
107.40831685066223,9.320430755615234
107.42351412773132,9.320430755615234
107.43869185447693,9.320430755615234
107.45386290550232,9.320430755615234
107.4690351486206,9.320430755615234
107.484219789505,9.320430755615234
107.49939560890198,9.320430755615234
107.51459693908691,9.320430755615234
107.5297749042511,9.320430755615234
107.54494905471802,9.320430755615234
107.5601110458374,9.320430755615234
107.57528305053711,9.320430755615234
107.59045934677124,9.320430755615234
107.6056399345398,9.320430755615234
107.62087655067444,9.320430755615234
107.6361312866211,9.320430755615234
107.65139031410217,9.250064849853516
107.66656351089478,9.208675384521484
107.68169784545898,9.208675384521484
107.69682931900024,9.208675384521484
107.71195864677429,9.208675384521484
107.72710013389587,9.208675384521484
107.74224519729614,9.208675384521484
107.75739526748657,9.208675384521484
107.77255654335022,9.208675384521484
107.78773260116577,9.208675384521484
107.80290055274963,9.208675384521484
107.81808304786682,9.208675384521484
107.83325147628784,9.208675384521484
107.84841895103455,9.208675384521484
107.86361169815063,9.208675384521484
107.87876915931702,9.208675384521484
107.89397811889648,9.208675384521484
107.90951347351074,9.20867919921875
107.92475175857544,9.096916198730469
107.93995976448059,9.096916198730469
107.95511293411255,9.096916198730469
107.97030782699585,9.096916198730469
107.98554968833923,8.98520278930664
108.00068497657776,8.985221862792969
108.0158462524414,8.985221862792969
108.03102493286133,8.985221862792969
108.04615783691406,8.985221862792969
108.06130695343018,8.985221862792969
108.07644462585449,8.985221862792969
108.09163880348206,8.985221862792969
108.10759711265564,5.811000823974609
108.12294554710388,0.455841064453125
108.13818287849426,0.17827987670898438
108.15275931358337,0.17827987670898438
108.16603446006775,0.17827987670898438
108.17687654495239,0.17827224731445312
108.1876585483551,0.17827224731445312
108.19842076301575,0.17827224731445312
108.20916891098022,0.17827224731445312
108.21990728378296,0.17828369140625
108.23066806793213,0.17828369140625
108.24142503738403,0.17828369140625
108.25217199325562,0.17828369140625
108.26291799545288,0.17828369140625
108.27367353439331,0.17839431762695312
108.28443503379822,0.17839431762695312
108.29517459869385,0.17839431762695312
108.30593132972717,0.17839431762695312
108.31668424606323,0.17839431762695312
108.32743906974792,0.17839431762695312
108.3381860256195,0.17839431762695312
108.34894514083862,0.17840576171875
108.35970830917358,0.17840576171875
108.37045669555664,0.17840576171875
108.38122463226318,0.17659759521484375
108.39196968078613,0.0
108.40273785591125,0.0
108.41349864006042,0.0
108.4242525100708,0.0
108.43498945236206,0.0
