t_sec,rss_gib
0.00613856315612793,0.00325775146484375
0.017251253128051758,0.00727081298828125
0.028004169464111328,0.00850677490234375
0.038797855377197266,0.00988006591796875
0.04957008361816406,0.0101318359375
0.06035208702087402,0.0106353759765625
0.07111024856567383,0.01088714599609375
0.08187723159790039,0.01088714599609375
0.0926518440246582,0.011615753173828125
0.10341143608093262,0.012908935546875
0.11416864395141602,0.015777587890625
0.12492656707763672,0.018634796142578125
0.13568997383117676,0.018886566162109375
0.146453857421875,0.01953125
0.15720629692077637,0.019863128662109375
0.1679701805114746,0.020366668701171875
0.1787271499633789,0.02092742919921875
0.18947505950927734,0.02092742919921875
0.20021939277648926,0.02092742919921875
0.21096396446228027,0.02092742919921875
0.22171902656555176,0.02092742919921875
0.23247122764587402,0.02092742919921875
0.2432096004486084,0.02092742919921875
0.2539548873901367,0.02092742919921875
0.26473116874694824,0.02092742919921875
0.2754955291748047,0.02092742919921875
0.2862536907196045,0.02124786376953125
0.2970094680786133,0.02124786376953125
0.30776476860046387,0.02124786376953125
0.3185138702392578,0.02124786376953125
0.3292574882507324,0.02124786376953125
0.3399949073791504,0.02124786376953125
0.3507406711578369,0.02124786376953125
0.36148524284362793,0.02124786376953125
0.3722257614135742,0.02124786376953125
0.38296985626220703,0.02124786376953125
0.3937256336212158,0.02124786376953125
0.4044809341430664,0.02124786376953125
0.41523051261901855,0.021625518798828125
0.4259819984436035,0.021877288818359375
0.4367384910583496,0.022495269775390625
0.4474945068359375,0.022747039794921875
0.45824408531188965,0.0239715576171875
0.4689619541168213,0.0239715576171875
0.47971248626708984,0.0239715576171875
0.4904749393463135,0.0239715576171875
0.5012125968933105,0.0239715576171875
0.5119683742523193,0.0239715576171875
0.5227212905883789,0.0239715576171875
0.5334758758544922,0.0239715576171875
0.5442209243774414,0.0239715576171875
0.5549600124359131,0.0239715576171875
0.5657379627227783,0.0239715576171875
0.5764954090118408,0.0239715576171875
0.5872378349304199,0.0239715576171875
0.5979909896850586,0.0239715576171875
0.608750581741333,0.0239715576171875
0.6195201873779297,0.0239715576171875
0.6303079128265381,0.0239715576171875
0.6410655975341797,0.0243682861328125
0.6518392562866211,0.024982452392578125
0.6626207828521729,0.024982452392578125
0.6733801364898682,0.024982452392578125
0.6841282844543457,0.024982452392578125
0.6948883533477783,0.024982452392578125
0.7056348323822021,0.024982452392578125
0.7163887023925781,0.024982452392578125
0.7271277904510498,0.024982452392578125
0.7378842830657959,0.024982452392578125
0.7486324310302734,0.024982452392578125
0.7593841552734375,0.024982452392578125
0.770139217376709,0.024982452392578125
0.7809066772460938,0.024982452392578125
0.7916603088378906,0.024982452392578125
0.8024237155914307,0.024982452392578125
0.8131711483001709,0.025485992431640625
0.8239340782165527,0.026454925537109375
0.8347349166870117,0.026844024658203125
0.8454990386962891,0.027088165283203125
0.8562548160552979,0.027530670166015625
0.8670258522033691,0.02826690673828125
0.877784252166748,0.028530120849609375
0.8885443210601807,0.028530120849609375
0.8993039131164551,0.028530120849609375
0.9100427627563477,0.028530120849609375
0.9207921028137207,0.028530120849609375
0.9316010475158691,0.028530120849609375
0.9424011707305908,0.028530120849609375
0.9531357288360596,0.028530120849609375
0.96394944190979,0.028530120849609375
0.9747428894042969,0.028530120849609375
0.9855473041534424,0.028530120849609375
0.9963665008544922,0.028530120849609375
1.0071885585784912,0.028530120849609375
1.0179646015167236,0.028530120849609375
1.0287480354309082,0.028530120849609375
1.0395088195800781,0.028530120849609375
1.0502429008483887,0.028530120849609375
1.0609807968139648,0.028530120849609375
1.0717308521270752,0.028530120849609375
1.0824790000915527,0.028530120849609375
1.0932137966156006,0.028530120849609375
1.103971004486084,0.028530120849609375
1.1147339344024658,0.0286865234375
1.1254897117614746,0.03037261962890625
1.1362581253051758,0.03087615966796875
1.1469917297363281,0.0311279296875
1.1577551364898682,0.03186798095703125
1.1685338020324707,0.032657623291015625
1.1793062686920166,0.033405303955078125
1.190070629119873,0.037464141845703125
1.2008464336395264,0.037914276123046875
1.2116153240203857,0.037933349609375
1.2223846912384033,0.038181304931640625
1.233140230178833,0.038818359375
1.2439115047454834,0.03920745849609375
1.2546725273132324,0.039920806884765625
1.2654314041137695,0.04052734375
1.2761826515197754,0.040660858154296875
1.2869596481323242,0.041149139404296875
1.297743558883667,0.0411834716796875
1.3085100650787354,0.041347503662109375
1.3192594051361084,0.041595458984375
1.329972505569458,0.0420989990234375
1.34074068069458,0.042659759521484375
1.3515431880950928,0.042659759521484375
1.3623156547546387,0.042659759521484375
1.373075246810913,0.042659759521484375
1.3838443756103516,0.042659759521484375
1.394608974456787,0.042659759521484375
1.4053657054901123,0.042659759521484375
1.416106939315796,0.042659759521484375
1.4268581867218018,0.042659759521484375
1.4376068115234375,0.042659759521484375
1.4483654499053955,0.042659759521484375
1.4591031074523926,0.042659759521484375
1.4698517322540283,0.042659759521484375
1.4806077480316162,0.042659759521484375
1.4913628101348877,0.043460845947265625
1.50209641456604,0.043460845947265625
1.5128450393676758,0.043460845947265625
1.523590326309204,0.043460845947265625
1.5343389511108398,0.043460845947265625
1.5450835227966309,0.043460845947265625
1.5558371543884277,0.043460845947265625
1.566584587097168,0.043460845947265625
1.5773370265960693,0.043460845947265625
1.5880753993988037,0.043460845947265625
1.5988318920135498,0.043460845947265625
1.6095936298370361,0.04456329345703125
1.620361566543579,0.045074462890625
1.6311070919036865,0.0455780029296875
1.6418650150299072,0.046833038330078125
1.6526365280151367,0.047084808349609375
1.6633968353271484,0.04801177978515625
1.6741459369659424,0.051639556884765625
1.6849160194396973,0.052722930908203125
1.695673942565918,0.05396270751953125
1.7064321041107178,0.054378509521484375
1.7171838283538818,0.0546112060546875
1.7279491424560547,0.056182861328125
1.7387208938598633,0.05791473388671875
1.7494771480560303,0.059139251708984375
1.7602245807647705,0.059661865234375
1.7709767818450928,0.059661865234375
1.7817354202270508,0.061237335205078125
1.7925043106079102,0.061985015869140625
1.8032581806182861,0.064544677734375
1.8140020370483398,0.064544677734375
1.8247606754302979,0.064544677734375
1.835519552230835,0.064544677734375
1.8462624549865723,0.064544677734375
1.856980562210083,0.064544677734375
1.8677425384521484,0.064544677734375
1.8784937858581543,0.064544677734375
1.8892335891723633,0.064544677734375
1.8999667167663574,0.064544677734375
1.9107120037078857,0.064544677734375
1.9214565753936768,0.064544677734375
1.9321951866149902,0.064544677734375
1.9430122375488281,0.064544677734375
1.9537944793701172,0.064544677734375
1.9645602703094482,0.064544677734375
1.9753217697143555,0.064544677734375
1.9860737323760986,0.06475448608398438
1.9968361854553223,0.06475448608398438
2.0075857639312744,0.06475448608398438
2.018342971801758,0.06475448608398438
2.0290842056274414,0.06475448608398438
2.039839267730713,0.06475448608398438
2.050595760345459,0.06475448608398438
2.0613512992858887,0.06475448608398438
2.07208514213562,0.06475448608398438
2.082843780517578,0.06475448608398438
2.0936028957366943,0.06475448608398438
2.1043620109558105,0.06475448608398438
2.1151063442230225,0.06475448608398438
2.1261794567108154,0.06475448608398438
2.137209415435791,0.06475448608398438
2.1479828357696533,0.06475448608398438
2.1587460041046143,0.06475448608398438
2.169498920440674,0.06475448608398438
2.1802361011505127,0.06475448608398438
2.1909804344177246,0.06475448608398438
2.201730728149414,0.06475448608398438
2.2124812602996826,0.06475448608398438
2.2232165336608887,0.06475448608398438
2.2339587211608887,0.06475448608398438
2.2447216510772705,0.06475448608398438
2.2554824352264404,0.06475448608398438
2.2662267684936523,0.06475448608398438
2.2769815921783447,0.06475448608398438
2.2877392768859863,0.06475448608398438
2.2984795570373535,0.06475448608398438
2.3092105388641357,0.06475448608398438
2.3199503421783447,0.06475448608398438
2.3307082653045654,0.06475448608398438
2.341459274291992,0.06475448608398438
2.3521926403045654,0.06475448608398438
2.3629512786865234,0.06475448608398438
2.373709201812744,0.06475448608398438
2.384458065032959,0.06475448608398438
2.3951914310455322,0.06475448608398438
2.4059388637542725,0.06475448608398438
2.416688919067383,0.06475448608398438
2.427431106567383,0.06475448608398438
2.438169479370117,0.06475448608398438
2.4489243030548096,0.06475448608398438
2.4596760272979736,0.06475448608398438
2.470423460006714,0.06475448608398438
2.4811620712280273,0.06475448608398438
2.4919183254241943,0.06475448608398438
2.502662420272827,0.06475448608398438
2.5134212970733643,0.06488800048828125
2.524157762527466,0.06488800048828125
2.5349082946777344,0.06488800048828125
2.5456550121307373,0.06488800048828125
2.5564041137695312,0.06488800048828125
2.567138671875,0.06488800048828125
2.5779011249542236,0.06488800048828125
2.5886547565460205,0.06488800048828125
2.5993993282318115,0.06488800048828125
2.6101338863372803,0.06488800048828125
2.6208791732788086,0.06488800048828125
2.6316349506378174,0.06540298461914062
2.642385482788086,0.06540298461914062
2.6531155109405518,0.06540298461914062
2.663864850997925,0.06540298461914062
2.6746108531951904,0.06540298461914062
2.6853623390197754,0.06540298461914062
2.696103096008301,0.06540298461914062
2.7068634033203125,0.06540298461914062
2.7176151275634766,0.06540298461914062
2.7283687591552734,0.06540298461914062
2.739100933074951,0.06540298461914062
2.749851942062378,0.06540298461914062
2.7605981826782227,0.06540298461914062
2.771348714828491,0.06540298461914062
2.782083511352539,0.06540298461914062
2.792823553085327,0.06540298461914062
2.8035717010498047,0.06540298461914062
2.814326286315918,0.06626129150390625
2.825070858001709,0.0670166015625
2.835829496383667,0.0675201416015625
2.8465840816497803,0.06809234619140625
2.857337236404419,0.06901931762695312
2.8680810928344727,0.06925201416015625
2.8788318634033203,0.06978225708007812
2.889578104019165,0.06978225708007812
2.900319814682007,0.06978225708007812
2.9110536575317383,0.06978225708007812
2.9217967987060547,0.06978225708007812
2.9325430393218994,0.06978225708007812
2.9432742595672607,0.06978225708007812
2.954021453857422,0.06978225708007812
2.96478009223938,0.06978225708007812
2.975529909133911,0.06978225708007812
2.986268997192383,0.06978225708007812
2.997019052505493,0.06981658935546875
3.007765293121338,0.06981658935546875
3.0185070037841797,0.06981658935546875
3.0292396545410156,0.06981658935546875
3.039973258972168,0.06981658935546875
3.0507161617279053,0.06981658935546875
3.0614569187164307,0.06981658935546875
3.072185754776001,0.06981658935546875
3.0829262733459473,0.06981658935546875
3.0936787128448486,0.06981658935546875
3.1044180393218994,0.06981658935546875
3.115165948867798,0.06981658935546875
3.1259191036224365,0.07236480712890625
3.13667893409729,0.07285690307617188
3.1474294662475586,0.07426834106445312
3.1581742763519287,0.07507705688476562
3.168929100036621,0.07534408569335938
3.1796910762786865,0.07590484619140625
3.19044828414917,0.07645797729492188
3.201200485229492,0.07732391357421875
3.2119557857513428,0.0780792236328125
3.222714900970459,0.07989501953125
3.23347544670105,0.08148956298828125
3.244213581085205,0.08205795288085938
3.2549679279327393,0.08321762084960938
3.2657132148742676,0.08321762084960938
3.27649188041687,0.08321762084960938
3.2872250080108643,0.08321762084960938
3.2979555130004883,0.08321762084960938
3.308723211288452,0.08321762084960938
3.3194665908813477,0.08321762084960938
3.330212116241455,0.08321762084960938
3.340959072113037,0.08321762084960938
3.3517234325408936,0.08321762084960938
3.3624799251556396,0.08321762084960938
3.3732364177703857,0.08321762084960938
3.3839683532714844,0.08321762084960938
3.394723892211914,0.084197998046875
3.4054884910583496,0.084197998046875
3.4162228107452393,0.084197998046875
3.4269614219665527,0.084197998046875
3.437721014022827,0.084197998046875
3.4484732151031494,0.084197998046875
3.4592113494873047,0.084197998046875
3.469967842102051,0.084197998046875
3.4807190895080566,0.084197998046875
3.4914767742156982,0.084197998046875
3.5022382736206055,0.084197998046875
3.5129761695861816,0.084197998046875
3.5237362384796143,0.084197998046875
3.5344977378845215,0.084197998046875
3.545238733291626,0.08509063720703125
3.55599045753479,0.0853424072265625
3.5667641162872314,0.0853424072265625
3.5775372982025146,0.08559417724609375
3.588273048400879,0.085845947265625
3.5990335941314697,0.085845947265625
3.6097943782806396,0.085845947265625
3.62054443359375,0.08643341064453125
3.6313490867614746,0.08691024780273438
3.6421658992767334,0.08740997314453125
3.652956962585449,0.08740997314453125
3.6637074947357178,0.08740997314453125
3.6745097637176514,0.08740997314453125
3.6852385997772217,0.08740997314453125
3.6960206031799316,0.08740997314453125
3.706822395324707,0.08740997314453125
3.717568874359131,0.08740997314453125
3.7283294200897217,0.08740997314453125
3.739103078842163,0.08740997314453125
3.7498626708984375,0.08740997314453125
3.7606005668640137,0.08740997314453125
3.771343231201172,0.08740997314453125
3.7820732593536377,0.08740997314453125
3.7928221225738525,0.0876617431640625
3.8035926818847656,0.0876617431640625
3.814337730407715,0.0876617431640625
3.8250763416290283,0.0876617431640625
3.835822105407715,0.0876617431640625
3.8465733528137207,0.0876617431640625
3.8573148250579834,0.0876617431640625
3.868048906326294,0.0876617431640625
3.8788108825683594,0.0876617431640625
3.8895554542541504,0.0876617431640625
3.900308132171631,0.0876617431640625
3.9110515117645264,0.0876617431640625
3.9218149185180664,0.08791351318359375
3.932576894760132,0.08841705322265625
3.9433300495147705,0.08841705322265625
3.954080104827881,0.088775634765625
3.96484375,0.08902740478515625
3.9756052494049072,0.08936309814453125
3.9863569736480713,0.08975601196289062
3.9971020221710205,0.09006118774414062
4.0078535079956055,0.090484619140625
4.01860237121582,0.0908660888671875
4.029362440109253,0.09152603149414062
4.040110111236572,0.09177780151367188
4.050866365432739,0.09243011474609375
4.0616455078125,0.09251785278320312
4.072413444519043,0.09251785278320312
4.083156108856201,0.09251785278320312
4.09391188621521,0.09251785278320312
4.104658842086792,0.09251785278320312
4.11541748046875,0.09251785278320312
4.12615966796875,0.09251785278320312
4.136911630630493,0.09251785278320312
4.147664308547974,0.09251785278320312
4.158407926559448,0.09251785278320312
4.169137954711914,0.09251785278320312
4.179893732070923,0.09251785278320312
4.190639019012451,0.09251785278320312
4.201395273208618,0.09278488159179688
4.212132215499878,0.09278488159179688
4.222896575927734,0.09278488159179688
4.233649492263794,0.09278488159179688
4.2444047927856445,0.09278488159179688
4.255140066146851,0.09278488159179688
4.265883922576904,0.09278488159179688
4.276627063751221,0.09278488159179688
4.287365674972534,0.09278488159179688
4.298097610473633,0.09278488159179688
4.308844804763794,0.09278488159179688
4.3195977210998535,0.09278488159179688
4.330359697341919,0.09325027465820312
4.341114521026611,0.09325027465820312
4.35187840461731,0.09350204467773438
4.362640142440796,0.09416961669921875
4.373405456542969,0.09470367431640625
4.384148359298706,0.095458984375
4.39491081237793,0.09571075439453125
4.4056689739227295,0.09571075439453125
4.4164111614227295,0.09571075439453125
4.427138805389404,0.09571075439453125
4.437890291213989,0.09571075439453125
4.448638200759888,0.09571075439453125
4.459383487701416,0.09571075439453125
4.470134496688843,0.09571075439453125
4.480886459350586,0.09571075439453125
4.491631031036377,0.09571075439453125
4.502381324768066,0.09571075439453125
4.513113021850586,0.09571075439453125
4.523873805999756,0.09571075439453125
4.534627437591553,0.0959625244140625
4.545388698577881,0.0959625244140625
4.556126117706299,0.0959625244140625
4.566872596740723,0.0959625244140625
4.577621221542358,0.0959625244140625
4.58837103843689,0.0959625244140625
4.599106550216675,0.0959625244140625
4.609850168228149,0.0959625244140625
4.620594024658203,0.0959625244140625
4.631340026855469,0.0959625244140625
4.64208722114563,0.0959625244140625
4.652835130691528,0.0959625244140625
4.663583993911743,0.0959625244140625
4.6743268966674805,0.0959625244140625
4.685068130493164,0.0959625244140625
4.695810317993164,0.0959625244140625
4.706552743911743,0.0959625244140625
4.717302560806274,0.0959625244140625
4.728044748306274,0.09621429443359375
4.738804340362549,0.09621429443359375
4.749559164047241,0.09621429443359375
4.760320425033569,0.09621429443359375
4.7710723876953125,0.096466064453125
4.781824111938477,0.0969696044921875
4.792572975158691,0.09747314453125
4.803333282470703,0.0979766845703125
4.814074754714966,0.098480224609375
4.824828386306763,0.0989837646484375
4.835580348968506,0.09942245483398438
4.846333265304565,0.09954071044921875
4.857075214385986,0.0998992919921875
4.8678297996521,0.10015106201171875
4.87859320640564,0.10040283203125
4.889350175857544,0.10065460205078125
4.900087356567383,0.10115814208984375
4.910840034484863,0.101409912109375
4.921581745147705,0.101409912109375
4.93233847618103,0.101409912109375
4.943070888519287,0.101409912109375
4.953819274902344,0.101409912109375
4.964561700820923,0.101409912109375
4.975308179855347,0.101409912109375
4.986088991165161,0.101409912109375
4.996846675872803,0.101409912109375
5.0075907707214355,0.101409912109375
5.018335580825806,0.101409912109375
5.029070615768433,0.101409912109375
5.039819002151489,0.101409912109375
5.050567865371704,0.101409912109375
5.061307907104492,0.101409912109375
5.072038888931274,0.101409912109375
5.082790851593018,0.101409912109375
5.0935423374176025,0.101409912109375
5.104275465011597,0.10166168212890625
5.115020990371704,0.10166168212890625
5.125777244567871,0.1019134521484375
5.136539936065674,0.10266876220703125
5.147303342819214,0.10317230224609375
5.158044338226318,0.10363388061523438
5.168802976608276,0.10413360595703125
5.179561376571655,0.1043853759765625
5.190314769744873,0.10463714599609375
5.201092720031738,0.10514068603515625
5.211860656738281,0.1053924560546875
5.222631454467773,0.10589599609375
5.233386278152466,0.10614776611328125
5.244139194488525,0.106903076171875
5.254894495010376,0.109100341796875
5.26564621925354,0.109100341796875
5.276395797729492,0.10935211181640625
5.28713583946228,0.10973739624023438
5.297904014587402,0.10973739624023438
5.308727025985718,0.10973739624023438
5.319531679153442,0.10973739624023438
5.330328702926636,0.10973739624023438
5.341121673583984,0.10973739624023438
5.3519065380096436,0.10973739624023438
5.362742185592651,0.10973739624023438
5.373509168624878,0.10973739624023438
5.384309530258179,0.10973739624023438
5.39520788192749,0.10973739624023438
5.405991554260254,0.110626220703125
5.416746616363525,0.110626220703125
5.427491903305054,0.110626220703125
5.438225746154785,0.110626220703125
5.448972702026367,0.11217498779296875
5.459725379943848,0.11267852783203125
5.470489740371704,0.11420822143554688
5.4812304973602295,0.11527252197265625
5.491972208023071,0.11527252197265625
5.502732515335083,0.11527252197265625
5.513478994369507,0.11527252197265625
5.524215936660767,0.11527252197265625
5.5349555015563965,0.11527252197265625
5.545703649520874,0.11527252197265625
5.556452512741089,0.11527252197265625
5.5671844482421875,0.11527252197265625
5.577921628952026,0.11527252197265625
5.5886805057525635,0.11527252197265625
5.599431753158569,0.11527252197265625
5.610179424285889,0.11527252197265625
5.62094259262085,0.11527252197265625
5.631697177886963,0.11527252197265625
5.642447233200073,0.11602783203125
5.653181076049805,0.11627960205078125
5.663927793502808,0.11675262451171875
5.674715042114258,0.11847686767578125
5.685467958450317,0.11887359619140625
5.696223020553589,0.11988067626953125
5.706997871398926,0.12036514282226562
5.717744827270508,0.12061691284179688
5.728489875793457,0.12086868286132812
5.739225387573242,0.12086868286132812
5.7499635219573975,0.12086868286132812
5.760714530944824,0.12112045288085938
5.771464824676514,0.12112045288085938
5.782199859619141,0.12112045288085938
5.79294228553772,0.12112045288085938
5.803692579269409,0.12112045288085938
5.814441919326782,0.12112045288085938
5.825168609619141,0.12112045288085938
5.8359081745147705,0.12112045288085938
5.846652269363403,0.12112045288085938
5.85739278793335,0.12112045288085938
5.868121147155762,0.12112045288085938
5.878859281539917,0.12112045288085938
5.88960075378418,0.12112045288085938
5.900359630584717,0.12162399291992188
5.911098957061768,0.12232589721679688
5.921856880187988,0.12308120727539062
5.932607889175415,0.12333297729492188
5.943349838256836,0.12358474731445312
5.954080104827881,0.12358474731445312
5.964835166931152,0.12408828735351562
5.975620269775391,0.12459182739257812
5.986371755599976,0.12459182739257812
5.997110366821289,0.12459182739257812
6.007863998413086,0.12459182739257812
6.018603801727295,0.12459182739257812
6.029345989227295,0.12459182739257812
6.040074825286865,0.12459182739257812
6.050821781158447,0.12459182739257812
6.061561107635498,0.12459182739257812
6.0723042488098145,0.12459182739257812
6.083035230636597,0.12459182739257812
6.0937817096710205,0.12459182739257812
6.104528903961182,0.12459182739257812
6.1152660846710205,0.12459182739257812
6.126007080078125,0.12459182739257812
6.136756658554077,0.12459182739257812
6.147506952285767,0.12459182739257812
6.158258676528931,0.12543487548828125
6.1690123081207275,0.12543487548828125
6.179764747619629,0.12543487548828125
6.190519094467163,0.12543487548828125
6.201249361038208,0.12543487548828125
6.211959362030029,0.12543487548828125
6.222709894180298,0.12543487548828125
6.233461141586304,0.12543487548828125
6.244194746017456,0.12543487548828125
6.254943132400513,0.12543487548828125
6.265692472457886,0.12543487548828125
6.276439189910889,0.12543487548828125
6.287168502807617,0.12543487548828125
6.297913312911987,0.12543487548828125
6.308670520782471,0.12543487548828125
6.319416046142578,0.12543487548828125
6.330156087875366,0.1256866455078125
6.340909957885742,0.12593841552734375
6.351665735244751,0.126190185546875
6.362421035766602,0.126190185546875
6.373157501220703,0.126190185546875
6.383922815322876,0.12644195556640625
6.3947083950042725,0.1266937255859375
6.40546441078186,0.12694549560546875
6.416204214096069,0.127197265625
6.426961421966553,0.12744903564453125
6.43771505355835,0.12795257568359375
6.448471307754517,0.12795257568359375
6.459207057952881,0.12795257568359375
6.4699554443359375,0.12795257568359375
6.480708837509155,0.12795257568359375
6.491456747055054,0.128204345703125
6.502189874649048,0.12845611572265625
6.512935161590576,0.12845611572265625
6.523689031600952,0.12845611572265625
6.534438133239746,0.12845611572265625
6.545164585113525,0.12845611572265625
6.555902481079102,0.12845611572265625
6.566653728485107,0.12845611572265625
6.577404022216797,0.12845611572265625
6.588137865066528,0.12845611572265625
6.598878860473633,0.12845611572265625
6.609628677368164,0.12845611572265625
6.620380401611328,0.12845611572265625
6.631121635437012,0.12845611572265625
6.641868591308594,0.12845611572265625
6.652660608291626,0.12845611572265625
6.663408994674683,0.12845611572265625
6.674137115478516,0.12845611572265625
6.684882402420044,0.12845611572265625
6.695626497268677,0.12845611572265625
6.706380367279053,0.12845611572265625
6.717167854309082,0.12845611572265625
6.727918386459351,0.12845611572265625
6.738665819168091,0.12845611572265625
6.749436140060425,0.1287078857421875
6.760188102722168,0.12921142578125
6.770951747894287,0.12946319580078125
6.781700849533081,0.1297149658203125
6.792443752288818,0.130218505859375
6.803173542022705,0.13047027587890625
6.813923120498657,0.1307220458984375
6.82468056678772,0.1312255859375
6.835439682006836,0.1312255859375
6.846174478530884,0.1312255859375
6.856926918029785,0.1312255859375
6.86767053604126,0.1312255859375
6.8784167766571045,0.1312255859375
6.8891541957855225,0.1312255859375
6.899940729141235,0.1312255859375
6.910690784454346,0.1312255859375
6.921435832977295,0.1312255859375
6.932177305221558,0.13147735595703125
6.942923307418823,0.1317291259765625
6.953669548034668,0.132232666015625
6.964409112930298,0.132232666015625
6.975137948989868,0.132232666015625
6.985889434814453,0.132232666015625
6.996635675430298,0.132232666015625
7.007378339767456,0.132232666015625
7.01814866065979,0.132415771484375
7.028901815414429,0.13427352905273438
7.039646148681641,0.13427352905273438
7.050408363342285,0.13427352905273438
7.061166286468506,0.13427352905273438
7.0719194412231445,0.13427352905273438
7.082657337188721,0.13427352905273438
7.09340500831604,0.13427352905273438
7.104146242141724,0.13440704345703125
7.114897727966309,0.13494873046875
7.125650882720947,0.1354522705078125
7.136410713195801,0.1354522705078125
7.147152900695801,0.13570404052734375
7.157898902893066,0.135955810546875
7.168646812438965,0.135955810546875
7.179401159286499,0.1364593505859375
7.19013786315918,0.13769912719726562
7.200898885726929,0.139251708984375
7.211661100387573,0.14065170288085938
7.222405433654785,0.14200592041015625
7.233143329620361,0.14234161376953125
7.2439117431640625,0.14234161376953125
7.254653215408325,0.14234161376953125
7.265397310256958,0.14234161376953125
7.276126146316528,0.14234161376953125
7.286871671676636,0.14234161376953125
7.297612428665161,0.14234161376953125
7.308367013931274,0.14234161376953125
7.319093227386475,0.14234161376953125
7.329843521118164,0.14234161376953125
7.340586185455322,0.14234161376953125
7.35134220123291,0.14343643188476562
7.3620827198028564,0.14480972290039062
7.372843027114868,0.14506149291992188
7.383594274520874,0.14506149291992188
7.3943634033203125,0.14574813842773438
7.405105829238892,0.14574813842773438
7.415850639343262,0.14574813842773438
7.426595687866211,0.14574813842773438
7.437338829040527,0.14574813842773438
7.448076486587524,0.14574813842773438
7.458827257156372,0.14574813842773438
7.469584226608276,0.14574813842773438
7.480332136154175,0.14574813842773438
7.491058111190796,0.14574813842773438
7.501797914505005,0.14574813842773438
7.512556791305542,0.14614486694335938
7.523340225219727,0.14664840698242188
7.534095287322998,0.14741134643554688
7.544857501983643,0.14766311645507812
7.555614948272705,0.14816665649414062
7.566378831863403,0.14922332763671875
7.577123165130615,0.1497039794921875
7.5878965854644775,0.15062713623046875
7.598658323287964,0.15240478515625
7.609418630599976,0.15362167358398438
7.620168685913086,0.154327392578125
7.630932569503784,0.15466690063476562
7.641687870025635,0.1551666259765625
7.65244197845459,0.15541839599609375
7.6631762981414795,0.15541839599609375
7.673928737640381,0.15541839599609375
7.684685707092285,0.15541839599609375
7.695463418960571,0.15541839599609375
7.706200122833252,0.15541839599609375
7.716952085494995,0.15541839599609375
7.727705240249634,0.15541839599609375
7.738487958908081,0.15541839599609375
7.749248027801514,0.15541839599609375
7.75999641418457,0.15541839599609375
7.770745754241943,0.15541839599609375
7.781527280807495,0.15541839599609375
7.7922682762146,0.15541839599609375
7.803010702133179,0.15541839599609375
7.813755989074707,0.15541839599609375
7.824506759643555,0.15541839599609375
7.835247755050659,0.155670166015625
7.8459696769714355,0.155670166015625
7.856741428375244,0.155670166015625
7.867543697357178,0.155670166015625
7.878291368484497,0.155670166015625
7.889023542404175,0.155670166015625
7.8997719287872314,0.155670166015625
7.910529613494873,0.15592193603515625
7.921271800994873,0.15646743774414062
7.932046175003052,0.1569366455078125
7.94280481338501,0.1569366455078125
7.9535815715789795,0.1569366455078125
7.9643542766571045,0.1569366455078125
7.975090980529785,0.1569366455078125
7.98583459854126,0.1569366455078125
7.996633529663086,0.1569366455078125
8.0074303150177,0.1569366455078125
8.018232107162476,0.1569366455078125
8.02902340888977,0.1569366455078125
8.039766073226929,0.1569366455078125
8.05057954788208,0.1569366455078125
8.061366558074951,0.15734481811523438
8.072147846221924,0.15734481811523438
8.0829598903656,0.15734481811523438
8.093703031539917,0.15734481811523438
8.10450792312622,0.15734481811523438
8.115257740020752,0.15734481811523438
8.125993967056274,0.15734481811523438
8.1367347240448,0.15734481811523438
8.147485256195068,0.15734481811523438
8.158213376998901,0.15734481811523438
8.168958902359009,0.15734481811523438
8.17971158027649,0.15734481811523438
8.190450668334961,0.15734481811523438
8.201199769973755,0.15734481811523438
8.211946487426758,0.15734481811523438
8.222690343856812,0.15734481811523438
8.233444690704346,0.15734481811523438
8.24418306350708,0.15734481811523438
8.2549467086792,0.15734481811523438
8.265709638595581,0.15734481811523438
8.276458024978638,0.15734481811523438
8.28719687461853,0.15734481811523438
8.2979576587677,0.15734481811523438
8.308709621429443,0.15734481811523438
8.319468021392822,0.15734481811523438
8.330209016799927,0.15734481811523438
8.340966701507568,0.15734481811523438
8.351728200912476,0.15734481811523438
8.36247992515564,0.15734481811523438
8.373226642608643,0.15734481811523438
8.38396167755127,0.15734481811523438
8.394716739654541,0.15734481811523438
8.40547227859497,0.15734481811523438
8.416212797164917,0.15734481811523438
8.426957845687866,0.15734481811523438
8.437714576721191,0.15734481811523438
8.448463916778564,0.15734481811523438
8.459196090698242,0.15734481811523438
8.469939470291138,0.15734481811523438
8.480684041976929,0.15734481811523438
8.491427898406982,0.15734481811523438
8.502156734466553,0.15734481811523438
8.512894868850708,0.15734481811523438
8.523641586303711,0.15734481811523438
8.534383535385132,0.15734481811523438
8.545119285583496,0.15734481811523438
8.555866956710815,0.15734481811523438
8.566608428955078,0.15734481811523438
8.577345371246338,0.15734481811523438
8.588085412979126,0.15759658813476562
8.598838090896606,0.15759658813476562
8.60958194732666,0.15759658813476562
8.620331287384033,0.15759658813476562
8.63106107711792,0.15759658813476562
8.641822576522827,0.15759658813476562
8.652567625045776,0.15759658813476562
8.663308143615723,0.15759658813476562
8.674050092697144,0.15759658813476562
8.684816837310791,0.15759658813476562
8.695565700531006,0.15759658813476562
8.706308603286743,0.15759658813476562
8.71704649925232,0.15759658813476562
8.727799892425537,0.15759658813476562
8.738541841506958,0.15759658813476562
8.749272584915161,0.15759658813476562
8.760021448135376,0.15759658813476562
8.770763397216797,0.15759658813476562
8.781498670578003,0.15759658813476562
8.792227745056152,0.15759658813476562
8.802959203720093,0.15759658813476562
8.813710451126099,0.15815353393554688
8.824467658996582,0.15858840942382812
8.835208892822266,0.15884017944335938
8.845960855484009,0.1596832275390625
8.856713771820068,0.160186767578125
8.867470741271973,0.160186767578125
8.878228902816772,0.1606903076171875
8.88896894454956,0.1606903076171875
8.899733066558838,0.16094207763671875
8.910481929779053,0.16138458251953125
8.921226501464844,0.16225051879882812
8.931972026824951,0.16275405883789062
8.942732810974121,0.16275405883789062
8.953479528427124,0.16275405883789062
8.964205741882324,0.16275405883789062
8.974943399429321,0.16275405883789062
8.985693454742432,0.16275405883789062
8.99644136428833,0.16275405883789062
9.007173299789429,0.16275405883789062
9.017928838729858,0.16275405883789062
9.028672933578491,0.16275405883789062
9.039417028427124,0.16275405883789062
9.050147533416748,0.16275405883789062
9.060918092727661,0.16275405883789062
9.071662425994873,0.16275405883789062
9.082407712936401,0.16275405883789062
9.093152284622192,0.16275405883789062
9.103899002075195,0.16275405883789062
9.11464262008667,0.16275405883789062
9.12538480758667,0.16275405883789062
9.136111974716187,0.16275405883789062
9.146863460540771,0.16275405883789062
9.157610893249512,0.16275405883789062
9.168351888656616,0.16275405883789062
9.179080724716187,0.16275405883789062
9.189826250076294,0.16275405883789062
9.200568199157715,0.16275405883789062
9.21131682395935,0.16275405883789062
9.222044706344604,0.16275405883789062
9.232798099517822,0.16275405883789062
9.243548393249512,0.16275405883789062
9.254294157028198,0.16275405883789062
9.265033960342407,0.16275405883789062
9.275781869888306,0.16275405883789062
9.286529302597046,0.16275405883789062
9.297264814376831,0.16275405883789062
9.307995796203613,0.16275405883789062
9.318743467330933,0.16275405883789062
9.329493761062622,0.16275405883789062
9.340234518051147,0.16275405883789062
9.3509681224823,0.16275405883789062
9.361738681793213,0.16275405883789062
9.372489213943481,0.1631622314453125
9.383218765258789,0.1631622314453125
9.393959283828735,0.1631622314453125
9.40471863746643,0.1631622314453125
9.415471076965332,0.1631622314453125
9.426202535629272,0.1631622314453125
9.436950922012329,0.1631622314453125
9.447696208953857,0.1631622314453125
9.458447933197021,0.1631622314453125
9.469176292419434,0.1631622314453125
9.479921102523804,0.1631622314453125
9.490669965744019,0.1631622314453125
9.501426696777344,0.1631622314453125
9.51216721534729,0.1631622314453125
9.52292251586914,0.1631622314453125
9.533660650253296,0.1631622314453125
9.544417381286621,0.1631622314453125
9.555153846740723,0.1631622314453125
9.56593370437622,0.1631622314453125
9.576680421829224,0.1631622314453125
9.587428092956543,0.1631622314453125
9.598159551620483,0.1631622314453125
9.608902931213379,0.1631622314453125
9.619662284851074,0.1631622314453125
9.630418539047241,0.16344451904296875
9.6411612033844,0.1636962890625
9.65191912651062,0.1641998291015625
9.662670135498047,0.164703369140625
9.673421144485474,0.16495513916015625
9.684180736541748,0.16526412963867188
9.69493818283081,0.16873550415039062
9.705699443817139,0.16940689086914062
9.716458320617676,0.16996002197265625
9.727201223373413,0.170623779296875
9.737951278686523,0.17159271240234375
9.748700141906738,0.17411422729492188
9.75945234298706,0.17512130737304688
9.770199298858643,0.17572784423828125
9.78095555305481,0.1762237548828125
9.791703462600708,0.17647552490234375
9.802452564239502,0.17647552490234375
9.8132004737854,0.17647552490234375
9.823943853378296,0.17647552490234375
9.83469033241272,0.17647552490234375
9.845441341400146,0.17647552490234375
9.856172800064087,0.17647552490234375
9.866919755935669,0.17647552490234375
9.877666234970093,0.17647552490234375
9.888415098190308,0.17647552490234375
9.899145364761353,0.17647552490234375
9.909884929656982,0.17647552490234375
9.92063021659851,0.17647552490234375
9.931380987167358,0.17647552490234375
9.942112922668457,0.17647552490234375
9.952869892120361,0.17647552490234375
9.963627099990845,0.17647552490234375
9.974378108978271,0.17647552490234375
9.985119819641113,0.17647552490234375
9.995869159698486,0.17647552490234375
10.00661826133728,0.17647552490234375
10.017371892929077,0.17647552490234375
10.028104305267334,0.17647552490234375
10.038858413696289,0.17647552490234375
10.049601078033447,0.17647552490234375
10.060365200042725,0.17647552490234375
10.071093320846558,0.17647552490234375
10.081833600997925,0.17647552490234375
10.092576742172241,0.17647552490234375
10.103323698043823,0.17647552490234375
10.114060401916504,0.17647552490234375
10.124826431274414,0.17647552490234375
10.13556718826294,0.17647552490234375
10.146306276321411,0.17647552490234375
10.15704870223999,0.17647552490234375
10.16780424118042,0.17647552490234375
10.178547620773315,0.17647552490234375
10.189291954040527,0.17647552490234375
10.200075149536133,0.17647552490234375
10.210840702056885,0.17647552490234375
10.22158932685852,0.17647552490234375
10.232342958450317,0.17647552490234375
10.243079662322998,0.17647552490234375
10.253835201263428,0.17647552490234375
10.26458191871643,0.17647552490234375
10.275332927703857,0.17647552490234375
10.286067724227905,0.17647552490234375
10.296817779541016,0.17647552490234375
10.307586431503296,0.17647552490234375
10.318342924118042,0.176727294921875
10.329092741012573,0.17732620239257812
10.340602397918701,0.4160957336425781
10.351909399032593,0.7740211486816406
10.3634934425354,1.1324729919433594
10.37523889541626,1.4909324645996094
10.387263536453247,1.9668617248535156
10.399500608444214,2.3264617919921875
10.411946535110474,2.6844749450683594
10.424736738204956,3.1618385314941406
10.437756776809692,3.5198707580566406
10.451080560684204,3.99725341796875
10.464142560958862,3.997264862060547
10.477173328399658,3.997264862060547
10.490186214447021,3.997264862060547
10.50316834449768,3.997264862060547
10.516165256500244,3.997264862060547
10.561163425445557,4.200706481933594
10.574776649475098,4.232227325439453
10.588244915008545,4.2414093017578125
10.60153341293335,4.244609832763672
10.614721536636353,4.2486572265625
10.627864837646484,4.252288818359375
10.641010999679565,4.256046295166016
10.654268741607666,4.259845733642578
10.667407274246216,4.262561798095703
10.680609464645386,4.2676849365234375
10.693763971328735,4.327152252197266
10.70703411102295,4.471046447753906
10.720134735107422,4.62579345703125
10.735689401626587,4.735099792480469
10.75147557258606,4.9731903076171875
10.767723083496094,5.400688171386719
10.783998489379883,6.041297912597656
10.801015615463257,6.584079742431641
10.824524164199829,6.849750518798828
10.84266185760498,6.638027191162109
10.85890507698059,6.600597381591797
10.874585390090942,6.472084045410156
10.890511751174927,6.907520294189453
10.907044172286987,6.845008850097656
10.92409634590149,7.131313323974609
10.940960168838501,7.344608306884766
10.958571195602417,7.6732025146484375
10.975706338882446,8.114330291748047
10.992225646972656,8.086254119873047
11.009852647781372,8.628772735595703
11.02869987487793,8.728038787841797
11.051541805267334,9.195541381835938
11.078306913375854,9.500640869140625
11.097869634628296,9.579639434814453
11.115005254745483,9.547554016113281
11.132443189620972,9.70883560180664
11.14923357963562,9.498180389404297
11.164973974227905,9.486263275146484
11.18485951423645,9.779869079589844
11.20292615890503,9.784942626953125
11.221861362457275,9.813644409179688
11.244478702545166,10.05511474609375
11.26118516921997,9.993911743164062
11.278338432312012,9.909828186035156
11.297829627990723,10.01171875
11.318434238433838,10.123374938964844
11.33666181564331,10.178638458251953
11.353163957595825,10.018611907958984
11.368574857711792,10.093318939208984
11.383663654327393,10.19363021850586
11.398937225341797,10.222591400146484
11.414475917816162,10.469783782958984
11.429763555526733,10.668769836425781
11.445539236068726,10.460269927978516
11.460858821868896,10.499462127685547
11.475902557373047,10.752620697021484
11.491394758224487,10.94366455078125
11.506812572479248,10.866050720214844
11.522058010101318,11.105804443359375
11.53779411315918,11.273818969726562
11.552753210067749,11.254600524902344
11.567962408065796,11.187984466552734
11.58288860321045,11.33721923828125
11.59807300567627,11.637802124023438
11.613951921463013,11.650291442871094
11.630598783493042,11.892681121826172
11.648555040359497,12.139457702636719
11.665176391601562,12.098224639892578
11.683650732040405,11.997989654541016
11.701494693756104,12.139324188232422
11.719765186309814,12.309345245361328
11.737104415893555,11.943107604980469
11.752671241760254,11.858287811279297
11.770021677017212,12.188087463378906
11.78701901435852,12.149711608886719
11.803493738174438,12.27053451538086
11.820722579956055,12.371540069580078
11.83823847770691,12.466869354248047
11.855337619781494,12.427486419677734
11.871641635894775,12.406597137451172
11.887595653533936,12.578224182128906
11.903104305267334,12.540016174316406
11.918248176574707,12.71023941040039
11.933627843856812,12.887508392333984
11.949467658996582,13.129764556884766
11.965789318084717,12.964576721191406
11.981197357177734,12.74249267578125
11.996100187301636,12.66253662109375
12.011579990386963,12.87451171875
12.027022123336792,12.888198852539062
12.042020797729492,12.959251403808594
12.057542324066162,12.840614318847656
12.07349705696106,13.002117156982422
12.087666988372803,13.234088897705078
12.100767850875854,13.341777801513672
12.113837003707886,13.133003234863281
12.126960039138794,12.92245101928711
12.14095401763916,13.007011413574219
12.15633487701416,13.022262573242188
12.172461986541748,12.91141128540039
12.18973183631897,12.933921813964844
12.209130764007568,13.117843627929688
12.22860598564148,13.418842315673828
12.24920129776001,13.147048950195312
12.268287897109985,13.150402069091797
12.2847261428833,13.390052795410156
12.301879644393921,13.448509216308594
12.317506551742554,13.28631591796875
12.334998846054077,13.164840698242188
12.352610349655151,13.358478546142578
12.368890762329102,13.510566711425781
12.38689136505127,13.48776626586914
12.404420614242554,13.711494445800781
12.421807527542114,13.678184509277344
12.439468145370483,13.581306457519531
12.45750880241394,13.65781021118164
12.475812911987305,13.894813537597656
12.493806838989258,14.127357482910156
12.51042366027832,14.068439483642578
12.528602600097656,14.081432342529297
12.547892332077026,13.972091674804688
12.565497875213623,14.087142944335938
12.58354377746582,14.09554672241211
12.601593971252441,14.198688507080078
12.61765718460083,13.932201385498047
12.633966207504272,14.060699462890625
12.649210214614868,14.04079818725586
12.66469693183899,13.891864776611328
12.679856538772583,13.962352752685547
12.696110010147095,14.330387115478516
12.711440563201904,13.953514099121094
12.727439880371094,14.207626342773438
12.743131875991821,14.178348541259766
12.759723424911499,14.246597290039062
12.774749040603638,14.14157485961914
12.789899110794067,14.24521255493164
12.805209398269653,14.052478790283203
12.820894241333008,14.147697448730469
12.837799072265625,14.505313873291016
12.852676153182983,14.33902359008789
12.868024826049805,14.468368530273438
12.88348388671875,14.477497100830078
12.89999794960022,14.255901336669922
12.914501428604126,14.32086181640625
12.92970085144043,14.462242126464844
12.945916652679443,14.553905487060547
12.961516618728638,14.522518157958984
12.977375268936157,14.4989013671875
12.993170976638794,14.354480743408203
13.008939504623413,14.595291137695312
13.026139974594116,14.319244384765625
13.041558504104614,14.368087768554688
13.0579833984375,14.534317016601562
13.073846101760864,14.3668212890625
13.089691877365112,14.525421142578125
13.104923009872437,14.470523834228516
13.119783878326416,14.290290832519531
13.135989904403687,14.56448745727539
13.155827283859253,14.727405548095703
13.1730318069458,14.555152893066406
13.191805839538574,14.247272491455078
13.209331035614014,14.329479217529297
13.227466583251953,14.52890396118164
13.245367527008057,14.732097625732422
13.262635946273804,14.286148071289062
13.280730247497559,14.311832427978516
13.298747539520264,14.268783569335938
13.31585431098938,14.304241180419922
13.333222389221191,14.36093521118164
13.350950956344604,14.448902130126953
13.36906123161316,14.645198822021484
13.386616945266724,14.824970245361328
13.404873132705688,14.465187072753906
13.42558217048645,14.661273956298828
13.444175958633423,14.323993682861328
13.463051795959473,14.510265350341797
13.481245756149292,14.395809173583984
13.499415636062622,14.363197326660156
13.517664909362793,14.589054107666016
13.535647869110107,14.637191772460938
13.552363395690918,14.663352966308594
13.570554971694946,14.431926727294922
13.58833384513855,14.552059173583984
13.606846332550049,14.443798065185547
13.62587833404541,14.473770141601562
13.643234968185425,14.384658813476562
13.661755800247192,14.388675689697266
13.679703712463379,14.608295440673828
13.695966720581055,14.682292938232422
13.712364912033081,14.442031860351562
13.730391025543213,14.30398941040039
13.74766206741333,14.170604705810547
13.765242338180542,14.529071807861328
13.783084630966187,14.439094543457031
13.800553560256958,14.54343032836914
13.818817853927612,14.524608612060547
13.835948944091797,14.426124572753906
13.855313777923584,14.506450653076172
13.87359070777893,14.432846069335938
13.891842365264893,14.66311264038086
13.90929102897644,14.461109161376953
13.92756199836731,14.551517486572266
13.951911449432373,14.636837005615234
13.969268560409546,14.39468765258789
13.987825155258179,14.541938781738281
14.00715708732605,14.542869567871094
14.02525782585144,14.503128051757812
14.042664051055908,14.776374816894531
14.061071157455444,14.564273834228516
14.079222917556763,14.488349914550781
14.097445487976074,14.104721069335938
14.117089033126831,14.359630584716797
14.1370267868042,14.637588500976562
14.154293060302734,14.613441467285156
14.171740055084229,14.404979705810547
14.19000244140625,14.348079681396484
14.206539869308472,14.391429901123047
14.225791215896606,14.71273422241211
14.243860721588135,14.687442779541016
14.260895490646362,14.51169204711914
14.279203653335571,14.525177001953125
14.297854900360107,14.513431549072266
14.315786838531494,14.58224105834961
14.332786083221436,14.445663452148438
14.352593660354614,14.576557159423828
14.370398044586182,14.662521362304688
14.388736963272095,14.663997650146484
14.406054973602295,14.527976989746094
14.423688173294067,14.505096435546875
14.44234299659729,14.754962921142578
14.459826231002808,14.750511169433594
14.477932214736938,14.492969512939453
14.495263814926147,13.895801544189453
14.512308597564697,14.591583251953125
14.52970814704895,14.40032958984375
14.547555923461914,14.451210021972656
14.56464672088623,14.260871887207031
14.58224630355835,14.497478485107422
14.600461959838867,14.662708282470703
14.618351936340332,14.640186309814453
14.634615898132324,14.486083984375
14.651617765426636,14.452003479003906
14.66997504234314,14.476158142089844
14.687795639038086,14.545585632324219
14.70637559890747,14.989143371582031
14.72333836555481,14.621551513671875
14.741065502166748,14.383808135986328
14.75883936882019,14.414749145507812
14.776428937911987,14.259330749511719
14.794565439224243,14.487056732177734
14.812086343765259,14.53042221069336
14.83196210861206,14.833106994628906
14.85185194015503,14.666446685791016
14.867867946624756,14.532154083251953
14.884921789169312,14.241840362548828
14.90172529220581,14.622001647949219
14.919082880020142,14.625022888183594
14.935389280319214,14.568572998046875
14.953161716461182,14.59286880493164
14.970618486404419,14.349113464355469
14.987415313720703,14.469940185546875
15.005143404006958,14.778339385986328
15.022671937942505,14.535884857177734
15.03999924659729,14.407882690429688
15.057536840438843,14.65576171875
15.075901746749878,14.790355682373047
15.092701196670532,14.59311294555664
15.11001443862915,14.576953887939453
15.129004716873169,14.64987564086914
15.148536682128906,14.522872924804688
15.165925979614258,14.734249114990234
15.183970212936401,14.65945053100586
15.201075792312622,14.563793182373047
15.218117952346802,14.289710998535156
15.235544919967651,14.527530670166016
15.253744840621948,14.398300170898438
15.270645380020142,14.729995727539062
15.28880262374878,14.633098602294922
15.306380987167358,14.573223114013672
15.325152158737183,14.577075958251953
15.341692447662354,14.60537338256836
15.358461618423462,14.548534393310547
15.377079010009766,14.475120544433594
15.39422082901001,14.457740783691406
15.41097617149353,14.637889862060547
15.427602291107178,14.614055633544922
15.445103645324707,14.54949951171875
15.461768388748169,14.688301086425781
15.47922134399414,14.44742202758789
15.495443105697632,14.53049087524414
15.51288104057312,14.507938385009766
15.531997203826904,14.685623168945312
15.550180912017822,14.778373718261719
15.568029642105103,14.86734390258789
15.585714101791382,14.509445190429688
15.603593349456787,14.683883666992188
15.620871782302856,14.704055786132812
15.637260437011719,14.559120178222656
15.654916524887085,14.772018432617188
15.673880815505981,14.469970703125
15.691906690597534,14.541034698486328
15.709803104400635,14.767784118652344
15.726778507232666,14.751705169677734
15.744548082351685,14.721664428710938
15.762351512908936,14.686321258544922
15.780252933502197,14.64205551147461
15.797357082366943,14.276432037353516
15.814518928527832,14.791515350341797
15.834004878997803,15.028987884521484
15.850423097610474,14.789806365966797
15.86730408668518,14.606151580810547
15.885715246200562,14.63668441772461
15.903441429138184,14.565479278564453
15.920752048492432,14.75546646118164
15.938878774642944,14.767963409423828
15.956034898757935,14.592288970947266
15.97434401512146,14.62479019165039
15.992431879043579,14.86190414428711
16.009209632873535,14.753570556640625
16.026734828948975,14.905899047851562
16.043265342712402,15.01141357421875
16.0597927570343,14.806537628173828
16.07579255104065,14.897941589355469
16.0938880443573,14.582836151123047
16.11292815208435,14.89632797241211
16.130308628082275,14.564643859863281
16.14680814743042,14.776561737060547
16.165358304977417,14.764415740966797
16.183587789535522,15.053180694580078
16.20072627067566,14.438098907470703
16.217922925949097,14.646774291992188
16.235311031341553,14.811027526855469
16.25377106666565,14.979167938232422
16.271339654922485,14.949337005615234
16.290130615234375,14.981620788574219
16.30729079246521,14.749927520751953
16.32470679283142,14.708000183105469
16.342177867889404,14.839595794677734
16.35936689376831,14.8056640625
16.37757706642151,14.87152099609375
16.394357919692993,14.791419982910156
16.41195774078369,14.717731475830078
16.43195414543152,14.883743286132812
16.450332403182983,14.997894287109375
16.468364477157593,14.856300354003906
16.485930681228638,15.11923599243164
16.50307559967041,14.943313598632812
16.521801710128784,15.068183898925781
16.540867567062378,14.921817779541016
16.557564973831177,14.69955062866211
16.576024055480957,14.807746887207031
16.593695640563965,14.887821197509766
16.610857486724854,15.061325073242188
16.628457069396973,14.753944396972656
16.647100925445557,14.902812957763672
16.665165901184082,14.631214141845703
16.683094024658203,14.891490936279297
16.699633598327637,15.152877807617188
16.71740484237671,14.862724304199219
16.736518383026123,15.094707489013672
16.75460457801819,14.839168548583984
16.771546602249146,14.77481460571289
16.79001760482788,15.098426818847656
16.807365894317627,14.928081512451172
16.824504137039185,14.822219848632812
16.84276556968689,14.859294891357422
16.860504388809204,15.293594360351562
16.878746271133423,15.001693725585938
16.89823007583618,14.863529205322266
16.916629552841187,14.658493041992188
16.93410897254944,14.798053741455078
16.954222440719604,15.026752471923828
16.971715927124023,15.069755554199219
16.99103331565857,14.874908447265625
17.007827281951904,14.644649505615234
17.02480673789978,14.699844360351562
17.041857957839966,14.837135314941406
17.05900287628174,14.97479248046875
17.077025175094604,14.786590576171875
17.09427285194397,14.85599136352539
17.112353563308716,15.107433319091797
17.130481481552124,15.119674682617188
17.14717149734497,14.9266357421875
17.164831399917603,14.826160430908203
17.18235969543457,14.748218536376953
17.200151205062866,15.046825408935547
17.219184637069702,15.118301391601562
17.235798120498657,15.064376831054688
17.254013299942017,14.806102752685547
17.272655725479126,15.071147918701172
17.289510488510132,14.968238830566406
17.308000326156616,15.138919830322266
17.325193643569946,15.036151885986328
17.3434739112854,14.956474304199219
17.362762212753296,15.034603118896484
17.37872314453125,14.996932983398438
17.396271467208862,14.980659484863281
17.415152549743652,15.092361450195312
17.433053970336914,14.934295654296875
17.451947927474976,14.869590759277344
17.468600749969482,14.883270263671875
17.485172986984253,15.096061706542969
17.50299835205078,15.16567611694336
17.521072149276733,15.271469116210938
17.537930250167847,15.31612777709961
17.55606174468994,15.282588958740234
17.574230432510376,15.31918716430664
17.5913667678833,15.171989440917969
17.609475135803223,15.18826675415039
17.62630581855774,14.970401763916016
17.643348455429077,15.263961791992188
17.659826517105103,15.287403106689453
17.676902770996094,15.070728302001953
17.694973707199097,15.090538024902344
17.71371340751648,15.351268768310547
17.732566356658936,15.42929458618164
17.74980926513672,15.179397583007812
17.76706576347351,15.125534057617188
17.78551173210144,15.298145294189453
17.80222797393799,15.271949768066406
17.820032119750977,15.225982666015625
17.836936235427856,15.271331787109375
17.855799198150635,15.318893432617188
17.8735830783844,15.310691833496094
17.890989065170288,15.329814910888672
17.90869665145874,15.393566131591797
17.92751979827881,15.243354797363281
17.94516944885254,15.186172485351562
17.962984800338745,15.32468032836914
17.981231927871704,15.409530639648438
17.99907422065735,15.298397064208984
18.016936540603638,15.307361602783203
18.03459334373474,15.146015167236328
18.051809072494507,15.545307159423828
18.070465326309204,15.537452697753906
18.08841896057129,15.679389953613281
18.10521411895752,15.226150512695312
18.122995615005493,15.285919189453125
18.142229080200195,15.436454772949219
18.159696102142334,15.512886047363281
18.176644325256348,15.541885375976562
18.19701623916626,15.543006896972656
18.212903261184692,15.174285888671875
18.2302188873291,15.419952392578125
18.24720311164856,15.29019546508789
18.264524936676025,15.456253051757812
18.282927989959717,15.463943481445312
18.299971342086792,15.519638061523438
18.318828105926514,15.616256713867188
18.33768081665039,15.668773651123047
18.355772495269775,15.542232513427734
18.37248420715332,15.243148803710938
18.389304161071777,15.122928619384766
18.405925035476685,15.507331848144531
18.423479080200195,15.465652465820312
18.44072961807251,15.32427978515625
18.457540273666382,15.378780364990234
18.475110292434692,15.676738739013672
18.49365997314453,15.761604309082031
18.511435508728027,15.654457092285156
18.528790712356567,15.381542205810547
18.550137281417847,15.707271575927734
18.568665981292725,15.525222778320312
18.58598017692566,15.449440002441406
18.603270053863525,15.508377075195312
18.619651556015015,15.4237060546875
18.63763165473938,15.496089935302734
18.654877185821533,15.441886901855469
18.672085523605347,15.400863647460938
18.691248655319214,15.573963165283203
18.70964550971985,15.295097351074219
18.725766897201538,15.683109283447266
18.743995428085327,15.577030181884766
18.763228178024292,15.87869644165039
18.781200170516968,15.7860107421875
18.798896312713623,15.874462127685547
18.8166720867157,15.733787536621094
18.834844827651978,15.585960388183594
18.85212469100952,15.38616943359375
18.87010145187378,15.360801696777344
18.888516902923584,15.62432861328125
18.906593322753906,15.739131927490234
18.926694631576538,15.485782623291016
18.944713354110718,15.624530792236328
18.96184468269348,15.64376449584961
18.98117685317993,15.751304626464844
18.99980354309082,15.608287811279297
19.016499280929565,15.47149658203125
19.03434705734253,15.567779541015625
19.05088233947754,15.591773986816406
19.068475484848022,15.742713928222656
19.086191177368164,15.776798248291016
19.10315179824829,15.657268524169922
19.120649337768555,15.567283630371094
19.138377904891968,15.566532135009766
19.15663194656372,15.509284973144531
19.175249814987183,15.544857025146484
19.193070650100708,15.478595733642578
19.211666345596313,15.552024841308594
19.22904396057129,15.824481964111328
19.246780395507812,15.964927673339844
19.26494526863098,15.493598937988281
19.282492876052856,15.421672821044922
19.299448490142822,15.303050994873047
19.318633317947388,15.54111099243164
19.336007356643677,15.70186996459961
19.35238766670227,15.50027084350586
19.371209144592285,15.82900619506836
19.388911485671997,15.896194458007812
19.405513286590576,15.677932739257812
19.42288899421692,15.385509490966797
19.442382335662842,15.586479187011719
19.459924936294556,15.660221099853516
19.477014541625977,15.495670318603516
19.494566917419434,15.719642639160156
19.512270212173462,15.791996002197266
19.52996325492859,15.55767822265625
19.54784893989563,15.498661041259766
19.565659523010254,15.660087585449219
19.58373737335205,15.760677337646484
19.60258460044861,15.812110900878906
19.62006950378418,15.577850341796875
19.6377534866333,15.660831451416016
19.654582262039185,15.74252700805664
19.671644926071167,15.703681945800781
19.689870357513428,15.733104705810547
19.706419706344604,15.796478271484375
19.72352409362793,15.91183853149414
19.741228580474854,15.806015014648438
19.759514808654785,15.776016235351562
19.776387691497803,15.901134490966797
19.795899152755737,15.882701873779297
19.813260316848755,15.861209869384766
19.83070731163025,15.934501647949219
19.848323106765747,15.855369567871094
19.8652982711792,15.543212890625
19.883083820343018,15.592498779296875
19.900516986846924,15.75986099243164
19.918355226516724,15.661323547363281
19.9359450340271,15.563472747802734
19.952632665634155,15.67136001586914
19.971636295318604,15.823097229003906
19.989073276519775,15.987972259521484
20.00652503967285,15.501201629638672
20.024882316589355,15.955768585205078
20.045334100723267,15.876712799072266
20.0616352558136,15.951297760009766
20.07801055908203,15.782478332519531
20.095459461212158,15.836647033691406
20.114091157913208,15.753692626953125
20.130716800689697,15.799690246582031
20.14852786064148,15.989158630371094
20.166497707366943,15.834827423095703
20.183154106140137,15.725555419921875
20.201456785202026,16.128257751464844
20.21811604499817,15.978260040283203
20.2342529296875,15.93484878540039
20.25237774848938,15.898612976074219
20.269769191741943,15.752132415771484
20.28688621520996,15.946712493896484
20.30301570892334,15.845230102539062
20.320330381393433,15.79623794555664
20.337941884994507,15.188762664794922
20.356824159622192,15.321792602539062
20.376220226287842,15.327392578125
20.394490480422974,15.141868591308594
20.41259241104126,15.427745819091797
20.430253744125366,15.482913970947266
20.446139335632324,15.279273986816406
20.464076042175293,15.757110595703125
20.48178195953369,15.700557708740234
20.500118255615234,15.519161224365234
20.518592596054077,15.296344757080078
20.53777050971985,15.445152282714844
20.55413246154785,15.412010192871094
20.572064876556396,15.710136413574219
20.590667724609375,15.656013488769531
20.60751247406006,15.58736801147461
20.62493658065796,15.716320037841797
20.642579317092896,15.94540786743164
20.661441802978516,15.844390869140625
20.679905652999878,15.90402603149414
20.69731378555298,15.857933044433594
20.715789794921875,15.985565185546875
20.733107566833496,15.863090515136719
20.750232696533203,15.819961547851562
20.768341541290283,15.831218719482422
20.786485195159912,15.844196319580078
20.804532766342163,15.818389892578125
20.821804523468018,15.753807067871094
20.84013843536377,15.84322738647461
20.856849670410156,15.978042602539062
20.87348508834839,15.888137817382812
20.8906352519989,16.011417388916016
20.90713858604431,15.778968811035156
20.923460721969604,15.804203033447266
20.940916061401367,15.927326202392578
20.959391355514526,16.197803497314453
20.977466821670532,16.352069854736328
20.994871854782104,16.262859344482422
21.01296067237854,16.193042755126953
21.02993154525757,16.269790649414062
21.04773736000061,16.568038940429688
21.065066814422607,16.521007537841797
21.08582305908203,16.59302520751953
21.101983070373535,16.376697540283203
21.119152784347534,16.075637817382812
21.13673424720764,16.30234146118164
21.15388536453247,15.716316223144531
21.17139506340027,15.805126190185547
21.1896333694458,15.866905212402344
21.207539558410645,15.197513580322266
21.225589275360107,15.347091674804688
21.24202585220337,15.160839080810547
21.258458137512207,15.179828643798828
21.274765729904175,15.345809936523438
21.292287588119507,15.4044189453125
21.30977201461792,15.499534606933594
21.32745671272278,15.312625885009766
21.345011949539185,15.310550689697266
21.362191677093506,15.373546600341797
21.379500150680542,15.465621948242188
21.396909713745117,15.483844757080078
21.413126707077026,15.665363311767578
21.43107008934021,15.741676330566406
21.448626041412354,15.626701354980469
21.464478731155396,15.185096740722656
21.480950117111206,14.696632385253906
21.497657537460327,14.991588592529297
21.515002489089966,14.9871826171875
21.532707452774048,14.927066802978516
21.551442861557007,15.033958435058594
21.5676851272583,14.919483184814453
21.585121870040894,14.334671020507812
21.60201096534729,14.528099060058594
21.619813203811646,14.47088623046875
21.63749408721924,14.370830535888672
21.654215574264526,14.567333221435547
21.671587705612183,14.459430694580078
21.69000506401062,14.472110748291016
21.708304166793823,14.52206039428711
21.725343227386475,14.49392318725586
21.74280619621277,14.580074310302734
21.760494232177734,14.383480072021484
21.77834129333496,14.545791625976562
21.795028924942017,14.616386413574219
21.81144142150879,14.767749786376953
21.82765245437622,14.85104751586914
21.84561800956726,14.783966064453125
21.86464762687683,14.921520233154297
21.882639408111572,14.985065460205078
21.899636268615723,15.045040130615234
21.915825605392456,14.467540740966797
21.931020259857178,14.581974029541016
21.947304248809814,14.703277587890625
21.965136289596558,14.738086700439453
21.98346972465515,14.855300903320312
21.999883890151978,14.641769409179688
22.015763759613037,14.65774917602539
22.032225847244263,14.7864990234375
22.050229787826538,14.943359375
22.06933569908142,15.09122085571289
22.086475610733032,15.380229949951172
22.10271954536438,15.430961608886719
22.11833167076111,15.441669464111328
22.1346492767334,15.522151947021484
22.15292763710022,15.703018188476562
22.170571327209473,15.606559753417969
22.18687415122986,15.575218200683594
22.20433807373047,15.43017578125
22.21979570388794,15.055522918701172
22.237553358078003,14.966144561767578
22.254555463790894,14.39022445678711
22.272661924362183,14.644035339355469
22.288984060287476,14.512924194335938
22.307385206222534,14.543167114257812
22.32478427886963,14.56893539428711
22.34247636795044,14.605361938476562
22.35940384864807,14.558319091796875
22.376917362213135,14.81375503540039
22.394639015197754,14.708759307861328
22.412809133529663,14.781669616699219
22.4301598072052,14.909881591796875
22.447659254074097,15.055427551269531
22.463905096054077,14.583114624023438
22.480753898620605,13.65704345703125
22.49783492088318,13.76119613647461
22.516062259674072,13.877601623535156
22.533868551254272,14.031482696533203
22.55251407623291,13.843585968017578
22.570100784301758,13.885673522949219
22.58721375465393,13.74239730834961
22.6054847240448,13.835865020751953
22.62320113182068,13.866813659667969
22.641806602478027,13.73468017578125
22.659213304519653,13.977783203125
22.675901889801025,13.655998229980469
22.691732168197632,13.763423919677734
22.71031928062439,14.007640838623047
22.726863622665405,14.14111328125
22.744959831237793,13.987178802490234
22.76276993751526,14.011764526367188
22.78156089782715,14.107612609863281
22.798527479171753,14.118690490722656
22.816980361938477,14.085758209228516
22.834290266036987,14.109321594238281
22.851274013519287,14.30343246459961
22.86884307861328,14.408027648925781
22.885796070098877,14.143123626708984
22.902222394943237,14.23458480834961
22.920472145080566,13.471294403076172
22.936838626861572,13.44134521484375
22.95296597480774,13.5384521484375
22.97072958946228,13.659065246582031
22.98926877975464,13.018386840820312
23.005982875823975,13.087207794189453
23.0212459564209,12.728034973144531
23.038650035858154,12.887344360351562
23.05551838874817,12.995254516601562
23.071335792541504,12.943416595458984
23.087982177734375,12.94244384765625
23.105959177017212,13.1705322265625
23.123926639556885,12.998699188232422
23.140959978103638,13.105186462402344
23.159429788589478,13.197437286376953
23.177091121673584,13.130447387695312
23.193711519241333,12.87734603881836
23.20973825454712,12.754161834716797
23.228039979934692,13.029827117919922
23.246681213378906,13.188945770263672
23.264163970947266,13.157962799072266
23.283175945281982,13.235889434814453
23.301687479019165,13.240875244140625
23.318530559539795,13.18051528930664
23.335320472717285,13.156829833984375
23.35311508178711,13.197029113769531
23.371805667877197,13.231124877929688
23.388783931732178,12.849079132080078
23.406474113464355,13.096744537353516
23.423195838928223,13.09402084350586
23.441123485565186,13.14133071899414
23.45861554145813,13.06924057006836
23.475943565368652,13.177562713623047
23.4938485622406,13.336189270019531
23.510974645614624,13.303253173828125
23.52830934524536,13.336021423339844
23.546082973480225,13.498603820800781
23.561944007873535,13.413707733154297
23.579094409942627,13.032474517822266
23.596181392669678,12.55289077758789
23.61291527748108,12.548568725585938
23.6307110786438,12.759788513183594
23.648658752441406,12.54730224609375
23.664812088012695,12.411239624023438
23.681503534317017,12.447208404541016
23.69827628135681,12.508811950683594
23.715441942214966,12.647773742675781
23.731971263885498,12.68996810913086
23.750441789627075,12.894100189208984
23.769678592681885,12.947257995605469
23.78800916671753,13.073837280273438
23.805795669555664,12.88568115234375
23.82237935066223,12.86368179321289
23.83990454673767,12.774539947509766
23.856296062469482,12.829444885253906
23.87363290786743,12.767574310302734
23.890891313552856,12.983528137207031
23.907540559768677,13.047672271728516
23.924574613571167,13.013530731201172
23.94256067276001,13.191429138183594
23.959654092788696,13.154277801513672
23.97671937942505,12.884342193603516
23.993558406829834,12.870647430419922
24.00975489616394,13.096736907958984
24.026108503341675,13.04385757446289
24.043391227722168,13.017303466796875
24.06073260307312,13.098575592041016
24.077873945236206,13.050426483154297
24.09471368789673,13.11459732055664
24.112629890441895,13.009674072265625
24.132485151290894,13.099136352539062
24.148223876953125,12.742916107177734
24.16513419151306,13.130916595458984
24.182738304138184,13.08590316772461
24.199809312820435,13.175697326660156
24.21698832511902,13.09041976928711
24.233524322509766,13.124122619628906
24.25077247619629,13.034488677978516
24.26835322380066,13.086498260498047
24.284132957458496,13.174510955810547
24.301801204681396,13.303272247314453
24.319056749343872,13.377742767333984
24.33485984802246,13.225212097167969
24.352295875549316,13.253528594970703
24.37124514579773,13.372833251953125
24.388643503189087,13.430702209472656
24.406272888183594,13.624580383300781
24.422375917434692,13.408248901367188
24.439136266708374,13.405521392822266
24.457024335861206,13.58908462524414
24.474209785461426,12.959617614746094
24.49027156829834,12.854446411132812
24.507704734802246,12.924457550048828
24.523923635482788,13.170665740966797
24.540735721588135,12.78719711303711
24.55681562423706,12.227027893066406
24.57237458229065,12.371517181396484
24.58887529373169,12.286678314208984
24.606634616851807,12.089237213134766
24.622722148895264,12.116935729980469
24.6380295753479,12.178241729736328
24.653722047805786,12.287246704101562
24.669560194015503,12.270038604736328
24.686091899871826,12.282169342041016
24.70340061187744,12.298088073730469
24.719956636428833,12.456523895263672
24.735947608947754,12.412662506103516
24.752203702926636,12.561450958251953
24.76715326309204,12.337272644042969
24.782456874847412,12.350143432617188
24.79804015159607,12.147891998291016
24.814202308654785,12.390033721923828
24.829823970794678,12.216693878173828
24.84579110145569,12.420722961425781
24.865094661712646,12.23370361328125
24.881010055541992,12.548599243164062
24.896686792373657,12.569904327392578
24.912667512893677,12.632129669189453
24.92846941947937,12.732318878173828
24.944268703460693,12.748023986816406
24.96161150932312,12.629833221435547
24.977341890335083,12.72024154663086
24.99366593360901,12.692398071289062
25.01042652130127,12.815139770507812
25.02812957763672,12.725837707519531
25.045064210891724,12.684211730957031
25.06090998649597,12.880081176757812
25.07699942588806,12.830074310302734
25.0927095413208,12.88399887084961
25.107739686965942,12.639774322509766
25.122864246368408,12.262401580810547
25.138731241226196,12.420570373535156
25.154256105422974,12.330650329589844
25.1690890789032,12.152969360351562
25.1837797164917,12.213375091552734
25.198776245117188,12.454730987548828
25.21281099319458,12.322830200195312
25.227717876434326,12.127998352050781
25.24308180809021,12.260826110839844
25.257444858551025,12.248687744140625
25.272680044174194,12.186775207519531
25.287768363952637,12.071826934814453
25.302435874938965,11.87869644165039
25.31893754005432,12.124492645263672
25.333904266357422,12.191307067871094
25.348185777664185,12.147476196289062
25.362712383270264,12.221206665039062
25.377166986465454,12.302322387695312
25.39249539375305,12.349735260009766
25.407904863357544,11.950706481933594
25.42283582687378,11.92336654663086
25.437872648239136,12.071269989013672
25.45360779762268,12.062122344970703
25.46789002418518,12.037483215332031
25.482891082763672,12.141334533691406
25.49708342552185,11.828361511230469
25.512563943862915,12.154541015625
25.52769160270691,12.052574157714844
25.543285846710205,12.22586441040039
25.559081554412842,12.102893829345703
25.573578119277954,12.11370849609375
25.588229656219482,12.04974365234375
25.604202032089233,12.219512939453125
25.61874008178711,12.228713989257812
25.63366150856018,12.055999755859375
25.648742198944092,12.260066986083984
25.664698123931885,12.311897277832031
25.67950701713562,12.29156494140625
25.693845987319946,12.437294006347656
25.709636211395264,12.254356384277344
25.72478675842285,12.342857360839844
25.739369869232178,12.535812377929688
25.75419569015503,12.634517669677734
25.769566297531128,12.53433609008789
25.784618377685547,12.36600112915039
25.79977250099182,12.301944732666016
25.815321683883667,12.552753448486328
25.83042883872986,12.633560180664062
25.845752000808716,12.658500671386719
25.861725568771362,12.501876831054688
25.876083850860596,12.59796142578125
25.890775442123413,12.50885009765625
25.90521764755249,12.679084777832031
25.919925928115845,12.454315185546875
25.934902906417847,12.590660095214844
25.949549436569214,12.543842315673828
25.965174913406372,12.73577880859375
25.979873180389404,12.856918334960938
25.994871139526367,12.983577728271484
26.009403467178345,12.64187240600586
26.02390217781067,12.875801086425781
26.039120197296143,13.003189086914062
26.05477237701416,13.169578552246094
26.07053804397583,13.077098846435547
26.084730625152588,13.060432434082031
26.09952211380005,13.3780517578125
26.11415457725525,13.283859252929688
26.12941312789917,13.406661987304688
26.144773960113525,13.48012924194336
26.159679889678955,13.325172424316406
26.174478769302368,13.340614318847656
26.19017791748047,12.643135070800781
26.20560312271118,12.77438735961914
26.220860719680786,12.92971420288086
26.236371517181396,12.889793395996094
26.25182032585144,12.62929916381836
26.267069101333618,12.819744110107422
26.282643795013428,12.870880126953125
26.298011779785156,12.975566864013672
26.312694311141968,12.772048950195312
26.32720160484314,12.97589111328125
26.342464923858643,12.755401611328125
26.357242345809937,12.779239654541016
26.372705698013306,12.83187484741211
26.387786388397217,12.86032485961914
26.40233564376831,12.630748748779297
26.41712212562561,12.796375274658203
26.432241201400757,12.841083526611328
26.44817280769348,12.845317840576172
26.46389412879944,12.760948181152344
26.47944712638855,12.89358139038086
26.49400281906128,12.886589050292969
26.508876085281372,12.829479217529297
26.524214267730713,12.864856719970703
26.539159297943115,12.7476806640625
26.55381941795349,12.84246826171875
26.569036960601807,12.790172576904297
26.58455228805542,12.892242431640625
26.599088191986084,12.962104797363281
26.613770723342896,12.899105072021484
26.629164218902588,12.699737548828125
26.64478611946106,12.90335464477539
26.659515142440796,12.836593627929688
26.674158573150635,13.033367156982422
26.689667463302612,12.951080322265625
26.70482301712036,13.23147964477539
26.721558094024658,13.209064483642578
26.73646593093872,13.141563415527344
26.750995635986328,12.926517486572266
26.766130447387695,13.025432586669922
26.780455589294434,13.087665557861328
26.794723749160767,12.797077178955078
26.809597730636597,13.024059295654297
26.824284553527832,13.10567855834961
26.839932680130005,13.234512329101562
26.854220151901245,12.96224594116211
26.869384050369263,13.075054168701172
26.884228944778442,13.212348937988281
26.899357557296753,13.487693786621094
26.913503408432007,13.102489471435547
26.928726196289062,13.108448028564453
26.944124460220337,13.386043548583984
26.95877504348755,13.20772933959961
26.97510552406311,13.330280303955078
26.991593599319458,13.240386962890625
27.00747513771057,13.15701675415039
27.02408003807068,13.275390625
27.040518760681152,13.252593994140625
27.057095766067505,13.085784912109375
27.074172496795654,12.897296905517578
27.09156560897827,13.187942504882812
27.110355377197266,13.349929809570312
27.127558946609497,13.28079605102539
27.143582820892334,13.015392303466797
27.160308122634888,13.20562744140625
27.176550149917603,13.270076751708984
27.193617343902588,13.239646911621094
27.20891237258911,13.168994903564453
27.224807500839233,13.017379760742188
27.24076557159424,13.185432434082031
27.255217790603638,13.07564926147461
27.271130084991455,13.025169372558594
27.28707766532898,13.021350860595703
27.302905797958374,13.111263275146484
27.318630695343018,13.26064682006836
27.334672451019287,13.081047058105469
27.35406231880188,12.974727630615234
27.37173867225647,13.247920989990234
27.387777090072632,13.229686737060547
27.404247999191284,13.325241088867188
27.420095205307007,13.396873474121094
27.43655776977539,13.614246368408203
27.454012870788574,13.676582336425781
27.46942925453186,13.426582336425781
27.486546277999878,13.582542419433594
27.504220962524414,13.61483383178711
27.520749807357788,13.76523208618164
27.536757230758667,13.74483871459961
27.553365230560303,13.81124496459961
27.57295298576355,13.994037628173828
27.588990211486816,13.737873077392578
27.607053995132446,13.94027328491211
27.624929189682007,13.744338989257812
27.64119863510132,13.983680725097656
27.658953189849854,13.919361114501953
27.677082777023315,14.290668487548828
27.694913864135742,14.233757019042969
27.712479829788208,14.080448150634766
27.72860336303711,13.833610534667969
27.746061325073242,14.24090576171875
27.763367414474487,14.34665298461914
27.780213356018066,13.938640594482422
27.798285484313965,14.078369140625
27.815572261810303,14.189018249511719
27.832468509674072,14.121894836425781
27.84968400001526,14.328147888183594
27.868983268737793,14.545207977294922
27.886747121810913,14.428264617919922
27.904181480407715,14.521526336669922
27.921152353286743,14.383785247802734
27.93782687187195,14.66739273071289
27.956120014190674,14.42617416381836
27.97402024269104,14.426624298095703
27.991982221603394,14.451778411865234
28.009034633636475,14.356300354003906
28.026645183563232,14.392402648925781
28.043764352798462,14.425312042236328
28.06121277809143,14.406147003173828
28.078097820281982,14.468605041503906
28.09453535079956,14.441219329833984
28.110877990722656,14.496936798095703
28.128591299057007,14.54248046875
28.14732074737549,14.464824676513672
28.16511559486389,14.674789428710938
28.18297266960144,14.57065200805664
28.199811220169067,14.729679107666016
28.2186381816864,14.830860137939453
28.235295295715332,14.698246002197266
28.25174903869629,14.788036346435547
28.267334938049316,14.819503784179688
28.28553533554077,14.764701843261719
28.30304980278015,14.82049560546875
28.320615530014038,14.788990020751953
28.33885145187378,15.0291748046875
28.356852769851685,14.833702087402344
28.37421417236328,14.78192138671875
28.390295267105103,14.86395263671875
28.408178091049194,14.797527313232422
28.42579436302185,14.763446807861328
28.442286252975464,14.707969665527344
28.458659887313843,14.665416717529297
28.47648048400879,15.129329681396484
28.49368977546692,14.957351684570312
28.511452436447144,14.875167846679688
28.528225660324097,14.911643981933594
28.54521870613098,14.989265441894531
28.565217971801758,14.94260025024414
28.58193564414978,15.059913635253906
28.59918785095215,15.09393310546875
28.61740732192993,14.883262634277344
28.636207818984985,15.050613403320312
28.65321946144104,14.956844329833984
28.671788215637207,15.111557006835938
28.689214944839478,14.799270629882812
28.706916332244873,14.985023498535156
28.725071907043457,14.903457641601562
28.74013328552246,14.306068420410156
28.755441904067993,14.258613586425781
28.770341157913208,14.205638885498047
28.78533959388733,13.961009979248047
28.80042600631714,14.23126220703125
28.81607484817505,14.369392395019531
28.831284523010254,14.353862762451172
28.846658945083618,14.265182495117188
28.861398935317993,14.214496612548828
28.876216173171997,14.251396179199219
28.890430212020874,14.311511993408203
28.904332399368286,14.48770523071289
28.918612003326416,14.43082046508789
28.932419776916504,14.482139587402344
28.946065425872803,14.349540710449219
28.959688425064087,14.56869888305664
28.97329592704773,14.7796630859375
28.98674249649048,14.692142486572266
29.00021505355835,14.65841293334961
29.013612747192383,14.507186889648438
29.028915882110596,14.760913848876953
29.04438304901123,15.019054412841797
29.05858039855957,14.967723846435547
29.07257103919983,14.949085235595703
29.08673095703125,14.964710235595703
29.10076117515564,14.967208862304688
29.115856409072876,14.995975494384766
29.131211042404175,15.424705505371094
29.14664077758789,15.35256576538086
29.161267280578613,15.148406982421875
29.176586866378784,14.8990478515625
29.192701816558838,15.068107604980469
29.20837426185608,15.336376190185547
29.223971366882324,15.33242416381836
29.238863706588745,15.349716186523438
29.254920959472656,15.310497283935547
29.270771980285645,15.21136474609375
29.286174297332764,15.042320251464844
29.30205726623535,15.236236572265625
29.317874431610107,15.434776306152344
29.332955837249756,15.436927795410156
29.348084926605225,14.965766906738281
29.362596035003662,15.143489837646484
29.37797975540161,15.090015411376953
29.393143892288208,15.127853393554688
29.40809655189514,15.276901245117188
29.422600984573364,15.358261108398438
29.43788504600525,15.164169311523438
29.45433259010315,15.295295715332031
29.470428943634033,15.370277404785156
29.485830068588257,15.621269226074219
29.501570463180542,15.499919891357422
29.516770362854004,15.06781005859375
29.53249740600586,15.264484405517578
29.54850435256958,15.243946075439453
29.564194679260254,15.363815307617188
29.579378366470337,15.444801330566406
29.59510111808777,15.589698791503906
29.609782695770264,15.168949127197266
29.624865293502808,15.279685974121094
29.640191793441772,15.485061645507812
29.65565276145935,15.521541595458984
29.670611143112183,14.991828918457031
29.686275243759155,15.223331451416016
29.701728105545044,15.275081634521484
29.716870307922363,15.213462829589844
29.732263565063477,15.393474578857422
29.747225522994995,15.408355712890625
29.76248574256897,15.345207214355469
29.77797842025757,15.398693084716797
29.793354272842407,15.59942626953125
29.80826187133789,15.841102600097656
29.82412838935852,15.658790588378906
29.84141206741333,15.529369354248047
29.857054471969604,15.599018096923828
29.872952938079834,15.771759033203125
29.8890643119812,15.957820892333984
29.905271530151367,15.961071014404297
29.9211688041687,16.124221801757812
29.936809301376343,15.977401733398438
29.953213453292847,15.893791198730469
29.969388961791992,16.224750518798828
29.984699487686157,16.174633026123047
30.00002360343933,15.422985076904297
30.0142240524292,14.719474792480469
30.028600454330444,14.380878448486328
30.04218292236328,14.47488784790039
30.05528998374939,14.551956176757812
30.06826424598694,14.742813110351562
30.081166982650757,14.65267562866211
30.09406089782715,14.611709594726562
30.106938362121582,14.556354522705078
30.119826793670654,14.801132202148438
30.13268518447876,14.695301055908203
30.145505666732788,14.585773468017578
30.15831971168518,14.740680694580078
30.171117544174194,14.75918960571289
30.183995485305786,14.85177230834961
30.196804523468018,14.670829772949219
30.209628582000732,14.840812683105469
30.22249126434326,14.88519287109375
30.23529028892517,15.171592712402344
30.24808359146118,14.902481079101562
30.26091170310974,14.675567626953125
30.27372145652771,14.789619445800781
30.2865207195282,14.735118865966797
30.299357414245605,14.834587097167969
30.312177896499634,15.056396484375
30.32499885559082,15.099544525146484
30.337803602218628,15.048572540283203
30.350617170333862,14.916759490966797
30.3634512424469,15.038875579833984
30.37624716758728,15.09271240234375
30.389484882354736,15.061851501464844
30.40229558944702,15.269001007080078
30.41511082649231,14.777900695800781
30.427915334701538,14.778331756591797
30.440788984298706,14.862564086914062
30.45361638069153,15.017852783203125
30.466439723968506,14.954212188720703
30.479252338409424,14.432872772216797
30.492043256759644,14.09481430053711
30.50484871864319,14.323787689208984
30.517647981643677,14.367515563964844
30.530434131622314,14.510169982910156
30.543213605880737,14.302875518798828
30.556007146835327,14.51700210571289
30.56880474090576,14.56026840209961
30.581602334976196,14.24261474609375
30.594387769699097,14.319648742675781
30.607179641723633,14.4404296875
30.619990825653076,14.350120544433594
30.632779836654663,14.37967300415039
30.645559072494507,14.647037506103516
30.658387899398804,14.267925262451172
30.671196222305298,14.471508026123047
30.68401789665222,14.616561889648438
30.696844577789307,14.195842742919922
30.709653615951538,14.273658752441406
30.722458600997925,14.315849304199219
30.736112117767334,14.324226379394531
30.749223947525024,14.612003326416016
30.762051820755005,14.49319076538086
30.774869918823242,14.533767700195312
30.78766918182373,14.675540924072266
30.800466775894165,14.580772399902344
30.81325602531433,14.417346954345703
30.82599711418152,14.409736633300781
30.83882188796997,14.370838165283203
30.851654291152954,14.547225952148438
30.864458084106445,14.727813720703125
30.877252340316772,14.841056823730469
30.890008211135864,14.847450256347656
30.902825832366943,14.43035888671875
30.915652990341187,14.602699279785156
30.928454160690308,14.563774108886719
30.94124174118042,14.705623626708984
30.954033851623535,14.775043487548828
30.96683120727539,14.629905700683594
30.97962474822998,14.474533081054688
30.992398738861084,14.771697998046875
31.005191802978516,14.621753692626953
31.018006324768066,14.870407104492188
31.030840396881104,15.070686340332031
31.043703317642212,14.843341827392578
31.056536197662354,14.691619873046875
31.069358110427856,14.512298583984375
31.082167863845825,14.626426696777344
31.09497308731079,14.909835815429688
31.10778307914734,15.070549011230469
31.12058997154236,15.185028076171875
31.13337802886963,15.386665344238281
31.14617419242859,14.957878112792969
31.15897226333618,14.709415435791016
31.171764373779297,14.710739135742188
31.184576511383057,14.865150451660156
31.197381019592285,14.766666412353516
31.210177659988403,15.030006408691406
31.222975969314575,14.998069763183594
31.235971689224243,14.764068603515625
31.248769521713257,14.723682403564453
31.261563301086426,14.831527709960938
31.274380445480347,15.005420684814453
31.287174701690674,15.03280258178711
31.29996132850647,15.342658996582031
31.31277370452881,14.961658477783203
31.325576305389404,14.804786682128906
31.338785648345947,14.846672058105469
31.35161066055298,14.94986343383789
31.364418983459473,15.184268951416016
31.377259492874146,15.06667709350586
31.390012979507446,15.316486358642578
31.402811527252197,14.973430633544922
31.415600299835205,14.926563262939453
31.42839527130127,15.000965118408203
31.441408395767212,15.116836547851562
31.45420503616333,15.539012908935547
31.467000246047974,15.434379577636719
31.4798104763031,15.035247802734375
31.492609977722168,14.957202911376953
31.50542402267456,15.065849304199219
31.51821255683899,15.184528350830078
31.531023740768433,14.975250244140625
31.543812036514282,14.911930084228516
31.556617975234985,15.1361083984375
31.56943154335022,15.052608489990234
31.582208156585693,15.192073822021484
31.595005750656128,15.226543426513672
31.607802391052246,15.357898712158203
31.6205894947052,15.147346496582031
31.633383750915527,15.329486846923828
31.646153211593628,14.959972381591797
31.65894889831543,14.993057250976562
31.671757221221924,15.000717163085938
31.68454909324646,15.122001647949219
31.697336673736572,15.25644302368164
31.710120677947998,15.396820068359375
31.722916841506958,15.481792449951172
31.735713958740234,15.358757019042969
31.748509883880615,15.143898010253906
31.76131820678711,14.966575622558594
31.77411460876465,14.882186889648438
31.786921739578247,15.241352081298828
31.799768447875977,15.144721984863281
31.812585592269897,15.203441619873047
31.825388193130493,15.291046142578125
31.838176012039185,15.2139892578125
31.85097575187683,15.235023498535156
31.863778591156006,15.154560089111328
31.876572132110596,15.179824829101562
31.889419317245483,15.138175964355469
31.902227640151978,15.194644927978516
31.915010690689087,14.939434051513672
31.92780041694641,15.003044128417969
31.940603971481323,15.28243637084961
31.953406810760498,15.231315612792969
31.96621322631836,15.390594482421875
31.979013442993164,15.217418670654297
31.99183940887451,15.337745666503906
32.00461983680725,15.253189086914062
32.01745319366455,15.12213134765625
32.03024363517761,15.185039520263672
32.04301357269287,15.281490325927734
32.05582141876221,15.004024505615234
32.06861424446106,15.115371704101562
32.08148145675659,15.230815887451172
32.094292402267456,15.405441284179688
32.10711479187012,15.239917755126953
32.122318267822266,15.096439361572266
32.13525128364563,15.04669189453125
32.148523807525635,14.968955993652344
32.161389112472534,15.108875274658203
32.1742103099823,15.21242904663086
32.187018394470215,15.179801940917969
32.199830532073975,15.447174072265625
32.212640047073364,15.437652587890625
32.22545623779297,15.05746078491211
32.23834538459778,15.280742645263672
32.25133919715881,15.234203338623047
32.26413011550903,15.041553497314453
32.27692794799805,15.310379028320312
32.289732217788696,15.379066467285156
32.30257439613342,15.429370880126953
32.31540870666504,15.22507095336914
32.32821464538574,15.173782348632812
32.34102153778076,15.129447937011719
32.35381245613098,15.104293823242188
32.36662292480469,15.198040008544922
32.37945795059204,15.247905731201172
32.39224553108215,15.406547546386719
32.40502452850342,15.204704284667969
32.41782259941101,15.328624725341797
32.430651903152466,15.354698181152344
32.44349431991577,15.273643493652344
32.45632362365723,15.119182586669922
32.469122886657715,15.297225952148438
32.481929063797,15.215232849121094
32.49472761154175,15.208354949951172
32.50756525993347,15.16082763671875
32.520387411117554,15.269882202148438
32.533198595047,15.37091064453125
32.546053647994995,15.290882110595703
32.55889534950256,15.117633819580078
32.57169961929321,15.122119903564453
32.584516763687134,15.258651733398438
32.59733462333679,15.217899322509766
32.61014127731323,15.493263244628906
32.623018980026245,15.387771606445312
32.63584756851196,15.356300354003906
32.64870548248291,15.204612731933594
32.66157388687134,15.199798583984375
32.674428939819336,15.360416412353516
32.68726134300232,15.302871704101562
32.70004057884216,15.311710357666016
32.7128746509552,15.41412353515625
32.725685358047485,15.563735961914062
32.738545417785645,15.498470306396484
32.751402139663696,15.370479583740234
32.764204263687134,15.421966552734375
32.77702808380127,15.503265380859375
32.78984069824219,15.474933624267578
32.80265545845032,15.401683807373047
32.81549429893494,15.286788940429688
32.828315019607544,15.474998474121094
32.84113430976868,15.443778991699219
32.85396432876587,15.466472625732422
32.86678910255432,15.144573211669922
32.87960147857666,15.326271057128906
32.892420291900635,15.390121459960938
32.905224084854126,15.423809051513672
32.9180121421814,15.35171890258789
32.930867195129395,15.468463897705078
32.94371175765991,15.48480224609375
32.95679426193237,15.413253784179688
32.96969556808472,15.50058364868164
32.98277187347412,15.513195037841797
32.99581718444824,15.737567901611328
33.0087366104126,15.44259262084961
33.02160096168518,15.301437377929688
33.03448796272278,15.513240814208984
33.049275636672974,15.305267333984375
33.06410503387451,15.672161102294922
33.07889676094055,15.699760437011719
33.09368276596069,15.794811248779297
33.108155727386475,15.736919403076172
33.122809171676636,15.698741912841797
33.137686014175415,15.586772918701172
33.152546405792236,15.564838409423828
33.16720509529114,15.739410400390625
33.1818106174469,15.878082275390625
33.196428537368774,15.788200378417969
33.211111068725586,15.950721740722656
33.22584056854248,15.70367431640625
33.240381479263306,15.865924835205078
33.255170583724976,15.757762908935547
33.26983714103699,15.870319366455078
33.28470277786255,15.990669250488281
33.29939365386963,15.73348617553711
33.314045667648315,16.013072967529297
33.32892608642578,16.04454803466797
33.34356355667114,16.080745697021484
33.35831689834595,15.87552261352539
33.37315106391907,15.723575592041016
33.3878448009491,16.045013427734375
33.40255260467529,16.003902435302734
33.417603969573975,16.1558837890625
33.43248176574707,16.124908447265625
33.44697046279907,16.053508758544922
33.461694955825806,16.047828674316406
33.47636914253235,16.095840454101562
33.49114394187927,16.249332427978516
33.505754470825195,16.228553771972656
33.52085328102112,15.930973052978516
33.5360050201416,16.09546661376953
33.550721883773804,16.040191650390625
33.56553792953491,15.927967071533203
33.580212354660034,16.30498504638672
33.59495425224304,16.351951599121094
33.609713077545166,16.401039123535156
33.62555980682373,16.31456756591797
33.64024496078491,16.30331802368164
33.654770851135254,15.554553985595703
33.66964364051819,15.723163604736328
33.684354066848755,15.57318115234375
33.699037313461304,15.376014709472656
33.713815450668335,15.418643951416016
33.72834396362305,15.535087585449219
33.74312877655029,15.588848114013672
33.75799584388733,15.476913452148438
33.772618532180786,15.642269134521484
33.787408113479614,15.620723724365234
33.802058696746826,15.7691650390625
33.81672024726868,15.611854553222656
33.831366777420044,15.603931427001953
33.84632706642151,15.864494323730469
33.861133098602295,15.71963119506836
33.87590718269348,15.680828094482422
33.89039134979248,15.281303405761719
33.905133962631226,15.23508071899414
33.91979265213013,15.449207305908203
33.93465065956116,15.632514953613281
33.94913339614868,15.645248413085938
33.96397805213928,15.526172637939453
33.97868299484253,15.698501586914062
33.99335479736328,15.402973175048828
34.00804615020752,15.567752838134766
34.022740840911865,15.55593490600586
34.037503719329834,15.559974670410156
34.05243277549744,15.663986206054688
34.06723761558533,15.54385757446289
34.08197498321533,15.585025787353516
34.09661078453064,15.290943145751953
34.11134314537048,15.214584350585938
34.1267774105072,15.300548553466797
34.14139246940613,15.166923522949219
34.156060218811035,15.55343246459961
34.17073726654053,15.530513763427734
34.18587255477905,15.483219146728516
34.200358390808105,15.414058685302734
34.21517586708069,15.398406982421875
34.231101274490356,15.252090454101562
34.246941804885864,15.319469451904297
34.26188015937805,15.550582885742188
34.27695107460022,15.761283874511719
34.29211354255676,15.659679412841797
34.30703616142273,15.511764526367188
34.3219780921936,15.555892944335938
34.33687925338745,15.458778381347656
34.352145195007324,15.737781524658203
34.36921167373657,15.641273498535156
34.386290073394775,15.63022232055664
34.40281009674072,15.711296081542969
34.41873836517334,15.880443572998047
34.43646025657654,16.23751449584961
34.452779054641724,16.128917694091797
34.46960806846619,15.957511901855469
34.486581802368164,16.058269500732422
34.50422430038452,16.221904754638672
34.52161431312561,16.406497955322266
34.53945326805115,16.492095947265625
34.55769395828247,16.61721420288086
34.57499861717224,16.270015716552734
34.59136939048767,16.037612915039062
34.61017966270447,15.683666229248047
34.62589740753174,15.946853637695312
34.64362716674805,16.153491973876953
34.66059923171997,15.991039276123047
34.67701840400696,15.978900909423828
34.69375729560852,16.229412078857422
34.71159529685974,16.433536529541016
34.72828531265259,16.454792022705078
34.74527382850647,16.11568832397461
34.762704610824585,16.199325561523438
34.77962374687195,16.383392333984375
34.79692602157593,16.655681610107422
34.81356167793274,16.253875732421875
34.831000089645386,16.28262710571289
34.849244832992554,16.253944396972656
34.865792751312256,16.27862548828125
34.88377666473389,16.431854248046875
34.90223264694214,16.624839782714844
34.920544385910034,16.750946044921875
34.938072681427,16.486968994140625
34.957292795181274,16.63534164428711
34.97472524642944,16.250469207763672
34.99266791343689,16.38098907470703
35.01085948944092,16.572547912597656
35.027859687805176,16.341262817382812
35.045225381851196,16.643470764160156
35.063430309295654,16.43155288696289
35.08066010475159,16.431304931640625
35.09979057312012,16.517196655273438
35.118021726608276,16.82404327392578
35.13519239425659,16.89940643310547
35.152870893478394,16.70587158203125
35.171563386917114,16.784496307373047
35.189406633377075,16.66480255126953
35.20674467086792,16.96208953857422
35.22551918029785,16.304500579833984
35.24292993545532,16.159748077392578
35.26193332672119,16.041053771972656
35.280214071273804,16.50396728515625
35.298325300216675,16.097312927246094
35.3161883354187,16.081939697265625
35.33426547050476,16.17502212524414
35.35333204269409,16.22049331665039
35.37090229988098,16.33597183227539
35.3886284828186,16.139636993408203
35.40597581863403,16.178131103515625
35.42351770401001,16.495746612548828
35.44156837463379,16.543506622314453
35.45966958999634,16.643047332763672
35.47766613960266,16.446300506591797
35.49559926986694,16.475467681884766
35.51357364654541,16.572628021240234
35.53157997131348,16.519287109375
35.552196979522705,16.790863037109375
35.568819761276245,16.66350555419922
35.58715057373047,16.538787841796875
35.604535818099976,16.44403076171875
35.62214374542236,16.692657470703125
35.640379190444946,16.515300750732422
35.65774154663086,16.518047332763672
35.67574667930603,16.603302001953125
35.69384980201721,16.994022369384766
35.71186828613281,17.02489471435547
35.72923803329468,16.829559326171875
35.747249126434326,16.9356689453125
35.76596474647522,17.097705841064453
35.78363871574402,17.34096908569336
35.80248832702637,17.413837432861328
35.81857991218567,17.34341049194336
35.83617186546326,17.246719360351562
35.854737520217896,17.30465316772461
35.87046003341675,16.953445434570312
35.88701629638672,17.138477325439453
35.90592885017395,17.332489013671875
35.92356538772583,16.546642303466797
35.941285371780396,16.779010772705078
35.96020317077637,16.228343963623047
35.97824025154114,16.375152587890625
35.99509644508362,16.501087188720703
36.01399779319763,16.563365936279297
36.032580852508545,16.465282440185547
36.051105976104736,16.769912719726562
36.0701379776001,16.47674560546875
36.08696889877319,15.893634796142578
36.102888345718384,15.892662048339844
36.11973977088928,16.078094482421875
36.13690519332886,16.08153533935547
36.15415072441101,16.419795989990234
36.172003746032715,15.634639739990234
36.18902564048767,15.39984130859375
36.20633316040039,15.639324188232422
36.22379493713379,15.290279388427734
36.24088954925537,15.3953857421875
36.25795292854309,15.799877166748047
36.27479791641235,15.708538055419922
36.29243612289429,15.69552230834961
36.311591148376465,15.75229263305664
36.32879400253296,15.964599609375
36.34675621986389,15.807548522949219
36.36471724510193,15.888053894042969
36.382431507110596,15.801185607910156
36.40023851394653,15.802013397216797
36.416884899139404,15.883541107177734
36.43395495414734,15.61294937133789
36.45266389846802,15.074840545654297
36.46928429603577,15.168952941894531
36.48699879646301,15.397010803222656
36.50390386581421,15.418380737304688
36.522387742996216,15.478294372558594
36.54081869125366,15.418338775634766
36.55834937095642,15.66097640991211
36.57753777503967,15.675647735595703
36.59431290626526,15.716522216796875
36.61166763305664,15.093494415283203
36.62965512275696,15.045787811279297
36.64666223526001,14.974456787109375
36.66350865364075,14.929580688476562
36.681257247924805,15.237773895263672
36.69729542732239,14.91518783569336
36.71469163894653,14.977802276611328
36.731775760650635,15.01430892944336
36.74777817726135,15.242538452148438
36.76510667800903,15.540691375732422
36.7818558216095,15.235363006591797
36.80062913894653,15.281604766845703
36.818166732788086,15.327739715576172
36.835137128829956,15.505744934082031
36.853193283081055,15.525238037109375
36.870702266693115,15.605815887451172
36.887701749801636,15.557685852050781
36.90390133857727,14.924751281738281
36.92126679420471,14.722911834716797
36.939104080200195,14.994579315185547
36.955798387527466,15.091014862060547
36.97387766838074,15.230827331542969
36.99147057533264,15.28570556640625
37.00868058204651,15.251354217529297
37.02550172805786,15.18631362915039
37.04237484931946,15.385520935058594
37.060105323791504,15.585914611816406
37.078107833862305,15.030433654785156
37.09605622291565,15.174003601074219
37.112868547439575,14.511821746826172
37.13069224357605,14.48190689086914
37.14695930480957,14.19167709350586
37.163488149642944,14.392074584960938
37.181699991226196,14.594951629638672
37.19855880737305,14.642772674560547
37.214709758758545,14.500755310058594
37.231897830963135,14.664165496826172
37.24843168258667,14.207149505615234
37.26591682434082,14.585338592529297
37.282799243927,14.44598388671875
37.29925227165222,14.034011840820312
37.31515312194824,13.955642700195312
37.331366300582886,14.025707244873047
37.3477098941803,14.020843505859375
37.36405110359192,14.074615478515625
37.38038444519043,14.268936157226562
37.397080421447754,14.116561889648438
37.41412019729614,14.082199096679688
37.43006348609924,13.511260986328125
37.44608449935913,13.438247680664062
37.46290588378906,13.702922821044922
37.47909355163574,13.514400482177734
37.49595022201538,13.561553955078125
37.51191759109497,13.724311828613281
37.52693510055542,13.563316345214844
37.54208517074585,13.67135238647461
37.55776906013489,13.828731536865234
37.574033975601196,13.700389862060547
37.59169673919678,13.863956451416016
37.60910892486572,12.932239532470703
37.625200271606445,13.223709106445312
37.64144706726074,13.150943756103516
37.65736103057861,13.17428207397461
37.6734139919281,12.996109008789062
37.69061088562012,12.763751983642578
37.706262826919556,12.799861907958984
37.721729040145874,12.429706573486328
37.73760771751404,12.70107650756836
37.7542622089386,12.440189361572266
37.77027153968811,12.548961639404297
37.78697061538696,12.589912414550781
37.80398988723755,12.69571304321289
37.82036781311035,12.871940612792969
37.83605885505676,12.734943389892578
37.85309863090515,12.816505432128906
37.87001705169678,12.805473327636719
37.885945081710815,12.89227294921875
37.90212535858154,12.717880249023438
37.91785216331482,12.695575714111328
37.935534954071045,12.729740142822266
37.95278835296631,12.924285888671875
37.970983028411865,12.295310974121094
37.98723101615906,12.5601806640625
38.00434422492981,12.444145202636719
38.02073407173157,12.769519805908203
38.036746978759766,12.78265380859375
38.05345344543457,12.807785034179688
38.06945013999939,12.620071411132812
38.085530042648315,12.667377471923828
38.102635860443115,13.007255554199219
38.118470191955566,12.881961822509766
38.1339156627655,12.917472839355469
38.14985203742981,12.305610656738281
38.16662883758545,12.254669189453125
38.18209385871887,12.272174835205078
38.19936776161194,12.34200668334961
38.21609330177307,12.460033416748047
38.23166799545288,12.512474060058594
38.247705936431885,12.497962951660156
38.264498710632324,12.549137115478516
38.28009915351868,12.45522689819336
38.29580044746399,12.424568176269531
38.31210231781006,12.546611785888672
38.32783532142639,12.510868072509766
38.34402418136597,12.606063842773438
38.36029601097107,12.5606689453125
38.37760901451111,12.643463134765625
38.39473271369934,12.561145782470703
38.41233539581299,12.475383758544922
38.42821645736694,12.49228286743164
38.445393562316895,12.644065856933594
38.461426973342896,12.495594024658203
38.47759938240051,12.634490966796875
38.49439334869385,12.63680648803711
38.5100417137146,12.512760162353516
38.526360750198364,12.141242980957031
38.54265594482422,12.416454315185547
38.559032917022705,12.623886108398438
38.57516312599182,12.669265747070312
38.59159183502197,12.671783447265625
38.608853578567505,12.57379150390625
38.62400984764099,12.545097351074219
38.640097856521606,12.442378997802734
38.655707120895386,12.57596206665039
38.67185115814209,12.68646240234375
38.68841481208801,12.537651062011719
38.70497751235962,12.522880554199219
38.722678422927856,12.705768585205078
38.737887382507324,12.83041763305664
38.75552415847778,12.69366455078125
38.77158761024475,12.549808502197266
38.78766489028931,12.435691833496094
38.80364108085632,12.583732604980469
38.81962990760803,12.545581817626953
38.83661341667175,12.648689270019531
38.85396718978882,12.76153564453125
38.872884035110474,12.74224853515625
38.88935875892639,12.802349090576172
38.90506196022034,12.600269317626953
38.92113780975342,12.791748046875
38.9374635219574,12.849254608154297
38.955047607421875,12.647968292236328
38.97119331359863,12.730144500732422
38.9890820980072,12.518260955810547
39.00499153137207,12.618896484375
39.02165937423706,12.629566192626953
39.0377311706543,12.809986114501953
39.0534884929657,12.567962646484375
39.0711350440979,12.777660369873047
39.08767580986023,12.796817779541016
39.10349941253662,12.614025115966797
39.11943459510803,12.663902282714844
39.135876178741455,12.758277893066406
39.1525092124939,12.723865509033203
39.169150590896606,12.68524169921875
39.18724966049194,12.703433990478516
39.204182386398315,12.63431167602539
39.22052836418152,12.488323211669922
39.23706889152527,12.623149871826172
39.25361919403076,12.617328643798828
39.27002215385437,12.722984313964844
39.287230014801025,12.852577209472656
39.30497145652771,12.802501678466797
39.32166147232056,12.67525863647461
39.3382248878479,12.785396575927734
39.35474395751953,12.66750717163086
39.371020793914795,12.691703796386719
39.38702726364136,12.669292449951172
39.40306901931763,12.704025268554688
39.42049288749695,12.598400115966797
39.437034130096436,12.629192352294922
39.45415163040161,12.736396789550781
39.47024846076965,12.757373809814453
39.486682415008545,12.887771606445312
39.50365996360779,12.812515258789062
39.52049136161804,12.753192901611328
39.53701066970825,12.774211883544922
39.55290699005127,12.865703582763672
39.56958842277527,12.966655731201172
39.58563709259033,12.948993682861328
39.60152220726013,12.988285064697266
39.61742377281189,13.100948333740234
39.634844064712524,13.210174560546875
39.652008056640625,13.11993408203125
39.67000937461853,13.162818908691406
39.686078786849976,12.984806060791016
39.702298641204834,13.154224395751953
39.71834754943848,13.22580337524414
39.73450231552124,13.109821319580078
39.75038933753967,13.277572631835938
39.76749324798584,13.182151794433594
39.7837233543396,13.385627746582031
39.80128717422485,13.223285675048828
39.81805229187012,13.310890197753906
39.83381628990173,13.286792755126953
39.85020661354065,13.48410415649414
39.86719870567322,13.644245147705078
39.88430857658386,13.52511978149414
39.90094351768494,13.366828918457031
39.918092489242554,13.310195922851562
39.934088706970215,13.245681762695312
39.95056986808777,13.342838287353516
39.96761465072632,13.43780517578125
39.983978033065796,13.251289367675781
40.00156497955322,13.31650161743164
40.01811456680298,13.155536651611328
40.0342001914978,12.992839813232422
40.04956865310669,13.165359497070312
40.06532263755798,13.177318572998047
40.081676959991455,13.275074005126953
40.09912824630737,13.206783294677734
40.11603116989136,13.180763244628906
40.133432149887085,13.290092468261719
40.14961099624634,13.11568832397461
40.1658501625061,13.009654998779297
40.18129920959473,12.955696105957031
40.19721221923828,13.24163818359375
40.214399337768555,13.371196746826172
40.23095202445984,13.52020263671875
40.24887251853943,13.459209442138672
40.26658391952515,13.102920532226562
40.2834951877594,13.059799194335938
40.30073833465576,12.833145141601562
40.317174673080444,13.044673919677734
40.33231019973755,12.797996520996094
40.348621129989624,12.901824951171875
40.364948749542236,12.771610260009766
40.38095498085022,12.997978210449219
40.397663593292236,13.052806854248047
40.41441893577576,13.014026641845703
40.42975831031799,13.06072998046875
40.445502042770386,13.09792709350586
40.4613983631134,13.155632019042969
40.47821664810181,13.324302673339844
40.49477744102478,13.196277618408203
40.51223039627075,13.362167358398438
40.52992105484009,13.444107055664062
40.54592275619507,13.380973815917969
40.56421089172363,13.50423812866211
40.58152723312378,13.611865997314453
40.598549365997314,13.33016586303711
40.61641478538513,13.456043243408203
40.63193964958191,13.346321105957031
40.64997863769531,13.320144653320312
40.66692543029785,13.42193603515625
40.68456816673279,13.529640197753906
40.701741456985474,13.443225860595703
40.71993327140808,13.597312927246094
40.738189697265625,13.407905578613281
40.75592279434204,13.699390411376953
40.77284622192383,13.785587310791016
40.792317628860474,13.65865707397461
40.80896043777466,13.922279357910156
40.825823068618774,14.296337127685547
40.84261202812195,14.449050903320312
40.86003589630127,14.120429992675781
40.87751245498657,14.352802276611328
40.89397597312927,14.403114318847656
40.91160202026367,14.213882446289062
40.929768800735474,14.097888946533203
40.94715237617493,14.362918853759766
40.96412992477417,14.398406982421875
40.98079991340637,14.106544494628906
40.99651908874512,13.843692779541016
41.012895345687866,14.086002349853516
41.03053021430969,14.131439208984375
41.04922938346863,14.252079010009766
41.066298723220825,14.428997039794922
41.08265924453735,14.140953063964844
41.09886121749878,14.366535186767578
41.11577606201172,14.456565856933594
41.132075548172,14.36627197265625
41.148366928100586,13.877155303955078
41.165305614471436,13.556629180908203
41.18216323852539,13.646305084228516
41.20094156265259,13.640876770019531
41.21784567832947,13.68375015258789
41.23408031463623,13.809490203857422
41.25067853927612,13.72201156616211
41.26733708381653,13.723983764648438
41.28422403335571,13.851402282714844
41.30073666572571,13.77315902709961
41.31706976890564,13.948631286621094
41.334190368652344,13.702392578125
41.35104322433472,13.79934310913086
41.36905264854431,14.006908416748047
41.38758730888367,13.831268310546875
41.4054753780365,13.898433685302734
41.423155546188354,13.755207061767578
41.44130778312683,14.120223999023438
41.46021842956543,14.18063735961914
41.47937369346619,14.048816680908203
41.497068643569946,13.978317260742188
41.51575589179993,14.19528579711914
41.534576177597046,14.347251892089844
41.553117990493774,14.435237884521484
41.572410345077515,14.223686218261719
41.59184718132019,14.392837524414062
41.610591411590576,14.28176498413086
41.62922143936157,14.41830062866211
41.64775824546814,14.542762756347656
41.666499614715576,14.704841613769531
41.684293270111084,14.73406982421875
41.70195412635803,14.899070739746094
41.72062849998474,14.392993927001953
41.73928618431091,13.919700622558594
41.75770616531372,13.439811706542969
41.77565574645996,13.37314224243164
41.794859886169434,13.560047149658203
41.812968015670776,13.549762725830078
41.830403327941895,13.407394409179688
41.84876298904419,12.760913848876953
41.86482286453247,12.779979705810547
41.88172006607056,12.847827911376953
41.898038387298584,12.979690551757812
41.9144504070282,12.958511352539062
41.93261408805847,13.083297729492188
41.950035572052,13.003597259521484
41.966877937316895,13.35357666015625
41.983317613601685,13.307544708251953
42.00020217895508,13.266666412353516
42.01618218421936,13.347305297851562
42.03275442123413,13.276165008544922
42.047911167144775,13.211467742919922
42.06350564956665,13.33614730834961
42.079376459121704,13.455307006835938
42.094995975494385,13.696895599365234
42.11225891113281,13.488929748535156
42.12962508201599,13.705120086669922
42.14734077453613,13.437938690185547
42.164607524871826,13.477954864501953
42.18289852142334,13.843292236328125
42.20051383972168,13.715995788574219
42.2193284034729,13.674076080322266
42.23669481277466,13.924705505371094
42.2547607421875,14.07354736328125
42.27327251434326,14.040424346923828
42.291953563690186,14.081489562988281
42.31065797805786,14.40500259399414
42.33147358894348,13.761589050292969
42.34910225868225,13.906444549560547
42.366472482681274,13.72751235961914
42.38430619239807,13.218074798583984
42.399704694747925,13.270923614501953
42.41530728340149,13.001293182373047
42.430514097213745,12.452564239501953
42.446032762527466,12.680381774902344
42.46143627166748,12.624900817871094
42.47678351402283,12.569961547851562
42.49220609664917,12.594947814941406
42.50827622413635,12.598564147949219
42.52378010749817,12.616546630859375
42.539334774017334,12.654510498046875
42.55489253997803,12.580963134765625
42.57088327407837,12.652969360351562
42.58705186843872,12.546363830566406
42.60343027114868,12.790447235107422
42.61913990974426,12.975841522216797
42.63475680351257,12.967086791992188
42.650479555130005,12.938899993896484
42.66587591171265,12.211132049560547
42.6819486618042,12.265213012695312
42.69824171066284,12.210533142089844
42.71577429771423,12.480907440185547
42.73177623748779,12.263629913330078
42.74784517288208,12.38797378540039
42.76421594619751,12.523914337158203
42.78097343444824,12.438518524169922
42.79641509056091,12.4730224609375
42.81233215332031,12.612186431884766
42.82764506340027,12.68105697631836
42.843682050704956,12.57815933227539
42.859824657440186,12.503799438476562
42.875080585479736,12.539436340332031
42.890559911727905,12.394874572753906
42.90540933609009,11.961578369140625
42.91989088058472,11.502811431884766
42.93424606323242,11.294357299804688
42.94845485687256,11.317134857177734
42.96373438835144,11.416267395019531
42.97865343093872,11.272964477539062
42.99278259277344,11.49856948852539
43.00753474235535,11.275276184082031
43.022521018981934,11.357799530029297
43.037516832351685,11.272262573242188
43.052327156066895,11.291378021240234
43.067211389541626,11.379646301269531
43.08250021934509,11.448600769042969
43.097681760787964,11.459095001220703
43.11274003982544,11.249080657958984
43.12780809402466,11.349327087402344
43.14284896850586,11.39175033569336
43.157976388931274,11.323745727539062
43.173142433166504,11.42452621459961
43.18809533119202,11.300418853759766
43.20340323448181,11.448055267333984
43.21842646598816,11.345706939697266
43.23358654975891,11.279655456542969
43.24884557723999,11.568290710449219
43.263723373413086,11.511363983154297
43.27888894081116,11.445255279541016
43.294114112854004,11.522415161132812
43.310232162475586,11.44686508178711
43.325664043426514,11.372039794921875
43.34066557884216,11.595836639404297
43.35605835914612,11.462459564208984
43.37130355834961,11.55850601196289
43.38639283180237,11.46817398071289
43.40170097351074,11.415084838867188
43.41666269302368,11.424125671386719
43.431798458099365,11.516624450683594
43.44685220718384,11.605293273925781
43.461787700653076,11.263206481933594
43.476974964141846,11.443527221679688
43.49206495285034,11.418388366699219
43.50698113441467,11.468021392822266
43.521904945373535,11.326431274414062
43.53703236579895,11.45041275024414
43.55192685127258,11.630512237548828
43.566924810409546,11.221790313720703
43.58183693885803,11.497344970703125
43.596900939941406,11.490283966064453
43.61201047897339,11.572921752929688
43.626986026763916,11.543991088867188
43.642205476760864,11.395946502685547
43.65735363960266,11.294654846191406
43.67250919342041,11.52737045288086
43.687450647354126,11.447376251220703
43.70253586769104,11.587615966796875
43.71721434593201,11.34634017944336
43.732115030288696,11.406932830810547
43.747146129608154,11.299358367919922
43.76216435432434,11.56063461303711
43.77721190452576,11.455860137939453
43.7920401096344,11.310287475585938
43.80700349807739,11.63449478149414
43.82224893569946,11.378582000732422
43.8372642993927,11.5174560546875
43.85218334197998,11.399734497070312
43.86740684509277,11.521865844726562
43.882463693618774,11.556663513183594
43.89764142036438,11.40765380859375
43.91269588470459,11.40020751953125
43.92755699157715,11.679553985595703
43.942726135253906,11.625572204589844
43.957666873931885,11.523540496826172
43.97253656387329,11.377044677734375
43.98770523071289,11.671512603759766
44.00278449058533,11.477657318115234
44.0176420211792,11.492088317871094
44.03263711929321,11.5029296875
44.04773688316345,11.47452163696289
44.06272292137146,11.604061126708984
44.077882528305054,11.373294830322266
44.093021631240845,11.331771850585938
44.10824918746948,11.60549545288086
44.12325477600098,11.275382995605469
44.138432025909424,11.46316146850586
44.15362548828125,11.388717651367188
44.16862487792969,11.525371551513672
44.183693408966064,11.40157699584961
44.19897937774658,11.512683868408203
44.214035987854004,11.347126007080078
44.229190826416016,11.355926513671875
44.24426245689392,11.528358459472656
44.259400606155396,11.5255126953125
44.27429270744324,11.582691192626953
44.289408445358276,11.459758758544922
44.30450654029846,11.445720672607422
44.31954336166382,11.567203521728516
44.33468317985535,11.577651977539062
44.349486351013184,11.521480560302734
44.364381313323975,11.570716857910156
44.37920546531677,11.4945068359375
44.394296169281006,11.563304901123047
44.40927243232727,11.6416015625
44.42449498176575,11.64849853515625
44.439448595047,11.86962890625
44.45443844795227,11.551643371582031
44.46917223930359,11.765388488769531
44.48407769203186,11.788761138916016
44.499099254608154,11.831947326660156
44.514055013656616,11.900989532470703
44.5291063785553,11.789676666259766
44.54407358169556,11.694835662841797
44.55927324295044,11.819175720214844
44.574429988861084,11.768657684326172
44.58956170082092,11.727958679199219
44.604639291763306,12.030830383300781
44.619680404663086,11.857612609863281
44.63485097885132,11.76358413696289
44.64986968040466,11.766593933105469
44.66473340988159,11.643722534179688
44.679667949676514,11.697769165039062
44.69473648071289,11.948566436767578
44.70976185798645,11.742267608642578
44.72450613975525,11.93100357055664
44.73956918716431,11.932125091552734
44.75463271141052,11.929695129394531
44.76946949958801,12.04964828491211
44.78444504737854,11.778820037841797
44.79957962036133,12.15655517578125
44.814905643463135,12.017013549804688
44.82995009422302,11.476131439208984
44.84511876106262,11.400238037109375
44.860002756118774,11.487384796142578
44.87514567375183,11.326286315917969
44.890263080596924,11.367298126220703
44.90498399734497,11.348983764648438
44.9198534488678,11.475860595703125
44.93481707572937,10.854862213134766
44.94973015785217,10.822708129882812
44.96478009223938,10.724067687988281
44.97981119155884,10.682003021240234
44.99477767944336,10.827571868896484
45.00970673561096,10.81911849975586
45.02455925941467,10.837627410888672
45.03945541381836,10.656635284423828
45.05425190925598,10.711067199707031
45.06908965110779,10.878307342529297
45.08415246009827,10.646713256835938
45.099241495132446,10.864543914794922
45.11420035362244,10.767326354980469
45.12891936302185,10.698745727539062
45.1439483165741,10.767345428466797
45.15898394584656,10.743415832519531
45.173954486846924,10.794151306152344
45.188796520233154,10.939582824707031
45.20370173454285,10.885063171386719
45.21863842010498,10.87799072265625
45.233607053756714,11.045562744140625
45.248727560043335,10.901840209960938
45.263734579086304,10.82571029663086
45.27863049507141,10.90964126586914
45.29365921020508,11.046478271484375
45.308698415756226,11.12725830078125
45.32366991043091,11.051273345947266
45.33870530128479,10.962398529052734
45.35356688499451,10.93606948852539
45.368412256240845,10.901004791259766
45.38352012634277,10.895271301269531
45.3982515335083,11.04360580444336
45.41304969787598,10.753791809082031
45.42808723449707,11.046977996826172
45.443114042282104,10.882598876953125
45.45802974700928,10.873146057128906
45.472824573516846,10.99951171875
45.48806023597717,11.151996612548828
45.50287103652954,10.950801849365234
45.518011808395386,10.731136322021484
45.53286337852478,10.826839447021484
45.547847270965576,11.043746948242188
45.56297016143799,11.143939971923828
45.578073024749756,10.92098617553711
45.59301805496216,10.863311767578125
45.60786962509155,11.031166076660156
45.62297558784485,11.168167114257812
45.638033866882324,11.286750793457031
45.65312194824219,11.001972198486328
45.66795825958252,11.076881408691406
45.68312048912048,11.04739761352539
45.69817137718201,11.361228942871094
45.71312618255615,11.124561309814453
45.72814655303955,11.088165283203125
45.74334502220154,11.19736099243164
45.75825238227844,11.115726470947266
45.77318596839905,11.107536315917969
45.78806138038635,10.998424530029297
45.80310416221619,11.114395141601562
45.81833004951477,10.897567749023438
45.83340263366699,10.896007537841797
45.8483612537384,11.08905029296875
45.86340570449829,10.663677215576172
45.87844491004944,10.38039779663086
45.89317059516907,10.51580810546875
45.90827298164368,10.458221435546875
45.9234938621521,10.114677429199219
45.938443183898926,10.211624145507812
45.95352387428284,10.508113861083984
45.968425035476685,10.414108276367188
45.98344039916992,10.039073944091797
45.998403787612915,10.322608947753906
46.013386726379395,10.394233703613281
46.02849268913269,10.404972076416016
46.043553829193115,10.411422729492188
46.058602809906006,10.168506622314453
46.07337927818298,10.329479217529297
46.08836126327515,10.302139282226562
46.10346603393555,10.26943588256836
46.118465423583984,10.088775634765625
46.133458614349365,10.284042358398438
46.14824724197388,10.388385772705078
46.1632182598114,10.337898254394531
46.17800712585449,10.191226959228516
46.19311761856079,10.293476104736328
46.20815873146057,10.559593200683594
46.22254276275635,10.201789855957031
46.23664426803589,10.200008392333984
46.250911235809326,10.214229583740234
46.264883279800415,10.30521011352539
46.2788143157959,10.392108917236328
46.29226469993591,10.253498077392578
46.30511951446533,10.289192199707031
46.317938566207886,10.30355453491211
46.330772399902344,10.30206298828125
46.34359288215637,10.36349868774414
46.357969522476196,10.486557006835938
46.37249422073364,10.418487548828125
46.38657855987549,10.349483489990234
46.400511503219604,10.411590576171875
46.41449594497681,10.250774383544922
46.428428173065186,10.467182159423828
46.44313406944275,10.427169799804688
46.45748972892761,10.356609344482422
46.472442626953125,10.483638763427734
46.487239360809326,10.467124938964844
46.50182843208313,10.601459503173828
46.51678991317749,10.502788543701172
46.53166437149048,10.472320556640625
46.54669189453125,10.419376373291016
46.56147241592407,10.567863464355469
46.57740330696106,10.664226531982422
46.59258270263672,10.563591003417969
46.607738733291626,10.627449035644531
46.62305188179016,10.432788848876953
46.63840341567993,10.538131713867188
46.654523849487305,10.74716567993164
46.670238733291626,10.467964172363281
46.68546509742737,10.537349700927734
46.7009711265564,10.649040222167969
46.715850591659546,10.837974548339844
46.73077607154846,10.718208312988281
46.746214389801025,10.489349365234375
46.76124978065491,10.561935424804688
46.77625298500061,10.724029541015625
46.791449785232544,10.7581787109375
46.80696511268616,10.82430648803711
46.82258439064026,10.471080780029297
46.83812355995178,10.853828430175781
46.853615283966064,11.050025939941406
46.86909341812134,10.86185073852539
46.88411498069763,10.81686782836914
46.89970898628235,10.919803619384766
46.914963722229004,10.411514282226562
46.92969250679016,10.427837371826172
46.94440484046936,10.353012084960938
46.959054946899414,10.414203643798828
46.97387647628784,10.380989074707031
46.988616704940796,10.267051696777344
47.002840757369995,10.417095184326172
47.01570725440979,10.424957275390625
47.02852487564087,10.37527847290039
47.041388750076294,10.564163208007812
47.05421161651611,10.426673889160156
47.06702423095703,10.505973815917969
47.07984900474548,9.900409698486328
47.09265446662903,9.766597747802734
47.105499267578125,9.99383544921875
47.118332386016846,9.713325500488281
47.131181478500366,9.763912200927734
47.14398503303528,9.962593078613281
47.156790256500244,9.672264099121094
47.169602155685425,9.946788787841797
47.18241310119629,9.772369384765625
47.1952178478241,9.831680297851562
47.20802855491638,9.902763366699219
47.22086429595947,9.863388061523438
47.233665466308594,9.799705505371094
47.24647378921509,9.863468170166016
47.259342193603516,9.987434387207031
47.27215552330017,9.764751434326172
47.28499722480774,9.580482482910156
47.29780411720276,9.667411804199219
47.3106153011322,9.577373504638672
47.32343125343323,9.606498718261719
47.33621096611023,9.569408416748047
47.34904432296753,9.620529174804688
47.361857891082764,9.748058319091797
47.37466859817505,9.628738403320312
47.38748097419739,9.801864624023438
47.40029978752136,9.714412689208984
47.413097858428955,9.836688995361328
47.4260528087616,9.694877624511719
47.43887281417847,9.74477767944336
47.451688289642334,9.920555114746094
47.464507818222046,9.707878112792969
47.47731685638428,9.787227630615234
47.490097761154175,9.766155242919922
47.50291180610657,9.906536102294922
47.51572608947754,9.93979263305664
47.528847455978394,9.822113037109375
47.54164361953735,9.981803894042969
47.554500341415405,9.886505126953125
47.567301750183105,9.988121032714844
47.58009219169617,9.656795501708984
47.592917680740356,9.210487365722656
47.60572648048401,9.277141571044922
47.618550539016724,9.192615509033203
47.63147950172424,9.35000991821289
47.64426827430725,9.287124633789062
47.65700125694275,9.359115600585938
47.669817209243774,9.203731536865234
47.682629108428955,9.393508911132812
47.69546055793762,9.470172882080078
47.708261251449585,9.477874755859375
47.72103524208069,9.4326171875
47.733832597732544,9.322303771972656
47.746633768081665,9.20330810546875
47.759443044662476,9.29903793334961
47.77222919464111,9.22927474975586
47.785009145736694,9.175376892089844
47.79779314994812,9.172916412353516
47.8105788230896,9.137306213378906
47.823371171951294,9.152923583984375
47.83617186546326,9.21236801147461
47.84898567199707,9.1015625
47.861817359924316,9.289752960205078
47.87459921836853,9.203643798828125
47.887394428253174,9.083667755126953
47.90018367767334,9.263481140136719
47.91299319267273,9.218212127685547
47.92577338218689,9.232566833496094
47.938579082489014,9.168693542480469
47.951385736465454,9.335929870605469
47.96417689323425,9.238067626953125
47.97697973251343,9.320274353027344
47.989713191986084,9.276599884033203
48.0024471282959,9.252056121826172
48.01505899429321,9.253913879394531
48.027809619903564,9.180561065673828
48.040501832962036,9.268226623535156
48.05312967300415,9.253116607666016
48.0657320022583,9.310535430908203
48.07837390899658,9.28475570678711
48.09099793434143,9.207992553710938
48.10369110107422,9.446914672851562
48.1164116859436,9.410850524902344
48.129043102264404,9.38449478149414
48.14181709289551,9.378597259521484
48.15453243255615,9.339706420898438
48.167245864868164,9.281421661376953
48.17990756034851,9.337493896484375
48.19262742996216,9.527336120605469
48.20537614822388,9.434043884277344
48.218077421188354,9.462833404541016
48.230852127075195,9.395011901855469
48.243531465530396,9.498416900634766
48.2563111782074,9.436080932617188
48.26891279220581,9.373302459716797
48.281540870666504,9.536476135253906
48.29414176940918,9.535743713378906
48.3067512512207,9.600555419921875
48.31934428215027,9.488975524902344
48.33192753791809,9.679367065429688
48.34454154968262,9.758167266845703
48.35712003707886,9.63821029663086
48.36973810195923,9.585895538330078
48.382505893707275,9.615436553955078
48.39530611038208,9.822563171386719
48.408162117004395,9.726600646972656
48.42097735404968,9.73775863647461
48.433778047561646,9.730766296386719
48.44659209251404,9.30875015258789
48.45944786071777,9.091434478759766
48.47225260734558,9.164329528808594
48.485042572021484,8.960346221923828
48.497856855392456,9.02016830444336
48.510663986206055,9.228214263916016
48.52350330352783,9.061630249023438
48.53635120391846,9.295459747314453
48.54935550689697,9.166191101074219
48.5621440410614,9.1910400390625
48.574979066848755,9.225040435791016
48.587806701660156,9.080883026123047
48.60060787200928,9.180305480957031
48.6134078502655,9.400012969970703
48.62621545791626,9.289199829101562
48.63903045654297,9.294692993164062
48.651856899261475,8.42647933959961
48.66454219818115,8.726970672607422
48.67724394798279,8.805843353271484
48.690004110336304,8.667675018310547
48.702704668045044,8.627918243408203
48.71549916267395,8.549640655517578
48.72812628746033,8.64505386352539
48.74080228805542,8.766223907470703
48.75351357460022,8.671173095703125
48.76614451408386,8.507030487060547
48.778831243515015,8.5380859375
48.7915620803833,8.74129867553711
48.80431246757507,8.741321563720703
48.816978454589844,8.602874755859375
48.829723596572876,8.55776596069336
48.84238123893738,8.52880859375
48.85510206222534,8.38967514038086
48.86776804924011,8.452823638916016
48.88038969039917,8.514202117919922
48.89309310913086,8.631717681884766
48.905797243118286,8.63504409790039
48.918540477752686,8.511650085449219
48.931267976760864,8.384414672851562
48.94382047653198,8.609737396240234
48.956419467926025,8.503501892089844
48.96917700767517,8.405059814453125
48.98175120353699,8.409416198730469
48.994317293167114,8.335491180419922
49.00688552856445,8.44107437133789
49.01947808265686,8.405136108398438
49.032047748565674,8.301502227783203
49.04461932182312,8.62054443359375
49.057199001312256,8.38601303100586
49.07012438774109,8.328842163085938
49.08268737792969,8.463691711425781
49.09534478187561,8.493854522705078
49.10794639587402,8.587760925292969
49.12062692642212,8.340721130371094
49.133355379104614,8.412761688232422
49.14603900909424,8.375606536865234
49.15871262550354,8.561943054199219
49.17148995399475,8.450969696044922
49.18429112434387,8.31072998046875
49.1970317363739,8.463699340820312
49.20970296859741,8.472118377685547
49.22229743003845,8.47317886352539
49.234987020492554,8.425769805908203
49.24768352508545,8.383476257324219
49.26031136512756,8.423763275146484
49.272889852523804,8.549781799316406
49.28557300567627,8.400272369384766
49.29818058013916,8.328258514404297
49.310882329940796,8.541046142578125
49.323601722717285,8.47637939453125
49.336275577545166,8.638748168945312
49.34898924827576,8.516265869140625
49.36180138587952,8.512359619140625
49.37462377548218,8.566951751708984
49.38742208480835,8.579517364501953
49.4002046585083,8.57486343383789
49.413002252578735,8.686885833740234
49.4259889125824,8.745616912841797
49.4388644695282,8.624774932861328
49.451656103134155,8.676643371582031
49.46444654464722,8.773902893066406
49.47724938392639,8.770957946777344
49.490174770355225,8.843341827392578
49.50295305252075,8.785446166992188
49.515822410583496,8.754440307617188
49.52860164642334,8.838172912597656
49.54140114784241,8.919418334960938
49.55418372154236,8.766414642333984
49.56695055961609,8.904720306396484
49.579758644104004,8.814289093017578
49.59266257286072,8.85501480102539
49.605390310287476,8.83481216430664
49.61805272102356,8.943885803222656
49.63069939613342,8.926467895507812
49.64350962638855,8.766929626464844
49.656116247177124,8.973148345947266
49.66874980926514,8.944328308105469
49.68144083023071,9.036174774169922
49.69413495063782,8.982616424560547
49.706804513931274,8.910083770751953
49.71949577331543,8.941486358642578
49.73222303390503,9.01919937133789
49.74505257606506,9.07059097290039
49.75778317451477,8.904853820800781
49.770529985427856,9.12335205078125
49.78332257270813,9.177406311035156
49.79603123664856,9.05691146850586
49.808640241622925,9.164775848388672
49.82128548622131,9.224266052246094
49.83396863937378,9.289520263671875
49.84674572944641,9.387680053710938
49.85937428474426,8.776496887207031
49.87216138839722,8.789215087890625
49.88492727279663,8.811405181884766
49.89775562286377,8.699958801269531
49.910558462142944,8.795066833496094
49.92323446273804,8.91110610961914
49.935826539993286,8.845996856689453
49.948545932769775,9.048599243164062
49.96124982833862,8.98318099975586
49.97389578819275,8.964214324951172
49.98646807670593,8.972835540771484
49.99906635284424,9.159137725830078
50.011656045913696,8.482643127441406
50.02422285079956,8.39105224609375
50.03681015968323,8.529022216796875
50.049466609954834,8.138004302978516
50.06202292442322,7.7178955078125
50.07461428642273,7.6470947265625
50.08718132972717,7.790283203125
50.099748849868774,7.7693634033203125
50.1123251914978,7.745014190673828
50.124985456466675,7.820880889892578
50.137566804885864,7.856647491455078
50.15014624595642,7.831764221191406
50.16275882720947,7.830619812011719
50.17533302307129,7.879478454589844
50.187912940979004,7.961742401123047
50.200666666030884,7.910945892333984
50.213255882263184,7.953102111816406
50.22597599029541,7.9177093505859375
50.23856854438782,8.017780303955078
50.25113272666931,7.370174407958984
50.26371955871582,7.260963439941406
50.27629995346069,7.307384490966797
50.28899931907654,7.331005096435547
50.301743507385254,7.346279144287109
50.314518451690674,7.3063812255859375
50.32730054855347,7.269275665283203
50.340015172958374,7.414531707763672
50.35280728340149,7.440769195556641
50.36561107635498,7.366466522216797
50.378381967544556,7.389350891113281
50.3911349773407,7.4891510009765625
50.40392065048218,7.403167724609375
50.41665434837341,7.499767303466797
50.42948007583618,7.478034973144531
50.44226622581482,7.5305023193359375
50.45501732826233,7.660076141357422
50.46780443191528,7.613323211669922
50.480512380599976,7.662128448486328
50.49314785003662,7.704860687255859
50.505927085876465,7.653648376464844
50.51860570907593,7.588962554931641
50.53133749961853,7.630134582519531
50.54400086402893,7.5073699951171875
50.55682110786438,7.627410888671875
50.56955647468567,7.668632507324219
50.582321643829346,7.650291442871094
50.59505772590637,7.6971893310546875
50.60785412788391,7.620182037353516
50.620654821395874,7.5292205810546875
50.6332323551178,7.574928283691406
50.645973443984985,7.608531951904297
50.65873956680298,7.660243988037109
50.67148208618164,7.687900543212891
50.68423128128052,7.753654479980469
50.69711756706238,7.770931243896484
50.70981955528259,7.845447540283203
50.7225182056427,7.815235137939453
50.735209703445435,7.899463653564453
50.74803447723389,7.938755035400391
50.76075005531311,8.05617904663086
50.77352023124695,8.09029769897461
50.786152839660645,7.624107360839844
50.79912567138672,7.457710266113281
50.81183218955994,7.5148468017578125
50.824554681777954,6.841213226318359
50.83724665641785,6.849025726318359
50.85085344314575,6.767055511474609
50.864662408828735,6.790828704833984
50.87844920158386,6.816219329833984
50.89218306541443,6.861503601074219
50.90595602989197,6.833942413330078
50.91972827911377,6.863426208496094
50.933499336242676,6.858978271484375
50.94734525680542,6.849483489990234
50.961052656173706,6.8428497314453125
50.974759578704834,6.8737640380859375
50.988476037979126,6.881542205810547
51.00216007232666,6.914745330810547
51.01586985588074,6.904438018798828
51.02957725524902,6.878902435302734
51.043315172195435,6.885303497314453
51.05704045295715,6.918464660644531
51.07083773612976,6.914447784423828
51.08490180969238,6.985725402832031
51.099101305007935,6.991981506347656
51.114304304122925,7.0410919189453125
51.1293466091156,7.100921630859375
51.144410371780396,7.1256561279296875
51.15905737876892,7.109722137451172
51.17339372634888,7.1752471923828125
51.18762969970703,7.198108673095703
51.20164155960083,7.18218994140625
51.215675830841064,7.166461944580078
51.22973132133484,6.495883941650391
51.24376153945923,6.495883941650391
51.258060932159424,6.495883941650391
51.27207374572754,6.495883941650391
51.28623604774475,6.471855163574219
51.300230741500854,6.507698059082031
51.31422710418701,6.529182434082031
51.328235387802124,6.5091094970703125
51.34223556518555,6.546905517578125
51.356215476989746,6.568389892578125
51.37021207809448,6.558082580566406
51.384209394454956,6.5188751220703125
51.39819526672363,6.495883941650391
51.412179470062256,6.495883941650391
51.42616605758667,6.495883941650391
51.44024729728699,6.3841400146484375
51.45420241355896,6.3841400146484375
51.46819710731506,6.375801086425781
51.48225235939026,6.4031829833984375
51.49744248390198,6.421897888183594
51.51265811920166,6.4446258544921875
51.52782988548279,6.470012664794922
51.542709827423096,6.452781677246094
51.55690360069275,6.485931396484375
51.571383237838745,6.51483154296875
51.585474491119385,6.527095794677734
51.59952998161316,6.558444976806641
51.613587856292725,6.533390045166016
51.62759041786194,6.568698883056641
51.64196825027466,6.582511901855469
51.65596604347229,6.628181457519531
51.6699914932251,6.6119537353515625
51.684001445770264,6.6244049072265625
51.698023557662964,6.497673034667969
51.712034702301025,5.862724304199219
51.72601580619812,5.862724304199219
51.740020990371704,5.862724304199219
51.754037380218506,5.862724304199219
51.768075704574585,5.862724304199219
51.78210496902466,5.862724304199219
51.79618716239929,5.862724304199219
51.81022381782532,5.862724304199219
51.82424807548523,5.862724304199219
51.83827090263367,5.862724304199219
51.85233402252197,5.862724304199219
51.866350412368774,5.862724304199219
51.88040208816528,5.862724304199219
51.89442539215088,5.862724304199219
51.908440589904785,5.862724304199219
51.92244863510132,5.862724304199219
51.936474561691284,5.862724304199219
51.95049786567688,5.862724304199219
51.964486598968506,5.862724304199219
51.97848129272461,5.862724304199219
51.99246048927307,5.862724304199219
52.00647473335266,5.862724304199219
52.02047252655029,5.862724304199219
52.03449487686157,5.862724304199219
52.048516511917114,5.862724304199219
52.06252670288086,5.862724304199219
52.07652163505554,5.862724304199219
52.090511083602905,5.862724304199219
52.10451102256775,5.862724304199219
52.11852526664734,5.862724304199219
52.13251829147339,5.862724304199219
52.14656591415405,5.862724304199219
52.160592794418335,5.862724304199219
52.174622535705566,5.862724304199219
52.188640832901,5.862724304199219
52.202674865722656,5.862724304199219
52.21670889854431,5.862724304199219
52.230730056762695,5.862724304199219
52.244786977767944,5.862724304199219
52.25887489318848,5.862724304199219
52.273924350738525,5.862724304199219
52.28807234764099,5.862724304199219
52.3021285533905,5.862724304199219
52.316187381744385,5.862724304199219
52.33021664619446,5.862724304199219
52.34424662590027,5.862724304199219
52.35830211639404,5.862724304199219
52.37236142158508,5.862724304199219
52.38642144203186,5.862724304199219
52.40050268173218,5.771781921386719
52.41459369659424,5.7509613037109375
52.42863702774048,5.7509613037109375
52.4426908493042,5.7509613037109375
52.45673060417175,5.7509613037109375
52.47081232070923,5.7509613037109375
52.48481893539429,5.7509613037109375
52.498820543289185,5.7509613037109375
52.5128390789032,5.7509613037109375
52.52684164047241,5.7509613037109375
52.54087591171265,5.7509613037109375
52.55489253997803,5.7509613037109375
52.56891584396362,5.7509613037109375
52.582956314086914,5.7509613037109375
52.59695863723755,5.7509613037109375
52.6109836101532,5.7509613037109375
52.62498474121094,5.7509613037109375
52.638972759246826,5.7509613037109375
52.6529643535614,5.7509613037109375
52.66696906089783,5.7509613037109375
52.680986166000366,5.7509613037109375
52.694983959198,5.7509613037109375
52.70903205871582,5.7509613037109375
52.723020792007446,5.7509613037109375
52.73700761795044,5.7509613037109375
52.7509925365448,5.7509613037109375
52.76498317718506,5.7509613037109375
52.77898406982422,5.7509613037109375
52.79294753074646,5.7509613037109375
52.80692386627197,5.7509613037109375
52.82087826728821,5.7509613037109375
52.83486461639404,5.7509613037109375
52.84884262084961,5.7509613037109375
52.862807273864746,5.675651550292969
52.87680506706238,5.6392059326171875
52.89078187942505,5.6392059326171875
52.90477728843689,5.6392059326171875
52.918763637542725,5.6392059326171875
52.932737588882446,5.6392059326171875
52.94671559333801,5.6392059326171875
52.96070408821106,5.6392059326171875
52.97467398643494,5.6392059326171875
52.98864221572876,5.6392059326171875
53.00266623497009,5.6392059326171875
53.01668667793274,5.6392059326171875
53.03069543838501,5.6392059326171875
53.044708013534546,5.6392059326171875
53.058704137802124,5.6392059326171875
53.07269263267517,5.6392059326171875
53.08667325973511,5.6392059326171875
53.10071277618408,5.6392059326171875
53.1147358417511,5.6392059326171875
53.12874746322632,5.6392059326171875
53.142746686935425,5.6392059326171875
53.15674948692322,5.6392059326171875
53.17074513435364,5.6392059326171875
53.18475127220154,5.6392059326171875
53.19874024391174,5.6392059326171875
53.2127845287323,5.6392059326171875
53.22679376602173,5.6392059326171875
53.240838050842285,5.6392059326171875
53.254838705062866,5.6392059326171875
53.26882457733154,5.6392059326171875
53.28280305862427,5.6392059326171875
53.29681944847107,5.6392059326171875
53.31080627441406,5.6392059326171875
53.32482552528381,5.6392059326171875
53.338839054107666,5.6392059326171875
53.35285234451294,5.6392059326171875
53.36689782142639,5.6392059326171875
53.38093686103821,5.6392059326171875
53.39494609832764,5.6392059326171875
53.40897274017334,5.6392059326171875
53.42298936843872,5.6392059326171875
53.437005281448364,5.6392059326171875
53.451070070266724,5.6392059326171875
53.46510696411133,5.6392059326171875
53.4791476726532,5.6392059326171875
53.49319815635681,5.6392059326171875
53.507246017456055,5.6392059326171875
53.52124738693237,5.6392059326171875
53.53526854515076,5.6392059326171875
53.549238443374634,5.6392059326171875
53.563263177871704,5.6392059326171875
53.577261447906494,5.6392059326171875
53.59125208854675,5.6392059326171875
53.60524535179138,5.6392059326171875
53.61929893493652,5.6392059326171875
53.633352518081665,5.6392059326171875
53.64743089675903,5.6392059326171875
53.661466121673584,5.6392059326171875
53.67548608779907,5.6392059326171875
53.68950390815735,5.6392059326171875
53.70353150367737,5.6392059326171875
53.71755337715149,5.6392059326171875
53.73157048225403,5.6392059326171875
53.74563431739807,5.6392059326171875
53.75961756706238,5.6392059326171875
53.77361464500427,5.6392059326171875
53.78761029243469,5.6392059326171875
53.80158996582031,5.6392059326171875
53.81561303138733,5.6392059326171875
53.829614877700806,5.6392059326171875
53.84364604949951,5.6392059326171875
53.857645750045776,5.6392059326171875
53.871657371520996,5.6392059326171875
53.88566708564758,5.6392059326171875
53.8997061252594,5.6392059326171875
53.91375923156738,5.6392059326171875
53.92780065536499,5.6392059326171875
53.94183039665222,5.6392059326171875
53.95586371421814,5.5892791748046875
53.96991968154907,5.415683746337891
53.98393273353577,5.415683746337891
53.997952938079834,5.415683746337891
54.011958599090576,5.415683746337891
54.02598261833191,5.415683746337891
54.040011405944824,5.415683746337891
54.05401945114136,5.415683746337891
54.068063259124756,5.415683746337891
54.082090854644775,5.415683746337891
54.096147298812866,5.415683746337891
54.11017060279846,5.415683746337891
54.12419557571411,5.415683746337891
54.138240575790405,5.415683746337891
54.152249336242676,5.415683746337891
54.1662323474884,5.415683746337891
54.18024516105652,5.415683746337891
54.19433045387268,5.415683746337891
54.20837450027466,5.415683746337891
54.22242259979248,5.415683746337891
54.23651671409607,5.415683746337891
54.250577211380005,5.415683746337891
54.26462125778198,5.415683746337891
54.278672218322754,5.415683746337891
54.292710304260254,5.415683746337891
54.306726932525635,5.415683746337891
54.32073616981506,5.415683746337891
54.33476400375366,5.415683746337891
54.348785638809204,5.415683746337891
54.36279821395874,5.415683746337891
54.37681770324707,5.415683746337891
54.39081692695618,5.415683746337891
54.40483355522156,5.415683746337891
54.41882920265198,5.415683746337891
54.43283987045288,5.415683746337891
54.44685459136963,5.341434478759766
54.46089291572571,5.304054260253906
54.47491812705994,5.304054260253906
54.48894810676575,5.304054260253906
54.502981424331665,5.304054260253906
54.51701307296753,5.304054260253906
54.53103184700012,5.304054260253906
54.545042276382446,5.304054260253906
54.55905365943909,5.304054260253906
54.57305932044983,5.304054260253906
54.58706307411194,5.304054260253906
54.601073265075684,5.304054260253906
54.615079164505005,5.304054260253906
54.62909197807312,5.304054260253906
54.64309549331665,5.304054260253906
54.657103300094604,5.304054260253906
54.671117305755615,5.304054260253906
54.68511700630188,5.304054260253906
54.699124336242676,5.304054260253906
54.713138580322266,5.304054260253906
54.72715163230896,5.304054260253906
54.741156339645386,5.244365692138672
54.75516700744629,5.192295074462891
54.769187450408936,5.192295074462891
54.78318810462952,5.192295074462891
54.79719614982605,5.192295074462891
54.81121587753296,5.080532073974609
54.82522416114807,5.080532073974609
54.83924674987793,5.080532073974609
54.85324835777283,5.080532073974609
54.86725616455078,5.080532073974609
54.881232023239136,5.080532073974609
54.89524698257446,5.080532073974609
54.90923476219177,5.080532073974609
54.923232555389404,5.080532073974609
54.93722176551819,5.080532073974609
54.951218605041504,5.080532073974609
54.96524357795715,5.080532073974609
54.979230642318726,5.080532073974609
54.99322533607483,5.080532073974609
55.007227182388306,5.080532073974609
55.021217346191406,5.080532073974609
55.03522276878357,5.080532073974609
55.04922103881836,5.080532073974609
55.06324648857117,5.080532073974609
55.07723331451416,5.080532073974609
55.09123110771179,5.080532073974609
55.10523533821106,5.080532073974609
55.11927533149719,5.080532073974609
55.13329362869263,5.080532073974609
55.147303104400635,5.080532073974609
55.161295652389526,5.080532073974609
55.17527389526367,5.080532073974609
55.18927216529846,5.080532073974609
55.20327115058899,5.080532073974609
55.217307806015015,5.006290435791016
55.23133301734924,4.968776702880859
55.245317459106445,4.968776702880859
55.25933909416199,4.968776702880859
55.27335572242737,4.968776702880859
55.28737211227417,4.968776702880859
55.30138421058655,4.968776702880859
55.31538128852844,4.968776702880859
55.3293833732605,4.968776702880859
55.343395948410034,4.968776702880859
55.357393980026245,4.968776702880859
55.37138533592224,4.968776702880859
55.38539123535156,4.968776702880859
55.39939904212952,4.968776702880859
55.41341161727905,4.968776702880859
55.42739915847778,4.968776702880859
55.44141721725464,4.968776702880859
55.455426931381226,4.968776702880859
55.46942973136902,4.968776702880859
55.4834361076355,4.968776702880859
55.4974308013916,4.968776702880859
55.51143789291382,4.968776702880859
55.52552032470703,4.968776702880859
55.53953552246094,4.968776702880859
55.553550481796265,4.968776702880859
55.56755232810974,4.968776702880859
55.58154320716858,4.968776702880859
55.59554576873779,4.968776702880859
55.6095654964447,4.968776702880859
55.623563051223755,4.968776702880859
55.637550592422485,4.968776702880859
55.6515429019928,4.968776702880859
55.66553068161011,4.968776702880859
55.67952752113342,4.968776702880859
55.69351840019226,4.968776702880859
55.70750188827515,4.968776702880859
55.72149872779846,4.968776702880859
55.735512256622314,4.968776702880859
55.74951481819153,4.968776702880859
55.763516664505005,4.968776702880859
55.777507066726685,4.968776702880859
55.79148769378662,4.968776702880859
55.80549073219299,4.968776702880859
55.81949806213379,4.968776702880859
55.83350086212158,4.968776702880859
55.84749460220337,4.968776702880859
55.86148166656494,4.968776702880859
55.875914335250854,4.968776702880859
55.88991165161133,4.968776702880859
55.90393567085266,4.968776702880859
55.91793394088745,4.968776702880859
55.93192982673645,4.968776702880859
55.94593262672424,4.968776702880859
55.95996379852295,4.968776702880859
55.97397232055664,4.968776702880859
55.98796844482422,4.968776702880859
56.00196433067322,4.968776702880859
56.01599979400635,4.909084320068359
56.030019998550415,4.857013702392578
56.04412055015564,4.857013702392578
56.058117628097534,4.857013702392578
56.07211995124817,4.857013702392578
56.08610415458679,4.857013702392578
56.100099086761475,4.857013702392578
56.11408185958862,4.857013702392578
56.12808132171631,4.857013702392578
56.14207363128662,4.857013702392578
56.156078577041626,4.857013702392578
56.170053005218506,4.857013702392578
56.18402409553528,4.857013702392578
56.197997093200684,4.857013702392578
56.211966037750244,4.857013702392578
56.22594237327576,4.857013702392578
56.239914655685425,4.857013702392578
56.253902435302734,4.857013702392578
56.267873764038086,4.857013702392578
56.281842947006226,4.857013702392578
56.29583024978638,4.857013702392578
56.30980587005615,4.857013702392578
56.32378673553467,4.857013702392578
56.33776307106018,4.857013702392578
56.351744651794434,4.857013702392578
56.36571168899536,4.857013702392578
56.379671573638916,4.857013702392578
56.39364218711853,4.857013702392578
56.4076030254364,4.857013702392578
56.42158269882202,4.857013702392578
56.435548305511475,4.857013702392578
56.44951057434082,4.857013702392578
56.46350288391113,4.857013702392578
56.47748637199402,4.857013702392578
56.49146604537964,4.857013702392578
56.50543212890625,4.857013702392578
56.519404888153076,4.857013702392578
56.53339123725891,4.857013702392578
56.547367572784424,4.857013702392578
56.56136465072632,4.857013702392578
56.57532286643982,4.857013702392578
56.58929920196533,4.857013702392578
56.603294134140015,4.857013702392578
56.617265462875366,4.857013702392578
56.631237745285034,4.857013702392578
56.6451997756958,4.857013702392578
56.65920829772949,4.857013702392578
56.6731858253479,4.857013702392578
56.68717122077942,4.857013702392578
56.70113182067871,4.857013702392578
56.71511101722717,4.857013702392578
56.72910451889038,4.857013702392578
56.74310612678528,4.857013702392578
56.75711226463318,4.773883819580078
56.77112364768982,4.745250701904297
56.78509473800659,4.745250701904297
56.79907250404358,4.745250701904297
56.813050746917725,4.745250701904297
56.827035665512085,4.745250701904297
56.84102010726929,4.745250701904297
56.85500502586365,4.745250701904297
56.8689751625061,4.745250701904297
56.88297486305237,4.745250701904297
56.89698791503906,4.745250701904297
56.91103768348694,4.745250701904297
56.92500877380371,4.745250701904297
56.93901562690735,4.745250701904297
56.952980279922485,4.745250701904297
56.96700143814087,4.745250701904297
56.980971574783325,4.745250701904297
56.99498200416565,4.745250701904297
57.008970499038696,4.745250701904297
57.0229389667511,4.745250701904297
57.03691101074219,4.745250701904297
57.05089712142944,4.745250701904297
57.06487846374512,4.745250701904297
57.07883548736572,4.745250701904297
57.092828035354614,4.745250701904297
57.10680651664734,4.745250701904297
57.12079977989197,4.745250701904297
57.13477540016174,4.745250701904297
57.14874529838562,4.745250701904297
57.162721157073975,4.745250701904297
57.1767041683197,4.745250701904297
57.19068741798401,4.745250701904297
57.20465350151062,4.745250701904297
57.21862459182739,4.745250701904297
57.232609033584595,4.745250701904297
57.24658203125,4.745250701904297
57.26055955886841,4.745250701904297
57.27454423904419,4.745250701904297
57.288506746292114,4.745250701904297
57.30247688293457,4.745250701904297
57.31644296646118,4.745250701904297
57.33041048049927,4.745250701904297
57.34438991546631,4.745250701904297
57.35836219787598,4.745250701904297
57.3723258972168,4.745250701904297
57.38629770278931,4.745250701904297
57.40028786659241,4.745250701904297
57.41425895690918,4.745250701904297
57.42820644378662,4.745250701904297
57.44218873977661,4.745250701904297
57.456175804138184,4.745250701904297
57.47015905380249,4.745250701904297
57.48414468765259,4.745250701904297
57.49812722206116,4.745250701904297
57.51210689544678,4.7452545166015625
57.52611303329468,4.7452545166015625
57.540091037750244,4.7452545166015625
57.55407190322876,4.7452545166015625
57.568073987960815,4.7452545166015625
57.582077741622925,4.7452545166015625
57.59604597091675,4.7452545166015625
57.610031604766846,4.7452545166015625
57.62401866912842,4.7452545166015625
57.63798809051514,4.7452545166015625
57.65196681022644,4.7452545166015625
57.665929555892944,4.7452545166015625
57.67989420890808,4.7452545166015625
57.6938591003418,4.7452545166015625
57.7078115940094,4.7452545166015625
57.72178649902344,4.7452545166015625
57.73575687408447,4.7452545166015625
57.7497136592865,4.7452545166015625
57.763673067092896,4.7452545166015625
57.77763319015503,4.7452545166015625
57.791611194610596,4.7452545166015625
57.80556559562683,4.7452545166015625
57.81952095031738,4.7452545166015625
57.83348274230957,4.7452545166015625
57.847442865371704,4.7452545166015625
57.8614456653595,4.7452545166015625
57.875423431396484,4.745258331298828
57.8893940448761,4.745258331298828
57.903382778167725,4.745258331298828
57.91743183135986,4.745258331298828
57.93142104148865,4.745262145996094
57.94540476799011,4.745262145996094
57.95937490463257,4.745262145996094
57.97335076332092,4.745262145996094
57.987351179122925,4.745262145996094
58.001331090927124,4.633762359619141
58.01531505584717,4.6335906982421875
58.029367208480835,3.8021583557128906
58.04336357116699,0.18006134033203125
58.0577495098114,0.18006134033203125
58.06884479522705,0.17814254760742188
58.07989716529846,0.17814254760742188
58.090831995010376,0.17814254760742188
58.101765632629395,0.17814254760742188
58.11275506019592,0.17817306518554688
58.1237518787384,0.17817306518554688
58.134910106658936,0.17817306518554688
58.14590287208557,0.17818069458007812
58.156898975372314,0.17829132080078125
58.1679003238678,0.17829132080078125
58.178900480270386,0.17829132080078125
58.189894914627075,0.17829132080078125
58.20089507102966,0.17829132080078125
58.211891174316406,0.17829132080078125
58.22289252281189,0.17829132080078125
58.233875036239624,0.17830276489257812
58.24487519264221,0.17830276489257812
58.25591063499451,0.17830276489257812
58.26690602302551,0.17649459838867188
58.27789783477783,0.0
58.28889203071594,0.0
58.299869775772095,0.0
58.3108434677124,0.0
58.32182478904724,0.0
58.332813024520874,0.0
