t_sec,rss_gib
0.007582426071166992,0.00494384765625
0.018460988998413086,0.008052825927734375
0.02927112579345703,0.008758544921875
0.040035247802734375,0.008758544921875
0.050817251205444336,0.00901031494140625
0.06159257888793945,0.009765625
0.07236313819885254,0.01001739501953125
0.08311200141906738,0.01001739501953125
0.09387493133544922,0.01001739501953125
0.10464358329772949,0.01001739501953125
0.11540651321411133,0.01001739501953125
0.12616443634033203,0.01001739501953125
0.13690829277038574,0.01001739501953125
0.14768671989440918,0.01001739501953125
0.15845298767089844,0.01001739501953125
0.16920924186706543,0.01001739501953125
0.17995643615722656,0.01001739501953125
0.19072222709655762,0.0102691650390625
0.20148086547851562,0.0102691650390625
0.2122485637664795,0.0102691650390625
0.22298598289489746,0.0102691650390625
0.23374342918395996,0.0102691650390625
0.24449443817138672,0.0102691650390625
0.25525546073913574,0.0102691650390625
0.2660226821899414,0.0102691650390625
0.27678370475769043,0.0102691650390625
0.2875540256500244,0.0102691650390625
0.2983114719390869,0.0102691650390625
0.3090662956237793,0.01052093505859375
0.31982874870300293,0.011077880859375
0.3305952548980713,0.011077880859375
0.34136533737182617,0.011974334716796875
0.35213255882263184,0.0144500732421875
0.3628973960876465,0.0144500732421875
0.37366318702697754,0.0144500732421875
0.38441944122314453,0.0144500732421875
0.39517831802368164,0.0144500732421875
0.4059147834777832,0.0144500732421875
0.4167201519012451,0.0144500732421875
0.42748236656188965,0.0144500732421875
0.43825292587280273,0.0144500732421875
0.44899964332580566,0.0144500732421875
0.4597764015197754,0.0144500732421875
0.4705350399017334,0.0144500732421875
0.48130369186401367,0.016895294189453125
0.49205470085144043,0.01888275146484375
0.5028018951416016,0.01888275146484375
0.5135805606842041,0.01888275146484375
0.5244174003601074,0.01888275146484375
0.5352227687835693,0.01888275146484375
0.5460116863250732,0.01888275146484375
0.5568294525146484,0.01888275146484375
0.5676240921020508,0.01888275146484375
0.5784716606140137,0.01888275146484375
0.5892701148986816,0.01888275146484375
0.6000194549560547,0.01888275146484375
0.6108241081237793,0.01888275146484375
0.6216027736663818,0.01888275146484375
0.6323568820953369,0.01888275146484375
0.6430914402008057,0.01888275146484375
0.6538283824920654,0.01888275146484375
0.6645803451538086,0.01888275146484375
0.6753332614898682,0.01888275146484375
0.6860775947570801,0.01888275146484375
0.6968169212341309,0.01888275146484375
0.7075786590576172,0.01888275146484375
0.7183423042297363,0.01888275146484375
0.7290892601013184,0.01888275146484375
0.7398362159729004,0.01888275146484375
0.7506141662597656,0.01888275146484375
0.7613673210144043,0.01888275146484375
0.7721612453460693,0.01888275146484375
0.782912015914917,0.01888275146484375
0.7936718463897705,0.01888275146484375
0.8044338226318359,0.01888275146484375
0.8152012825012207,0.019134521484375
0.8259682655334473,0.01938629150390625
0.8367457389831543,0.01938629150390625
0.8475048542022705,0.01938629150390625
0.8582637310028076,0.01938629150390625
0.869002103805542,0.01938629150390625
0.8797516822814941,0.01938629150390625
0.8905477523803711,0.01938629150390625
0.9012982845306396,0.01938629150390625
0.9120514392852783,0.01938629150390625
0.9228150844573975,0.01938629150390625
0.9335708618164062,0.01938629150390625
0.9443309307098389,0.01938629150390625
0.9550769329071045,0.01938629150390625
0.9658327102661133,0.019786834716796875
0.9766225814819336,0.020626068115234375
0.9873940944671631,0.021823883056640625
0.9981544017791748,0.021823883056640625
1.0089070796966553,0.021823883056640625
1.019684076309204,0.021823883056640625
1.0304381847381592,0.021823883056640625
1.0412015914916992,0.021823883056640625
1.0519371032714844,0.021823883056640625
1.062697172164917,0.021823883056640625
1.073451280593872,0.021823883056640625
1.0842070579528809,0.021823883056640625
1.0949478149414062,0.021823883056640625
1.105710744857788,0.021823883056640625
1.1164734363555908,0.021823883056640625
1.1272330284118652,0.021823883056640625
1.138087511062622,0.021823883056640625
1.1488454341888428,0.021823883056640625
1.1596119403839111,0.021823883056640625
1.170377254486084,0.021823883056640625
1.18113112449646,0.021823883056640625
1.191868782043457,0.021823883056640625
1.2026214599609375,0.021823883056640625
1.213376760482788,0.021823883056640625
1.2241132259368896,0.021823883056640625
1.2348613739013672,0.021823883056640625
1.2456223964691162,0.021823883056640625
1.256378173828125,0.021823883056640625
1.2671315670013428,0.021823883056640625
1.2778804302215576,0.021823883056640625
1.2886571884155273,0.021823883056640625
1.2994170188903809,0.021823883056640625
1.310180902481079,0.021823883056640625
1.3209271430969238,0.021823883056640625
1.3316888809204102,0.021823883056640625
1.342442274093628,0.021823883056640625
1.3531978130340576,0.021823883056640625
1.363938331604004,0.021823883056640625
1.3747265338897705,0.021823883056640625
1.3855183124542236,0.021823883056640625
1.3962690830230713,0.021823883056640625
1.407012939453125,0.021823883056640625
1.4177837371826172,0.021823883056640625
1.4285414218902588,0.021823883056640625
1.4392971992492676,0.021823883056640625
1.450047492980957,0.021823883056640625
1.4607954025268555,0.021823883056640625
1.471557855606079,0.021823883056640625
1.4823198318481445,0.021823883056640625
1.4930589199066162,0.021823883056640625
1.503810167312622,0.021823883056640625
1.5145771503448486,0.021823883056640625
1.5253500938415527,0.021823883056640625
1.5361387729644775,0.021823883056640625
1.5468852519989014,0.021823883056640625
1.557649850845337,0.021823883056640625
1.5684092044830322,0.021823883056640625
1.5791780948638916,0.021823883056640625
1.58992600440979,0.021823883056640625
1.6006982326507568,0.021823883056640625
1.6114721298217773,0.021823883056640625
1.6222655773162842,0.021823883056640625
1.6334500312805176,0.021823883056640625
1.64453125,0.021823883056640625
1.6553943157196045,0.021823883056640625
1.6662378311157227,0.022075653076171875
1.6770355701446533,0.022327423095703125
1.687889575958252,0.02300262451171875
1.6987090110778809,0.024120330810546875
1.7095003128051758,0.024463653564453125
1.7202775478363037,0.025585174560546875
1.7310395240783691,0.025585174560546875
1.7418136596679688,0.025585174560546875
1.752589225769043,0.026500701904296875
1.7633581161499023,0.026500701904296875
1.7741384506225586,0.026500701904296875
1.7848939895629883,0.026752471923828125
1.795689582824707,0.026752471923828125
1.8064696788787842,0.026996612548828125
1.8172342777252197,0.027576446533203125
1.8279979228973389,0.02831268310546875
1.8387625217437744,0.02831268310546875
1.8495373725891113,0.028575897216796875
1.8603053092956543,0.028575897216796875
1.8710529804229736,0.0287322998046875
1.8818168640136719,0.0287322998046875
1.89259672164917,0.0287322998046875
1.9033560752868652,0.0287322998046875
1.9141030311584473,0.0287322998046875
1.924851894378662,0.0287322998046875
1.9356086254119873,0.0287322998046875
1.9463694095611572,0.0287322998046875
1.9571082592010498,0.0287322998046875
1.9678730964660645,0.0287322998046875
1.9786489009857178,0.0287322998046875
1.989415168762207,0.0287322998046875
2.0001678466796875,0.0287322998046875
2.0109097957611084,0.0287322998046875
2.0216774940490723,0.0287322998046875
2.032430410385132,0.0287322998046875
2.043189287185669,0.0287322998046875
2.0539329051971436,0.0287322998046875
2.064692974090576,0.0287322998046875
2.075453519821167,0.0287322998046875
2.0862326622009277,0.0287322998046875
2.0970020294189453,0.029022216796875
2.1077675819396973,0.0295257568359375
2.1185333728790283,0.0295257568359375
2.1293022632598877,0.0295257568359375
2.1401467323303223,0.0295257568359375
2.1509385108947754,0.0295257568359375
2.161715507507324,0.0295257568359375
2.1724913120269775,0.0295257568359375
2.183337688446045,0.0295257568359375
2.1941120624542236,0.0295257568359375
2.204918622970581,0.0295257568359375
2.2157232761383057,0.0295257568359375
2.2264978885650635,0.0295257568359375
2.2372701168060303,0.030029296875
2.2480337619781494,0.030391693115234375
2.2587974071502686,0.030643463134765625
2.269568681716919,0.030895233154296875
2.2803421020507812,0.030895233154296875
2.2910985946655273,0.030895233154296875
2.3018476963043213,0.030895233154296875
2.3126180171966553,0.030895233154296875
2.3233773708343506,0.030895233154296875
2.3341457843780518,0.030895233154296875
2.3448917865753174,0.030895233154296875
2.3556501865386963,0.030895233154296875
2.3664040565490723,0.030895233154296875
2.377169370651245,0.030895233154296875
2.3879144191741943,0.030895233154296875
2.3986775875091553,0.030895233154296875
2.409437656402588,0.030895233154296875
2.42018723487854,0.030895233154296875
2.4309229850769043,0.030895233154296875
2.441688299179077,0.030895233154296875
2.452444553375244,0.030895233154296875
2.4632139205932617,0.030895233154296875
2.473975896835327,0.030895233154296875
2.48474383354187,0.030895233154296875
2.4955062866210938,0.030895233154296875
2.506265640258789,0.030895233154296875
2.5170230865478516,0.031147003173828125
2.5277929306030273,0.031169891357421875
2.5385539531707764,0.031169891357421875
2.5493266582489014,0.031169891357421875
2.56010365486145,0.031169891357421875
2.5708553791046143,0.031169891357421875
2.5816402435302734,0.031169891357421875
2.592397451400757,0.031169891357421875
2.603152275085449,0.031169891357421875
2.613895893096924,0.031169891357421875
2.6246697902679443,0.031169891357421875
2.6354570388793945,0.031169891357421875
2.646225929260254,0.031169891357421875
2.6569907665252686,0.031169891357421875
2.667764902114868,0.031169891357421875
2.6785590648651123,0.031169891357421875
2.6893393993377686,0.031169891357421875
2.7003493309020996,0.031169891357421875
2.711101531982422,0.031169891357421875
2.721850872039795,0.031169891357421875
2.732614517211914,0.031169891357421875
2.7433860301971436,0.031169891357421875
2.7541491985321045,0.031169891357421875
2.7648935317993164,0.031169891357421875
2.7756659984588623,0.031169891357421875
2.786418914794922,0.031169891357421875
2.797182559967041,0.031169891357421875
2.807938575744629,0.031169891357421875
2.8187127113342285,0.031169891357421875
2.8294677734375,0.031169891357421875
2.840425491333008,0.031169891357421875
2.851630449295044,0.031169891357421875
2.8624300956726074,0.031169891357421875
2.8732149600982666,0.031169891357421875
2.8839714527130127,0.031513214111328125
2.894742965698242,0.031513214111328125
2.905508279800415,0.031513214111328125
2.916271686553955,0.031513214111328125
2.927018404006958,0.031513214111328125
2.937798023223877,0.031513214111328125
2.9485719203948975,0.031558990478515625
2.9593443870544434,0.031558990478515625
2.9700911045074463,0.031558990478515625
2.9808473587036133,0.031719207763671875
2.9916131496429443,0.032016754150390625
3.002394914627075,0.032016754150390625
3.0131585597991943,0.0326080322265625
3.023909091949463,0.033008575439453125
3.034668445587158,0.034015655517578125
3.04542875289917,0.034015655517578125
3.056196451187134,0.034015655517578125
3.066962242126465,0.034015655517578125
3.0777368545532227,0.035701751708984375
3.088524103164673,0.035701751708984375
3.099294900894165,0.035701751708984375
3.11004376411438,0.035701751708984375
3.120814085006714,0.035701751708984375
3.131587505340576,0.035701751708984375
3.1427247524261475,0.035701751708984375
3.1538076400756836,0.035701751708984375
3.1646952629089355,0.035701751708984375
3.1755013465881348,0.035831451416015625
3.186302900314331,0.035831451416015625
3.1970794200897217,0.035831451416015625
3.2078139781951904,0.035831451416015625
3.2186203002929688,0.035831451416015625
3.2294538021087646,0.035831451416015625
3.2402684688568115,0.035831451416015625
3.251028537750244,0.035831451416015625
3.2618489265441895,0.035831451416015625
3.2726166248321533,0.035831451416015625
3.28344988822937,0.035831451416015625
3.2942800521850586,0.03597259521484375
3.305040121078491,0.03597259521484375
3.315814971923828,0.0360260009765625
3.3265981674194336,0.036102294921875
3.3373842239379883,0.036106109619140625
3.3481509685516357,0.036617279052734375
3.358900547027588,0.036617279052734375
3.3696608543395996,0.036956787109375
3.380430221557617,0.036956787109375
3.3911895751953125,0.037044525146484375
3.4019384384155273,0.037227630615234375
3.4127018451690674,0.037227630615234375
3.4234702587127686,0.037860870361328125
3.434244394302368,0.037860870361328125
3.444998264312744,0.037860870361328125
3.4557666778564453,0.037860870361328125
3.466526985168457,0.037860870361328125
3.4773025512695312,0.037860870361328125
3.4880542755126953,0.037860870361328125
3.4987998008728027,0.037860870361328125
3.5095674991607666,0.037860870361328125
3.520341634750366,0.037860870361328125
3.531101942062378,0.037860870361328125
3.541848659515381,0.037860870361328125
3.5526063442230225,0.037860870361328125
3.5633809566497803,0.037860870361328125
3.5741515159606934,0.037860870361328125
3.58490252494812,0.038112640380859375
3.5956788063049316,0.038112640380859375
3.6064510345458984,0.0382232666015625
3.6172263622283936,0.0382232666015625
3.6279988288879395,0.038360595703125
3.638918876647949,0.038822174072265625
3.6497457027435303,0.038822174072265625
3.660576105117798,0.03907012939453125
3.671370029449463,0.03907012939453125
3.682158946990967,0.03907012939453125
3.6929383277893066,0.03907012939453125
3.7037100791931152,0.03907012939453125
3.7144851684570312,0.03907012939453125
3.7252533435821533,0.03907012939453125
3.735999584197998,0.03907012939453125
3.7467637062072754,0.03907012939453125
3.757561206817627,0.03907012939453125
3.768324613571167,0.03907012939453125
3.77907133102417,0.03907012939453125
3.789841651916504,0.03907012939453125
3.8006162643432617,0.03907012939453125
3.8113908767700195,0.0393218994140625
3.822178363800049,0.03957366943359375
3.8329505920410156,0.03957366943359375
3.843733310699463,0.03957366943359375
3.8545162677764893,0.039825439453125
3.8652937412261963,0.040019989013671875
3.876053810119629,0.040019989013671875
3.8868119716644287,0.040019989013671875
3.897582769393921,0.040019989013671875
3.9083428382873535,0.040019989013671875
3.9191057682037354,0.040019989013671875
3.929856300354004,0.040019989013671875
3.940629720687866,0.040019989013671875
3.9513983726501465,0.040019989013671875
3.962162494659424,0.040019989013671875
3.972954511642456,0.040019989013671875
3.983729362487793,0.040019989013671875
3.99450421333313,0.040019989013671875
4.005280494689941,0.040019989013671875
4.0160322189331055,0.040019989013671875
4.02679181098938,0.040019989013671875
4.037552118301392,0.040019989013671875
4.048313856124878,0.040019989013671875
4.059068202972412,0.040019989013671875
4.069820880889893,0.040019989013671875
4.080583095550537,0.040019989013671875
4.091342210769653,0.040019989013671875
4.102086067199707,0.040019989013671875
4.112833499908447,0.040019989013671875
4.123594760894775,0.040019989013671875
4.134366989135742,0.040019989013671875
4.145460605621338,0.040019989013671875
4.156525611877441,0.040019989013671875
4.167397499084473,0.040019989013671875
4.178222179412842,0.040019989013671875
4.189001560211182,0.040019989013671875
4.199792146682739,0.040019989013671875
4.210564136505127,0.040019989013671875
4.221327543258667,0.040019989013671875
4.232078552246094,0.040019989013671875
4.2428247928619385,0.040019989013671875
4.25359320640564,0.040019989013671875
4.264352560043335,0.040019989013671875
4.275099992752075,0.040019989013671875
4.285862445831299,0.040019989013671875
4.296630382537842,0.040019989013671875
4.307405948638916,0.040019989013671875
4.3181774616241455,0.040019989013671875
4.3289408683776855,0.040019989013671875
4.339709281921387,0.040019989013671875
4.350467920303345,0.040019989013671875
4.361237525939941,0.040019989013671875
4.371978044509888,0.040019989013671875
4.382738351821899,0.040019989013671875
4.393494129180908,0.040019989013671875
4.404250621795654,0.040019989013671875
4.4149932861328125,0.040019989013671875
4.425779342651367,0.040019989013671875
4.436547040939331,0.04016876220703125
4.447308778762817,0.04016876220703125
4.4580535888671875,0.04016876220703125
4.468822240829468,0.04016876220703125
4.479584693908691,0.04016876220703125
4.490342617034912,0.04016876220703125
4.5011045932769775,0.04016876220703125
4.51186466217041,0.040439605712890625
4.522629261016846,0.040439605712890625
4.533395290374756,0.040439605712890625
4.544166564941406,0.040439605712890625
4.554921627044678,0.040439605712890625
4.565691232681274,0.040439605712890625
4.576449394226074,0.040439605712890625
4.587224721908569,0.040439605712890625
4.5979907512664795,0.040866851806640625
4.608771800994873,0.0408935546875
4.619536399841309,0.04116058349609375
4.630306720733643,0.04117584228515625
4.641056060791016,0.041229248046875
4.651829242706299,0.041309356689453125
4.662597179412842,0.041423797607421875
4.673374176025391,0.04146575927734375
4.684135913848877,0.04146575927734375
4.694887399673462,0.04146575927734375
4.705652475357056,0.04146575927734375
4.716407299041748,0.04146575927734375
4.727163314819336,0.04146575927734375
4.73790717124939,0.04146575927734375
4.748664855957031,0.04146575927734375
4.759419202804565,0.04146575927734375
4.770177602767944,0.04146575927734375
4.78092098236084,0.04146575927734375
4.791678428649902,0.04146575927734375
4.802440881729126,0.04146575927734375
4.813218116760254,0.04146575927734375
4.823975324630737,0.04146575927734375
4.834731340408325,0.04146575927734375
4.845492124557495,0.04146575927734375
4.8562445640563965,0.04146575927734375
4.866991758346558,0.04146575927734375
4.877754211425781,0.04146575927734375
4.8885228633880615,0.04146575927734375
4.899310350418091,0.04146575927734375
4.9100587368011475,0.04146575927734375
4.920808553695679,0.04146575927734375
4.931565523147583,0.04146575927734375
4.942325592041016,0.04146575927734375
4.953073501586914,0.04146575927734375
4.963815689086914,0.04146575927734375
4.974573373794556,0.04146575927734375
4.985333681106567,0.04146575927734375
4.996075391769409,0.04146575927734375
5.006816148757935,0.04146575927734375
5.017574787139893,0.04146575927734375
5.028337001800537,0.04146575927734375
5.03909158706665,0.04146575927734375
5.0498504638671875,0.041706085205078125
5.060611963272095,0.041706085205078125
5.071395397186279,0.04195404052734375
5.0821709632873535,0.04195404052734375
5.092921495437622,0.042095184326171875
5.103692293167114,0.042095184326171875
5.114445924758911,0.042095184326171875
5.125204563140869,0.042095184326171875
5.135948896408081,0.042095184326171875
5.1467201709747314,0.042095184326171875
5.157489776611328,0.042095184326171875
5.16825532913208,0.042095184326171875
5.1789960861206055,0.042095184326171875
5.189748764038086,0.042095184326171875
5.200506687164307,0.042095184326171875
5.2112650871276855,0.042095184326171875
5.2220139503479,0.042095184326171875
5.232774972915649,0.042095184326171875
5.243540525436401,0.042095184326171875
5.254303216934204,0.042095184326171875
5.2650535106658936,0.042095184326171875
5.275808811187744,0.042095184326171875
5.286576271057129,0.042095184326171875
5.297336101531982,0.042095184326171875
5.308103561401367,0.04259490966796875
5.3188557624816895,0.04259490966796875
5.32964825630188,0.04259490966796875
5.340422868728638,0.04259490966796875
5.351182460784912,0.04259490966796875
5.361933469772339,0.04259490966796875
5.37269401550293,0.04259490966796875
5.383446455001831,0.04259490966796875
5.394214868545532,0.04259490966796875
5.404961109161377,0.04259490966796875
5.415727376937866,0.04259490966796875
5.426483154296875,0.04259490966796875
5.437240362167358,0.04259490966796875
5.447983264923096,0.04259490966796875
5.458742380142212,0.04259490966796875
5.469498157501221,0.04259490966796875
5.480254650115967,0.04259490966796875
5.490996837615967,0.04259490966796875
5.501764535903931,0.04259490966796875
5.5125250816345215,0.04259490966796875
5.52328896522522,0.04259490966796875
5.534043550491333,0.04259490966796875
5.544800043106079,0.04259490966796875
5.555562734603882,0.04259490966796875
5.56633996963501,0.04259490966796875
5.577091693878174,0.04259490966796875
5.587857961654663,0.04259490966796875
5.5986363887786865,0.04259490966796875
5.609401702880859,0.04259490966796875
5.62018084526062,0.04259490966796875
5.630934953689575,0.04259490966796875
5.6416990756988525,0.04259490966796875
5.6524553298950195,0.04259490966796875
5.663210868835449,0.04259490966796875
5.673955678939819,0.04259490966796875
5.684720516204834,0.04259490966796875
5.695477247238159,0.04259490966796875
5.706248760223389,0.04259490966796875
5.71700119972229,0.04259490966796875
5.7277631759643555,0.04259490966796875
5.738520383834839,0.04259490966796875
5.749288558959961,0.04259490966796875
5.760042667388916,0.04259490966796875
5.770803928375244,0.04259490966796875
5.78156590461731,0.04259490966796875
5.792339324951172,0.04259490966796875
5.803098440170288,0.04259490966796875
5.8138697147369385,0.04259490966796875
5.8246376514434814,0.04259490966796875
5.835402727127075,0.04259490966796875
5.846170425415039,0.04259490966796875
5.856915473937988,0.04259490966796875
5.867695331573486,0.04259490966796875
5.878464698791504,0.04259490966796875
5.889221668243408,0.04259490966796875
5.899972200393677,0.04259490966796875
5.910752058029175,0.04259490966796875
5.921520471572876,0.04259490966796875
5.932300567626953,0.04259490966796875
5.943045616149902,0.04259490966796875
5.953811883926392,0.04259490966796875
5.964602470397949,0.04259490966796875
5.975359916687012,0.04259490966796875
5.986109733581543,0.04259490966796875
5.996872663497925,0.04259490966796875
6.007645845413208,0.042827606201171875
6.018412828445435,0.043262481689453125
6.029176473617554,0.04329681396484375
6.039927959442139,0.04329681396484375
6.05069637298584,0.043476104736328125
6.061472177505493,0.04351043701171875
6.072242259979248,0.04351043701171875
6.083012342453003,0.04351043701171875
6.093780994415283,0.04351043701171875
6.104541778564453,0.04351043701171875
6.115313529968262,0.044086456298828125
6.12607216835022,0.044132232666015625
6.136842966079712,0.044132232666015625
6.147624969482422,0.044132232666015625
6.158395290374756,0.044132232666015625
6.169182777404785,0.04438018798828125
6.179940462112427,0.04438018798828125
6.190712213516235,0.04438018798828125
6.201487064361572,0.04438018798828125
6.212252855300903,0.0446319580078125
6.223011255264282,0.04488372802734375
6.23381233215332,0.04488372802734375
6.244623422622681,0.045135498046875
6.255383729934692,0.045135498046875
6.266209363937378,0.045135498046875
6.277000188827515,0.04538726806640625
6.287788391113281,0.04538726806640625
6.298589468002319,0.04538726806640625
6.309386968612671,0.04538726806640625
6.320158243179321,0.04538726806640625
6.330915451049805,0.04538726806640625
6.341684341430664,0.04538726806640625
6.352440357208252,0.04538726806640625
6.363200902938843,0.04538726806640625
6.373939275741577,0.04538726806640625
6.384696960449219,0.04538726806640625
6.3954503536224365,0.04538726806640625
6.406221389770508,0.04538726806640625
6.416985273361206,0.04538726806640625
6.427757024765015,0.04538726806640625
6.4385154247283936,0.04538726806640625
6.449270248413086,0.04538726806640625
6.46001672744751,0.04538726806640625
6.470773220062256,0.04538726806640625
6.481530427932739,0.04538726806640625
6.492305278778076,0.04538726806640625
6.503051280975342,0.04538726806640625
6.51382303237915,0.04538726806640625
6.524598598480225,0.04538726806640625
6.535364627838135,0.04589080810546875
6.54612922668457,0.04589080810546875
6.556882619857788,0.04589080810546875
6.56765604019165,0.04589080810546875
6.5784265995025635,0.04589080810546875
6.589211940765381,0.04589080810546875
6.599963426589966,0.04589080810546875
6.610724925994873,0.04589080810546875
6.621495008468628,0.04589080810546875
6.632284164428711,0.046142578125
6.643042325973511,0.046169281005859375
6.653819561004639,0.046169281005859375
6.664597034454346,0.04654693603515625
6.67540431022644,0.046703338623046875
6.686216592788696,0.0467071533203125
6.696973562240601,0.0467071533203125
6.707736492156982,0.0467071533203125
6.718502044677734,0.0467071533203125
6.729265928268433,0.0467071533203125
6.740009784698486,0.0467071533203125
6.750765800476074,0.0467071533203125
6.7615275382995605,0.0467071533203125
6.772288084030151,0.0467071533203125
6.783028602600098,0.0467071533203125
6.793781995773315,0.0467071533203125
6.804542064666748,0.0467071533203125
6.8153135776519775,0.0467071533203125
6.8260657787323,0.0467071533203125
6.836815118789673,0.0467071533203125
6.847578763961792,0.0467071533203125
6.858335256576538,0.0467071533203125
6.869084119796753,0.0467071533203125
6.87982964515686,0.0467071533203125
6.8905909061431885,0.0467071533203125
6.901345252990723,0.0467071533203125
6.912106275558472,0.0467071533203125
6.922863245010376,0.04724884033203125
6.933640718460083,0.04724884033203125
6.9443981647491455,0.04724884033203125
6.955172538757324,0.04724884033203125
6.965920686721802,0.04724884033203125
6.976681470870972,0.04724884033203125
6.987443447113037,0.04724884033203125
6.998198747634888,0.04724884033203125
7.008941411972046,0.04724884033203125
7.019713878631592,0.0475006103515625
7.030470132827759,0.0475006103515625
7.041231155395508,0.0475006103515625
7.051975250244141,0.0475006103515625
7.062742710113525,0.0475006103515625
7.073506832122803,0.0475006103515625
7.08426308631897,0.0475006103515625
7.095004320144653,0.0475006103515625
7.10576605796814,0.0475006103515625
7.116523265838623,0.0475006103515625
7.127291202545166,0.0475006103515625
7.138057470321655,0.0475006103515625
7.148802995681763,0.0475006103515625
7.159573316574097,0.0475006103515625
7.170331716537476,0.0475006103515625
7.18107271194458,0.0475006103515625
7.191807270050049,0.0475006103515625
7.202568292617798,0.0475006103515625
7.213334321975708,0.0475006103515625
7.2240753173828125,0.0475006103515625
7.234819650650024,0.0475006103515625
7.245574951171875,0.0475006103515625
7.25633430480957,0.0475006103515625
7.267094135284424,0.0475006103515625
7.277851104736328,0.0475006103515625
7.28861403465271,0.0475006103515625
7.299384832382202,0.0475006103515625
7.310142517089844,0.0475006103515625
7.32088828086853,0.0475006103515625
7.331658363342285,0.0475006103515625
7.342425584793091,0.0475006103515625
7.353189468383789,0.0475006103515625
7.363931894302368,0.0475006103515625
7.374717950820923,0.0475006103515625
7.385476589202881,0.0475006103515625
7.3962342739105225,0.0475006103515625
7.406975030899048,0.0475006103515625
7.417737245559692,0.0475006103515625
7.428510427474976,0.0475006103515625
7.43928599357605,0.0475006103515625
7.450045108795166,0.0475006103515625
7.460808753967285,0.0475006103515625
7.471581220626831,0.0475006103515625
7.482350826263428,0.0475006103515625
7.493093013763428,0.0475006103515625
7.503845691680908,0.0475006103515625
7.514622449874878,0.0475006103515625
7.5253825187683105,0.0475006103515625
7.536141872406006,0.0475006103515625
7.546897888183594,0.0475006103515625
7.557657241821289,0.0475006103515625
7.568418264389038,0.0475006103515625
7.579184293746948,0.0475006103515625
7.5899338722229,0.0475006103515625
7.600705146789551,0.0475006103515625
7.611475706100464,0.0475006103515625
7.622246265411377,0.0475006103515625
7.633000612258911,0.04775238037109375
7.643778562545776,0.04775238037109375
7.654550313949585,0.04775238037109375
7.665330648422241,0.04775238037109375
7.676083564758301,0.04775238037109375
7.686822414398193,0.04775238037109375
7.697598934173584,0.04796600341796875
7.7083635330200195,0.04796600341796875
7.719105005264282,0.04796600341796875
7.729860067367554,0.04805755615234375
7.740623235702515,0.04805755615234375
7.751399755477905,0.04805755615234375
7.7621681690216064,0.048126220703125
7.772916793823242,0.048126220703125
7.783716201782227,0.048126220703125
7.794495582580566,0.04824066162109375
7.805265665054321,0.04824066162109375
7.816035032272339,0.04824066162109375
7.8267982006073,0.04824066162109375
7.837565660476685,0.04824066162109375
7.848326683044434,0.04824066162109375
7.859083890914917,0.04824066162109375
7.869818210601807,0.04824066162109375
7.8805763721466064,0.049266815185546875
7.891336441040039,0.049266815185546875
7.9020795822143555,0.049266815185546875
7.912830591201782,0.049266815185546875
7.923583269119263,0.049266815185546875
7.934340476989746,0.049266815185546875
7.945079326629639,0.049266815185546875
7.955822467803955,0.049266815185546875
7.966588973999023,0.049266815185546875
7.977365970611572,0.049266815185546875
7.988110542297363,0.049266815185546875
7.9988720417022705,0.049266815185546875
8.009631156921387,0.049266815185546875
8.02040982246399,0.049266815185546875
8.031181812286377,0.050140380859375
8.041930675506592,0.050140380859375
8.052697658538818,0.050140380859375
8.063462257385254,0.05057525634765625
8.07422947883606,0.051342010498046875
8.084990501403809,0.05159759521484375
8.095757007598877,0.05159759521484375
8.106528520584106,0.05231475830078125
8.117292404174805,0.05231475830078125
8.128044128417969,0.0523834228515625
8.138809442520142,0.05258941650390625
8.14956545829773,0.05258941650390625
8.160321712493896,0.05258941650390625
8.171073198318481,0.05258941650390625
8.181817054748535,0.05258941650390625
8.192580938339233,0.05258941650390625
8.203351736068726,0.05258941650390625
8.214102029800415,0.05258941650390625
8.224865436553955,0.05258941650390625
8.235631227493286,0.05258941650390625
8.24638295173645,0.05258941650390625
8.257144689559937,0.05258941650390625
8.267900705337524,0.05258941650390625
8.278687238693237,0.05258941650390625
8.2894446849823,0.05258941650390625
8.300207138061523,0.05258941650390625
8.31096625328064,0.05258941650390625
8.321717977523804,0.05258941650390625
8.332475662231445,0.05258941650390625
8.343276023864746,0.05258941650390625
8.35401463508606,0.05258941650390625
8.364777565002441,0.05258941650390625
8.375531435012817,0.05258941650390625
8.386293411254883,0.05258941650390625
8.397039890289307,0.05258941650390625
8.407800436019897,0.05258941650390625
8.418580055236816,0.05258941650390625
8.429358959197998,0.05258941650390625
8.440130949020386,0.05258941650390625
8.45088791847229,0.05258941650390625
8.461652278900146,0.05258941650390625
8.472428560256958,0.052875518798828125
8.483205080032349,0.05287933349609375
8.493964195251465,0.053070068359375
8.504734754562378,0.053070068359375
8.515507221221924,0.053070068359375
8.526268720626831,0.053070068359375
8.537012815475464,0.053070068359375
8.547775745391846,0.053070068359375
8.558531999588013,0.053070068359375
8.569291591644287,0.053070068359375
8.580044984817505,0.053070068359375
8.590797662734985,0.053070068359375
8.601579427719116,0.053070068359375
8.612336874008179,0.053070068359375
8.623088598251343,0.053070068359375
8.633855104446411,0.053356170654296875
8.644613265991211,0.053356170654296875
8.655401229858398,0.053356170654296875
8.666175365447998,0.053356170654296875
8.676923990249634,0.053356170654296875
8.687684774398804,0.053356170654296875
8.69844651222229,0.053356170654296875
8.70921015739441,0.053356170654296875
8.71995234489441,0.053356170654296875
8.730711460113525,0.053356170654296875
8.741478443145752,0.053356170654296875
8.75225019454956,0.053356170654296875
8.763012647628784,0.05359649658203125
8.773778676986694,0.05359649658203125
8.784540176391602,0.05359649658203125
8.79531979560852,0.05359649658203125
8.80609655380249,0.05359649658203125
8.816856384277344,0.05359649658203125
8.827623844146729,0.0538177490234375
8.83838701248169,0.0538177490234375
8.8491530418396,0.0538177490234375
8.859914779663086,0.0538177490234375
8.870696306228638,0.05426788330078125
8.881479740142822,0.05426788330078125
8.892239093780518,0.05426788330078125
8.903011560440063,0.05426788330078125
8.913777112960815,0.05426788330078125
8.924534559249878,0.05426788330078125
8.935321807861328,0.05426788330078125
8.946153402328491,0.05426788330078125
8.956943988800049,0.05426788330078125
8.967701435089111,0.05426788330078125
8.978517770767212,0.05426788330078125
8.989275932312012,0.05426788330078125
9.00009298324585,0.05426788330078125
9.010911226272583,0.05426788330078125
9.02168607711792,0.05426788330078125
9.032474756240845,0.05426788330078125
9.043254137039185,0.0545196533203125
9.054023742675781,0.0545196533203125
9.064791202545166,0.054531097412109375
9.075555562973022,0.054531097412109375
9.086317300796509,0.054531097412109375
9.097075462341309,0.054531097412109375
9.107834577560425,0.054531097412109375
9.118601083755493,0.054531097412109375
9.129364252090454,0.054988861083984375
9.140112400054932,0.054988861083984375
9.150863885879517,0.054988861083984375
9.161617755889893,0.054988861083984375
9.17237377166748,0.054988861083984375
9.183138370513916,0.054988861083984375
9.193878412246704,0.054988861083984375
9.204634189605713,0.054988861083984375
9.215389251708984,0.054988861083984375
9.226151466369629,0.054988861083984375
9.23689579963684,0.054988861083984375
9.247658729553223,0.054988861083984375
9.258424758911133,0.054988861083984375
9.269187450408936,0.054988861083984375
9.279925107955933,0.054988861083984375
9.2906973361969,0.054988861083984375
9.301457643508911,0.054988861083984375
9.312214612960815,0.054988861083984375
9.322986602783203,0.054988861083984375
9.333753824234009,0.054988861083984375
9.344514846801758,0.054988861083984375
9.355281829833984,0.054988861083984375
9.366023063659668,0.054988861083984375
9.37677001953125,0.054988861083984375
9.387524366378784,0.054988861083984375
9.398278951644897,0.054988861083984375
9.409017562866211,0.054988861083984375
9.419764518737793,0.054988861083984375
9.430522680282593,0.054988861083984375
9.441283702850342,0.054988861083984375
9.452020406723022,0.054988861083984375
9.46278691291809,0.054988861083984375
9.47354769706726,0.054988861083984375
9.48430871963501,0.054988861083984375
9.495047569274902,0.054988861083984375
9.50583529472351,0.054988861083984375
9.516602039337158,0.054988861083984375
9.52736496925354,0.054988861083984375
9.538136720657349,0.054988861083984375
9.548884868621826,0.054988861083984375
9.559641361236572,0.054988861083984375
9.570395946502686,0.054988861083984375
9.581165790557861,0.054988861083984375
9.591912269592285,0.054988861083984375
9.60269021987915,0.054988861083984375
9.61345648765564,0.054988861083984375
9.624232292175293,0.054988861083984375
9.634986400604248,0.055110931396484375
9.645763874053955,0.055202484130859375
9.656535148620605,0.0552825927734375
9.667305707931519,0.0552825927734375
9.678067922592163,0.0552825927734375
9.68882703781128,0.055995941162109375
9.699617862701416,0.055995941162109375
9.71039080619812,0.055995941162109375
9.721157789230347,0.055995941162109375
9.731910943984985,0.055995941162109375
9.742663383483887,0.055995941162109375
9.753432273864746,0.055995941162109375
9.764188289642334,0.055995941162109375
9.774930477142334,0.055995941162109375
9.78569221496582,0.055995941162109375
9.796451330184937,0.055995941162109375
9.80720829963684,0.055995941162109375
9.817952156066895,0.055995941162109375
9.828709602355957,0.055995941162109375
9.839476585388184,0.055995941162109375
9.850240230560303,0.055995941162109375
9.860996007919312,0.055995941162109375
9.871761798858643,0.055995941162109375
9.88252568244934,0.055995941162109375
9.893296241760254,0.05612945556640625
9.904048442840576,0.056491851806640625
9.914814472198486,0.056491851806640625
9.925580263137817,0.056854248046875
9.936343908309937,0.056854248046875
9.947101593017578,0.057220458984375
9.957849502563477,0.057224273681640625
9.96860146522522,0.057224273681640625
9.979374647140503,0.057735443115234375
9.990129709243774,0.057735443115234375
10.000874757766724,0.057735443115234375
10.0116446018219,0.057735443115234375
10.02240538597107,0.057735443115234375
10.03316879272461,0.057735443115234375
10.04392385482788,0.057735443115234375
10.05470323562622,0.0579833984375
10.065473318099976,0.0579833984375
10.076248168945312,0.0579833984375
10.087011575698853,0.05831146240234375
10.097772359848022,0.058452606201171875
10.108534574508667,0.058452606201171875
10.119293928146362,0.058452606201171875
10.130043029785156,0.05875396728515625
10.140833139419556,0.0589599609375
10.151591300964355,0.05919647216796875
10.162357091903687,0.059497833251953125
10.173129796981812,0.059497833251953125
10.183877229690552,0.059497833251953125
10.194640398025513,0.059497833251953125
10.20541524887085,0.059497833251953125
10.21616816520691,0.059497833251953125
10.226920366287231,0.059497833251953125
10.237684965133667,0.059497833251953125
10.2484450340271,0.059497833251953125
10.259202480316162,0.059497833251953125
10.269948482513428,0.059497833251953125
10.282245635986328,0.059497833251953125
10.293014764785767,0.059497833251953125
10.303789138793945,0.059497833251953125
10.314568519592285,0.059497833251953125
10.32534122467041,0.059497833251953125
10.336103200912476,0.059497833251953125
10.346875190734863,0.059497833251953125
10.35766339302063,0.059497833251953125
10.368427991867065,0.059497833251953125
10.379206895828247,0.059497833251953125
10.389973878860474,0.059497833251953125
10.40074110031128,0.059497833251953125
10.411505460739136,0.059497833251953125
10.422273397445679,0.059497833251953125
10.433032751083374,0.059497833251953125
10.443802833557129,0.059497833251953125
10.454586744308472,0.059497833251953125
10.465366840362549,0.059497833251953125
10.476135015487671,0.059497833251953125
10.486892461776733,0.059497833251953125
10.49766492843628,0.05989837646484375
10.50843358039856,0.0602874755859375
10.519194602966309,0.0602874755859375
10.529940843582153,0.0602874755859375
10.540713548660278,0.0602874755859375
10.551472663879395,0.0602874755859375
10.562227964401245,0.0602874755859375
10.572972297668457,0.0602874755859375
10.583729982376099,0.0602874755859375
10.594492197036743,0.0602874755859375
10.605345964431763,0.0602874755859375
10.616169691085815,0.0602874755859375
10.626936674118042,0.0602874755859375
10.63771653175354,0.0606536865234375
10.648516654968262,0.06099700927734375
10.659335136413574,0.061000823974609375
10.670156955718994,0.061000823974609375
10.680951356887817,0.061000823974609375
10.69172739982605,0.061000823974609375
10.70252799987793,0.061000823974609375
10.713297367095947,0.061000823974609375
10.724043607711792,0.061000823974609375
10.73489236831665,0.061000823974609375
10.745648384094238,0.061000823974609375
10.756403684616089,0.061000823974609375
10.767161130905151,0.061000823974609375
10.77790379524231,0.061000823974609375
10.788654804229736,0.061000823974609375
10.799416065216064,0.061000823974609375
10.810182809829712,0.061000823974609375
10.820934295654297,0.061000823974609375
10.831707954406738,0.061370849609375
10.842485666275024,0.06142425537109375
10.853261709213257,0.061511993408203125
10.864014863967896,0.061511993408203125
10.874769926071167,0.061511993408203125
10.885533094406128,0.061511993408203125
10.896305799484253,0.061511993408203125
10.907066583633423,0.061511993408203125
10.917829275131226,0.061511993408203125
10.928592205047607,0.061511993408203125
10.93935751914978,0.061511993408203125
10.950101852416992,0.061511993408203125
10.960844278335571,0.061511993408203125
10.971602201461792,0.061511993408203125
10.98239517211914,0.061511993408203125
10.99316954612732,0.061511993408203125
11.003944158554077,0.061511993408203125
11.014710426330566,0.061511993408203125
11.025474309921265,0.061511993408203125
11.036234617233276,0.061511993408203125
11.046979427337646,0.061511993408203125
11.057736873626709,0.061511993408203125
11.06849193572998,0.061511993408203125
11.07924485206604,0.061511993408203125
11.089990615844727,0.061511993408203125
11.100776672363281,0.061511993408203125
11.111550331115723,0.061511993408203125
11.122310400009155,0.061511993408203125
11.133054494857788,0.061511993408203125
11.143800973892212,0.061511993408203125
11.154562711715698,0.061511993408203125
11.16531491279602,0.061511993408203125
11.176056861877441,0.061511993408203125
11.186811447143555,0.061511993408203125
11.197597980499268,0.061511993408203125
11.208362579345703,0.061511993408203125
11.219128370285034,0.061511993408203125
11.229889869689941,0.061511993408203125
11.240656614303589,0.061511993408203125
11.251412630081177,0.061511993408203125
11.26217269897461,0.061511993408203125
11.27291464805603,0.061511993408203125
11.28369927406311,0.061511993408203125
11.29445219039917,0.061511993408203125
11.305209159851074,0.061511993408203125
11.31596565246582,0.061511993408203125
11.326726913452148,0.061511993408203125
11.337496757507324,0.06151580810546875
11.348267555236816,0.06151580810546875
11.359008550643921,0.06151580810546875
11.369765043258667,0.06151580810546875
11.38051438331604,0.06151580810546875
11.391276836395264,0.06151580810546875
11.402022361755371,0.06151580810546875
11.412776947021484,0.06151580810546875
11.423560619354248,0.06151580810546875
11.43431830406189,0.06151580810546875
11.445061922073364,0.06151580810546875
11.455830335617065,0.06151580810546875
11.466597557067871,0.06151580810546875
11.477347612380981,0.06151580810546875
11.488105535507202,0.06151580810546875
11.498819828033447,0.06151580810546875
11.509571313858032,0.06151580810546875
11.520329713821411,0.06151580810546875
11.53108286857605,0.06151580810546875
11.541828632354736,0.06151580810546875
11.552589178085327,0.06151580810546875
11.563346147537231,0.06151580810546875
11.574088335037231,0.06151580810546875
11.584838390350342,0.06151580810546875
11.595603227615356,0.06151580810546875
11.606363773345947,0.06151580810546875
11.617106199264526,0.06151580810546875
11.627865314483643,0.06151580810546875
11.638638973236084,0.06151580810546875
11.649416208267212,0.061725616455078125
11.66018533706665,0.0621490478515625
11.67094111442566,0.062152862548828125
11.6817147731781,0.06319046020507812
11.692485332489014,0.06319046020507812
11.703250408172607,0.06319046020507812
11.714019298553467,0.06371688842773438
11.724795818328857,0.06371688842773438
11.735557794570923,0.06386184692382812
11.746325016021729,0.06386184692382812
11.757078409194946,0.06425094604492188
11.767852783203125,0.06425094604492188
11.77862000465393,0.06425094604492188
11.789379358291626,0.06425094604492188
11.80013918876648,0.06425094604492188
11.810881614685059,0.06425094604492188
11.821638822555542,0.06425094604492188
11.8323974609375,0.06425094604492188
11.843166589736938,0.06425094604492188
11.853912115097046,0.06425094604492188
11.864673852920532,0.06425094604492188
11.875431537628174,0.06425094604492188
11.886195182800293,0.06425094604492188
11.896939516067505,0.06425094604492188
11.907702684402466,0.06425094604492188
11.918473958969116,0.06425094604492188
11.929241180419922,0.06425094604492188
11.939998865127563,0.06425094604492188
11.95076870918274,0.06425094604492188
11.961527347564697,0.06425094604492188
11.972302436828613,0.06425094604492188
11.983049392700195,0.06425094604492188
11.993799686431885,0.06425094604492188
12.004554510116577,0.06425094604492188
12.015316247940063,0.06425094604492188
12.026065826416016,0.06425094604492188
12.03682565689087,0.06425094604492188
12.047584056854248,0.06425094604492188
12.058344602584839,0.06425094604492188
12.069093942642212,0.06425094604492188
12.07984185218811,0.06425094604492188
12.090595483779907,0.06425094604492188
12.101364135742188,0.06425094604492188
12.112109422683716,0.06425094604492188
12.122869491577148,0.06425094604492188
12.13364291191101,0.06425094604492188
12.144409418106079,0.06425094604492188
12.155171394348145,0.06425094604492188
12.165916681289673,0.06425094604492188
12.176706790924072,0.06425094604492188
12.187474966049194,0.06425094604492188
12.198235511779785,0.06425094604492188
12.208990335464478,0.06425094604492188
12.219762802124023,0.06425094604492188
12.230529069900513,0.06425094604492188
12.241306066513062,0.06445693969726562
12.252062559127808,0.06445693969726562
12.262818574905396,0.06445693969726562
12.273583889007568,0.06445693969726562
12.284350633621216,0.06445693969726562
12.295110702514648,0.06445693969726562
12.305881977081299,0.06445693969726562
12.316662549972534,0.06445693969726562
12.3274245262146,0.06445693969726562
12.33819317817688,0.06445693969726562
12.348938465118408,0.06445693969726562
12.359699964523315,0.06445693969726562
12.370463132858276,0.06445693969726562
12.381231784820557,0.06445693969726562
12.391969680786133,0.06445693969726562
12.40273928642273,0.06445693969726562
12.41349196434021,0.06445693969726562
12.424270629882812,0.06445693969726562
12.43501091003418,0.06445693969726562
12.445786714553833,0.06445693969726562
12.456582307815552,0.06445693969726562
12.467361688613892,0.06445693969726562
12.478128671646118,0.06459808349609375
12.488887071609497,0.06459808349609375
12.499675035476685,0.06459808349609375
12.510441541671753,0.06513595581054688
12.5212082862854,0.06513595581054688
12.531956434249878,0.06513595581054688
12.54271912574768,0.06513595581054688
12.553492069244385,0.06513595581054688
12.564249753952026,0.06513595581054688
12.574991464614868,0.06513595581054688
12.585756063461304,0.06513595581054688
12.59651494026184,0.06513595581054688
12.607272148132324,0.06513595581054688
12.618018627166748,0.06513595581054688
12.62878155708313,0.06513595581054688
12.639564514160156,0.06513595581054688
12.650337934494019,0.06513595581054688
12.661092281341553,0.06513595581054688
12.671862363815308,0.06513595581054688
12.68263030052185,0.06513595581054688
12.693392038345337,0.06513595581054688
12.704155206680298,0.06513595581054688
12.714903593063354,0.06513595581054688
12.725671291351318,0.06513595581054688
12.736438274383545,0.06513595581054688
12.747212409973145,0.06513595581054688
12.757968664169312,0.06622695922851562
12.768735885620117,0.06622695922851562
12.7795090675354,0.06647872924804688
12.790289402008057,0.06647872924804688
12.801053762435913,0.06647872924804688
12.81183385848999,0.06647872924804688
12.822598457336426,0.06647872924804688
12.833359479904175,0.06647872924804688
12.844132900238037,0.06647872924804688
12.854900121688843,0.0667266845703125
12.86567759513855,0.0667266845703125
12.87644910812378,0.06695556640625
12.887213706970215,0.06695556640625
12.897975444793701,0.06695556640625
12.90875244140625,0.06695556640625
12.919536590576172,0.0672454833984375
12.930307865142822,0.0672454833984375
12.941069602966309,0.0672454833984375
12.951826333999634,0.0672454833984375
12.9625985622406,0.0672454833984375
12.97337818145752,0.0672454833984375
12.984135150909424,0.0672454833984375
12.994887351989746,0.0672454833984375
13.005659341812134,0.0672454833984375
13.016425609588623,0.0672454833984375
13.027194738388062,0.0672454833984375
13.037962198257446,0.0672454833984375
13.0487380027771,0.0672454833984375
13.059518814086914,0.0672454833984375
13.070309162139893,0.0672454833984375
13.081063985824585,0.0672454833984375
13.09181523323059,0.0672454833984375
13.102577209472656,0.0672454833984375
13.113343000411987,0.0672454833984375
13.124090909957886,0.0672454833984375
13.134841442108154,0.0672454833984375
13.14561414718628,0.0672454833984375
13.156389236450195,0.0672454833984375
13.167182445526123,0.0672454833984375
13.177941799163818,0.0672454833984375
13.188711643218994,0.0672454833984375
13.19947338104248,0.0672454833984375
13.210233449935913,0.0672454833984375
13.220984697341919,0.0672454833984375
13.231760501861572,0.0672454833984375
13.242530584335327,0.0672454833984375
13.25332260131836,0.06735610961914062
13.264086246490479,0.06735610961914062
13.274858236312866,0.06735610961914062
13.285613059997559,0.06735610961914062
13.296395063400269,0.06735610961914062
13.307166814804077,0.06735610961914062
13.317992448806763,0.06735610961914062
13.328789472579956,0.06776046752929688
13.339553594589233,0.06776046752929688
13.350363969802856,0.06776046752929688
13.361130237579346,0.06776046752929688
13.371933221817017,0.06776046752929688
13.3827383518219,0.06776046752929688
13.393501043319702,0.06776046752929688
13.404293537139893,0.06790924072265625
13.41504716873169,0.06790924072265625
13.425824403762817,0.06790924072265625
13.436590909957886,0.06790924072265625
13.447354793548584,0.06790924072265625
13.458099126815796,0.06790924072265625
13.468855857849121,0.06790924072265625
13.47961688041687,0.06790924072265625
13.490381717681885,0.06790924072265625
13.501148223876953,0.06790924072265625
13.511914253234863,0.06790924072265625
13.522687673568726,0.06790924072265625
13.533467531204224,0.06790924072265625
13.544246912002563,0.06790924072265625
13.554999589920044,0.06790924072265625
13.56578540802002,0.06790924072265625
13.576553344726562,0.06790924072265625
13.587326526641846,0.06790924072265625
13.598083734512329,0.06790924072265625
13.60884690284729,0.06790924072265625
13.619635581970215,0.06790924072265625
13.630403280258179,0.06790924072265625
13.641180276870728,0.06790924072265625
13.65195894241333,0.06819534301757812
13.662730932235718,0.06832504272460938
13.673504114151001,0.06846237182617188
13.684280633926392,0.06846237182617188
13.695043563842773,0.06846237182617188
13.70582103729248,0.06866455078125
13.716614961624146,0.06866455078125
13.727396249771118,0.06866455078125
13.738171577453613,0.06866455078125
13.748948335647583,0.06888961791992188
13.759710788726807,0.06888961791992188
13.770476341247559,0.06888961791992188
13.781236410140991,0.06888961791992188
13.791981220245361,0.06888961791992188
13.80275559425354,0.06888961791992188
13.813515901565552,0.06888961791992188
13.824284315109253,0.06888961791992188
13.835027933120728,0.06888961791992188
13.845788955688477,0.06888961791992188
13.856550931930542,0.06888961791992188
13.867315769195557,0.06888961791992188
13.878060817718506,0.06888961791992188
13.888810396194458,0.06888961791992188
13.899574279785156,0.06888961791992188
13.910335779190063,0.06888961791992188
13.921081066131592,0.06888961791992188
13.931810855865479,0.06888961791992188
13.94258189201355,0.06888961791992188
13.953348398208618,0.06888961791992188
13.96410346031189,0.06927108764648438
13.974869012832642,0.06943130493164062
13.985644340515137,0.06946563720703125
13.996424674987793,0.06946563720703125
14.007186651229858,0.06946563720703125
14.017943620681763,0.06946563720703125
14.02870225906372,0.06964874267578125
14.03947138786316,0.06965255737304688
14.050230026245117,0.06965255737304688
14.060985326766968,0.06965255737304688
14.07176399230957,0.06965255737304688
14.082529783248901,0.06965255737304688
14.093289136886597,0.06965255737304688
14.10403037071228,0.06965255737304688
14.114803314208984,0.07073593139648438
14.12557077407837,0.07126998901367188
14.1363365650177,0.07126998901367188
14.147128343582153,0.071746826171875
14.157897710800171,0.07189178466796875
14.168677806854248,0.07189559936523438
14.179458141326904,0.07189559936523438
14.190224647521973,0.07189559936523438
14.200991153717041,0.07189559936523438
14.21176290512085,0.07233428955078125
14.22252893447876,0.07239913940429688
14.23328971862793,0.07239913940429688
14.244064569473267,0.07239913940429688
14.25481104850769,0.07239913940429688
14.265569686889648,0.07239913940429688
14.27633023262024,0.07239913940429688
14.287086248397827,0.07239913940429688
14.297839164733887,0.07239913940429688
14.30860710144043,0.07239913940429688
14.319373369216919,0.07239913940429688
14.330130338668823,0.07239913940429688
14.340896129608154,0.07239913940429688
14.351669549942017,0.07239913940429688
14.362451791763306,0.07239913940429688
14.373226165771484,0.07239913940429688
14.383985996246338,0.07239913940429688
14.394766569137573,0.07239913940429688
14.405533790588379,0.07265090942382812
14.416304349899292,0.07265090942382812
14.427060842514038,0.07265090942382812
14.437824010848999,0.07265090942382812
14.448591470718384,0.07265090942382812
14.459367752075195,0.07315826416015625
14.470136404037476,0.07356643676757812
14.480893850326538,0.07356643676757812
14.491665840148926,0.07381057739257812
14.502421855926514,0.07381057739257812
14.513209342956543,0.0738677978515625
14.523967504501343,0.0738677978515625
14.534733533859253,0.0738677978515625
14.545494556427002,0.0738677978515625
14.556267023086548,0.0738677978515625
14.56701922416687,0.0738677978515625
14.5777747631073,0.0738677978515625
14.588536977767944,0.0738677978515625
14.599299669265747,0.0738677978515625
14.610048055648804,0.0738677978515625
14.620802879333496,0.0738677978515625
14.631578207015991,0.0738677978515625
14.64234447479248,0.0738677978515625
14.653098821640015,0.0738677978515625
14.66384482383728,0.0738677978515625
14.674613237380981,0.0738677978515625
14.68536925315857,0.0738677978515625
14.696131944656372,0.0738677978515625
14.706878900527954,0.0738677978515625
14.71764874458313,0.0738677978515625
14.728407144546509,0.0738677978515625
14.73915719985962,0.0738677978515625
14.749913692474365,0.0738677978515625
14.760680437088013,0.0738677978515625
14.771448135375977,0.0738677978515625
14.782219409942627,0.07415390014648438
14.792980194091797,0.07415390014648438
14.803747653961182,0.07415390014648438
14.814527034759521,0.0745697021484375
14.825295448303223,0.0745697021484375
14.83605432510376,0.0745697021484375
14.846815347671509,0.07461929321289062
14.857582330703735,0.07461929321289062
14.868346452713013,0.07461929321289062
14.879104375839233,0.07461929321289062
14.88986086845398,0.07461929321289062
14.900630950927734,0.07461929321289062
14.911397457122803,0.07461929321289062
14.922169208526611,0.07461929321289062
14.932927131652832,0.07461929321289062
14.943685531616211,0.07461929321289062
14.954456090927124,0.07487869262695312
14.96522331237793,0.07487869262695312
14.975990295410156,0.07487869262695312
14.986763954162598,0.07487869262695312
14.99753475189209,0.07487869262695312
15.008297681808472,0.07487869262695312
15.019052982330322,0.07487869262695312
15.029812574386597,0.07487869262695312
15.040575742721558,0.07513427734375
15.051352500915527,0.07513427734375
15.062108278274536,0.075439453125
15.07282543182373,0.07557296752929688
15.083598375320435,0.07557296752929688
15.09437346458435,0.07593154907226562
15.10514521598816,0.07602691650390625
15.11590576171875,0.07602691650390625
15.126660823822021,0.07602691650390625
15.137423515319824,0.07602691650390625
15.14817762374878,0.07602691650390625
15.158920049667358,0.07602691650390625
15.169678688049316,0.07602691650390625
15.180461406707764,0.07602691650390625
15.191231489181519,0.07602691650390625
15.20198392868042,0.07602691650390625
15.212746858596802,0.07602691650390625
15.224969625473022,0.07602691650390625
15.236511707305908,0.07602691650390625
15.247310161590576,0.07602691650390625
15.258077144622803,0.07602691650390625
15.26882791519165,0.07602691650390625
15.279603481292725,0.07602691650390625
15.290377140045166,0.07602691650390625
15.301146030426025,0.07602691650390625
15.311906337738037,0.07602691650390625
15.32267141342163,0.07602691650390625
15.333436727523804,0.07602691650390625
15.34422516822815,0.07602691650390625
15.354973554611206,0.07602691650390625
15.365734100341797,0.07602691650390625
15.37649655342102,0.07602691650390625
15.387257814407349,0.07602691650390625
15.398033380508423,0.07602691650390625
15.408782482147217,0.07602691650390625
15.41955828666687,0.07602691650390625
15.430343389511108,0.07602691650390625
15.441088676452637,0.07602691650390625
15.451831817626953,0.07602691650390625
15.462611198425293,0.07602691650390625
15.473379850387573,0.07602691650390625
15.484143018722534,0.07602691650390625
15.494906187057495,0.076507568359375
15.505698680877686,0.076507568359375
15.516481161117554,0.076507568359375
15.527244329452515,0.07674407958984375
15.537998676300049,0.07674407958984375
15.548762321472168,0.07674407958984375
15.559522867202759,0.07674407958984375
15.570287704467773,0.07674407958984375
15.581032037734985,0.07674407958984375
15.591789722442627,0.07674407958984375
15.60255479812622,0.07674407958984375
15.613309144973755,0.07674407958984375
15.624046802520752,0.07674407958984375
15.634799718856812,0.07674407958984375
15.645572423934937,0.07674407958984375
15.656331300735474,0.07674407958984375
15.667135953903198,0.07674407958984375
15.67789626121521,0.07674407958984375
15.688665390014648,0.07674407958984375
15.699427127838135,0.07674407958984375
15.710187435150146,0.07674407958984375
15.720953702926636,0.07674407958984375
15.731715440750122,0.07674407958984375
15.742488384246826,0.07674407958984375
15.753262996673584,0.07674407958984375
15.764018058776855,0.07674407958984375
15.774783372879028,0.076995849609375
15.785539150238037,0.076995849609375
15.79630970954895,0.076995849609375
15.80706238746643,0.076995849609375
15.81780481338501,0.076995849609375
15.828565120697021,0.076995849609375
15.839325904846191,0.076995849609375
15.850069046020508,0.076995849609375
15.860843658447266,0.076995849609375
15.87160038948059,0.076995849609375
15.882385730743408,0.076995849609375
15.893176078796387,0.076995849609375
15.903932571411133,0.0774993896484375
15.91469931602478,0.0774993896484375
15.925472736358643,0.0774993896484375
15.936253309249878,0.0774993896484375
15.947009325027466,0.0774993896484375
15.957776308059692,0.0774993896484375
15.968544006347656,0.0774993896484375
15.979302883148193,0.0774993896484375
15.990046262741089,0.0774993896484375
16.00079607963562,0.0774993896484375
16.011560440063477,0.0774993896484375
16.022345066070557,0.0774993896484375
16.033094882965088,0.0774993896484375
16.043859243392944,0.0774993896484375
16.054620027542114,0.0774993896484375
16.06538152694702,0.0774993896484375
16.0761399269104,0.0774993896484375
16.086891651153564,0.0774993896484375
16.097651481628418,0.07777786254882812
16.108415603637695,0.07954025268554688
16.119186639785767,0.07954025268554688
16.129947423934937,0.07954025268554688
16.14071559906006,0.07954025268554688
16.151494026184082,0.07967376708984375
16.16226601600647,0.0797576904296875
16.173030138015747,0.080108642578125
16.183797121047974,0.08011245727539062
16.194591522216797,0.08026885986328125
16.205358505249023,0.08027267456054688
16.21614122390747,0.08050155639648438
16.22689962387085,0.08050155639648438
16.237679481506348,0.08092117309570312
16.24845242500305,0.08092880249023438
16.25923228263855,0.08092880249023438
16.269985675811768,0.08092880249023438
16.280760526657104,0.08092880249023438
16.29153060913086,0.08092880249023438
16.30229353904724,0.08124542236328125
16.313061714172363,0.0812835693359375
16.323861360549927,0.08128738403320312
16.334659099578857,0.08128738403320312
16.34545135498047,0.08128738403320312
16.356250286102295,0.08128738403320312
16.36703395843506,0.08128738403320312
16.377819061279297,0.08128738403320312
16.388634204864502,0.08128738403320312
16.399457931518555,0.08128738403320312
16.41027855873108,0.08128738403320312
16.421042442321777,0.08128738403320312
16.431798934936523,0.08128738403320312
16.44255518913269,0.08128738403320312
16.4533269405365,0.08151626586914062
16.46407389640808,0.08151626586914062
16.47481918334961,0.08151626586914062
16.485577821731567,0.08151626586914062
16.49633550643921,0.08151626586914062
16.507086515426636,0.08151626586914062
16.517841577529907,0.08151626586914062
16.528600931167603,0.08151626586914062
16.53937029838562,0.08151626586914062
16.550126314163208,0.08151626586914062
16.560879945755005,0.08151626586914062
16.571638107299805,0.08151626586914062
16.5824031829834,0.08151626586914062
16.593188524246216,0.08151626586914062
16.60395073890686,0.08151626586914062
16.614715814590454,0.08151626586914062
16.62548589706421,0.08151626586914062
16.636255502700806,0.08151626586914062
16.647010803222656,0.08201980590820312
16.657777786254883,0.08259201049804688
16.66854739189148,0.08259201049804688
16.67931604385376,0.08358383178710938
16.690059900283813,0.08358383178710938
16.700820922851562,0.08358383178710938
16.71159076690674,0.08383560180664062
16.72235107421875,0.08383560180664062
16.733108282089233,0.08388137817382812
16.74383568763733,0.0840911865234375
16.754608154296875,0.08451461791992188
16.76537799835205,0.08476638793945312
16.776135444641113,0.08476638793945312
16.786890506744385,0.08501815795898438
16.797657251358032,0.08526992797851562
16.80841374397278,0.08526992797851562
16.819180250167847,0.08526992797851562
16.829925298690796,0.08552169799804688
16.84068536758423,0.08577346801757812
16.851436376571655,0.08587265014648438
16.86218762397766,0.086029052734375
16.872929573059082,0.08634567260742188
16.883695602416992,0.08634567260742188
16.894460916519165,0.08634567260742188
16.905219554901123,0.08634567260742188
16.915961742401123,0.08634567260742188
16.926722526550293,0.08634567260742188
16.937488555908203,0.08634567260742188
16.9482524394989,0.08634567260742188
16.958994150161743,0.08634567260742188
16.969751596450806,0.08634567260742188
16.980504751205444,0.08634567260742188
16.99127459526062,0.08634567260742188
17.002023220062256,0.08634567260742188
17.012784719467163,0.08634567260742188
17.02354383468628,0.08634567260742188
17.03430438041687,0.08634567260742188
17.045049905776978,0.08634567260742188
17.055816173553467,0.08634567260742188
17.0665762424469,0.08634567260742188
17.077362060546875,0.08634567260742188
17.088106155395508,0.08634567260742188
17.098852157592773,0.08634567260742188
17.10961627960205,0.08634567260742188
17.120378017425537,0.08634567260742188
17.131144523620605,0.08634567260742188
17.141904592514038,0.08634567260742188
17.15266513824463,0.08634567260742188
17.16341757774353,0.08634567260742188
17.17418146133423,0.08634567260742188
17.184930086135864,0.08634567260742188
17.195706605911255,0.08658218383789062
17.206474542617798,0.08658218383789062
17.21726655960083,0.08658218383789062
17.22802996635437,0.08658218383789062
17.2387912273407,0.08684539794921875
17.24956727027893,0.08684539794921875
17.2603440284729,0.08709716796875
17.271106958389282,0.08734893798828125
17.28186297416687,0.0876007080078125
17.292627811431885,0.08785247802734375
17.303383350372314,0.08785247802734375
17.314146995544434,0.08820724487304688
17.324892282485962,0.08845901489257812
17.335662841796875,0.08845901489257812
17.346424341201782,0.08845901489257812
17.357187509536743,0.08845901489257812
17.367934226989746,0.08845901489257812
17.37868905067444,0.08845901489257812
17.38945984840393,0.08845901489257812
17.400214910507202,0.08845901489257812
17.410957098007202,0.08845901489257812
17.42171549797058,0.08845901489257812
17.432473182678223,0.08845901489257812
17.443231105804443,0.08845901489257812
17.453981399536133,0.08845901489257812
17.46474838256836,0.08871078491210938
17.475514888763428,0.08879852294921875
17.486277103424072,0.08880233764648438
17.497015953063965,0.08880233764648438
17.507776498794556,0.08880233764648438
17.51853632926941,0.08880233764648438
17.529306650161743,0.08880233764648438
17.54006004333496,0.08880233764648438
17.550811290740967,0.08880233764648438
17.561585426330566,0.08880233764648438
17.572346687316895,0.08880233764648438
17.583098888397217,0.08880233764648438
17.593812942504883,0.08880233764648438
17.604570388793945,0.08880233764648438
17.61532425880432,0.08880233764648438
17.62606644630432,0.08880233764648438
17.636813402175903,0.08880233764648438
17.647566556930542,0.08880233764648438
17.658323287963867,0.08880233764648438
17.669079065322876,0.08880233764648438
17.679807901382446,0.08880233764648438
17.690576553344727,0.08917236328125
17.70132803916931,0.08917236328125
17.71206831932068,0.08917236328125
17.722809553146362,0.08917236328125
17.733673095703125,0.08917236328125
17.744434595108032,0.08917236328125
17.75519561767578,0.08917236328125
17.765942811965942,0.08917236328125
17.776699542999268,0.08917236328125
17.78746223449707,0.08917236328125
17.798216104507446,0.08917236328125
17.808955907821655,0.08917236328125
17.819714069366455,0.08917236328125
17.830471754074097,0.08917236328125
17.841219425201416,0.08917236328125
17.852020502090454,0.08917236328125
17.86278510093689,0.08917236328125
17.8735408782959,0.08917236328125
17.88429594039917,0.08917236328125
17.89504075050354,0.08917236328125
17.9057936668396,0.08917236328125
17.916558265686035,0.08917236328125
17.92736291885376,0.08917236328125
17.938135385513306,0.08917236328125
17.94889807701111,0.08917236328125
17.95968246459961,0.08917236328125
17.970433950424194,0.08917236328125
17.981197595596313,0.08917236328125
17.991945505142212,0.08917236328125
18.002732515335083,0.08917236328125
18.01352095603943,0.08917236328125
18.024291038513184,0.08952713012695312
18.035056114196777,0.08952713012695312
18.045828819274902,0.08969497680664062
18.056601762771606,0.09023284912109375
18.067376613616943,0.09023284912109375
18.07813835144043,0.09023284912109375
18.08890652656555,0.0903472900390625
18.099695444107056,0.0907440185546875
18.11048913002014,0.0907440185546875
18.121254682540894,0.0907440185546875
18.132020473480225,0.09099578857421875
18.142788887023926,0.09099578857421875
18.153554439544678,0.09124755859375
18.16433310508728,0.09124755859375
18.175094842910767,0.09124755859375
18.185863494873047,0.09124755859375
18.196629285812378,0.0918426513671875
18.20738959312439,0.09185791015625
18.218164443969727,0.09185791015625
18.228912115097046,0.09194564819335938
18.239683151245117,0.09194564819335938
18.250455617904663,0.09194564819335938
18.26123070716858,0.09218978881835938
18.271992206573486,0.0922088623046875
18.28276753425598,0.0922088623046875
18.293524980545044,0.0922088623046875
18.304292917251587,0.0922088623046875
18.31503653526306,0.0922088623046875
18.32578992843628,0.0922088623046875
18.336556673049927,0.0922088623046875
18.347312211990356,0.0922088623046875
18.35805583000183,0.0922088623046875
18.36880135536194,0.0922088623046875
18.37956190109253,0.0922088623046875
18.390340089797974,0.0922088623046875
18.40109610557556,0.0922088623046875
18.41181230545044,0.0922088623046875
18.422587871551514,0.0922088623046875
18.433374643325806,0.0922088623046875
18.444159746170044,0.0922088623046875
18.454931259155273,0.0922088623046875
18.465696334838867,0.0922088623046875
18.47646737098694,0.0922088623046875
18.48738193511963,0.0922088623046875
18.498178482055664,0.0922088623046875
18.50894808769226,0.0922088623046875
18.51972198486328,0.0922088623046875
18.530487775802612,0.0922088623046875
18.541254997253418,0.0922088623046875
18.55199933052063,0.0922088623046875
18.56279182434082,0.09264373779296875
18.57356572151184,0.09264373779296875
18.584347248077393,0.09264373779296875
18.59512710571289,0.09264373779296875
18.605895042419434,0.09264373779296875
18.616671085357666,0.09264373779296875
18.627440452575684,0.09264373779296875
18.638219356536865,0.09264373779296875
18.648980617523193,0.09264373779296875
18.659769296646118,0.09264373779296875
18.670536518096924,0.09264373779296875
18.681310415267944,0.09264373779296875
18.692084789276123,0.09264373779296875
18.702827215194702,0.09264373779296875
18.713613748550415,0.09264373779296875
18.724398612976074,0.0928955078125
18.73517107963562,0.0928955078125
18.74592900276184,0.0928955078125
18.75671410560608,0.0928955078125
18.767470598220825,0.0928955078125
18.77823543548584,0.0928955078125
18.788989782333374,0.0928955078125
18.799764394760132,0.0928955078125
18.810532569885254,0.0928955078125
18.821298599243164,0.0928955078125
18.8320472240448,0.0928955078125
18.842808961868286,0.0928955078125
18.853572607040405,0.0928955078125
18.86433458328247,0.0928955078125
18.875104904174805,0.0928955078125
18.885896682739258,0.0928955078125
18.896668434143066,0.0928955078125
18.907431840896606,0.0928955078125
18.91820979118347,0.0928955078125
18.928972721099854,0.0928955078125
18.939862966537476,0.0928955078125
18.950676202774048,0.0928955078125
18.96146559715271,0.0928955078125
18.97225570678711,0.0928955078125
18.983028650283813,0.0928955078125
18.99380874633789,0.0928955078125
19.004684448242188,0.0928955078125
19.01596236228943,0.0928955078125
19.026803970336914,0.0928955078125
19.037641763687134,0.0928955078125
19.04845666885376,0.0928955078125
19.059576749801636,0.0928955078125
19.070671796798706,0.0928955078125
19.081568241119385,0.0928955078125
19.092415809631348,0.0928955078125
19.10320496559143,0.0928955078125
19.11396622657776,0.0928955078125
19.124764442443848,0.0928955078125
19.13555359840393,0.0928955078125
19.14632534980774,0.0928955078125
19.15709090232849,0.0928955078125
19.16786003112793,0.0928955078125
19.178643941879272,0.0928955078125
19.18941617012024,0.0928955078125
19.20027780532837,0.0928955078125
19.211076259613037,0.0928955078125
19.22183656692505,0.0928955078125
19.232609033584595,0.0928955078125
19.243410348892212,0.0928955078125
19.254235982894897,0.0928955078125
19.264983892440796,0.0928955078125
19.27574586868286,0.0928955078125
19.286510467529297,0.0928955078125
19.29728078842163,0.0928955078125
19.308019161224365,0.0928955078125
19.318771839141846,0.0928955078125
19.329535484313965,0.0928955078125
19.340333223342896,0.0928955078125
19.351081371307373,0.0928955078125
19.361829042434692,0.0928955078125
19.372594594955444,0.0928955078125
19.383360385894775,0.0928955078125
19.394110441207886,0.0928955078125
19.404896020889282,0.0928955078125
19.415661334991455,0.0928955078125
19.426424980163574,0.0928955078125
19.4371919631958,0.0928955078125
19.447932481765747,0.0928955078125
19.458695888519287,0.0928955078125
19.4694561958313,0.0928955078125
19.4802508354187,0.0928955078125
19.490994691848755,0.0928955078125
19.501749515533447,0.0928955078125
19.512511730194092,0.0933990478515625
19.523269653320312,0.0933990478515625
19.534011602401733,0.0933990478515625
19.54477572441101,0.0933990478515625
19.55553698539734,0.0933990478515625
19.566291093826294,0.0933990478515625
19.57702946662903,0.0933990478515625
19.58779239654541,0.0933990478515625
19.598553895950317,0.0933990478515625
19.609312057495117,0.0933990478515625
19.620065927505493,0.0933990478515625
19.630815505981445,0.0933990478515625
19.641581296920776,0.0933990478515625
19.652344465255737,0.0933990478515625
19.663090705871582,0.0933990478515625
19.673850536346436,0.0933990478515625
19.684625148773193,0.09356689453125
19.695391416549683,0.09357070922851562
19.706172466278076,0.09357070922851562
19.716918230056763,0.09357070922851562
19.7276771068573,0.09357070922851562
19.73844313621521,0.09357070922851562
19.749226093292236,0.09357070922851562
19.759975910186768,0.09357070922851562
19.770736932754517,0.09357070922851562
19.781503200531006,0.09357070922851562
19.792261362075806,0.09357070922851562
19.80300235748291,0.09357070922851562
19.81377363204956,0.09357070922851562
19.824527502059937,0.09357070922851562
19.835280179977417,0.09357070922851562
19.846030235290527,0.09357070922851562
19.85678267478943,0.09357070922851562
19.86755061149597,0.09358978271484375
19.878309965133667,0.09358978271484375
19.889052629470825,0.09358978271484375
19.899799346923828,0.09358978271484375
19.910568714141846,0.09358978271484375
19.92132544517517,0.09358978271484375
19.932063817977905,0.09358978271484375
19.94282078742981,0.09358978271484375
19.95358920097351,0.09358978271484375
19.9643497467041,0.09358978271484375
19.975098133087158,0.09358978271484375
19.985844135284424,0.09358978271484375
19.996604919433594,0.09358978271484375
20.007379293441772,0.09358978271484375
20.018139362335205,0.09358978271484375
20.028887271881104,0.09358978271484375
20.039649963378906,0.09358978271484375
20.05040192604065,0.09358978271484375
20.06115698814392,0.09358978271484375
20.071920156478882,0.09358978271484375
20.08267879486084,0.09358978271484375
20.09345817565918,0.09358978271484375
20.10421895980835,0.09358978271484375
20.11496901512146,0.09358978271484375
20.125725984573364,0.09358978271484375
20.136485815048218,0.09358978271484375
20.147240161895752,0.09358978271484375
20.157989263534546,0.09358978271484375
20.168755531311035,0.09358978271484375
20.179523944854736,0.09358978271484375
20.190279722213745,0.09358978271484375
20.201032876968384,0.09358978271484375
20.211793184280396,0.09358978271484375
20.222574710845947,0.09358978271484375
20.2333722114563,0.09358978271484375
20.244112968444824,0.09358978271484375
20.254870176315308,0.09358978271484375
20.265682458877563,0.09358978271484375
20.276471376419067,0.09407806396484375
20.28724503517151,0.09407806396484375
20.297998189926147,0.094329833984375
20.30877184867859,0.094329833984375
20.319541215896606,0.094329833984375
20.330304861068726,0.094329833984375
20.34105157852173,0.094329833984375
20.351807355880737,0.094329833984375
20.362565755844116,0.094329833984375
20.373332262039185,0.094329833984375
20.384077072143555,0.094329833984375
20.39484977722168,0.094329833984375
20.405618906021118,0.094329833984375
20.41639995574951,0.094329833984375
20.427162885665894,0.09458160400390625
20.437950611114502,0.09458160400390625
20.448735237121582,0.09458160400390625
20.459503650665283,0.09458160400390625
20.47027349472046,0.09458160400390625
20.481038570404053,0.0948333740234375
20.491801738739014,0.0948333740234375
20.502570390701294,0.0948333740234375
20.513333320617676,0.0948333740234375
20.524086713790894,0.0948333740234375
20.534814596176147,0.0948333740234375
20.545595169067383,0.09508514404296875
20.556360960006714,0.09508514404296875
20.567102193832397,0.09508514404296875
20.57785439491272,0.09508514404296875
20.588626861572266,0.09508514404296875
20.599406480789185,0.09508514404296875
20.610180854797363,0.09508514404296875
20.62092638015747,0.09508514404296875
20.63169574737549,0.09508514404296875
20.642465353012085,0.09508514404296875
20.653238534927368,0.0953369140625
20.663987636566162,0.0953369140625
20.674757719039917,0.0953369140625
20.68551230430603,0.0953369140625
20.69631028175354,0.0953369140625
20.707053184509277,0.0953369140625
20.717804431915283,0.0953369140625
20.72856330871582,0.0953369140625
20.7393217086792,0.0953369140625
20.75006628036499,0.0953369140625
20.76082158088684,0.0953369140625
20.771595001220703,0.09558868408203125
20.782365560531616,0.09558868408203125
20.79313635826111,0.09558868408203125
20.803892612457275,0.09558868408203125
20.814675331115723,0.09558868408203125
20.825456380844116,0.09558868408203125
20.836222887039185,0.09558868408203125
20.84698462486267,0.09558868408203125
20.85776424407959,0.09558868408203125
20.868533849716187,0.09558868408203125
20.8793044090271,0.09558868408203125
20.890069007873535,0.09558868408203125
20.90082573890686,0.09558868408203125
20.911601305007935,0.09558868408203125
20.922369241714478,0.09558868408203125
20.933121919631958,0.09558868408203125
20.943894386291504,0.09558868408203125
20.954657077789307,0.09558868408203125
20.965416193008423,0.09558868408203125
20.976183891296387,0.09558868408203125
20.986922025680542,0.09558868408203125
20.997690439224243,0.09558868408203125
21.008445978164673,0.09558868408203125
21.019206762313843,0.09558868408203125
21.029945373535156,0.09558868408203125
21.040697813034058,0.09558868408203125
21.051451683044434,0.09558868408203125
21.06221652030945,0.09558868408203125
21.07295823097229,0.09558868408203125
21.08371615409851,0.09558868408203125
21.09447431564331,0.09558868408203125
21.105242252349854,0.09558868408203125
21.116004943847656,0.09558868408203125
21.126769304275513,0.09558868408203125
21.137546062469482,0.09558868408203125
21.148310899734497,0.09558868408203125
21.15905451774597,0.09558868408203125
21.169799327850342,0.09558868408203125
21.180564403533936,0.09558868408203125
21.191324710845947,0.09558868408203125
21.20207142829895,0.09558868408203125
21.212851524353027,0.09558868408203125
21.223618745803833,0.09558868408203125
21.234375953674316,0.09558868408203125
21.245112419128418,0.09558868408203125
21.255873918533325,0.09558868408203125
21.266645669937134,0.09558868408203125
21.277411460876465,0.09558868408203125
21.288185596466064,0.09558868408203125
21.29894781112671,0.09609222412109375
21.30971884727478,0.09609222412109375
21.320494651794434,0.096343994140625
21.331258535385132,0.096343994140625
21.342018842697144,0.096343994140625
21.35279870033264,0.096343994140625
21.363587141036987,0.096343994140625
21.37435007095337,0.096343994140625
21.3850998878479,0.096343994140625
21.395862340927124,0.096343994140625
21.40661597251892,0.096343994140625
21.417373180389404,0.096343994140625
21.428131580352783,0.096343994140625
21.438881158828735,0.096343994140625
21.44964051246643,0.096343994140625
21.460390329360962,0.096343994140625
21.471142768859863,0.096343994140625
21.48188281059265,0.096343994140625
21.492637395858765,0.096343994140625
21.503398418426514,0.096343994140625
21.514188051223755,0.096343994140625
21.52493381500244,0.096343994140625
21.535696744918823,0.096343994140625
21.546462535858154,0.096343994140625
21.55721950531006,0.096343994140625
21.567959785461426,0.096343994140625
21.57872772216797,0.096343994140625
21.589486360549927,0.096343994140625
21.600240230560303,0.096343994140625
21.610991954803467,0.096343994140625
21.621761798858643,0.096343994140625
21.632524013519287,0.096343994140625
21.643287897109985,0.096343994140625
21.654026985168457,0.096343994140625
21.664777755737305,0.096343994140625
21.67554545402527,0.096343994140625
21.68631362915039,0.096343994140625
21.697070598602295,0.096343994140625
21.70780873298645,0.096343994140625
21.71857237815857,0.096343994140625
21.729341983795166,0.09659576416015625
21.74009609222412,0.09659576416015625
21.750853776931763,0.09659576416015625
21.761627674102783,0.09659576416015625
21.772400617599487,0.09659576416015625
21.783182621002197,0.0968475341796875
21.793936491012573,0.0968475341796875
21.804718494415283,0.0968475341796875
21.815494537353516,0.09709930419921875
21.826250076293945,0.09709930419921875
21.836995363235474,0.09709930419921875
21.84776496887207,0.09709930419921875
21.85852885246277,0.09709930419921875
21.869295358657837,0.09709930419921875
21.880066394805908,0.09709930419921875
21.890812635421753,0.09709930419921875
21.901575565338135,0.09709930419921875
21.91234040260315,0.09709930419921875
21.923091411590576,0.09709930419921875
21.933871507644653,0.09709930419921875
21.944644689559937,0.09709930419921875
21.95542335510254,0.09709930419921875
21.966192483901978,0.09709930419921875
21.97696614265442,0.09735107421875
21.987735509872437,0.09735107421875
21.998498678207397,0.09735107421875
22.009267330169678,0.09760284423828125
22.020012140274048,0.09760284423828125
22.030799388885498,0.09760284423828125
22.04162907600403,0.09760284423828125
22.05243182182312,0.09760284423828125
22.06323266029358,0.09760284423828125
22.07402753829956,0.09760284423828125
22.08482027053833,0.09760284423828125
22.095613718032837,0.0978546142578125
22.106409549713135,0.0978546142578125
22.117196559906006,0.0978546142578125
22.127992391586304,0.0978546142578125
22.13876748085022,0.0978546142578125
22.149523735046387,0.0978546142578125
22.16028618812561,0.0978546142578125
22.171026468276978,0.0978546142578125
22.181777954101562,0.0978546142578125
22.192546129226685,0.0978546142578125
22.2033052444458,0.0978546142578125
22.21406102180481,0.0978546142578125
22.22483730316162,0.09810638427734375
22.235595226287842,0.09810638427734375
22.246354818344116,0.09810638427734375
22.257100105285645,0.09810638427734375
22.267853498458862,0.09810638427734375
22.278628826141357,0.09810638427734375
22.289424419403076,0.09810638427734375
22.30019521713257,0.098358154296875
22.310961484909058,0.098358154296875
22.321739435195923,0.098358154296875
22.33250880241394,0.098358154296875
22.343282461166382,0.09860992431640625
22.354040145874023,0.09860992431640625
22.364807605743408,0.09891128540039062
22.375582218170166,0.09894180297851562
22.386367082595825,0.09894180297851562
22.397136449813843,0.09894180297851562
22.4079167842865,0.09894180297851562
22.418691396713257,0.09894180297851562
22.429468393325806,0.09894180297851562
22.440255403518677,0.09894180297851562
22.451007843017578,0.09894180297851562
22.461777448654175,0.09894180297851562
22.472546339035034,0.09894180297851562
22.48330545425415,0.09928512573242188
22.494059324264526,0.09928512573242188
22.504802465438843,0.09928512573242188
22.51555609703064,0.09928512573242188
22.526317596435547,0.09928512573242188
22.53706407546997,0.09928512573242188
22.54786515235901,0.09928512573242188
22.558627367019653,0.09928512573242188
22.56938862800598,0.09928512573242188
22.58015513420105,0.09928512573242188
22.59089994430542,0.09928512573242188
22.601656198501587,0.09928512573242188
22.612422704696655,0.09928512573242188
22.623186588287354,0.09928512573242188
22.633936166763306,0.09928512573242188
22.644697666168213,0.09928512573242188
22.655460834503174,0.09928512573242188
22.666232347488403,0.09928512573242188
22.676985263824463,0.09928512573242188
22.68775963783264,0.09928512573242188
22.698524713516235,0.09928512573242188
22.70929217338562,0.09928512573242188
22.720039129257202,0.09928512573242188
22.730804920196533,0.09953689575195312
22.741575956344604,0.09953689575195312
22.752345323562622,0.09953689575195312
22.763103246688843,0.09953689575195312
22.773864030838013,0.09953689575195312
22.78462815284729,0.09953689575195312
22.795398950576782,0.09978866577148438
22.806163787841797,0.09978866577148438
22.81691861152649,0.09978866577148438
22.82767963409424,0.09978866577148438
22.83845019340515,0.09978866577148438
22.849223375320435,0.09978866577148438
22.859978914260864,0.10004043579101562
22.87075448036194,0.10004043579101562
22.88152289390564,0.10004043579101562
22.892300844192505,0.10004043579101562
22.903066873550415,0.10004043579101562
22.91381025314331,0.10004043579101562
22.924564123153687,0.10004043579101562
22.935329914093018,0.10004043579101562
22.946078062057495,0.10004043579101562
22.956838369369507,0.10004043579101562
22.96760082244873,0.10004043579101562
22.9783616065979,0.10004043579101562
22.989129304885864,0.10004043579101562
22.999890565872192,0.10004043579101562
23.01065754890442,0.10004043579101562
23.021419525146484,0.10004043579101562
23.032184839248657,0.10004043579101562
23.04294204711914,0.10004043579101562
23.05372643470764,0.10004043579101562
23.06448459625244,0.10004043579101562
23.075265169143677,0.10004043579101562
23.086010694503784,0.10004043579101562
23.09677743911743,0.10004043579101562
23.107540607452393,0.10004043579101562
23.118314266204834,0.10004043579101562
23.129069328308105,0.10029220581054688
23.139843702316284,0.10029220581054688
23.150630950927734,0.10054397583007812
23.16143250465393,0.10054397583007812
23.172199964523315,0.10054397583007812
23.182945251464844,0.10054397583007812
23.193723678588867,0.10054397583007812
23.204495191574097,0.10054397583007812
23.2152681350708,0.10054397583007812
23.226036071777344,0.10054397583007812
23.23679232597351,0.10054397583007812
23.247547149658203,0.10054397583007812
23.258306980133057,0.10054397583007812
23.269047737121582,0.10054397583007812
23.279808044433594,0.10054397583007812
23.290566205978394,0.10054397583007812
23.301331043243408,0.10054397583007812
23.312073945999146,0.10054397583007812
23.322826147079468,0.10054397583007812
23.333585262298584,0.10054397583007812
23.34434485435486,0.10054397583007812
23.35508632659912,0.10054397583007812
23.365834712982178,0.10054397583007812
23.376596450805664,0.10054397583007812
23.387356519699097,0.10054397583007812
23.398096561431885,0.10054397583007812
23.408863067626953,0.10054397583007812
23.41962718963623,0.10054397583007812
23.43038773536682,0.10054397583007812
23.441162824630737,0.10054397583007812
23.451905012130737,0.10054397583007812
23.462668418884277,0.10054397583007812
23.473424196243286,0.10054397583007812
23.484185218811035,0.10054397583007812
23.494933128356934,0.10054397583007812
23.505691528320312,0.10054397583007812
23.516454696655273,0.10054397583007812
23.527212619781494,0.10054397583007812
23.53795576095581,0.10054397583007812
23.548720598220825,0.10054397583007812
23.55948233604431,0.10054397583007812
23.570240020751953,0.10054397583007812
23.580976009368896,0.10054397583007812
23.59173822402954,0.10054397583007812
23.602495908737183,0.10054397583007812
23.613285541534424,0.10054397583007812
23.62402367591858,0.10054397583007812
23.63477849960327,0.10054397583007812
23.645532846450806,0.10054397583007812
23.65628957748413,0.10054397583007812
23.667027235031128,0.10054397583007812
23.67776656150818,0.10054397583007812
23.688525676727295,0.10054397583007812
23.699299097061157,0.10054397583007812
23.710036993026733,0.10054397583007812
23.720789909362793,0.10054397583007812
23.731561422348022,0.10054397583007812
23.74232769012451,0.10054397583007812
23.753071069717407,0.10054397583007812
23.76381802558899,0.10054397583007812
23.7745840549469,0.10054397583007812
23.78533935546875,0.10054397583007812
23.796094179153442,0.10054397583007812
23.80685806274414,0.10079574584960938
23.817631483078003,0.10079574584960938
23.82839584350586,0.10079574584960938
23.839146375656128,0.10079574584960938
23.84989833831787,0.10079574584960938
23.86065125465393,0.10079574584960938
23.87140393257141,0.10079574584960938
23.882151126861572,0.10079574584960938
23.89289093017578,0.10079574584960938
23.903658628463745,0.10079574584960938
23.9144184589386,0.10079574584960938
23.9251811504364,0.10079574584960938
23.935930490493774,0.10079574584960938
23.946702241897583,0.10079574584960938
23.957460641860962,0.10079574584960938
23.96822237968445,0.10079574584960938
23.97898244857788,0.10104751586914062
23.989749908447266,0.10129928588867188
24.000510692596436,0.10129928588867188
24.01127028465271,0.10129928588867188
24.02201771736145,0.10129928588867188
24.03278613090515,0.10129928588867188
24.043559074401855,0.10129928588867188
24.054322004318237,0.10155105590820312
24.065088272094727,0.10180282592773438
24.07584547996521,0.10180282592773438
24.086615324020386,0.10205459594726562
24.09737730026245,0.10205459594726562
24.108134269714355,0.10205459594726562
24.118881464004517,0.10205459594726562
24.129653215408325,0.10205459594726562
24.140406370162964,0.10205459594726562
24.151170015335083,0.10205459594726562
24.161916494369507,0.10205459594726562
24.172677278518677,0.10205459594726562
24.18343234062195,0.10205459594726562
24.194194078445435,0.10205459594726562
24.204939126968384,0.10205459594726562
24.21570658683777,0.10205459594726562
24.22646689414978,0.10205459594726562
24.237224817276,0.10205459594726562
24.247965335845947,0.10205459594726562
24.258735179901123,0.10205459594726562
24.269495725631714,0.10205459594726562
24.28025984764099,0.10205459594726562
24.291015148162842,0.10205459594726562
24.30177140235901,0.10205459594726562
24.31253480911255,0.10205459594726562
24.32329511642456,0.10205459594726562
24.334057807922363,0.10205459594726562
24.344820737838745,0.10230636596679688
24.355595111846924,0.10230636596679688
24.366358041763306,0.10230636596679688
24.377111434936523,0.10230636596679688
24.387880325317383,0.10230636596679688
24.398646116256714,0.10230636596679688
24.409421920776367,0.10255813598632812
24.42018699645996,0.10255813598632812
24.430947303771973,0.10255813598632812
24.44171905517578,0.10280990600585938
24.452495336532593,0.10280990600585938
24.463255167007446,0.10280990600585938
24.474013090133667,0.10303497314453125
24.484782695770264,0.10303497314453125
24.495546102523804,0.103271484375
24.506304264068604,0.103271484375
24.51705527305603,0.103271484375
24.527806043624878,0.103271484375
24.538565397262573,0.103271484375
24.549319744110107,0.103271484375
24.560059785842896,0.103271484375
24.570807218551636,0.103271484375
24.581568479537964,0.103271484375
24.59233832359314,0.103271484375
24.603129863739014,0.103271484375
24.61387586593628,0.103271484375
24.624643564224243,0.103271484375
24.635401487350464,0.103271484375
24.646156787872314,0.103271484375
24.656900882720947,0.103271484375
24.667661428451538,0.103271484375
24.678430795669556,0.103271484375
24.689197301864624,0.103271484375
24.699949026107788,0.103271484375
24.710710287094116,0.103271484375
24.721468448638916,0.103271484375
24.732281923294067,0.103271484375
24.743083000183105,0.103271484375
24.753891706466675,0.103271484375
24.764689683914185,0.103271484375
24.77544379234314,0.103271484375
24.786258220672607,0.103271484375
24.797046422958374,0.103271484375
24.807889461517334,0.103271484375
24.818684577941895,0.103271484375
24.8294575214386,0.103271484375
24.84028673171997,0.10352325439453125
24.851051807403564,0.10352325439453125
24.861807346343994,0.10352325439453125
24.87257480621338,0.10352325439453125
24.883327960968018,0.10352325439453125
24.89407229423523,0.10352325439453125
24.904829502105713,0.10352325439453125
24.91559863090515,0.10352325439453125
24.92635440826416,0.10352325439453125
24.937103271484375,0.10352325439453125
24.94784379005432,0.10352325439453125
24.958617448806763,0.10352325439453125
24.96938967704773,0.10352325439453125
24.98015809059143,0.10352325439453125
24.990927696228027,0.10352325439453125
25.001685619354248,0.10352325439453125
25.012444257736206,0.10352325439453125
25.02321767807007,0.10352325439453125
25.03397560119629,0.10352325439453125
25.044744729995728,0.10352325439453125
25.055532932281494,0.10352325439453125
25.066296577453613,0.10352325439453125
25.077081441879272,0.10352325439453125
25.087814569473267,0.10352325439453125
25.09859538078308,0.10352325439453125
25.109370231628418,0.1037750244140625
25.1201331615448,0.1037750244140625
25.130919694900513,0.1037750244140625
25.141698360443115,0.1037750244140625
25.152465105056763,0.1037750244140625
25.163233518600464,0.1037750244140625
25.17398977279663,0.1037750244140625
25.184799671173096,0.1037750244140625
25.195566654205322,0.10402679443359375
25.206327199935913,0.10402679443359375
25.217080116271973,0.10402679443359375
25.227813959121704,0.10402679443359375
25.238569498062134,0.10402679443359375
25.249337673187256,0.10402679443359375
25.26008176803589,0.10402679443359375
25.270896911621094,0.10402679443359375
25.281657934188843,0.10402679443359375
25.292425632476807,0.10402679443359375
25.303184032440186,0.10402679443359375
25.313928604125977,0.10402679443359375
25.324718236923218,0.10402679443359375
25.33549737930298,0.10402679443359375
25.346300840377808,0.10402679443359375
25.35706639289856,0.10402679443359375
25.367828845977783,0.10402679443359375
25.378592491149902,0.10402679443359375
25.389349699020386,0.10402679443359375
25.400094747543335,0.10402679443359375
25.410844802856445,0.10402679443359375
25.421616554260254,0.10402679443359375
25.432406902313232,0.10402679443359375
25.443164587020874,0.10402679443359375
25.45391345024109,0.10402679443359375
25.46467924118042,0.10402679443359375
25.475438594818115,0.10402679443359375
25.486250162124634,0.10402679443359375
25.496997117996216,0.10402679443359375
25.50776743888855,0.10402679443359375
25.518548250198364,0.10402679443359375
25.529313564300537,0.10402679443359375
25.540070295333862,0.10402679443359375
25.55084252357483,0.10402679443359375
25.56160616874695,0.10402679443359375
25.572356939315796,0.10402679443359375
25.58310866355896,0.10402679443359375
25.593864679336548,0.10402679443359375
25.60463237762451,0.10402679443359375
25.615386247634888,0.10402679443359375
25.626163959503174,0.10402679443359375
25.63691020011902,0.10402679443359375
25.647671937942505,0.10402679443359375
25.65843892097473,0.10402679443359375
25.669196128845215,0.10402679443359375
25.6799418926239,0.10402679443359375
25.690706968307495,0.10402679443359375
25.701457500457764,0.10402679443359375
25.712217569351196,0.10402679443359375
25.72297716140747,0.10402679443359375
25.733737468719482,0.10402679443359375
25.744502782821655,0.10402679443359375
25.755266189575195,0.10402679443359375
25.76601219177246,0.10402679443359375
25.776774644851685,0.10402679443359375
25.787537813186646,0.10402679443359375
25.79830813407898,0.104278564453125
25.8090717792511,0.104278564453125
25.81982398033142,0.104278564453125
25.830588340759277,0.104278564453125
25.841360092163086,0.104278564453125
25.852113246917725,0.104278564453125
25.86288595199585,0.104278564453125
25.87365436553955,0.10453033447265625
25.884410619735718,0.10453033447265625
25.8951632976532,0.10453033447265625
25.90589928627014,0.10453033447265625
25.916665077209473,0.10453033447265625
25.92743706703186,0.1047821044921875
25.93820858001709,0.1047821044921875
25.9489688873291,0.10503387451171875
25.95973539352417,0.10503387451171875
25.970502376556396,0.10503387451171875
25.98130512237549,0.10528564453125
25.9920711517334,0.10528564453125
26.00282859802246,0.10528564453125
26.013601064682007,0.10528564453125
26.024359464645386,0.10528564453125
26.035112142562866,0.10553741455078125
26.045879364013672,0.10553741455078125
26.05664849281311,0.1057891845703125
26.067413568496704,0.10604095458984375
26.078178644180298,0.10604095458984375
26.088918924331665,0.10604095458984375
26.09968900680542,0.10604095458984375
26.110438108444214,0.10604095458984375
26.121191263198853,0.10604095458984375
26.131927251815796,0.10604095458984375
26.142690658569336,0.10604095458984375
26.15344524383545,0.10604095458984375
26.16419553756714,0.10604095458984375
26.174930572509766,0.10604095458984375
26.185697317123413,0.10604095458984375
26.196449041366577,0.10604095458984375
26.20720863342285,0.10604095458984375
26.21794557571411,0.10604095458984375
26.22872042655945,0.10604095458984375
26.239476442337036,0.10604095458984375
26.250228881835938,0.10604095458984375
26.260964393615723,0.10604095458984375
26.27172040939331,0.10604095458984375
26.282474517822266,0.10604095458984375
26.293224096298218,0.10604095458984375
26.303953886032104,0.10604095458984375
26.314711332321167,0.10604095458984375
26.32546639442444,0.10604095458984375
26.336236715316772,0.10604095458984375
26.346987009048462,0.106292724609375
26.35774827003479,0.106292724609375
26.36851692199707,0.106292724609375
26.379286527633667,0.10654449462890625
26.39004397392273,0.10667800903320312
26.40080738067627,0.10850906372070312
26.411619901657104,0.10850906372070312
26.422383546829224,0.10850906372070312
26.433146953582764,0.10850906372070312
26.443907499313354,0.10850906372070312
26.454678773880005,0.10850906372070312
26.46545696258545,0.10876083374023438
26.476224422454834,0.10876083374023438
26.486976385116577,0.10876083374023438
26.497742176055908,0.10876083374023438
26.508497953414917,0.10876083374023438
26.519255876541138,0.10876083374023438
26.5299973487854,0.10876083374023438
26.540772914886475,0.10876083374023438
26.551533222198486,0.10876083374023438
26.56228494644165,0.10876083374023438
26.57302689552307,0.10876083374023438
26.5837824344635,0.10876083374023438
26.594542980194092,0.10876083374023438
26.605298042297363,0.10876083374023438
26.616037845611572,0.10876083374023438
26.626797914505005,0.10876083374023438
26.637564659118652,0.10876083374023438
26.648321866989136,0.10876083374023438
26.659062147140503,0.10876083374023438
26.669812202453613,0.10876083374023438
26.6805682182312,0.10876083374023438
26.691335916519165,0.10876083374023438
26.702075004577637,0.10876083374023438
26.712823390960693,0.10876083374023438
26.72358775138855,0.10876083374023438
26.734347105026245,0.10876083374023438
26.745095014572144,0.10876083374023438
26.755809783935547,0.10876083374023438
26.766571044921875,0.10901260375976562
26.777345895767212,0.10901260375976562
26.788093090057373,0.10915756225585938
26.798850536346436,0.10915756225585938
26.80962610244751,0.10915756225585938
26.820392370224,0.10915756225585938
26.83115291595459,0.10953140258789062
26.841907739639282,0.10953140258789062
26.852692365646362,0.10978317260742188
26.86345648765564,0.10978317260742188
26.874234437942505,0.10978317260742188
26.88499355316162,0.11003494262695312
26.895758867263794,0.11009597778320312
26.906519174575806,0.11009979248046875
26.917278289794922,0.11009979248046875
26.928017377853394,0.11009979248046875
26.9387686252594,0.11009979248046875
26.949522495269775,0.11009979248046875
26.96027159690857,0.11009979248046875
26.971017837524414,0.11009979248046875
26.981767416000366,0.11009979248046875
26.992518424987793,0.11009979248046875
27.003272533416748,0.11009979248046875
27.014007568359375,0.11009979248046875
27.024757385253906,0.11009979248046875
27.03552269935608,0.11013031005859375
27.046277284622192,0.11013031005859375
27.05701756477356,0.11013031005859375
27.067817211151123,0.11013031005859375
27.078600883483887,0.11013031005859375
27.08936047554016,0.11013031005859375
27.100102186203003,0.11013031005859375
27.11086082458496,0.11013031005859375
27.121615171432495,0.11013031005859375
27.13237452507019,0.11013031005859375
27.14313793182373,0.11013031005859375
27.153907537460327,0.11016082763671875
27.164685010910034,0.1101837158203125
27.17546319961548,0.11020278930664062
27.186227560043335,0.110260009765625
27.19698143005371,0.110260009765625
27.207743644714355,0.110260009765625
27.21851110458374,0.111236572265625
27.229295015335083,0.111236572265625
27.240047693252563,0.111236572265625
27.25080394744873,0.111236572265625
27.26157546043396,0.11156845092773438
27.272340297698975,0.11156845092773438
27.283085107803345,0.11156845092773438
27.29384422302246,0.11207199096679688
27.304629802703857,0.11243438720703125
27.31539797782898,0.11243438720703125
27.32616114616394,0.11243438720703125
27.33690619468689,0.11243438720703125
27.347672939300537,0.11243438720703125
27.35842728614807,0.11243438720703125
27.369194746017456,0.11243438720703125
27.379952669143677,0.11243438720703125
27.390719413757324,0.11243438720703125
27.401482582092285,0.11243438720703125
27.412246704101562,0.11243438720703125
27.42298984527588,0.11243438720703125
27.43375539779663,0.11243438720703125
27.444523334503174,0.1129608154296875
27.455318689346313,0.11303329467773438
27.46608328819275,0.11354827880859375
27.476860284805298,0.11354827880859375
27.487634897232056,0.113800048828125
27.49840211868286,0.113800048828125
27.509169101715088,0.11455535888671875
27.519922494888306,0.11556243896484375
27.530693769454956,0.11556243896484375
27.541458129882812,0.115814208984375
27.55222201347351,0.115814208984375
27.562977075576782,0.11606979370117188
27.57377290725708,0.11716079711914062
27.584604501724243,0.11716079711914062
27.59538984298706,0.11716079711914062
27.606152772903442,0.11716079711914062
27.616894006729126,0.11716079711914062
27.627657175064087,0.11716079711914062
27.63841438293457,0.11784744262695312
27.64920473098755,0.11784744262695312
27.65995740890503,0.11784744262695312
27.670727729797363,0.11822891235351562
27.681498289108276,0.11822891235351562
27.692286014556885,0.11923599243164062
27.703046321868896,0.11923599243164062
27.71381711959839,0.11946868896484375
27.724594831466675,0.119720458984375
27.735361337661743,0.119720458984375
27.746140718460083,0.119720458984375
27.756938219070435,0.119720458984375
27.767742395401,0.119720458984375
27.778536081314087,0.119720458984375
27.789329290390015,0.119720458984375
27.800093412399292,0.119720458984375
27.810877084732056,0.119720458984375
27.821659564971924,0.119720458984375
27.832462310791016,0.11997222900390625
27.843270540237427,0.11997222900390625
27.85402774810791,0.11997222900390625
27.864782333374023,0.11997222900390625
27.875556468963623,0.11997222900390625
27.88631319999695,0.11997222900390625
27.89706325531006,0.11997222900390625
27.907819986343384,0.11997222900390625
27.918579816818237,0.11997222900390625
27.929341077804565,0.11997222900390625
27.940141916275024,0.11997222900390625
27.950892210006714,0.11997222900390625
27.961644411087036,0.11997222900390625
27.972407817840576,0.11997222900390625
27.983166933059692,0.11997222900390625
27.993913173675537,0.11997222900390625
28.004681825637817,0.1202239990234375
28.015449047088623,0.1202239990234375
28.02622413635254,0.12047576904296875
28.03697681427002,0.12047576904296875
28.04774761199951,0.12047576904296875
28.058502674102783,0.12047576904296875
28.069273710250854,0.12047576904296875
28.080021381378174,0.12047576904296875
28.090781688690186,0.12047576904296875
28.101553440093994,0.12047576904296875
28.112314224243164,0.12047576904296875
28.123060941696167,0.12047576904296875
28.13381838798523,0.12047576904296875
28.144588708877563,0.12047576904296875
28.15536642074585,0.1207275390625
28.166163444519043,0.12097930908203125
28.176931619644165,0.12118148803710938
28.187709093093872,0.12118148803710938
28.19850754737854,0.12118148803710938
28.209263801574707,0.12118148803710938
28.22001886367798,0.12118148803710938
28.23078942298889,0.12118148803710938
28.241560697555542,0.12118148803710938
28.252325296401978,0.12118148803710938
28.263065099716187,0.12118148803710938
28.273813247680664,0.12118148803710938
28.28456449508667,0.12118148803710938
28.295325756072998,0.12118148803710938
28.30608320236206,0.12118148803710938
28.316834688186646,0.12118148803710938
28.327590227127075,0.12118148803710938
28.338351488113403,0.12118148803710938
28.34909701347351,0.12118148803710938
28.359842538833618,0.12118148803710938
28.370602130889893,0.12118148803710938
28.381367683410645,0.12118148803710938
28.39213252067566,0.12118148803710938
28.402877807617188,0.12118148803710938
28.413665056228638,0.12118148803710938
28.4245445728302,0.12118148803710938
28.43530511856079,0.12118148803710938
28.446045875549316,0.12118148803710938
28.456806421279907,0.12118148803710938
28.46756649017334,0.12118148803710938
28.478347539901733,0.12118148803710938
28.489103317260742,0.12118148803710938
28.499860525131226,0.12119293212890625
28.510621547698975,0.12119293212890625
28.521384716033936,0.12143707275390625
28.53216242790222,0.12143707275390625
28.542924165725708,0.1216888427734375
28.55369257926941,0.1216888427734375
28.56446075439453,0.1216888427734375
28.57521653175354,0.1216888427734375
28.585965156555176,0.1216888427734375
28.596732139587402,0.12194061279296875
28.607497692108154,0.12194061279296875
28.618260383605957,0.12194061279296875
28.629005432128906,0.12194061279296875
28.639783143997192,0.1221923828125
28.6505765914917,0.1226959228515625
28.661336421966553,0.1226959228515625
28.67209029197693,0.12294769287109375
28.682854413986206,0.123199462890625
28.693621158599854,0.123199462890625
28.704384088516235,0.123199462890625
28.71514630317688,0.123199462890625
28.725891828536987,0.123199462890625
28.736649751663208,0.123199462890625
28.747408390045166,0.123199462890625
28.758162260055542,0.123199462890625
28.768924474716187,0.123199462890625
28.7796847820282,0.123199462890625
28.79044008255005,0.123199462890625
28.801196813583374,0.123199462890625
28.811947107315063,0.123199462890625
28.822706699371338,0.123199462890625
28.83346390724182,0.123199462890625
28.844218969345093,0.123199462890625
28.854984521865845,0.12345123291015625
28.865753650665283,0.12395477294921875
28.876513957977295,0.12395477294921875
28.887279748916626,0.12395477294921875
28.898049116134644,0.12395477294921875
28.908817768096924,0.1247711181640625
28.919582843780518,0.1247711181640625
28.930371046066284,0.12502288818359375
28.941145658493042,0.12502288818359375
28.95189595222473,0.12552642822265625
28.962668418884277,0.12552642822265625
28.973428964614868,0.12552642822265625
28.984185695648193,0.12552642822265625
28.994932889938354,0.12552642822265625
29.005688667297363,0.12552642822265625
29.016449689865112,0.12552642822265625
29.02720808982849,0.12552642822265625
29.03795337677002,0.12552642822265625
29.048712253570557,0.12552642822265625
29.05947756767273,0.12552642822265625
29.07023334503174,0.12552642822265625
29.08098530769348,0.12552642822265625
29.091774463653564,0.12552642822265625
29.10253405570984,0.12552642822265625
29.113293170928955,0.12552642822265625
29.124058485031128,0.12552642822265625
29.134809732437134,0.12552642822265625
29.14557981491089,0.12552642822265625
29.156354665756226,0.12552642822265625
29.167110204696655,0.12552642822265625
29.177878618240356,0.12552642822265625
29.18865132331848,0.12552642822265625
29.199410438537598,0.12552642822265625
29.21018099784851,0.12552642822265625
29.22092580795288,0.12552642822265625
29.23169755935669,0.12552642822265625
29.242455005645752,0.12552642822265625
29.25322198867798,0.12552642822265625
29.26397466659546,0.12552642822265625
29.274737119674683,0.12552642822265625
29.285499095916748,0.12552642822265625
29.296273708343506,0.12552642822265625
29.307031631469727,0.12552642822265625
29.317816972732544,0.12552642822265625
29.32859992980957,0.12552642822265625
29.339369773864746,0.12552642822265625
29.350112915039062,0.12552642822265625
29.360883235931396,0.12552642822265625
29.371645212173462,0.12552642822265625
29.38241410255432,0.12552642822265625
29.393165349960327,0.12552642822265625
29.403906106948853,0.12552642822265625
29.41466236114502,0.12552642822265625
29.42541480064392,0.12552642822265625
29.436171293258667,0.12552642822265625
29.446915864944458,0.12552642822265625
29.45769238471985,0.12552642822265625
29.46845245361328,0.12552642822265625
29.479670763015747,0.12552642822265625
29.490434646606445,0.12552642822265625
29.501198768615723,0.12552642822265625
29.511948108673096,0.12552642822265625
29.52272391319275,0.12552642822265625
29.533482551574707,0.12552642822265625
29.544251680374146,0.12552642822265625
29.55499267578125,0.12552642822265625
29.565757989883423,0.12552642822265625
29.576519012451172,0.12552642822265625
29.587275743484497,0.12552642822265625
29.59802269935608,0.12552642822265625
29.6087749004364,0.12552642822265625
29.619554042816162,0.12552642822265625
29.63031554222107,0.12552642822265625
29.64107346534729,0.12552642822265625
29.651811838150024,0.12552642822265625
29.662588596343994,0.12552642822265625
29.673362731933594,0.12552642822265625
29.68413019180298,0.12552642822265625
29.69489026069641,0.12552642822265625
29.705662965774536,0.12552642822265625
29.716423988342285,0.12552642822265625
29.727192163467407,0.1257781982421875
29.73794460296631,0.1257781982421875
29.748701810836792,0.1257781982421875
29.759466886520386,0.1257781982421875
29.770232915878296,0.1257781982421875
29.780989408493042,0.12602996826171875
29.7917742729187,0.12628173828125
29.802543878555298,0.12628173828125
29.813300609588623,0.12653350830078125
29.824052333831787,0.12653350830078125
29.834802865982056,0.1267852783203125
29.845564126968384,0.127288818359375
29.856335401535034,0.127288818359375
29.867090225219727,0.127288818359375
29.87784457206726,0.127288818359375
29.888618230819702,0.127288818359375
29.899375438690186,0.127288818359375
29.910136222839355,0.127288818359375
29.920892238616943,0.12754058837890625
29.93165159225464,0.12754058837890625
29.942402124404907,0.12754058837890625
29.953147172927856,0.12754058837890625
29.963890075683594,0.12754058837890625
29.97464609146118,0.12754058837890625
29.985401153564453,0.12754058837890625
29.996156930923462,0.12754058837890625
30.00690197944641,0.1277923583984375
30.017657041549683,0.1277923583984375
30.028400897979736,0.1277923583984375
30.03916096687317,0.1277923583984375
30.04991316795349,0.1277923583984375
30.06067419052124,0.1277923583984375
30.071436166763306,0.1277923583984375
30.08219814300537,0.1277923583984375
30.092952728271484,0.1277923583984375
30.10370945930481,0.1277923583984375
30.114464282989502,0.1277923583984375
30.125252962112427,0.1277923583984375
30.13599419593811,0.1277923583984375
30.146769046783447,0.1277923583984375
30.15753436088562,0.1277923583984375
30.168293714523315,0.1277923583984375
30.179041862487793,0.1277923583984375
30.189812898635864,0.1277923583984375
30.20058012008667,0.1277923583984375
30.21134877204895,0.12804412841796875
30.22211003303528,0.1282958984375
30.23288059234619,0.12854766845703125
30.243648290634155,0.12854766845703125
30.2544162273407,0.12854766845703125
30.265170574188232,0.12854766845703125
30.27592420578003,0.12854766845703125
30.28669786453247,0.12854766845703125
30.297464609146118,0.1287994384765625
30.308241367340088,0.1287994384765625
30.31904363632202,0.1287994384765625
30.329796314239502,0.1287994384765625
30.340557098388672,0.12905120849609375
30.3513240814209,0.12955474853515625
30.362074613571167,0.12955474853515625
30.372833490371704,0.1298065185546875
30.38360857963562,0.1298065185546875
30.394373655319214,0.1298065185546875
30.405144691467285,0.1298065185546875
30.41590452194214,0.1298065185546875
30.42666482925415,0.1298065185546875
30.437426328659058,0.1298065185546875
30.44822072982788,0.1298065185546875
30.459004163742065,0.1298065185546875
30.469816207885742,0.1298065185546875
30.480611324310303,0.1298065185546875
30.49138617515564,0.1298065185546875
30.5021710395813,0.1298065185546875
30.512967824935913,0.1298065185546875
30.523813724517822,0.1298065185546875
30.534772872924805,0.1298065185546875
30.54554510116577,0.1298065185546875
30.556363344192505,0.1298065185546875
30.567147731781006,0.13005828857421875
30.577899932861328,0.13005828857421875
30.58866262435913,0.13005828857421875
30.5994234085083,0.13005828857421875
30.610189199447632,0.13005828857421875
30.62095022201538,0.13031005859375
30.63171148300171,0.13056182861328125
30.642464876174927,0.13056182861328125
30.65321922302246,0.13056182861328125
30.663970232009888,0.1308135986328125
30.67472743988037,0.1308135986328125
30.685483694076538,0.1308135986328125
30.696249961853027,0.1308135986328125
30.706995010375977,0.13106536865234375
30.71776247024536,0.13156890869140625
30.728513956069946,0.13156890869140625
30.739270210266113,0.13156890869140625
30.75000834465027,0.13156890869140625
30.760778427124023,0.13156890869140625
30.771533966064453,0.13156890869140625
30.782315731048584,0.13156890869140625
30.793057680130005,0.13156890869140625
30.803802967071533,0.13156890869140625
30.81456422805786,0.13156890869140625
30.825315237045288,0.13156890869140625
30.836061000823975,0.13156890869140625
30.846805572509766,0.13156890869140625
30.85756278038025,0.13156890869140625
30.868322610855103,0.13156890869140625
30.879072904586792,0.13156890869140625
30.889811754226685,0.13156890869140625
30.900568962097168,0.13156890869140625
30.91132664680481,0.13156890869140625
30.922074794769287,0.13156890869140625
30.932828426361084,0.13156890869140625
30.943589687347412,0.13156890869140625
30.9543514251709,0.13156890869140625
30.96510601043701,0.13156890869140625
30.975868463516235,0.13166427612304688
30.98665475845337,0.13166427612304688
30.997424125671387,0.13167953491210938
31.008183002471924,0.131683349609375
31.01893901824951,0.13172531127929688
31.0297269821167,0.13172531127929688
31.040494918823242,0.13172531127929688
31.05126976966858,0.13172531127929688
31.0620276927948,0.13172531127929688
31.07282066345215,0.13287353515625
31.08359718322754,0.13287353515625
31.094353199005127,0.1336212158203125
31.105109214782715,0.1336212158203125
31.115880727767944,0.13367843627929688
31.126643180847168,0.13367843627929688
31.13740110397339,0.13386154174804688
31.148183345794678,0.1338653564453125
31.158923625946045,0.1338653564453125
31.169687271118164,0.1338653564453125
31.18044638633728,0.1338653564453125
31.19120717048645,0.1338653564453125
31.201944828033447,0.1338653564453125
31.21270728111267,0.1338653564453125
31.22346043586731,0.1338653564453125
31.234219551086426,0.1338653564453125
31.244957208633423,0.1338653564453125
31.25571346282959,0.1338653564453125
31.266475915908813,0.1338653564453125
31.277240753173828,0.1338653564453125
31.28798198699951,0.1338653564453125
31.29874897003174,0.1338653564453125
31.309514045715332,0.1338653564453125
31.32028079032898,0.1338653564453125
31.33102822303772,0.1338653564453125
31.34178614616394,0.1338653564453125
31.35254693031311,0.1338653564453125
31.363298892974854,0.1338653564453125
31.37404704093933,0.1338653564453125
31.38479971885681,0.1338653564453125
31.395560026168823,0.1338653564453125
31.40632200241089,0.1338653564453125
31.417062044143677,0.1338653564453125
31.427814722061157,0.1338653564453125
31.438580989837646,0.1338653564453125
31.449347257614136,0.1338653564453125
31.46010160446167,0.13420867919921875
31.470852375030518,0.13420867919921875
31.481627464294434,0.13420867919921875
31.492387294769287,0.13420867919921875
31.50315260887146,0.13420867919921875
31.51391100883484,0.13420867919921875
31.524693727493286,0.13420867919921875
31.53546953201294,0.13446044921875
31.546229124069214,0.13446044921875
31.55696964263916,0.13446044921875
31.567744255065918,0.13446044921875
31.578515768051147,0.13446044921875
31.58930516242981,0.13446044921875
31.600077867507935,0.13446044921875
31.61083173751831,0.13446044921875
31.621593475341797,0.13446044921875
31.632350206375122,0.13446044921875
31.64308738708496,0.13446044921875
31.653860569000244,0.13446044921875
31.664627075195312,0.13446044921875
31.67538833618164,0.13446044921875
31.686137676239014,0.13446044921875
31.69688582420349,0.13446044921875
31.707667350769043,0.13471221923828125
31.718440532684326,0.13471221923828125
31.729210376739502,0.13471221923828125
31.739952564239502,0.13471221923828125
31.750720262527466,0.13471221923828125
31.761491298675537,0.13471221923828125
31.772247552871704,0.13471221923828125
31.78299379348755,0.13471221923828125
31.793752908706665,0.13471221923828125
31.80451226234436,0.13471221923828125
31.815275192260742,0.13471221923828125
31.826021194458008,0.13471221923828125
31.83679437637329,0.13471221923828125
31.847564697265625,0.13471221923828125
31.858345985412598,0.13471221923828125
31.869126796722412,0.13471221923828125
31.8798987865448,0.13471221923828125
31.89066171646118,0.13471221923828125
31.901426076889038,0.13471221923828125
31.912214279174805,0.13471221923828125
31.9229633808136,0.13471221923828125
31.93372654914856,0.13471221923828125
31.94448757171631,0.13471221923828125
31.955257177352905,0.13471221923828125
31.96602773666382,0.13471221923828125
31.976813793182373,0.13471221923828125
31.987595319747925,0.13471221923828125
31.998358964920044,0.13471221923828125
32.009132862091064,0.13471221923828125
32.019911766052246,0.13471221923828125
32.03067684173584,0.1349639892578125
32.04146480560303,0.1349639892578125
32.05223608016968,0.1349639892578125
32.06299924850464,0.1349639892578125
32.07376956939697,0.1349639892578125
32.084547996520996,0.1349639892578125
32.09531378746033,0.1349639892578125
32.10606408119202,0.1349639892578125
32.11683440208435,0.1349639892578125
32.12765860557556,0.1349639892578125
32.13846015930176,0.1349639892578125
32.14926338195801,0.1349639892578125
32.16004467010498,0.1349639892578125
32.17083406448364,0.13521575927734375
32.181639671325684,0.13521575927734375
32.192429065704346,0.13521575927734375
32.20323061943054,0.13521575927734375
32.21403479576111,0.13521575927734375
32.2247998714447,0.13521575927734375
32.23555612564087,0.13521575927734375
32.24631476402283,0.13521575927734375
32.257051944732666,0.13521575927734375
32.267791986465454,0.13521575927734375
32.27855944633484,0.13521575927734375
32.289318323135376,0.13521575927734375
32.3000545501709,0.13521575927734375
32.31080222129822,0.13521575927734375
32.32156729698181,0.13521575927734375
32.33234429359436,0.13521575927734375
32.34310436248779,0.13521575927734375
32.353872776031494,0.13521575927734375
32.36465406417847,0.135467529296875
32.375436305999756,0.135467529296875
32.386207580566406,0.135467529296875
32.39695501327515,0.135467529296875
32.407734632492065,0.13571929931640625
32.41850233078003,0.13571929931640625
32.42928457260132,0.13571929931640625
32.440025329589844,0.13571929931640625
32.45079040527344,0.13571929931640625
32.461551904678345,0.13571929931640625
32.472310066223145,0.13571929931640625
32.483046770095825,0.13571929931640625
32.49383354187012,0.13571929931640625
32.504589319229126,0.13571929931640625
32.51535630226135,0.13571929931640625
32.526145458221436,0.13571929931640625
32.536888122558594,0.13571929931640625
32.54765963554382,0.13571929931640625
32.558419942855835,0.13571929931640625
32.56916904449463,0.13571929931640625
32.579915285110474,0.13571929931640625
32.59068155288696,0.13571929931640625
32.601439476013184,0.13571929931640625
32.61220073699951,0.13571929931640625
32.62296748161316,0.13571929931640625
32.63381052017212,0.13571929931640625
32.64456558227539,0.13571929931640625
32.655333042144775,0.13571929931640625
32.66609311103821,0.13571929931640625
32.67684555053711,0.13571929931640625
32.68761348724365,0.13571929931640625
32.698381185531616,0.13571929931640625
32.70914316177368,0.13571929931640625
32.71989941596985,0.13583755493164062
32.73065710067749,0.13583755493164062
32.74142003059387,0.13588333129882812
32.75219392776489,0.13593292236328125
32.762937784194946,0.136322021484375
32.77369976043701,0.1369171142578125
32.78446960449219,0.13700103759765625
32.79526090621948,0.13700103759765625
32.80602216720581,0.13700103759765625
32.81678581237793,0.13700103759765625
32.82754945755005,0.13721084594726562
32.83831548690796,0.13721466064453125
32.84906363487244,0.13744735717773438
32.85982418060303,0.13744735717773438
32.870599031448364,0.13755035400390625
32.88136434555054,0.13769912719726562
32.892112731933594,0.13790130615234375
32.902881383895874,0.13796234130859375
32.91364336013794,0.13796234130859375
32.92440700531006,0.138580322265625
32.935168981552124,0.13858413696289062
32.94592046737671,0.13858413696289062
32.956684589385986,0.13858413696289062
32.96744179725647,0.13858413696289062
32.97819757461548,0.13858413696289062
32.98894214630127,0.13858413696289062
32.999698638916016,0.13858413696289062
33.01046442985535,0.13858413696289062
33.02121448516846,0.13858413696289062
33.03196454048157,0.13858413696289062
33.04271364212036,0.13858413696289062
33.053473234176636,0.13858413696289062
33.06423544883728,0.13858413696289062
33.07498288154602,0.13858413696289062
33.08574461936951,0.13858413696289062
33.09650373458862,0.13858413696289062
33.107266664505005,0.13858413696289062
33.11800956726074,0.13858413696289062
33.12876605987549,0.13858413696289062
33.13952088356018,0.13858413696289062
33.150280714035034,0.13858413696289062
33.16102838516235,0.13858413696289062
33.171778440475464,0.13858413696289062
33.18253040313721,0.13858413696289062
33.193286180496216,0.13858413696289062
33.20403218269348,0.13858413696289062
33.21477556228638,0.13858413696289062
33.22554636001587,0.13858413696289062
33.2363178730011,0.13858413696289062
33.24706172943115,0.13858413696289062
33.25780987739563,0.13858413696289062
33.26856994628906,0.13858413696289062
33.27932620048523,0.13858413696289062
33.29006361961365,0.13858413696289062
33.30080223083496,0.13858413696289062
33.311559200286865,0.13858413696289062
33.32231259346008,0.13858413696289062
33.333049297332764,0.13858413696289062
33.34380531311035,0.13858413696289062
33.354567766189575,0.13858413696289062
33.365347146987915,0.13858413696289062
33.37609815597534,0.13858413696289062
33.3868510723114,0.13858413696289062
33.39761209487915,0.13858413696289062
33.4083833694458,0.13858413696289062
33.41914176940918,0.13858413696289062
33.429898738861084,0.13858413696289062
33.44065856933594,0.13858413696289062
33.451416015625,0.13858413696289062
33.4621856212616,0.13895797729492188
33.47292923927307,0.13895797729492188
33.483689308166504,0.13895797729492188
33.494476079940796,0.13895797729492188
33.505229473114014,0.13895797729492188
33.5159707069397,0.13895797729492188
33.52674436569214,0.13895797729492188
33.537513971328735,0.13924026489257812
33.54828476905823,0.13956832885742188
33.5590398311615,0.1398162841796875
33.56980085372925,0.1398162841796875
33.580580949783325,0.13983154296875
33.59136748313904,0.13990402221679688
33.60213255882263,0.1399688720703125
33.61288094520569,0.1399688720703125
33.62363791465759,0.1399688720703125
33.6343994140625,0.1399688720703125
33.645163774490356,0.1399688720703125
33.65590476989746,0.1399688720703125
33.66665983200073,0.1399688720703125
33.67742967605591,0.1399688720703125
33.68819308280945,0.1399688720703125
33.69897246360779,0.1399688720703125
33.70975136756897,0.1399688720703125
33.72052049636841,0.1399688720703125
33.731292486190796,0.1399688720703125
33.74205303192139,0.1399688720703125
33.75280475616455,0.1399688720703125
33.7635760307312,0.1399688720703125
33.77433633804321,0.1399688720703125
33.78509831428528,0.14030075073242188
33.79584884643555,0.14030075073242188
33.80661058425903,0.14030075073242188
33.81738829612732,0.14030075073242188
33.82815742492676,0.14030075073242188
33.83891415596008,0.14030075073242188
33.84967303276062,0.14030075073242188
33.86047959327698,0.14030075073242188
33.87123441696167,0.14030075073242188
33.881969928741455,0.14030075073242188
33.89273428916931,0.14030075073242188
33.903491258621216,0.14030075073242188
33.91425323486328,0.14030075073242188
33.92499542236328,0.14030075073242188
33.93576955795288,0.14030075073242188
33.94652199745178,0.14030075073242188
33.95729112625122,0.14030075073242188
33.968047857284546,0.14030075073242188
33.978824615478516,0.14044189453125
33.98960566520691,0.14092254638671875
34.00036811828613,0.14112472534179688
34.011127948760986,0.14112472534179688
34.021883726119995,0.14112472534179688
34.03268766403198,0.14112472534179688
34.04346418380737,0.14112472534179688
34.0542254447937,0.14112472534179688
34.06498098373413,0.14112472534179688
34.07574725151062,0.14112472534179688
34.08651161193848,0.14112472534179688
34.09727191925049,0.14112472534179688
34.10801839828491,0.14112472534179688
34.11877083778381,0.14112472534179688
34.12952995300293,0.14112472534179688
34.14028978347778,0.14112472534179688
34.151039361953735,0.14112472534179688
34.161805868148804,0.14112472534179688
34.172574043273926,0.14112472534179688
34.18334341049194,0.1411285400390625
34.19413471221924,0.1411285400390625
34.20490217208862,0.1414337158203125
34.21566843986511,0.14179229736328125
34.226436138153076,0.14179229736328125
34.237194538116455,0.14179229736328125
34.247944831848145,0.14179229736328125
34.25871777534485,0.14214324951171875
34.26947999000549,0.1423492431640625
34.280248403549194,0.1423492431640625
34.291003465652466,0.14283370971679688
34.301772117614746,0.14339447021484375
34.31254053115845,0.14339447021484375
34.32332706451416,0.14339447021484375
34.33409118652344,0.143646240234375
34.344844818115234,0.143646240234375
34.355621099472046,0.14415359497070312
34.36639642715454,0.14415359497070312
34.377158641815186,0.14415359497070312
34.387911796569824,0.14415359497070312
34.3986759185791,0.14415359497070312
34.40943884849548,0.14415359497070312
34.420220375061035,0.14415359497070312
34.43097496032715,0.14415359497070312
34.44173836708069,0.14415359497070312
34.45250678062439,0.14415359497070312
34.463276386260986,0.14415359497070312
34.47403907775879,0.14415359497070312
34.48481869697571,0.14415359497070312
34.49557709693909,0.14415359497070312
34.50633788108826,0.14415359497070312
34.517090797424316,0.14415359497070312
34.52785038948059,0.14415359497070312
34.53861880302429,0.14415359497070312
34.54938721656799,0.14415359497070312
34.5601646900177,0.14415359497070312
34.5709490776062,0.14415359497070312
34.581759214401245,0.14415359497070312
34.59252452850342,0.14415359497070312
34.60329723358154,0.14440536499023438
34.61405563354492,0.14440536499023438
34.62481141090393,0.14440536499023438
34.63557410240173,0.14440536499023438
34.64633345603943,0.14440536499023438
34.65708637237549,0.14440536499023438
34.66781497001648,0.14440536499023438
34.67859506607056,0.14440536499023438
34.68939256668091,0.14440536499023438
34.70015335083008,0.14440536499023438
34.71089768409729,0.14440536499023438
34.72166299819946,0.14440536499023438
34.732420921325684,0.14440536499023438
34.74318313598633,0.14440536499023438
34.75393986701965,0.14440536499023438
34.764708518981934,0.14440536499023438
34.7754909992218,0.14440536499023438
34.78626847267151,0.14440536499023438
34.797016859054565,0.14440536499023438
34.80777883529663,0.14440536499023438
34.81859517097473,0.14440536499023438
34.82940936088562,0.14440536499023438
34.84026384353638,0.14440536499023438
34.851062536239624,0.14440536499023438
34.86184501647949,0.14440536499023438
34.87262797355652,0.14440536499023438
34.88343095779419,0.14440536499023438
34.89427208900452,0.14440536499023438
34.905036211013794,0.14440536499023438
34.91580510139465,0.14440536499023438
34.926607608795166,0.14440536499023438
34.937384366989136,0.14440536499023438
34.94814920425415,0.14440536499023438
34.958901166915894,0.14440536499023438
34.96967029571533,0.14440536499023438
34.98043489456177,0.14440536499023438
34.99123811721802,0.14440536499023438
35.001994371414185,0.14465713500976562
35.01275849342346,0.14465713500976562
35.02353024482727,0.14465713500976562
35.0342960357666,0.14465713500976562
35.04506468772888,0.14465713500976562
35.05581760406494,0.14490890502929688
35.06659746170044,0.14490890502929688
35.07736945152283,0.14490890502929688
35.08813405036926,0.14490890502929688
35.09887981414795,0.14490890502929688
35.109668254852295,0.14490890502929688
35.120434045791626,0.14490890502929688
35.131197929382324,0.14490890502929688
35.14195728302002,0.14490890502929688
35.15272235870361,0.14490890502929688
35.16351103782654,0.14490890502929688
35.174274921417236,0.14490890502929688
35.185014486312866,0.14490890502929688
35.195799589157104,0.14490890502929688
35.20656609535217,0.14490890502929688
35.21733903884888,0.14490890502929688
35.22810959815979,0.14490890502929688
35.23887038230896,0.14490890502929688
35.249637842178345,0.14490890502929688
35.26040029525757,0.14490890502929688
35.27116394042969,0.14490890502929688
35.28190588951111,0.14490890502929688
35.29268431663513,0.14490890502929688
35.303441524505615,0.14490890502929688
35.314202547073364,0.14490890502929688
35.324941635131836,0.14490890502929688
35.33570075035095,0.14490890502929688
35.34646558761597,0.14490890502929688
35.35722589492798,0.14490890502929688
35.36796712875366,0.14490890502929688
35.37872505187988,0.14490890502929688
35.3894898891449,0.14490890502929688
35.40024924278259,0.14490890502929688
35.41101932525635,0.14490890502929688
35.42177605628967,0.14490890502929688
35.43253493309021,0.14490890502929688
35.44328999519348,0.14490890502929688
35.45404124259949,0.14490890502929688
35.46480655670166,0.14490890502929688
35.475576639175415,0.14490890502929688
35.48634576797485,0.1451416015625
35.49709343910217,0.1451416015625
35.50786542892456,0.1451416015625
35.51863360404968,0.1451416015625
35.529398918151855,0.1451416015625
35.54015564918518,0.1451416015625
35.55089330673218,0.1451416015625
35.56165313720703,0.1451416015625
35.572407245635986,0.1451416015625
35.58316469192505,0.1451416015625
35.59391784667969,0.1451416015625
35.60468244552612,0.1451416015625
35.615450859069824,0.1451416015625
35.626214265823364,0.1451416015625
35.63696527481079,0.14551544189453125
35.64772915840149,0.14551544189453125
35.65848422050476,0.14551544189453125
35.66924047470093,0.14551544189453125
35.67997622489929,0.14551544189453125
35.69076204299927,0.14551544189453125
35.70152449607849,0.14551544189453125
35.71228218078613,0.14551544189453125
35.723031759262085,0.14551544189453125
35.73377799987793,0.14551544189453125
35.744542837142944,0.14551544189453125
35.755298376083374,0.14551544189453125
35.76605820655823,0.14551544189453125
35.776814222335815,0.14551544189453125
35.787583112716675,0.14551544189453125
35.798354387283325,0.1457672119140625
35.809128522872925,0.1457672119140625
35.81989073753357,0.1457672119140625
35.83065676689148,0.14601898193359375
35.84142017364502,0.14601898193359375
35.85217761993408,0.14601898193359375
35.8629195690155,0.14601898193359375
35.87369394302368,0.14601898193359375
35.88446092605591,0.14601898193359375
35.89521765708923,0.14601898193359375
35.905970335006714,0.14601898193359375
35.91673421859741,0.14601898193359375
35.92748475074768,0.14601898193359375
35.938247203826904,0.14601898193359375
35.94899034500122,0.14601898193359375
35.95974254608154,0.14601898193359375
35.970497846603394,0.14601898193359375
35.981258153915405,0.14601898193359375
35.992008209228516,0.14601898193359375
36.002774238586426,0.14601898193359375
36.013535261154175,0.14601898193359375
36.02430701255798,0.14609909057617188
36.03506851196289,0.14631271362304688
36.04582738876343,0.14631271362304688
36.056591749191284,0.14631271362304688
36.06738519668579,0.14631271362304688
36.078150272369385,0.1466217041015625
36.0889093875885,0.1466217041015625
36.09968614578247,0.1466217041015625
36.11046075820923,0.1466217041015625
36.121224880218506,0.14687347412109375
36.132006883621216,0.14687347412109375
36.142773389816284,0.14687347412109375
36.15353465080261,0.14687347412109375
36.16430044174194,0.14687347412109375
36.1750431060791,0.14687347412109375
36.18581247329712,0.14687347412109375
36.1965708732605,0.14687347412109375
36.20732665061951,0.14687347412109375
36.21807408332825,0.14687347412109375
36.22883701324463,0.14687347412109375
36.23959445953369,0.14687347412109375
36.25035738945007,0.14687347412109375
36.26110291481018,0.14687347412109375
36.27186441421509,0.147125244140625
36.28262972831726,0.147125244140625
36.293383836746216,0.147125244140625
36.304142475128174,0.147125244140625
36.31489396095276,0.147125244140625
36.32565188407898,0.147125244140625
36.33640909194946,0.147125244140625
36.347169399261475,0.147125244140625
36.35791230201721,0.147125244140625
36.36867022514343,0.147125244140625
36.37942409515381,0.147125244140625
36.39018177986145,0.147125244140625
36.400933027267456,0.147125244140625
36.41169738769531,0.147125244140625
36.42246127128601,0.147125244140625
36.433218002319336,0.147125244140625
36.443960189819336,0.147125244140625
36.454734563827515,0.147125244140625
36.46550536155701,0.147125244140625
36.47629404067993,0.147125244140625
36.48705291748047,0.14737701416015625
36.497824907302856,0.14786911010742188
36.508599519729614,0.14786911010742188
36.519381523132324,0.14812088012695312
36.530155658721924,0.14812088012695312
36.540908336639404,0.14812088012695312
36.55168151855469,0.14837265014648438
36.562438011169434,0.14837265014648438
36.573201417922974,0.1483917236328125
36.58395457267761,0.1483917236328125
36.59472894668579,0.1483917236328125
36.605483055114746,0.1483917236328125
36.616246700286865,0.1483917236328125
36.62700343132019,0.1483917236328125
36.637771129608154,0.1483917236328125
36.64853620529175,0.1483917236328125
36.659287214279175,0.1483917236328125
36.67003655433655,0.14889144897460938
36.68080186843872,0.14889144897460938
36.69157314300537,0.14908981323242188
36.702364683151245,0.14908981323242188
36.71310591697693,0.14908981323242188
36.72385931015015,0.14908981323242188
36.734630823135376,0.14908981323242188
36.74539399147034,0.14908981323242188
36.75617265701294,0.14908981323242188
36.76693367958069,0.14908981323242188
36.777698278427124,0.14908981323242188
36.7884726524353,0.14908981323242188
36.79923748970032,0.14908981323242188
36.80998945236206,0.14908981323242188
36.82075619697571,0.14908981323242188
36.83152174949646,0.14908981323242188
36.842286586761475,0.14908981323242188
36.853041887283325,0.14908981323242188
36.863813400268555,0.14908981323242188
36.87459087371826,0.14908981323242188
36.885366439819336,0.14908981323242188
36.89613437652588,0.14908981323242188
36.90689420700073,0.14908981323242188
36.91771459579468,0.14908981323242188
36.92847204208374,0.14908981323242188
36.93927717208862,0.14908981323242188
36.95004463195801,0.14908981323242188
36.960806369781494,0.14908981323242188
36.97158622741699,0.14908981323242188
36.982362270355225,0.14908981323242188
36.9931423664093,0.1500396728515625
37.003899574279785,0.15029144287109375
37.014667987823486,0.15155029296875
37.02543878555298,0.15160369873046875
37.03620648384094,0.15160369873046875
37.04695773124695,0.15160369873046875
37.05772686004639,0.15160369873046875
37.06848478317261,0.15160369873046875
37.07924199104309,0.15160369873046875
37.09000897407532,0.15160369873046875
37.100770235061646,0.15160369873046875
37.111544370651245,0.15160369873046875
37.12230825424194,0.15160369873046875
37.133050203323364,0.15160369873046875
37.1438045501709,0.15160369873046875
37.15457272529602,0.15160369873046875
37.16534924507141,0.15160369873046875
37.17610192298889,0.15160369873046875
37.18684244155884,0.15160369873046875
37.1976215839386,0.15160369873046875
37.20839214324951,0.15160369873046875
37.219160079956055,0.15213394165039062
37.22993087768555,0.1523590087890625
37.24071002006531,0.15291976928710938
37.251479387283325,0.15311050415039062
37.26225209236145,0.15311050415039062
37.27300500869751,0.15354156494140625
37.283769607543945,0.15354156494140625
37.29452919960022,0.15354156494140625
37.305299043655396,0.15354156494140625
37.31605672836304,0.15354156494140625
37.32680869102478,0.15354156494140625
37.33757519721985,0.15354156494140625
37.34833788871765,0.15354156494140625
37.35927629470825,0.15354156494140625
37.37003517150879,0.15354156494140625
37.38079833984375,0.15354156494140625
37.391568422317505,0.15354156494140625
37.4023380279541,0.15354156494140625
37.41309118270874,0.15354156494140625
37.42384481430054,0.15354156494140625
37.434611558914185,0.15354156494140625
37.445369482040405,0.15354156494140625
37.456143856048584,0.15354156494140625
37.46691179275513,0.15354156494140625
37.47769117355347,0.15354156494140625
37.48846673965454,0.1537933349609375
37.499234199523926,0.15391159057617188
37.50999140739441,0.15391159057617188
37.52075791358948,0.15391159057617188
37.53151488304138,0.15391159057617188
37.542287826538086,0.15391159057617188
37.55305099487305,0.15391159057617188
37.56383466720581,0.15391159057617188
37.57460284233093,0.15391159057617188
37.585368394851685,0.15391159057617188
37.5961332321167,0.15391159057617188
37.606884479522705,0.15391159057617188
37.617645263671875,0.15391159057617188
37.628397941589355,0.15391159057617188
37.639177083969116,0.15391159057617188
37.6499285697937,0.15391159057617188
37.66071653366089,0.15391159057617188
37.671494245529175,0.15391159057617188
37.68226361274719,0.15391159057617188
37.693005323410034,0.15391159057617188
37.703760623931885,0.15391159057617188
37.71450996398926,0.15391159057617188
37.72527718544006,0.15391159057617188
37.736058712005615,0.15391159057617188
37.746817111968994,0.15391159057617188
37.757596492767334,0.15391159057617188
37.76837658882141,0.15391159057617188
37.77915978431702,0.15415573120117188
37.78992176055908,0.15440750122070312
37.800684213638306,0.15440750122070312
37.81144714355469,0.15440750122070312
37.8222074508667,0.15440750122070312
37.832974910736084,0.15440750122070312
37.843791007995605,0.15440750122070312
37.854615211486816,0.15465927124023438
37.86541414260864,0.15465927124023438
37.87622308731079,0.15491104125976562
37.886996030807495,0.15491104125976562
37.897822856903076,0.15491104125976562
37.90860843658447,0.15491104125976562
37.91938328742981,0.15491104125976562
37.930187940597534,0.15491104125976562
37.940958976745605,0.15491104125976562
37.95172476768494,0.15516281127929688
37.9624810218811,0.15516281127929688
37.97324466705322,0.15541458129882812
37.98400568962097,0.15541458129882812
37.99476456642151,0.15541458129882812
38.005532026290894,0.15542221069335938
38.01629400253296,0.15542221069335938
38.02704858779907,0.15542221069335938
38.03780126571655,0.15542221069335938
38.04856753349304,0.15542221069335938
38.05932140350342,0.15542221069335938
38.07006502151489,0.15542221069335938
38.08081269264221,0.15542221069335938
38.091569900512695,0.15542221069335938
38.10232996940613,0.15542221069335938
38.11306810379028,0.15542221069335938
38.123820781707764,0.15542221069335938
38.1345751285553,0.15542221069335938
38.145344495773315,0.15542221069335938
38.15609169006348,0.15542221069335938
38.16685509681702,0.155670166015625
38.177627086639404,0.155731201171875
38.18838381767273,0.155731201171875
38.199145793914795,0.155731201171875
38.20988988876343,0.155731201171875
38.220646142959595,0.155731201171875
38.23140621185303,0.155731201171875
38.24216556549072,0.155731201171875
38.25291609764099,0.155731201171875
38.263680934906006,0.155731201171875
38.274455308914185,0.155731201171875
38.28523063659668,0.155731201171875
38.295995473861694,0.155731201171875
38.30676007270813,0.155731201171875
38.31753444671631,0.155731201171875
38.32830452919006,0.155731201171875
38.33905339241028,0.15592575073242188
38.349815130233765,0.15592575073242188
38.36057472229004,0.15592575073242188
38.37133455276489,0.15592575073242188
38.382076263427734,0.15592575073242188
38.39282488822937,0.15592575073242188
38.40360879898071,0.15592575073242188
38.414363384246826,0.15592575073242188
38.425103187561035,0.15592575073242188
38.43584871292114,0.15592575073242188
38.446613788604736,0.15592575073242188
38.45737147331238,0.15592575073242188
38.46814322471619,0.15592575073242188
38.47888493537903,0.15592575073242188
38.489635944366455,0.15592575073242188
38.50039076805115,0.15592575073242188
38.51117396354675,0.15592575073242188
38.521918535232544,0.15592575073242188
38.532676219940186,0.15592575073242188
38.543439626693726,0.15592575073242188
38.55419611930847,0.15592575073242188
38.56493902206421,0.15592575073242188
38.57572364807129,0.15615081787109375
38.58649969100952,0.15615463256835938
38.59725785255432,0.15615463256835938
38.6080105304718,0.15615463256835938
38.618772745132446,0.15615463256835938
38.6295325756073,0.15615463256835938
38.64028573036194,0.15615463256835938
38.651031732559204,0.15615463256835938
38.661784410476685,0.15615463256835938
38.6725435256958,0.15615463256835938
38.683305501937866,0.15615463256835938
38.69406223297119,0.15615463256835938
38.70481085777283,0.15615463256835938
38.71557688713074,0.15615463256835938
38.72632908821106,0.15615463256835938
38.737098932266235,0.15615463256835938
38.74784779548645,0.15615463256835938
38.75861215591431,0.15615463256835938
38.769381046295166,0.15615463256835938
38.780137062072754,0.15615463256835938
38.79090070724487,0.15615463256835938
38.801673889160156,0.15615463256835938
38.81244444847107,0.1565399169921875
38.82320594787598,0.1565399169921875
38.83395075798035,0.1565399169921875
38.84471368789673,0.1565399169921875
38.85550785064697,0.1565399169921875
38.866278409957886,0.1565399169921875
38.877042055130005,0.15679168701171875
38.88780951499939,0.15679168701171875
38.89857459068298,0.15679168701171875
38.90933704376221,0.15679168701171875
38.920079469680786,0.15679168701171875
38.93082666397095,0.15679168701171875
38.94158577919006,0.15679168701171875
38.952338457107544,0.15679168701171875
38.9630913734436,0.15679168701171875
38.97384858131409,0.15679168701171875
38.98462247848511,0.15679168701171875
38.99537920951843,0.15679168701171875
39.00614309310913,0.15679168701171875
39.01688623428345,0.15679168701171875
39.027647495269775,0.15679168701171875
39.03841161727905,0.15679168701171875
39.04916572570801,0.15679168701171875
39.059903621673584,0.15679168701171875
39.07066488265991,0.15679168701171875
39.081443548202515,0.15679168701171875
39.09220814704895,0.15679168701171875
39.10296869277954,0.15729522705078125
39.11372971534729,0.1573638916015625
39.12450313568115,0.1573638916015625
39.1352698802948,0.1573638916015625
39.14602327346802,0.1573638916015625
39.15678787231445,0.1573638916015625
39.167553424835205,0.1573638916015625
39.178322315216064,0.1573638916015625
39.18907022476196,0.1573638916015625
39.19982290267944,0.1573638916015625
39.21060490608215,0.1573638916015625
39.22136402130127,0.1573638916015625
39.232110261917114,0.1573638916015625
39.24287247657776,0.1573638916015625
39.25364565849304,0.1573638916015625
39.26441168785095,0.1573638916015625
39.27516984939575,0.1573638916015625
39.28591966629028,0.1573638916015625
39.29669237136841,0.1573638916015625
39.307451009750366,0.1573638916015625
39.31820726394653,0.1573638916015625
39.32895565032959,0.1573638916015625
39.339717626571655,0.1573638916015625
39.35046935081482,0.1573638916015625
39.36122965812683,0.1573638916015625
39.37203121185303,0.1573638916015625
39.38277745246887,0.1573638916015625
39.39354491233826,0.1573638916015625
39.404306411743164,0.1573638916015625
39.4150607585907,0.1573638916015625
39.42583870887756,0.1573638916015625
39.436612606048584,0.1573638916015625
39.44738721847534,0.1573638916015625
39.45816993713379,0.1573638916015625
39.46892285346985,0.1573638916015625
39.47970652580261,0.1573638916015625
39.49046802520752,0.1573638916015625
39.50123858451843,0.1573638916015625
39.51199126243591,0.1573638916015625
39.52276587486267,0.1573638916015625
39.53353929519653,0.1573638916015625
39.54430365562439,0.1573638916015625
39.5550479888916,0.1573638916015625
39.56580710411072,0.1573638916015625
39.57657337188721,0.1573638916015625
39.587342500686646,0.1573638916015625
39.59809899330139,0.1573638916015625
39.60886812210083,0.1573638916015625
39.61964964866638,0.1573638916015625
39.630462646484375,0.1573638916015625
39.64122653007507,0.1573638916015625
39.651976108551025,0.1573638916015625
39.66273832321167,0.1573638916015625
39.673502683639526,0.1573638916015625
39.68427062034607,0.1573638916015625
39.69501566886902,0.1573638916015625
39.70576858520508,0.1573638916015625
39.71652388572693,0.1573638916015625
39.727277994155884,0.1573638916015625
39.73801803588867,0.1573638916015625
39.74876093864441,0.1573638916015625
39.75952100753784,0.1573638916015625
39.770278215408325,0.1573638916015625
39.7810492515564,0.15777587890625
39.79181385040283,0.15777587890625
39.80257701873779,0.15777587890625
39.813345432281494,0.15777587890625
39.824090242385864,0.15777587890625
39.83483409881592,0.15777587890625
39.84558820724487,0.15777587890625
39.85634469985962,0.15777587890625
39.86708950996399,0.15777587890625
39.877833127975464,0.15777587890625
39.88860058784485,0.15777587890625
39.899362325668335,0.15777587890625
39.910147190093994,0.15777587890625
39.92090940475464,0.15802764892578125
39.93167209625244,0.15802764892578125
39.94244861602783,0.15802764892578125
39.95321488380432,0.1582794189453125
39.96397519111633,0.15834426879882812
39.97473931312561,0.15834426879882812
39.985496044158936,0.15834426879882812
39.99626064300537,0.15887069702148438
40.00701713562012,0.15887069702148438
40.0178005695343,0.15912246704101562
40.028573989868164,0.15937423706054688
40.039344787597656,0.15937423706054688
40.050105571746826,0.15937423706054688
40.06086707115173,0.15937423706054688
40.071640491485596,0.15937423706054688
40.082441568374634,0.15937423706054688
40.09320783615112,0.15937423706054688
40.1039617061615,0.15937423706054688
40.11473798751831,0.15937423706054688
40.12551760673523,0.15937423706054688
40.13627910614014,0.15937423706054688
40.147024154663086,0.15937423706054688
40.15779137611389,0.15937423706054688
40.1685528755188,0.15937423706054688
40.179343700408936,0.15937423706054688
40.1900999546051,0.15937423706054688
40.200814723968506,0.15937423706054688
40.21161770820618,0.15962600708007812
40.22239089012146,0.15962600708007812
40.233150482177734,0.15962600708007812
40.24390268325806,0.15962600708007812
40.254666328430176,0.15962600708007812
40.26543593406677,0.15962600708007812
40.27619957923889,0.15987777709960938
40.28695559501648,0.15987777709960938
40.2977180480957,0.15987777709960938
40.30848836898804,0.15987777709960938
40.31926918029785,0.15987777709960938
40.330013275146484,0.15987777709960938
40.34076905250549,0.15987777709960938
40.35152840614319,0.15987777709960938
40.36228370666504,0.15987777709960938
40.37302875518799,0.15987777709960938
40.383788108825684,0.15987777709960938
40.394574880599976,0.15987777709960938
40.40536594390869,0.15987777709960938
40.416139125823975,0.15987777709960938
40.42689490318298,0.15987777709960938
40.43767046928406,0.15987777709960938
40.448453187942505,0.15987777709960938
40.45921993255615,0.16012954711914062
40.4699809551239,0.16012954711914062
40.48075318336487,0.16012954711914062
40.491538524627686,0.16012954711914062
40.50231647491455,0.16012954711914062
40.51307034492493,0.16012954711914062
40.52382040023804,0.16012954711914062
40.53462076187134,0.16012954711914062
40.545432567596436,0.16012954711914062
40.55623245239258,0.16012954711914062
40.567039251327515,0.16012954711914062
40.57785654067993,0.16012954711914062
40.58863162994385,0.16012954711914062
40.599446535110474,0.16012954711914062
40.610270977020264,0.16012954711914062
40.62102961540222,0.16012954711914062
40.631791830062866,0.16038131713867188
40.64259743690491,0.16038131713867188
40.65339255332947,0.16060256958007812
40.6641571521759,0.16060256958007812
40.6749165058136,0.16060256958007812
40.685717821121216,0.16060256958007812
40.696489095687866,0.16060256958007812
40.70724964141846,0.16087722778320312
40.71801733970642,0.16087722778320312
40.72878456115723,0.16087722778320312
40.739561557769775,0.161376953125
40.750324010849,0.161376953125
40.76108646392822,0.161376953125
40.77184200286865,0.161376953125
40.782601833343506,0.161376953125
40.79335927963257,0.161376953125
40.804139852523804,0.161376953125
40.814887046813965,0.161376953125
40.82564854621887,0.161376953125
40.8364052772522,0.161376953125
40.84716534614563,0.161376953125
40.857911109924316,0.161376953125
40.868677854537964,0.161376953125
40.87943410873413,0.161376953125
40.89020490646362,0.16162872314453125
40.90096879005432,0.1618804931640625
40.9117329120636,0.1618804931640625
40.922494649887085,0.1618804931640625
40.93326425552368,0.1618804931640625
40.94401550292969,0.1618804931640625
40.954784631729126,0.1618804931640625
40.96554732322693,0.1618804931640625
40.97630834579468,0.1618804931640625
40.987053871154785,0.1618804931640625
40.997801065444946,0.1618804931640625
41.00856328010559,0.1618804931640625
41.01933574676514,0.1618804931640625
41.030080795288086,0.1618804931640625
41.0408251285553,0.1618804931640625
41.05158877372742,0.1618804931640625
41.06234955787659,0.1618804931640625
41.07309675216675,0.1618804931640625
41.083844900131226,0.1618804931640625
41.09461045265198,0.1618804931640625
41.105379819869995,0.1618804931640625
41.116145849227905,0.16213226318359375
41.12691044807434,0.16213226318359375
41.13768029212952,0.16213226318359375
41.148446798324585,0.16222000122070312
41.15922665596008,0.16232681274414062
41.16997671127319,0.16232681274414062
41.180747270584106,0.16232681274414062
41.19151854515076,0.16232681274414062
41.20228600502014,0.16232681274414062
41.21304726600647,0.16260147094726562
41.223828077316284,0.16260147094726562
41.23460793495178,0.16260147094726562
41.24536991119385,0.16260147094726562
41.256142139434814,0.16260147094726562
41.26689577102661,0.16260147094726562
41.27765440940857,0.16260147094726562
41.28841948509216,0.16260147094726562
41.2992057800293,0.16285324096679688
41.30996513366699,0.16285324096679688
41.32073640823364,0.16285324096679688
41.3314995765686,0.16335678100585938
41.34226441383362,0.16335678100585938
41.35300922393799,0.16335678100585938
41.36377167701721,0.16335678100585938
41.37452530860901,0.16335678100585938
41.38528490066528,0.16335678100585938
41.39603281021118,0.16335678100585938
41.40678119659424,0.16335678100585938
41.4175443649292,0.16335678100585938
41.428306341171265,0.16335678100585938
41.43905019760132,0.16335678100585938
41.449803829193115,0.16335678100585938
41.46057438850403,0.16335678100585938
41.471330642700195,0.16335678100585938
41.48209762573242,0.16335678100585938
41.492851972579956,0.16335678100585938
41.503846883773804,0.16360855102539062
41.51464796066284,0.16360855102539062
41.525429010391235,0.16360855102539062
41.53620147705078,0.16360855102539062
41.54695796966553,0.16360855102539062
41.55771589279175,0.16411209106445312
41.56847333908081,0.16411209106445312
41.579233169555664,0.16411209106445312
41.589982986450195,0.16411209106445312
41.60076427459717,0.16411209106445312
41.611533641815186,0.16411209106445312
41.622310638427734,0.16411209106445312
41.633065938949585,0.16411209106445312
41.64383101463318,0.16411209106445312
41.65460228919983,0.16411209106445312
41.66536545753479,0.16411209106445312
41.67613911628723,0.16411209106445312
41.68689441680908,0.16411209106445312
41.69765758514404,0.16411209106445312
41.708415508270264,0.16411209106445312
41.719165086746216,0.16411209106445312
41.729915142059326,0.16411209106445312
41.740702629089355,0.16411209106445312
41.75147271156311,0.16411209106445312
41.76223826408386,0.16411209106445312
41.77299451828003,0.16411209106445312
41.78375959396362,0.16411209106445312
41.79452729225159,0.16411209106445312
41.80530595779419,0.16411209106445312
41.81606411933899,0.16411209106445312
41.82681918144226,0.16411209106445312
41.83759951591492,0.16411209106445312
41.84836935997009,0.16411209106445312
41.859132289886475,0.16411209106445312
41.86988949775696,0.16411209106445312
41.88065218925476,0.16411209106445312
41.891420125961304,0.16411209106445312
41.90219044685364,0.16411209106445312
41.91293978691101,0.16411209106445312
41.92370080947876,0.16411209106445312
41.9344642162323,0.16411209106445312
41.94524002075195,0.16411209106445312
41.95601272583008,0.16411209106445312
41.9668071269989,0.16411209106445312
41.97757697105408,0.16411209106445312
41.98835039138794,0.16411209106445312
41.99909043312073,0.16411209106445312
42.00984787940979,0.16411209106445312
42.020618200302124,0.16411209106445312
42.03138279914856,0.16411209106445312
42.04215049743652,0.16411209106445312
42.05291295051575,0.16411209106445312
42.06367564201355,0.16411209106445312
42.07443690299988,0.16411209106445312
42.08519768714905,0.16411209106445312
42.09593677520752,0.16411209106445312
42.10668992996216,0.16411209106445312
42.11743998527527,0.16411209106445312
42.12820363044739,0.16411209106445312
42.13894772529602,0.16411209106445312
42.149718284606934,0.16424179077148438
42.160481691360474,0.16424560546875
42.17124676704407,0.1642608642578125
42.18200159072876,0.1642608642578125
42.192768812179565,0.1642608642578125
42.20352363586426,0.1642608642578125
42.21429777145386,0.1642608642578125
42.225038290023804,0.1642608642578125
42.23578476905823,0.1642608642578125
42.24654293060303,0.1642608642578125
42.25731086730957,0.1642608642578125
42.268062353134155,0.1642608642578125
42.27881574630737,0.1642608642578125
42.2895929813385,0.1642608642578125
42.30036544799805,0.1644287109375
42.31114673614502,0.16445159912109375
42.32190799713135,0.16451644897460938
42.33267784118652,0.16548919677734375
42.34345769882202,0.16548919677734375
42.35422420501709,0.16574478149414062
42.36498284339905,0.16574478149414062
42.37575149536133,0.16574478149414062
42.38651919364929,0.16574478149414062
42.397279024124146,0.16574478149414062
42.40803623199463,0.16574478149414062
42.418808937072754,0.16574478149414062
42.42958092689514,0.16574478149414062
42.440356969833374,0.16574478149414062
42.451112508773804,0.16574478149414062
42.46190142631531,0.167327880859375
42.47270059585571,0.167327880859375
42.48347210884094,0.167724609375
42.49423623085022,0.167724609375
42.50500440597534,0.167724609375
42.51577663421631,0.16781997680664062
42.52654671669006,0.16788482666015625
42.53732252120972,0.16788482666015625
42.54808688163757,0.1679840087890625
42.558849811553955,0.1679840087890625
42.56962609291077,0.1679840087890625
42.580394983291626,0.1679840087890625
42.59114956855774,0.1679840087890625
42.60190439224243,0.1679840087890625
42.612663984298706,0.1679840087890625
42.62342953681946,0.1679840087890625
42.63419198989868,0.1679840087890625
42.64493799209595,0.1679840087890625
42.6557183265686,0.1679840087890625
42.6664776802063,0.1679840087890625
42.67723059654236,0.1679840087890625
42.68797159194946,0.1679840087890625
42.6987407207489,0.1679840087890625
42.70949077606201,0.1679840087890625
42.72026300430298,0.1679840087890625
42.73101019859314,0.1679840087890625
42.74177598953247,0.1679840087890625
42.75254583358765,0.1679840087890625
42.76331830024719,0.1679840087890625
42.774064779281616,0.1679840087890625
42.78480267524719,0.1679840087890625
42.795565366744995,0.1679840087890625
42.8063268661499,0.1679840087890625
42.81707715988159,0.1679840087890625
42.82782578468323,0.1679840087890625
42.838595390319824,0.1679840087890625
42.849356174468994,0.1679840087890625
42.86010503768921,0.1679840087890625
42.87086033821106,0.1679840087890625
42.88163781166077,0.1679840087890625
42.892404317855835,0.1679840087890625
42.903167963027954,0.1679840087890625
42.91392111778259,0.1679840087890625
42.92468571662903,0.1679840087890625
42.93544602394104,0.1679840087890625
42.94620704650879,0.1679840087890625
42.95697355270386,0.16843414306640625
42.96774435043335,0.16846466064453125
42.97851037979126,0.16846847534179688
42.989309310913086,0.168609619140625
43.00007128715515,0.16861343383789062
43.01082992553711,0.16861343383789062
43.021610498428345,0.16861343383789062
43.032392501831055,0.16888809204101562
43.04315519332886,0.16901779174804688
43.05391216278076,0.1690216064453125
43.06468200683594,0.1690216064453125
43.075434923172,0.1690216064453125
43.08619403839111,0.1690216064453125
43.09694838523865,0.1690216064453125
43.10770297050476,0.1690216064453125
43.11846089363098,0.1690216064453125
43.12921142578125,0.1690216064453125
43.139957904815674,0.1690216064453125
43.15072154998779,0.1690216064453125
43.16147589683533,0.1690216064453125
43.17222738265991,0.1690216064453125
43.18297505378723,0.1690216064453125
43.1937472820282,0.1690216064453125
43.20452117919922,0.16916275024414062
43.21527910232544,0.16916656494140625
43.22603511810303,0.16916656494140625
43.23681163787842,0.16916656494140625
43.24760437011719,0.16916656494140625
43.2583749294281,0.16916656494140625
43.269142627716064,0.1695098876953125
43.27989888191223,0.1695098876953125
43.29066753387451,0.1695098876953125
43.30143070220947,0.1695098876953125
43.31220102310181,0.1695098876953125
43.322962045669556,0.1695098876953125
43.33372235298157,0.1695098876953125
43.34449601173401,0.1695098876953125
43.355255365371704,0.1695098876953125
43.36600375175476,0.1695098876953125
43.37676382064819,0.1695098876953125
43.387529134750366,0.1695098876953125
43.39830303192139,0.1695098876953125
43.409058809280396,0.1695098876953125
43.41981029510498,0.1695098876953125
43.4305739402771,0.1695098876953125
43.44135761260986,0.1695098876953125
43.452139139175415,0.1695098876953125
43.46288776397705,0.1695098876953125
43.47365999221802,0.1695098876953125
43.484429121017456,0.1695098876953125
43.495211124420166,0.1695098876953125
43.5059597492218,0.1695098876953125
43.516727685928345,0.1695098876953125
43.52748942375183,0.1695098876953125
43.53825306892395,0.1695098876953125
43.5490186214447,0.1695098876953125
43.55985188484192,0.1695098876953125
43.5706582069397,0.1695098876953125
43.58147716522217,0.1695098876953125
43.592302322387695,0.1695098876953125
43.6030855178833,0.1695098876953125
43.613877296447754,0.16981887817382812
43.624685287475586,0.16981887817382812
43.63546347618103,0.16993331909179688
43.646260261535645,0.16993331909179688
43.65702724456787,0.1700286865234375
43.667800426483154,0.1700286865234375
43.678561210632324,0.17049407958984375
43.68931818008423,0.17049407958984375
43.70007276535034,0.17049407958984375
43.7108268737793,0.170745849609375
43.72158241271973,0.170745849609375
43.73235058784485,0.170745849609375
43.743096113204956,0.170745849609375
43.753846406936646,0.170745849609375
43.76460862159729,0.170745849609375
43.77537131309509,0.170745849609375
43.786150217056274,0.170745849609375
43.79689049720764,0.170745849609375
43.807695627212524,0.170745849609375
43.81846618652344,0.170745849609375
43.82924127578735,0.170745849609375
43.84000873565674,0.170745849609375
43.8507776260376,0.1707916259765625
43.8615665435791,0.1707916259765625
43.8723418712616,0.1707916259765625
43.883092403411865,0.1707916259765625
43.89384722709656,0.1707916259765625
43.90461277961731,0.1707916259765625
43.915372371673584,0.1707916259765625
43.92616534233093,0.17187118530273438
43.936925411224365,0.17187118530273438
43.94769597053528,0.17187118530273438
43.95848298072815,0.17187118530273438
43.96925449371338,0.17187118530273438
43.98000764846802,0.17187118530273438
43.99078440666199,0.17187118530273438
44.00154519081116,0.1740875244140625
44.01230478286743,0.1740875244140625
44.02305865287781,0.1740875244140625
44.03380727767944,0.1740875244140625
44.04459190368652,0.1740875244140625
44.05535888671875,0.1740875244140625
44.06610918045044,0.1740875244140625
44.076868772506714,0.1740875244140625
44.08762717247009,0.1740875244140625
44.09839177131653,0.1740875244140625
44.10915279388428,0.1740875244140625
44.11989784240723,0.1740875244140625
44.130661487579346,0.1740875244140625
44.141425132751465,0.1740875244140625
44.152196645736694,0.1740875244140625
44.16294550895691,0.1740875244140625
44.17371392250061,0.1740875244140625
44.18447470664978,0.1740875244140625
44.195231437683105,0.1740875244140625
44.205971240997314,0.1740875244140625
44.21672320365906,0.1740875244140625
44.22747778892517,0.1740875244140625
44.23823356628418,0.1740875244140625
44.24899649620056,0.1740875244140625
44.259775161743164,0.17433929443359375
44.27053618431091,0.17433929443359375
44.28130793571472,0.17433929443359375
44.29205107688904,0.17433929443359375
44.30281329154968,0.17433929443359375
44.313581466674805,0.17433929443359375
44.32435083389282,0.17433929443359375
44.33510661125183,0.17433929443359375
44.34582304954529,0.17433929443359375
44.35659170150757,0.17433929443359375
44.36736297607422,0.17433929443359375
44.37810730934143,0.17433929443359375
44.38885951042175,0.17433929443359375
44.39961862564087,0.17433929443359375
44.41039299964905,0.17433929443359375
44.421199798583984,0.17433929443359375
44.431941747665405,0.17433929443359375
44.44270205497742,0.17433929443359375
44.45346260070801,0.17433929443359375
44.46421694755554,0.17433929443359375
44.47495651245117,0.17433929443359375
44.48571991920471,0.17433929443359375
44.49649143218994,0.17433929443359375
44.50726318359375,0.17433929443359375
44.51802587509155,0.17433929443359375
44.52878189086914,0.17433929443359375
44.53955316543579,0.17433929443359375
44.55031728744507,0.17433929443359375
44.5610785484314,0.17433929443359375
44.57183313369751,0.17433929443359375
44.582589864730835,0.17433929443359375
44.5933473110199,0.17433929443359375
44.60409951210022,0.17433929443359375
44.614848613739014,0.17433929443359375
44.625624895095825,0.17433929443359375
44.63638949394226,0.17433929443359375
44.64715576171875,0.17433929443359375
44.65792274475098,0.17433929443359375
44.668723821640015,0.17433929443359375
44.67948126792908,0.17433929443359375
44.690256118774414,0.17433929443359375
44.70099997520447,0.17433929443359375
44.71178460121155,0.17433929443359375
44.72254276275635,0.17433929443359375
44.733307123184204,0.17433929443359375
44.74406313896179,0.17433929443359375
44.754820585250854,0.174591064453125
44.765583753585815,0.174591064453125
44.776347160339355,0.174591064453125
44.787102937698364,0.17478179931640625
44.79786014556885,0.17478179931640625
44.80862021446228,0.17478179931640625
44.81938171386719,0.17478179931640625
44.830148220062256,0.17502212524414062
44.84090185165405,0.17502212524414062
44.85166525840759,0.17502212524414062
44.86243724822998,0.17502212524414062
44.87319540977478,0.17502212524414062
44.88393759727478,0.17502212524414062
44.894699573516846,0.17502212524414062
44.90545725822449,0.17502212524414062
44.91622734069824,0.17502212524414062
44.926979303359985,0.17502212524414062
44.93773555755615,0.17502212524414062
44.94849109649658,0.17502212524414062
44.9592502117157,0.17502212524414062
44.96999669075012,0.17502212524414062
44.98075890541077,0.17502212524414062
44.991517305374146,0.17502212524414062
45.00228834152222,0.17502212524414062
45.013060092926025,0.17502212524414062
45.02382707595825,0.17527389526367188
45.03459095954895,0.17527389526367188
45.04534840583801,0.17527389526367188
45.056105613708496,0.17527389526367188
45.06686019897461,0.17527389526367188
45.07762265205383,0.17527389526367188
45.08838868141174,0.17527389526367188
45.09915852546692,0.17527389526367188
45.109920024871826,0.17527389526367188
45.12070417404175,0.17527389526367188
45.131471157073975,0.17552566528320312
45.1422438621521,0.17552566528320312
45.15299892425537,0.17552566528320312
45.16376781463623,0.17552566528320312
45.1745183467865,0.17552566528320312
45.185280084609985,0.17552566528320312
45.196016788482666,0.17552566528320312
45.20677042007446,0.17552566528320312
45.21754479408264,0.17552566528320312
45.228299140930176,0.17552566528320312
45.23905897140503,0.17552566528320312
45.24980044364929,0.17552566528320312
45.26056528091431,0.17552566528320312
45.27135396003723,0.17552566528320312
45.28210377693176,0.17552566528320312
45.29286170005798,0.17552566528320312
45.30363202095032,0.17552566528320312
45.31438946723938,0.17552566528320312
45.325154542922974,0.17552566528320312
45.33590221405029,0.17552566528320312
45.34666609764099,0.17552566528320312
45.357420444488525,0.17552566528320312
45.368181467056274,0.17552566528320312
45.37891888618469,0.17552566528320312
45.389681816101074,0.17552566528320312
45.40044188499451,0.17552566528320312
45.411194801330566,0.17552566528320312
45.42194390296936,0.17552566528320312
45.432701587677,0.17552566528320312
45.44345808029175,0.17552566528320312
45.45421528816223,0.17552566528320312
45.464953660964966,0.17552566528320312
45.47572135925293,0.17552566528320312
45.48647403717041,0.17552566528320312
45.4972460269928,0.17552566528320312
45.508007764816284,0.17552566528320312
45.518781661987305,0.17552566528320312
45.52954125404358,0.17552566528320312
45.54030108451843,0.17552566528320312
45.551048040390015,0.17552566528320312
45.56180119514465,0.17552566528320312
45.57256746292114,0.17552566528320312
45.583331823349,0.17552566528320312
45.594106674194336,0.17552566528320312
45.60487246513367,0.17552566528320312
45.615647077560425,0.17552566528320312
45.626413345336914,0.17552566528320312
45.63718128204346,0.17552566528320312
45.647929430007935,0.17552566528320312
45.65868544578552,0.17552566528320312
45.66945219039917,0.17552566528320312
45.68020939826965,0.17552566528320312
45.69096398353577,0.17552566528320312
45.701735973358154,0.17552566528320312
45.71250891685486,0.17552566528320312
45.723281145095825,0.17552566528320312
45.73404312133789,0.17552566528320312
45.74480652809143,0.17552566528320312
45.75557231903076,0.17552566528320312
45.7663300037384,0.17552566528320312
45.77708697319031,0.17552566528320312
45.78783988952637,0.17552566528320312
45.798603534698486,0.17552566528320312
45.80938363075256,0.17552566528320312
45.82015657424927,0.17552566528320312
45.83091473579407,0.17552566528320312
45.84169101715088,0.17552566528320312
45.852461099624634,0.17552566528320312
45.86321783065796,0.17552566528320312
45.873974561691284,0.17552566528320312
45.88473320007324,0.17552566528320312
45.895609855651855,0.17552566528320312
45.906394720077515,0.17552566528320312
45.91715693473816,0.17552566528320312
45.927921533584595,0.17577743530273438
45.93868803977966,0.17577743530273438
45.94946026802063,0.17577743530273438
45.96022367477417,0.17577743530273438
45.97096824645996,0.17577743530273438
45.98174786567688,0.17577743530273438
45.99251437187195,0.17577743530273438
46.003270626068115,0.17577743530273438
46.01401233673096,0.17577743530273438
46.02478837966919,0.17577743530273438
46.035563230514526,0.17577743530273438
46.0463171005249,0.17577743530273438
46.05705738067627,0.17577743530273438
46.06780982017517,0.17577743530273438
46.07857370376587,0.17577743530273438
46.08935022354126,0.17577743530273438
46.10012626647949,0.17577743530273438
46.11090278625488,0.17602920532226562
46.12168312072754,0.17602920532226562
46.13244938850403,0.17602920532226562
46.14321231842041,0.17602920532226562
46.153960943222046,0.17602920532226562
46.16472506523132,0.17602920532226562
46.175482511520386,0.17602920532226562
46.18626165390015,0.17602920532226562
46.1970419883728,0.17602920532226562
46.207825660705566,0.17631912231445312
46.21860122680664,0.17655563354492188
46.22961783409119,0.29570770263671875
46.24051380157471,0.3021583557128906
46.25140953063965,0.30228424072265625
46.26234436035156,0.30323028564453125
46.27320384979248,0.30323028564453125
46.28405261039734,0.30381011962890625
46.29493021965027,0.30381011962890625
46.305888414382935,0.30391693115234375
46.31677269935608,0.30391693115234375
46.32766580581665,0.3041534423828125
46.33849787712097,0.3041534423828125
46.349353551864624,0.3041534423828125
46.360220193862915,0.3044013977050781
46.37106370925903,0.3044013977050781
46.38189697265625,0.3044013977050781
46.392740964889526,0.3046455383300781
46.403576612472534,0.3046455383300781
46.41441893577576,0.3046455383300781
46.42526197433472,0.3048973083496094
46.43609046936035,0.3048973083496094
46.44692015647888,0.3048973083496094
46.457765102386475,0.305145263671875
46.468610525131226,0.305145263671875
46.47944974899292,0.3053321838378906
46.49030017852783,0.3053321838378906
46.50113844871521,0.3055000305175781
46.51197123527527,0.3055000305175781
46.5228271484375,0.3055000305175781
46.53366684913635,0.3055000305175781
46.544504165649414,0.3055000305175781
46.555340051651,0.3055000305175781
46.56619620323181,0.3055000305175781
46.5770161151886,0.3055000305175781
46.587844371795654,0.3055000305175781
46.598721742630005,0.3055000305175781
46.60956931114197,0.3055000305175781
46.62041783332825,0.3055000305175781
46.63126254081726,0.3055000305175781
46.642091035842896,0.3055000305175781
46.6529278755188,0.3055000305175781
46.663787841796875,0.3055000305175781
46.674623012542725,0.3055000305175781
46.68545484542847,0.3055000305175781
46.69629907608032,0.3055000305175781
46.70713424682617,0.3055000305175781
46.71795701980591,0.3055000305175781
46.728803396224976,0.3055000305175781
46.73963975906372,0.3055000305175781
46.75048017501831,0.3055000305175781
46.761324405670166,0.3055000305175781
46.77219009399414,0.3055000305175781
46.78304958343506,0.3055000305175781
46.79389977455139,0.3055000305175781
46.80475687980652,0.3055000305175781
46.8155951499939,0.3055000305175781
46.82644081115723,0.3055000305175781
46.837289810180664,0.3055000305175781
46.848135232925415,0.3055000305175781
46.858964920043945,0.3055000305175781
46.86980867385864,0.3055000305175781
46.88066077232361,0.3055000305175781
46.891515016555786,0.3055000305175781
46.90235710144043,0.3055000305175781
46.913201332092285,0.3055000305175781
46.92402505874634,0.3055000305175781
46.93485760688782,0.3055000305175781
46.94571137428284,0.3055000305175781
46.956549406051636,0.3055000305175781
46.96738910675049,0.3055000305175781
46.97822952270508,0.3055000305175781
46.989052534103394,0.3055000305175781
46.99991321563721,0.3055000305175781
47.010767698287964,0.3055000305175781
47.0216281414032,0.3055000305175781
47.0324969291687,0.3055000305175781
47.04333734512329,0.3055000305175781
47.05418395996094,0.3055000305175781
47.065025329589844,0.3055000305175781
47.07585954666138,0.3055000305175781
47.086703062057495,0.3055000305175781
47.097548723220825,0.3055000305175781
47.10839223861694,0.3055000305175781
47.11923313140869,0.3055000305175781
47.13005352020264,0.3055000305175781
47.140883684158325,0.3055000305175781
47.151735067367554,0.3055000305175781
47.162575483322144,0.3055000305175781
47.17342805862427,0.3055000305175781
47.18427491188049,0.3055000305175781
47.19509744644165,0.3055000305175781
47.20593309402466,0.3171730041503906
47.21677231788635,0.3701515197753906
47.22762060165405,0.38329315185546875
47.23846793174744,0.3443260192871094
47.24931788444519,0.34778594970703125
47.26016879081726,0.3536491394042969
47.27099347114563,0.3614616394042969
47.28183126449585,0.3712158203125
47.29267406463623,0.4245643615722656
47.30352425575256,0.3816070556640625
47.314373254776,0.3872184753417969
47.3252317905426,0.39288330078125
47.336060523986816,0.4028434753417969
47.34688973426819,0.41632080078125
47.357736587524414,0.4658851623535156
47.3685839176178,0.5113029479980469
47.379417419433594,0.5168685913085938
47.39026069641113,0.521026611328125
47.40108513832092,0.5603294372558594
47.41191792488098,0.5149154663085938
47.42277264595032,0.515167236328125
47.433626890182495,0.5302810668945312
47.44446778297424,0.5302810668945312
47.45530581474304,0.5302810668945312
47.46624755859375,0.5302810668945312
47.47707438468933,0.5302810668945312
47.48790264129639,0.5302810668945312
47.49877214431763,0.5302810668945312
47.50962424278259,0.5525703430175781
47.520467042922974,0.5544319152832031
47.53130865097046,0.5940361022949219
47.542150259017944,0.5936965942382812
47.55297040939331,0.5544891357421875
47.563809633255005,0.5920829772949219
47.57469391822815,0.5897903442382812
47.58554291725159,0.6273956298828125
47.596394538879395,0.628997802734375
47.607239961624146,0.6629486083984375
47.618080615997314,0.621185302734375
47.628883361816406,0.5678062438964844
47.63973951339722,0.6098175048828125
47.65058350563049,0.611419677734375
47.66142725944519,0.6512298583984375
47.67227029800415,0.607513427734375
47.68311333656311,0.6050605773925781
47.69397449493408,0.6017036437988281
47.70482873916626,0.641754150390625
47.71569013595581,0.605560302734375
47.72653913497925,0.6453704833984375
47.737388372421265,0.605560302734375
47.74824643135071,0.6409111022949219
47.75907897949219,0.604400634765625
47.769917011260986,0.6053085327148438
47.78076195716858,0.6434173583984375
47.79161763191223,0.6423149108886719
47.802457332611084,0.6434288024902344
47.8133111000061,0.6051559448242188
47.82416105270386,0.6415023803710938
47.83499550819397,0.6038970947265625
47.845847845077515,0.641754150390625
47.856693983078,0.6431655883789062
47.867539405822754,0.6790084838867188
47.87838792800903,0.6416549682617188
47.88923215866089,0.5936965942382812
47.90006184577942,0.6351966857910156
47.910898208618164,0.640899658203125
47.921754598617554,0.6746673583984375
47.9326114654541,0.638763427734375
47.943450689315796,0.5878372192382812
47.954288721084595,0.6332435607910156
47.965129375457764,0.638763427734375
47.97597098350525,0.6416549682617188
47.98682117462158,0.6790084838867188
47.99765610694885,0.634857177734375
48.00849413871765,0.5976028442382812
48.01933574676514,0.6412506103515625
48.03018403053284,0.6411514282226562
48.04101848602295,0.6785736083984375
48.05185294151306,0.6781654357910156
48.062716245651245,0.6036453247070312
48.07355737686157,0.6332435607910156
48.084391593933105,0.59344482421875
48.09523344039917,0.6313018798828125
48.106061935424805,0.6367149353027344
48.11690926551819,0.6706886291503906
48.127760887145996,0.6306991577148438
48.138607025146484,0.5778160095214844
48.14944648742676,0.6215057373046875
48.1602897644043,0.6267929077148438
48.171107053756714,0.6629486083984375
48.18194055557251,0.6228866577148438
48.19279074668884,0.5678062438964844
48.20364022254944,0.6156654357910156
48.214478731155396,0.6189804077148438
48.225319147109985,0.6216697692871094
48.23615121841431,0.6609954833984375
48.24697017669678,0.6189765930175781
48.257810831069946,0.5741653442382812
48.268646478652954,0.6176300048828125
48.27949523925781,0.6211814880371094
48.29034090042114,0.6551322937011719
48.301189661026,0.6525802612304688
48.31201672554016,0.5741653442382812
48.322848320007324,0.6137237548828125
48.33369755744934,0.5722122192382812
48.34454131126404,0.6095657348632812
48.355390310287476,0.615325927734375
48.36624240875244,0.6551361083984375
48.37707042694092,0.615325927734375
48.38788890838623,0.6050605773925781
48.39873957633972,0.6051559448242188
48.40957999229431,0.609466552734375
48.42042636871338,0.6492767333984375
48.43127727508545,0.607513427734375
48.44209885597229,0.6050605773925781
48.45293116569519,0.6056594848632812
48.46376967430115,0.628997802734375
48.47461485862732,0.6426620483398438
48.48545217514038,0.613372802734375
48.496285915374756,0.57391357421875
48.50712776184082,0.6332435607910156
48.517964601516724,0.6431655883789062
48.52880883216858,0.6562347412109375
48.539658308029175,0.5936965942382812
48.55050539970398,0.6371498107910156
48.56134247779846,0.5995559692382812
48.57218146324158,0.6410675048828125
48.583011865615845,0.6424102783203125
48.59388446807861,0.6790084838867188
48.604729413986206,0.640716552734375
48.61557412147522,0.57806396484375
48.62640953063965,0.6214866638183594
48.637248039245605,0.627044677734375
48.64807200431824,0.6629371643066406
48.65888047218323,0.625091552734375
48.669808864593506,0.5680198669433594
48.68064284324646,0.6294822692871094
48.69148325920105,0.605560302734375
48.702319860458374,0.6609954833984375
48.71316075325012,0.625091552734375
48.7239875793457,0.5936965942382812
48.734832525253296,0.6075096130371094
48.74569749832153,0.6629447937011719
48.756537675857544,0.6762123107910156
48.76737689971924,0.6098175048828125
48.7782244682312,0.57196044921875
48.78904604911804,0.6137123107910156
48.799882650375366,0.6170272827148438
48.810747385025024,0.6570892333984375
48.82159972190857,0.6170272827148438
48.83244848251343,0.6050605773925781
48.84329295158386,0.6176185607910156
48.85414147377014,0.6414031982421875
48.8649640083313,0.6111679077148438
48.875810623168945,0.57196044921875
48.88665437698364,0.6371498107910156
48.897509813308716,0.6136245727539062
48.90835499763489,0.6707611083984375
48.91920232772827,0.6365585327148438
48.930028200149536,0.6095657348632812
48.940871477127075,0.625091552734375
48.95170712471008,0.6609954833984375
48.962546825408936,0.6584396362304688
48.97342276573181,0.5819778442382812
48.98427486419678,0.6215248107910156
48.9951331615448,0.5858840942382812
49.00597023963928,0.6254425048828125
49.0168137550354,0.628997802734375
49.027657985687256,0.6668548583984375
49.038511753082275,0.628997802734375
49.049351930618286,0.5819778442382812
49.06019949913025,0.6050605773925781
49.07102298736572,0.6649017333984375
49.081867933273315,0.6416549682617188
49.09271788597107,0.6098175048828125
49.103569984436035,0.6409111022949219
49.11441659927368,0.6590423583984375
49.125282526016235,0.630950927734375
49.13611149787903,0.6078643798828125
49.146963119506836,0.6404647827148438
49.15781092643738,0.6766204833984375
49.16867256164551,0.6786575317382812
49.17951798439026,0.6195831298828125
49.19036865234375,0.604400634765625
49.201213359832764,0.632904052734375
49.21204686164856,0.607513427734375
49.22288537025452,0.5780715942382812
49.23373889923096,0.6053085327148438
49.24458122253418,0.6688079833984375
49.25541973114014,0.6050605773925781
49.26627445220947,0.6273841857910156
49.277159214019775,0.6411514282226562
49.28800654411316,0.6453704833984375
49.29887318611145,0.611419677734375
49.30972599983215,0.5897903442382812
49.32058358192444,0.619232177734375
49.33144402503967,0.6766204833984375
49.34229326248169,0.58563232421875
49.353137493133545,0.5678062438964844
49.36398720741272,0.6332550048828125
49.374831676483154,0.6570892333984375
49.38567042350769,0.6411514282226562
49.39651083946228,0.6156768798828125
49.4073429107666,0.6287460327148438
49.41818356513977,0.6707611083984375
49.42900991439819,0.6050605773925781
49.43985438346863,0.6313018798828125
49.45069885253906,0.6216697692871094
49.46158027648926,0.6072616577148438
49.47241735458374,0.5917434692382812
49.48325204849243,0.621185302734375
49.49408030509949,0.6423149108886719
49.50491261482239,0.5897903442382812
49.51576066017151,0.5683059692382812
49.52661061286926,0.6254310607910156
49.537468910217285,0.6370048522949219
49.548332929611206,0.67926025390625
49.559191942214966,0.5722122192382812
49.570024728775024,0.611419677734375
49.58086585998535,0.6785736083984375
49.591724157333374,0.56805419921875
49.60257267951965,0.609466552734375
49.61342453956604,0.6431655883789062
49.62427496910095,0.630950927734375
49.635103702545166,0.6215248107910156
49.64588904380798,0.6492767333984375
49.656728744506836,0.6542816162109375
49.66757607460022,0.6036453247070312
49.67841720581055,0.5897903442382812
49.6892614364624,0.625091552734375
49.70008587837219,0.609466552734375
49.710917711257935,0.5897903442382812
49.721768856048584,0.628997802734375
49.732614040374756,0.613372802734375
49.74345326423645,0.5956497192382812
49.754308223724365,0.634857177734375
49.76515865325928,0.6512298583984375
49.77599620819092,0.627044677734375
49.78683876991272,0.6176300048828125
49.79768371582031,0.6492767333984375
49.80852246284485,0.6762123107910156
49.81936860084534,0.6254425048828125
49.83021426200867,0.6215248107910156
49.84103536605835,0.6531829833984375
49.85188579559326,0.6416549682617188
49.86273813247681,0.6254310607910156
49.873592376708984,0.6531829833984375
49.884441614151,0.6209335327148438
49.89528036117554,0.58563232421875
49.906107902526855,0.6248397827148438
49.916993618011475,0.6551361083984375
49.92785048484802,0.6416549682617188
49.93869113922119,0.6410560607910156
49.94952964782715,0.6649017333984375
49.96037197113037,0.5722122192382812
49.971216917037964,0.6415023803710938
49.98203992843628,0.6352081298828125
49.99288082122803,0.6551361083984375
50.00372362136841,0.628997802734375
50.014567375183105,0.6078643798828125
50.025410890579224,0.6389579772949219
50.03625178337097,0.621185302734375
50.047128677368164,0.6036567687988281
50.05795741081238,0.6409111022949219
50.06880187988281,0.6706886291503906
50.0796377658844,0.57781982421875
50.09047245979309,0.6131210327148438
50.101314544677734,0.6727142333984375
50.11216163635254,0.6786575317382812
50.12299203872681,0.6293487548828125
50.13383603096008,0.6254310607910156
50.14467525482178,0.6551361083984375
50.15551948547363,0.6050605773925781
50.16636085510254,0.6293373107910156
50.17724585533142,0.6590423583984375
50.18808174133301,0.6050605773925781
50.19892144203186,0.6332435607910156
50.209766149520874,0.6312026977539062
50.22078204154968,0.6787567138671875
50.23162364959717,0.5878372192382812
50.24246382713318,0.625091552734375
50.253302335739136,0.6467208862304688
50.264150619506836,0.6046524047851562
50.27497673034668,0.58953857421875
50.28581666946411,0.6228866577148438
50.29667139053345,0.6092147827148438
50.307520389556885,0.58758544921875
50.318355560302734,0.6267929077148438
50.32920026779175,0.6746673583984375
50.34022283554077,0.6411514282226562
50.35104846954346,0.6234893798828125
50.361881732940674,0.6197166442871094
50.37272548675537,0.6092147827148438
50.3835666179657,0.6034622192382812
50.394410371780396,0.636810302734375
50.405258655548096,0.6623458862304688
50.416099548339844,0.6117706298828125
50.42693018913269,0.6041488647460938
50.437772035598755,0.6409111022949219
50.44860816001892,0.6050605773925781
50.4594464302063,0.5858840942382812
50.47028136253357,0.623138427734375
50.4810996055603,0.613372802734375
50.49192953109741,0.5678062438964844
50.50278663635254,0.6351966857910156
50.513633012771606,0.6088485717773438
50.524471282958984,0.6314659118652344
50.535325050354004,0.6411476135253906
50.54615378379822,0.7059059143066406
50.556978940963745,0.6550025939941406
50.56782031059265,0.6740989685058594
50.5786566734314,0.6350440979003906
50.589502811431885,0.6467132568359375
50.60033917427063,0.6645431518554688
50.61118745803833,0.6429061889648438
50.622024059295654,0.6557846069335938
50.63286852836609,0.6701507568359375
50.643718242645264,0.6146240234375
50.65455961227417,0.6363029479980469
50.6654052734375,0.6559791564941406
50.6762433052063,0.6738052368164062
50.68706488609314,0.6579322814941406
50.697896003723145,0.6543731689453125
50.708741664886475,0.6862716674804688
50.719584226608276,0.7130126953125
50.730419874191284,0.6602325439453125
50.741262435913086,0.6564788818359375
50.75208854675293,0.6917800903320312
50.76292181015015,0.6795616149902344
50.77376365661621,0.6486663818359375
50.7846040725708,0.7116622924804688
50.79544258117676,0.7179183959960938
50.80628156661987,0.6878738403320312
50.817111015319824,0.6662445068359375
50.82794761657715,0.7034988403320312
50.838785886764526,0.7354965209960938
50.849634885787964,0.6423072814941406
50.86047387123108,0.6873741149902344
50.87132954597473,0.7536964416503906
50.882184982299805,0.6777114868164062
50.8930127620697,0.7071533203125
50.90386176109314,0.6882247924804688
50.914703607559204,0.7053565979003906
50.92554473876953,0.7471466064453125
50.93638324737549,0.6795616149902344
50.94722509384155,0.7159347534179688
50.9580500125885,0.7472152709960938
50.96888732910156,0.6795616149902344
50.97973561286926,0.7166900634765625
50.99058151245117,0.7164077758789062
51.00142431259155,0.7012939453125
51.0122652053833,0.6921310424804688
51.023088455200195,0.7257308959960938
51.033913135528564,0.736846923828125
51.044774293899536,0.6842536926269531
51.0556206703186,0.6423072814941406
51.066471338272095,0.7162551879882812
51.07731533050537,0.7452621459960938
51.08814978599548,0.6795616149902344
51.09898281097412,0.71600341796875
51.109832525253296,0.7472152709960938
51.120675802230835,0.6795616149902344
51.13151836395264,0.7165069580078125
51.142350912094116,0.7039833068847656
51.153335094451904,0.7511215209960938
51.16417098045349,0.6601333618164062
51.174992084503174,0.6973876953125
51.185834646224976,0.7190170288085938
51.19667339324951,0.6740570068359375
51.20751667022705,0.7034988403320312
51.218361139297485,0.7018318176269531
51.229196548461914,0.7373847961425781
51.24001741409302,0.6795616149902344
51.25084924697876,0.6795616149902344
51.261685609817505,0.7354316711425781
51.272523403167725,0.6795616149902344
51.28337025642395,0.7157020568847656
51.29421281814575,0.7169113159179688
51.30503797531128,0.7049522399902344
51.31589412689209,0.7018966674804688
51.32673239707947,0.7315902709960938
51.337566614151,0.6423072814941406
51.348402976989746,0.7077560424804688
51.359230041503906,0.6662445068359375
51.37004899978638,0.6820144653320312
51.380874156951904,0.7296371459960938
51.3917133808136,0.7093582153320312
51.40255284309387,0.6862716674804688
51.41339039802551,0.7198715209960938
51.42423129081726,0.7074050903320312
51.43505620956421,0.6843185424804688
51.445884227752686,0.6842193603515625
51.45673060417175,0.7183647155761719
51.46756672859192,0.6696510314941406
51.478399991989136,0.7108116149902344
51.48923921585083,0.7246284484863281
51.500059604644775,0.6698989868164062
51.51089096069336,0.6993408203125
51.521737813949585,0.6921310424804688
51.53258299827576,0.7276840209960938
51.54343223571777,0.71514892578125
51.55427026748657,0.6940841674804688
51.565109968185425,0.7296371459960938
51.57596802711487,0.7159042358398438
51.58681845664978,0.6960372924804688
51.59765887260437,0.6881256103515625
51.608510971069336,0.7354965209960938
51.61936330795288,0.7149658203125
51.63020634651184,0.7097091674804688
51.641029357910156,0.7374496459960938
51.65188646316528,0.6520729064941406
51.662729024887085,0.6834678649902344
51.67357897758484,0.6843185424804688
51.68441557884216,0.7198715209960938
51.695258378982544,0.7091064453125
51.70609712600708,0.6843185424804688
51.71694898605347,0.7130126953125
51.7277946472168,0.7537612915039062
51.73863983154297,0.6484146118164062
51.74947690963745,0.6876220703125
51.76031756401062,0.7117958068847656
51.771156787872314,0.6973876953125
51.78198528289795,0.6862716674804688
51.79282546043396,0.7218246459960938
51.80366778373718,0.7502670288085938
51.81450891494751,0.6979904174804688
51.82535147666931,0.6540260314941406
51.836190700531006,0.7078895568847656
51.84719371795654,0.7237129211425781
51.85801982879639,0.7127647399902344
51.86885452270508,0.7018318176269531
51.87968850135803,0.7393379211425781
51.89057230949402,0.6795616149902344
51.90142297744751,0.6815147399902344
51.91226267814636,0.7218246459960938
51.923091173172,0.7108116149902344
51.93391823768616,0.7077560424804688
51.94475793838501,0.7374496459960938
51.955591917037964,0.7483139038085938
51.966432094573975,0.6901779174804688
51.97728896141052,0.6447601318359375
51.98817849159241,0.6798095703125
51.9990508556366,0.7491683959960938
52.00988030433655,0.6795616149902344
52.02075147628784,0.7165069580078125
52.031591176986694,0.7472152709960938
52.04245185852051,0.6795616149902344
52.053345918655396,0.7162551879882812
52.06418800354004,0.7020301818847656
52.07501697540283,0.7491683959960938
52.0858588218689,0.6559791564941406
52.096697092056274,0.6990928649902344
52.10753297805786,0.7324409484863281
52.11836910247803,0.6862716674804688
52.12920546531677,0.6795616149902344
52.140032052993774,0.7157516479492188
52.15086627006531,0.7452621459960938
52.161705017089844,0.6795616149902344
52.172542095184326,0.7157516479492188
52.18337655067444,0.7296371459960938
52.19421648979187,0.7052001953125
52.205047607421875,0.6801605224609375
52.2158989906311,0.6798095703125
52.22675633430481,0.7511215209960938
52.23759484291077,0.6603851318359375
52.248438596725464,0.6956863403320312
52.25930738449097,0.719268798828125
52.270153522491455,0.6795921325683594
52.280985832214355,0.7147178649902344
52.29184317588806,0.7077560424804688
52.30269718170166,0.7179183959960938
52.31354904174805,0.6876220703125
52.324384689331055,0.6620864868164062
52.33522295951843,0.7012939453125
52.34605550765991,0.6856689453125
52.356887102127075,0.6620864868164062
52.36774039268494,0.7012939453125
52.37857675552368,0.7315902709960938
52.389424085617065,0.7164077758789062
52.40028166770935,0.7157516479492188
52.411255836486816,0.7452621459960938
52.42208766937256,0.7502670288085938
52.432888984680176,0.6960372924804688
52.443732500076294,0.6540260314941406
52.454570293426514,0.6971397399902344
52.465412616729736,0.6873741149902344
52.47625279426575,0.6716041564941406
52.487086057662964,0.7168464660644531
52.497902393341064,0.7049522399902344
52.508758783340454,0.6901130676269531
52.51961088180542,0.6942176818847656
52.53046011924744,0.7452621459960938
52.54130172729492,0.6542739868164062
52.552162885665894,0.6915283203125
52.56300663948059,0.7479515075683594
52.57384157180786,0.6679458618164062
52.584694385528564,0.6973876953125
52.59554624557495,0.6921310424804688
52.60638785362244,0.7237777709960938
52.61722803115845,0.7113113403320312
52.62806057929993,0.6882247924804688
52.63888621330261,0.7113113403320312
52.64974021911621,0.7532577514648438
52.66058564186096,0.6447601318359375
52.67143678665161,0.6721038818359375
52.68228220939636,0.6804008483886719
52.69312238693237,0.6840667724609375
52.70396280288696,0.6794052124023438
52.7148118019104,0.7509689331054688
52.72565579414368,0.68011474609375
52.73649978637695,0.68402099609375
52.74733877182007,0.68597412109375
52.75817632675171,0.68988037109375
52.76899743080139,0.69183349609375
52.77984094619751,0.69573974609375
52.79068374633789,0.69964599609375
52.80152940750122,0.70159912109375
52.81236791610718,0.70550537109375
52.82320857048035,0.7076606750488281
52.83404040336609,0.7115669250488281
52.844876289367676,0.7135200500488281
52.855729818344116,0.7154731750488281
52.866575479507446,0.7453155517578125
52.877421379089355,0.7544288635253906
52.88826608657837,0.7629966735839844
52.89909744262695,0.7688560485839844
52.90993332862854,0.7766685485839844
52.920774936676025,0.7825279235839844
52.93162226676941,0.7904777526855469
52.94246172904968,0.8278923034667969
52.95330595970154,0.834136962890625
52.96414613723755,0.851715087890625
52.974976539611816,0.8772811889648438
52.985825061798096,0.8492317199707031
52.99666619300842,0.87725830078125
53.00751066207886,0.89874267578125
53.01836109161377,0.9324073791503906
53.029205560684204,0.8982086181640625
53.04003977775574,0.8634109497070312
53.05088996887207,0.802215576171875
53.0617299079895,0.8437271118164062
53.07258081436157,0.8664016723632812
53.083420276641846,0.8590011596679688
53.094268798828125,0.8868408203125
53.10509419441223,0.9146804809570312
53.115894079208374,0.9030532836914062
53.12675094604492,0.8550949096679688
53.13759183883667,0.8300323486328125
53.14843463897705,0.843292236328125
53.159276723861694,0.8967132568359375
53.17011070251465,0.8663482666015625
53.18094515800476,0.9090576171875
53.19183087348938,0.92193603515625
53.202675342559814,0.8854217529296875
53.2135124206543,0.9406013488769531
53.224356174468994,0.9543609619140625
53.2352089881897,0.94134521484375
53.24603843688965,1.0014457702636719
53.25687766075134,0.9484634399414062
53.267733573913574,0.9818115234375
53.278586626052856,1.0488929748535156
53.28944182395935,1.0842056274414062
53.30028533935547,1.0680389404296875
53.31112599372864,1.0982742309570312
53.321967124938965,0.4192848205566406
53.332817792892456,0.4192848205566406
53.343682050704956,0.4192848205566406
53.35455060005188,0.4192924499511719
53.36540770530701,0.4197731018066406
53.376283407211304,0.4211273193359375
53.38713002204895,0.42244720458984375
53.39797854423523,0.42244720458984375
53.40883708000183,0.4227180480957031
53.419692277908325,0.4230766296386719
53.43053340911865,0.42353057861328125
53.44140839576721,0.42353057861328125
53.45225715637207,0.42353057861328125
53.463096141815186,0.4239082336425781
53.47388172149658,0.42427825927734375
53.48473930358887,0.42427825927734375
53.495593547821045,0.42427825927734375
53.50643587112427,0.42427825927734375
53.51728844642639,0.42427825927734375
53.528141021728516,0.42427825927734375
53.538968324661255,0.42427825927734375
53.54982590675354,0.42427825927734375
53.56067609786987,0.42427825927734375
53.57153272628784,0.42427825927734375
53.58238506317139,0.42427825927734375
53.593233585357666,0.42427825927734375
53.604063987731934,0.42427825927734375
53.61489009857178,0.42427825927734375
53.62574481964111,0.42427825927734375
53.636579513549805,0.42427825927734375
53.64742660522461,0.42427825927734375
53.65830183029175,0.42427825927734375
53.66914463043213,0.42427825927734375
53.67998909950256,0.42427825927734375
53.690834283828735,0.42427825927734375
53.70169544219971,0.42427825927734375
53.71260380744934,0.42427825927734375
53.72348594665527,0.42427825927734375
53.73433494567871,0.42427825927734375
53.745179653167725,0.42427825927734375
53.756006956100464,0.42427825927734375
53.766838788986206,0.42427825927734375
53.777672290802,0.42427825927734375
53.78850865364075,0.42427825927734375
53.79934120178223,0.42427825927734375
53.810184717178345,0.42427825927734375
53.821006298065186,0.42427825927734375
53.83184051513672,0.42427825927734375
53.842681884765625,0.42427825927734375
53.853522062301636,0.42427825927734375
53.864354372024536,0.42427825927734375
53.875200033187866,0.42427825927734375
53.886035680770874,0.42427825927734375
53.89688444137573,0.42427825927734375
53.90773153305054,0.42427825927734375
53.91857028007507,0.42427825927734375
53.929420709609985,0.42427825927734375
53.94026470184326,0.42427825927734375
53.951101303100586,0.42427825927734375
53.96195077896118,0.42427825927734375
53.97280931472778,0.42427825927734375
53.98364567756653,0.42427825927734375
53.994492053985596,0.42427825927734375
54.00533699989319,0.42427825927734375
54.01618242263794,0.42427825927734375
54.02703022956848,0.42427825927734375
54.03787541389465,0.42427825927734375
54.04873585700989,0.42427825927734375
54.05958414077759,0.42427825927734375
54.070422887802124,0.42427825927734375
54.081279039382935,0.42427825927734375
54.09209752082825,0.42427825927734375
54.10292315483093,0.42427825927734375
54.11375880241394,0.42427825927734375
54.12460017204285,0.42427825927734375
54.135438680648804,0.42427825927734375
54.146284103393555,0.42427825927734375
54.15710997581482,0.42427825927734375
54.167943716049194,0.42427825927734375
54.17878246307373,0.42427825927734375
54.189624309539795,0.42427825927734375
54.20045614242554,0.42427825927734375
54.211299657821655,0.42427825927734375
54.2221314907074,0.42427825927734375
54.232954263687134,0.42427825927734375
54.24379324913025,0.42427825927734375
54.25462818145752,0.42427825927734375
54.26546359062195,0.42427825927734375
54.27630829811096,0.42427825927734375
54.28713607788086,0.42427825927734375
54.29795598983765,0.42427825927734375
54.30880427360535,0.42427825927734375
54.31964302062988,0.42427825927734375
54.33050084114075,0.42427825927734375
54.341341495513916,0.42427825927734375
54.352179765701294,0.42427825927734375
54.363006830215454,0.42427825927734375
54.37384057044983,0.42427825927734375
54.38467812538147,0.42427825927734375
54.39551281929016,0.42427825927734375
54.40635085105896,0.42427825927734375
54.417187452316284,0.42440032958984375
54.42800211906433,0.42440032958984375
54.43883991241455,0.42440032958984375
54.44966983795166,0.42440032958984375
54.460503339767456,0.42440032958984375
54.471341371536255,0.42440032958984375
54.48217153549194,0.42440032958984375
54.49301099777222,0.42440032958984375
54.50386714935303,0.42440032958984375
54.51471304893494,0.42440032958984375
54.52555274963379,0.42440032958984375
54.536402463912964,0.42440032958984375
54.5472354888916,0.42440032958984375
54.55805683135986,0.42440032958984375
54.568917989730835,0.42440032958984375
54.57976508140564,0.42440032958984375
54.590599060058594,0.42440032958984375
54.60143780708313,0.42440032958984375
54.61227464675903,0.42440032958984375
54.62310075759888,0.42440032958984375
54.63387894630432,0.42440032958984375
54.644716024398804,0.42440032958984375
54.6555609703064,0.42440032958984375
54.66639828681946,0.42440032958984375
54.67723274230957,0.42440032958984375
54.688058614730835,0.42440032958984375
54.698883295059204,0.42440032958984375
54.709725856781006,0.42440032958984375
54.72056031227112,0.42440032958984375
54.731398820877075,0.42440032958984375
54.74223971366882,0.42440032958984375
54.75306677818298,0.42440032958984375
54.76388168334961,0.42440032958984375
54.77472949028015,0.42440032958984375
54.78556418418884,0.42440032958984375
54.7964026927948,0.42440032958984375
54.807246923446655,0.42440032958984375
54.818065881729126,0.42440032958984375
54.828887701034546,0.42440032958984375
54.83973526954651,0.42440032958984375
54.85057187080383,0.42440032958984375
54.86140704154968,0.42440032958984375
54.87223982810974,0.42440032958984375
54.88306665420532,0.42440032958984375
54.89397573471069,0.42440032958984375
54.90482449531555,0.42440032958984375
54.915669202804565,0.42440032958984375
54.926509380340576,0.42440032958984375
54.93735313415527,0.42440032958984375
54.94819760322571,0.42440032958984375
54.959028244018555,0.42440032958984375
54.96985960006714,0.42440032958984375
54.980701208114624,0.42440032958984375
54.991543769836426,0.42440032958984375
55.002382040023804,0.42440032958984375
55.01322078704834,0.42440032958984375
55.02406907081604,0.42440032958984375
55.03489947319031,0.42440032958984375
55.045737743377686,0.42440032958984375
55.05659008026123,0.42440032958984375
55.06744170188904,0.42440032958984375
55.07829308509827,0.42440032958984375
55.08913254737854,0.42440032958984375
55.099966526031494,0.42440032958984375
55.11081528663635,0.42440032958984375
55.12165331840515,0.42440032958984375
55.13249206542969,0.42440032958984375
55.143335580825806,0.42440032958984375
55.15418267250061,0.42440032958984375
55.16500425338745,0.42440032958984375
55.175851821899414,0.42440032958984375
55.18669867515564,0.42440032958984375
55.197534799575806,0.42440032958984375
55.208375215530396,0.42440032958984375
55.21921634674072,0.42440032958984375
55.2300751209259,0.42440032958984375
55.24089956283569,0.42440032958984375
55.25188732147217,0.42440032958984375
55.262731313705444,0.42440032958984375
55.273579120635986,0.42440032958984375
55.28442978858948,0.42440032958984375
55.295270681381226,0.42440032958984375
55.30609464645386,0.42440032958984375
55.316920042037964,0.42440032958984375
55.32775688171387,0.42440032958984375
55.33861017227173,0.42440032958984375
55.349445104599,0.42440032958984375
55.36029529571533,0.42440032958984375
55.371140003204346,0.42440032958984375
55.38196635246277,0.42440032958984375
55.39281916618347,0.42440032958984375
55.403663635253906,0.42440032958984375
55.41450548171997,0.42440032958984375
55.42534613609314,0.42440032958984375
55.43618655204773,0.42440032958984375
55.44701886177063,0.42440032958984375
55.45785331726074,0.42440032958984375
55.468705892562866,0.42440032958984375
55.47954559326172,0.42440032958984375
55.49037837982178,0.42440032958984375
55.50121331214905,0.42440032958984375
55.51203441619873,0.42440032958984375
55.522873401641846,0.42440032958984375
55.533713579177856,0.42440032958984375
55.544557094573975,0.42440032958984375
55.55539679527283,0.42440032958984375
55.56623554229736,0.42440032958984375
55.57705807685852,0.42440032958984375
55.58788871765137,0.42440032958984375
55.59874510765076,0.42440032958984375
55.60958528518677,0.42440032958984375
55.62045621871948,0.42440032958984375
55.63129806518555,0.42440032958984375
55.64213466644287,0.42440032958984375
55.6529598236084,0.42440032958984375
55.6638023853302,0.42440032958984375
55.674643993377686,0.42440032958984375
55.68548846244812,0.42440032958984375
55.69632577896118,0.42440032958984375
55.70716452598572,0.42440032958984375
55.71800494194031,0.42440032958984375
55.72885203361511,0.42440032958984375
55.73969101905823,0.42440032958984375
55.750529050827026,0.42440032958984375
55.761364221572876,0.42440032958984375
55.77220702171326,0.42440032958984375
55.78303027153015,0.42440032958984375
55.793864727020264,0.42440032958984375
55.80470895767212,0.42440032958984375
55.815544843673706,0.42440032958984375
55.82638144493103,0.42440032958984375
55.83722376823425,0.42440032958984375
55.848045349121094,0.42440032958984375
55.85891819000244,0.42440032958984375
55.869752645492554,0.42440032958984375
55.88058590888977,0.42440032958984375
55.89142322540283,0.42440032958984375
55.90226411819458,0.42440032958984375
55.91308927536011,0.42440032958984375
55.92391514778137,0.42440032958984375
55.93476343154907,0.42440032958984375
55.94560647010803,0.42440032958984375
55.956448554992676,0.42440032958984375
55.96730327606201,0.42440032958984375
55.97814869880676,0.42440032958984375
55.98898220062256,0.42440032958984375
55.99983096122742,0.42440032958984375
56.01067757606506,0.42440032958984375
56.02153468132019,0.42440032958984375
56.032378911972046,0.42440032958984375
56.04323387145996,0.42440032958984375
56.054062843322754,0.42440032958984375
56.06489300727844,0.42440032958984375
56.075737714767456,0.42440032958984375
56.086586236953735,0.42440032958984375
56.09742856025696,0.42440032958984375
56.108304500579834,0.42440032958984375
56.119149923324585,0.42440032958984375
56.12999248504639,0.42440032958984375
56.14084053039551,0.42440032958984375
56.15167832374573,0.42440032958984375
56.16252136230469,0.42440032958984375
56.173357009887695,0.42440032958984375
56.184202909469604,0.42440032958984375
56.19502806663513,0.42440032958984375
56.20586800575256,0.42440032958984375
56.216737508773804,0.42440032958984375
56.22758746147156,0.42440032958984375
56.238425731658936,0.42440032958984375
56.249268770217896,0.42440032958984375
56.26009225845337,0.42440032958984375
56.27091646194458,0.42440032958984375
56.28176164627075,0.42440032958984375
56.29260730743408,0.4246253967285156
56.303449392318726,0.4246253967285156
56.314288854599,0.4246253967285156
56.32511377334595,0.4246253967285156
56.33595895767212,0.4246253967285156
56.34681987762451,0.4246253967285156
56.3576717376709,0.4246253967285156
56.36855721473694,0.4246253967285156
56.37947392463684,0.4246253967285156
56.39032220840454,0.4246253967285156
56.40120244026184,0.4246253967285156
56.412068605422974,0.4246253967285156
56.42296004295349,0.4246253967285156
56.433802127838135,0.4246253967285156
56.44464159011841,0.4246253967285156
56.45551943778992,0.4246253967285156
56.466365337371826,0.4246253967285156
56.477208375930786,0.4246253967285156
56.48802900314331,0.4246253967285156
56.498865365982056,0.4246253967285156
56.509705781936646,0.4246253967285156
56.520535707473755,0.4246253967285156
56.53138327598572,0.4246253967285156
56.54221987724304,0.4246253967285156
56.55305814743042,0.4246253967285156
56.56389808654785,0.4246253967285156
56.57474899291992,0.4246253967285156
56.58559226989746,0.4246253967285156
56.59644389152527,0.4246253967285156
56.60729002952576,0.4246253967285156
56.6181321144104,0.4246253967285156
56.62896370887756,0.4246253967285156
56.63981914520264,0.4246253967285156
56.650672912597656,0.4246253967285156
56.661524295806885,0.4246253967285156
56.672377824783325,0.4246253967285156
56.68322491645813,0.4246253967285156
56.69406843185425,0.4246253967285156
56.70490121841431,0.4246253967285156
56.71573877334595,0.4246253967285156
56.726606369018555,0.4246253967285156
56.737457036972046,0.4246253967285156
56.74829983711243,0.4246253967285156
56.75916028022766,0.4246253967285156
56.7699875831604,0.4246253967285156
56.7808358669281,0.4246253967285156
56.79168391227722,0.4246253967285156
56.80251860618591,0.4246253967285156
56.81336045265198,0.4246253967285156
56.82419729232788,0.4246253967285156
56.83502006530762,0.4246253967285156
56.84586000442505,0.4246253967285156
56.85673809051514,0.4246253967285156
56.867575883865356,0.4246253967285156
56.87841582298279,0.4246253967285156
56.889262437820435,0.4246253967285156
56.90008473396301,0.4246253967285156
56.91091275215149,0.4246253967285156
56.9217529296875,0.4246253967285156
56.932615518569946,0.4246253967285156
56.943467140197754,0.4246253967285156
56.95431089401245,0.4246253967285156
56.965147733688354,0.4246253967285156
56.97597551345825,0.4246253967285156
56.98682379722595,0.4246253967285156
56.9976704120636,0.4246253967285156
57.00851392745972,0.4246253967285156
57.01935338973999,0.4246253967285156
57.03019905090332,0.4246253967285156
57.04105257987976,0.4246253967285156
57.05189275741577,0.4246253967285156
57.06274342536926,0.4246253967285156
57.073585510253906,0.4246253967285156
57.084426403045654,0.4246253967285156
57.09526515007019,0.4246253967285156
57.10610485076904,0.4246253967285156
57.11693501472473,0.4246253967285156
57.127777099609375,0.4246253967285156
57.13861346244812,0.4246253967285156
57.14945363998413,0.4246253967285156
57.16028642654419,0.4246253967285156
57.17112970352173,0.4246253967285156
57.18195557594299,0.4246253967285156
57.19279623031616,0.4246253967285156
57.20362710952759,0.4246253967285156
57.21447491645813,0.3624076843261719
57.22532081604004,0.3129730224609375
57.23616170883179,0.3129730224609375
57.24699330329895,0.3129730224609375
57.25783061981201,0.3129730224609375
57.26866936683655,0.3129730224609375
57.27951693534851,0.3129730224609375
57.29036283493042,0.3129730224609375
57.3012056350708,0.3129730224609375
57.312028884887695,0.3129844665527344
57.32286500930786,0.3129844665527344
57.33371448516846,0.3129844665527344
57.34455680847168,0.3153495788574219
57.35539174079895,0.3153495788574219
57.36622929573059,0.3153495788574219
57.37704849243164,0.3153495788574219
57.387874126434326,0.3153495788574219
57.39871001243591,0.3153495788574219
57.4096360206604,0.3436317443847656
57.42049288749695,0.4007682800292969
57.4313325881958,0.3691673278808594
57.44218611717224,0.384796142578125
57.45301580429077,0.359405517578125
57.46385717391968,0.408477783203125
57.47470307350159,0.3986091613769531
57.48553276062012,0.3944549560546875
57.496368169784546,0.3925018310546875
57.50721335411072,0.48529052734375
57.51804208755493,0.5265045166015625
57.52887535095215,0.5582504272460938
57.53972411155701,0.5050201416015625
57.55056643486023,0.5461807250976562
57.56141257286072,0.5995674133300781
57.572253465652466,0.5422744750976562
57.58308219909668,0.6151924133300781
57.59391927719116,0.6507110595703125
57.60479426383972,0.6782684326171875
57.615628719329834,0.6152763366699219
57.6264762878418,0.6505279541015625
57.63731598854065,0.6782684326171875
57.6481568813324,0.6152763366699219
57.65898251533508,0.6505279541015625
57.669827461242676,0.6328544616699219
57.68067479133606,0.6802215576171875
57.691516399383545,0.58148193359375
57.70235848426819,0.6162796020507812
57.713213205337524,0.6860809326171875
57.724035024642944,0.59320068359375
57.73487615585327,0.57952880859375
57.745725870132446,0.6206893920898438
57.75656700134277,0.6892242431640625
57.767446994781494,0.58343505859375
57.778294801712036,0.6285018920898438
57.789143800735474,0.6821746826171875
57.799973487854004,0.6152763366699219
57.810813188552856,0.6524467468261719
57.82165026664734,0.6547660827636719
57.83249568939209,0.6423912048339844
57.843350410461426,0.6426811218261719
57.854193687438965,0.6763153076171875
57.86502504348755,0.58734130859375
57.875858545303345,0.58148193359375
57.88670825958252,0.6157760620117188
57.897547006607056,0.6724090576171875
57.908387184143066,0.652374267578125
57.91922688484192,0.6388092041015625
57.93005323410034,0.6704559326171875
57.9408802986145,0.6152763366699219
57.95172667503357,0.6407623291015625
57.96255922317505,0.6389198303222656
57.97339916229248,0.6245956420898438
57.98423957824707,0.6173248291015625
57.99507141113281,0.6521568298339844
58.005903244018555,0.6598968505859375
58.016749143600464,0.5973587036132812
58.02761459350586,0.5817337036132812
58.03845834732056,0.622894287109375
58.049307346343994,0.6525306701660156
58.06015491485596,0.5856399536132812
58.07098650932312,0.630706787109375
58.081841707229614,0.6162796020507812
58.09268283843994,0.5934524536132812
58.103524684906006,0.640472412109375
58.1143684387207,0.6723442077636719
58.125229358673096,0.648284912109375
58.136056661605835,0.6465873718261719
58.14689016342163,0.6802215576171875
58.157742977142334,0.58734130859375
58.168599367141724,0.5790252685546875
58.1794490814209,0.61602783203125
58.19028639793396,0.6880340576171875
58.20112419128418,0.578521728515625
58.211955547332764,0.6167831420898438
58.222798347473145,0.6821746826171875
58.233686447143555,0.6502037048339844
58.2445285320282,0.6309967041015625
58.25536823272705,0.6269950866699219
58.26621150970459,0.61602783203125
58.277050495147705,0.6071243286132812
58.287890911102295,0.642425537109375
58.29873752593994,0.6621017456054688
58.30958914756775,0.6192779541015625
58.32043647766113,0.61077880859375
58.33128070831299,0.6519393920898438
58.34211087226868,0.6187362670898438
58.35296654701233,0.5780220031738281
58.36381220817566,0.6206893920898438
58.374661445617676,0.6894760131835938
58.38551211357117,0.58734130859375
58.39637064933777,0.6324081420898438
58.407214879989624,0.6723442077636719
58.418055295944214,0.5780220031738281
58.42889428138733,0.6165313720703125
58.43974161148071,0.6860809326171875
58.45061278343201,0.5914993286132812
58.461607694625854,0.6426811218261719
58.472456216812134,0.6407623291015625
58.48331952095032,0.6704559326171875
58.49416399002075,0.6152763366699219
58.50499510765076,0.6407623291015625
58.51584601402283,0.6704559326171875
58.52668905258179,0.6152763366699219
58.537527561187744,0.6427154541015625
58.548367738723755,0.6408729553222656
58.559202909469604,0.624847412109375
58.57003140449524,0.60101318359375
58.58087372779846,0.6152763366699219
58.591713666915894,0.6880340576171875
58.60255002975464,0.59710693359375
58.6133930683136,0.58343505859375
58.624239683151245,0.6245956420898438
58.6350634098053,0.6152763366699219
58.6458945274353,0.59124755859375
58.656737089157104,0.6287193298339844
58.667582273483276,0.6162757873535156
58.67842698097229,0.59710693359375
58.689281940460205,0.6152763366699219
58.70010256767273,0.6387138366699219
58.710931062698364,0.6285018920898438
58.721768617630005,0.6248855590820312
58.732606172561646,0.6606903076171875
58.743446350097656,0.6816329956054688
58.75428581237793,0.6368217468261719
58.765111684799194,0.6329498291015625
58.77597093582153,0.6645965576171875
58.786821365356445,0.6499862670898438
58.797826290130615,0.6329498291015625
58.80866837501526,0.6460800170898438
58.81951403617859,0.6894760131835938
58.83035492897034,0.58343505859375
58.841198205947876,0.6245956420898438
58.852036476135254,0.6606903076171875
58.86286973953247,0.6480331420898438
58.87371015548706,0.6466217041015625
58.8845534324646,0.6743621826171875
58.89539694786072,0.5792770385742188
58.90624451637268,0.6507110595703125
58.91706919670105,0.6485404968261719
58.92791438102722,0.6587371826171875
58.93875813484192,0.644378662109375
58.949609994888306,0.6287918090820312
58.96044969558716,0.6626434326171875
58.97128868103027,0.650238037109375
58.98213028907776,0.6368217468261719
58.992955923080444,0.6426200866699219
59.00382161140442,0.632659912109375
59.014681339263916,0.6268386840820312
59.025530099868774,0.6606903076171875
59.03637480735779,0.6716156005859375
59.047229051589966,0.6151199340820312
59.05805706977844,0.6090431213378906
59.068893909454346,0.6443443298339844
59.079768896102905,0.6285018920898438
59.09062337875366,0.6109962463378906
59.101489305496216,0.6482505798339844
59.11232829093933,0.6324081420898438
59.12318420410156,0.6149024963378906
59.134015798568726,0.6171684265136719
59.14485168457031,0.6782684326171875
59.15570569038391,0.6482505798339844
59.16654443740845,0.6231842041015625
59.177414655685425,0.6526260375976562
59.188265562057495,0.6777267456054688
59.19913196563721,0.6309967041015625
59.20996904373169,0.6229324340820312
59.22082185745239,0.6606903076171875
59.23165583610535,0.6480331420898438
59.24249529838562,0.6307449340820312
59.25333547592163,0.6665496826171875
59.264174938201904,0.6152763366699219
59.27500939369202,0.6268386840820312
59.28585624694824,0.6441268920898438
59.29670286178589,0.6645317077636719
59.30756187438965,0.6519393920898438
59.31839728355408,0.6504936218261719
59.329240560531616,0.6782684326171875
59.34006452560425,0.5836868286132812
59.35089921951294,0.5780220031738281
59.3617467880249,0.6519699096679688
59.372615814208984,0.6802215576171875
59.38346576690674,0.6152763366699219
59.39430475234985,0.6517181396484375
59.405155420303345,0.6606903076171875
59.41599678993225,0.636566162109375
59.42685294151306,0.6173248291015625
59.437711238861084,0.6172294616699219
59.448575019836426,0.6884689331054688
59.45942401885986,0.59515380859375
59.47029232978821,0.6304550170898438
59.481149435043335,0.6530303955078125
59.4919810295105,0.6090431213378906
59.50282168388367,0.59710693359375
59.51365637779236,0.6226425170898438
59.52450084686279,0.6724090576171875
59.53534269332886,0.6152763366699219
59.54617476463318,0.6465873718261719
59.55700659751892,0.6782684326171875
59.56785178184509,0.6152763366699219
59.57869338989258,0.61602783203125
59.589537382125854,0.6586723327636719
59.600372314453125,0.6462974548339844
59.611218214035034,0.6485404968261719
59.62203550338745,0.6802215576171875
59.63288402557373,0.6874923706054688
59.64372658729553,0.6407279968261719
59.654571294784546,0.6368560791015625
59.665401220321655,0.6685028076171875
59.67624616622925,0.6152763366699219
59.68706464767456,0.6407623291015625
59.69788670539856,0.6724090576171875
59.70874047279358,0.6152763366699219
59.719584226608276,0.6446685791015625
59.73041820526123,0.6428260803222656
59.74126195907593,0.6152763366699219
59.752084493637085,0.58734130859375
59.76290678977966,0.6446685791015625
59.773743867874146,0.6743621826171875
59.784586668014526,0.5792770385742188
59.79543876647949,0.6509628295898438
59.80628275871277,0.6504936218261719
59.81712579727173,0.6802215576171875
59.82795476913452,0.6152763366699219
59.838804960250854,0.6165313720703125
59.8503634929657,0.6880340576171875
59.86153531074524,0.5780220031738281
59.8723886013031,0.6209793090820312
59.883240699768066,0.6880378723144531
59.89407706260681,0.6343955993652344
59.90488576889038,0.6228904724121094
59.91572451591492,0.699676513671875
59.92656946182251,0.6632118225097656
59.93741416931152,0.6860771179199219
59.94825506210327,0.6699447631835938
59.95908069610596,0.6759605407714844
59.96991181373596,0.6680526733398438
59.98076367378235,0.6867294311523438
59.99160099029541,0.61627197265625
60.00245141983032,0.6525192260742188
60.01329207420349,0.6636428833007812
60.02412557601929,0.683074951171875
60.03494620323181,0.7113571166992188
60.0458242893219,0.6155166625976562
60.05666947364807,0.6535263061523438
60.06751465797424,0.7267227172851562
60.078354358673096,0.6363067626953125
60.08919095993042,0.6657485961914062
60.10001063346863,0.7054977416992188
60.11084961891174,0.7371444702148438
60.12169528007507,0.7207984924316406
60.132532358169556,0.6874504089355469
60.14336562156677,0.6971435546875
60.1542022228241,0.7449569702148438
60.165018796920776,0.7266578674316406
60.175851345062256,0.7074508666992188
60.18670058250427,0.7073554992675781
60.197553634643555,0.6912841796875
60.20838475227356,0.685028076171875
60.2192177772522,0.7203292846679688
60.230045795440674,0.7419586181640625
60.240883350372314,0.6957321166992188
60.251725912094116,0.6897773742675781
60.26256847381592,0.7054977416992188
60.27343702316284,0.7186279296875
60.28428912162781,0.6900253295898438
60.295109272003174,0.6618423461914062
60.30595278739929,0.7030029296875
60.31679677963257,0.690277099609375
60.327648878097534,0.6618423461914062
60.338483810424805,0.7030029296875
60.34932804107666,0.7371444702148438
60.360174894332886,0.7225341796875
60.37099361419678,0.7211227416992188
60.38183259963989,0.7430038452148438
60.39269232749939,0.7482872009277344
60.40352749824524,0.6918258666992188
60.41437911987305,0.7242355346679688
60.425222635269165,0.7211227416992188
60.4360511302948,0.7508163452148438
60.44688010215759,0.6897773742675781
60.45771837234497,0.7230758666992188
60.46855330467224,0.7527694702148438
60.47938680648804,0.6897773742675781
60.49021816253662,0.7230758666992188
60.501054763793945,0.7114677429199219
60.51187562942505,0.7605819702148438
60.52272605895996,0.6657485961914062
60.53356099128723,0.7030029296875
60.544402837753296,0.7280349731445312
60.55523753166199,0.6835441589355469
60.56605839729309,0.7168922424316406
60.57689380645752,0.7172164916992188
60.58773612976074,0.7488632202148438
60.59858226776123,0.6897773742675781
60.60942339897156,0.7211227416992188
60.62027072906494,0.7332382202148438
60.6310932636261,0.7047042846679688
60.64192056655884,0.686981201171875
60.652761697769165,0.7242355346679688
60.6636118888855,0.7566757202148438
60.67445230484009,0.659637451171875
60.685301780700684,0.6968917846679688
60.6961464881897,0.7637252807617188
60.706971645355225,0.6755142211914062
60.71782207489014,0.7069091796875
60.72866415977478,0.6996383666992188
60.739497900009155,0.7129859924316406
60.750340938568115,0.7625350952148438
60.7611825466156,0.6897773742675781
60.772008419036865,0.6897773742675781
60.78284311294556,0.7605819702148438
60.793689250946045,0.6897773742675781
60.80452537536621,0.6897773742675781
60.815364837646484,0.7268753051757812
60.82620930671692,0.7110328674316406
60.8370316028595,0.7054977416992188
60.84805917739868,0.7371444702148438
60.85888695716858,0.7380523681640625
60.869725704193115,0.679168701171875
60.88056182861328,0.7066574096679688
60.891412019729614,0.7054977416992188
60.90225267410278,0.7390975952148438
60.91313052177429,0.7244873046875
60.92395997047424,0.7054977416992188
60.934802293777466,0.7410507202148438
60.94564604759216,0.7244873046875
60.956490993499756,0.7074508666992188
60.967331886291504,0.7014961242675781
60.97818350791931,0.7488632202148438
60.989023208618164,0.65277099609375
60.99987602233887,0.690277099609375
61.010725259780884,0.7625350952148438
61.02156925201416,0.675262451171875
61.032410860061646,0.7007980346679688
61.04326152801514,0.7015914916992188
61.05409049987793,0.7351913452148438
61.064924240112305,0.7203292846679688
61.07578659057617,0.7015914916992188
61.08662819862366,0.7222824096679688
61.09747338294983,0.6897773742675781
61.108320236206055,0.657684326171875
61.11918044090271,0.6988449096679688
61.13002395629883,0.7351913452148438
61.14103055000305,0.7203292846679688
61.151992321014404,0.7172164916992188
61.16292333602905,0.7469100952148438
61.174172163009644,0.6559829711914062
61.185354232788086,0.726470947265625
61.196311950683594,0.683074951171875
61.20719289779663,0.6910324096679688
61.21818017959595,0.7430038452148438
61.229031562805176,0.72662353515625
61.23987579345703,0.7113571166992188
61.25074243545532,0.7449569702148438
61.261587619781494,0.6897773742675781
61.27243161201477,0.7172164916992188
61.283273696899414,0.7134208679199219
61.294095516204834,0.6988449096679688
61.30492925643921,0.6898727416992188
61.31578850746155,0.7268753051757812
61.326634645462036,0.7282867431640625
61.33747982978821,0.6637954711914062
61.34832811355591,0.6912841796875
61.35917067527771,0.6937789916992188
61.37000060081482,0.7273788452148438
61.38084554672241,0.7110328674316406
61.39168906211853,0.6898727416992188
61.40253520011902,0.7266578674316406
61.413374185562134,0.7088623046875
61.42421507835388,0.6896209716796875
61.43520712852478,0.7266578674316406
61.446048736572266,0.7371444702148438
61.456894636154175,0.7129859924316406
61.467737436294556,0.7094039916992188
61.478575229644775,0.7410507202148438
61.48942255973816,0.7642822265625
61.500266790390015,0.7172164916992188
61.51110053062439,0.6735610961914062
61.521931409835815,0.7108154296875
61.532780170440674,0.6951904296875
61.54362869262695,0.65277099609375
61.55451679229736,0.7230758666992188
61.56538391113281,0.7351913452148438
61.5762300491333,0.7069091796875
61.587066411972046,0.6872329711914062
61.5978889465332,0.7244873046875
61.60874152183533,0.7566757202148438
61.619595766067505,0.6579360961914062
61.630478620529175,0.6932373046875
61.641433000564575,0.7634735107421875
61.65264654159546,0.681121826171875
61.66383361816406,0.7125167846679688
61.67480444908142,0.6996383666992188
61.685935735702515,0.7125167846679688
61.69688081741333,0.7605819702148438
61.707741022109985,0.6897773742675781
61.71861171722412,0.6897773742675781
61.72947311401367,0.7625350952148438
61.74032402038574,0.6897735595703125
61.75119423866272,0.6900253295898438
61.76204323768616,0.7293319702148438
61.77289128303528,0.7144699096679688
61.78375458717346,0.7113571166992188
61.79461979866028,0.7410507202148438
61.80547761917114,0.7441635131835938
61.81634593009949,0.6737785339355469
61.82720708847046,0.7269744873046875
61.838048696517944,0.688934326171875
61.849220991134644,0.72662353515625
61.86007308959961,0.7105636596679688
61.8708975315094,0.6893692016601562
61.88176393508911,0.7271270751953125
61.892606258392334,0.7125167846679688
61.903448820114136,0.6898727416992188
61.91429901123047,0.6897773742675781
61.92515206336975,0.7566757202148438
61.93598937988281,0.7261886596679688
61.94688367843628,0.7015914916992188
61.95773482322693,0.7312850952148438
61.96857786178589,0.7556304931640625
61.97941279411316,0.7074508666992188
61.99025893211365,0.6579360961914062
62.001081466674805,0.6932373046875
62.0119252204895,0.762969970703125
62.022793769836426,0.6525230407714844
62.03364133834839,0.6907806396484375
62.04448962211609,0.7625350952148438
62.0553719997406,0.6897773742675781
62.0662145614624,0.6896209716796875
62.077054500579834,0.6525230407714844
62.08789253234863,0.6559829711914062
62.09876990318298,0.6618423461914062
62.10964250564575,0.7389450073242188
62.120482444763184,0.7247047424316406
62.13133454322815,0.6934890747070312
62.14218187332153,0.6954421997070312
62.15303707122803,0.6993484497070312
62.1638720035553,0.7013015747070312
62.174723386764526,0.7052078247070312
62.18557691574097,0.7071609497070312
62.19644474983215,0.7110671997070312
62.20728087425232,0.7130203247070312
62.218106508255005,0.7169265747070312
62.22888684272766,0.7188796997070312
62.239728689193726,0.7227859497070312
62.25057101249695,0.7266921997070312
62.26141595840454,0.7410507202148438
62.27226376533508,0.7940292358398438
62.28310036659241,0.7703933715820312
62.29392910003662,0.7782058715820312
62.30478620529175,0.7860183715820312
62.31562352180481,0.7918777465820312
62.32654619216919,0.7996902465820312
62.337401151657104,0.8353424072265625
62.348254442214966,0.8432998657226562
62.359081506729126,0.8628311157226562
62.36988925933838,0.886749267578125
62.38073253631592,0.8546714782714844
62.39158320426941,0.8864173889160156
62.402416706085205,0.9079017639160156
62.4132616519928,0.9416007995605469
62.424089431762695,0.9075508117675781
62.43488836288452,0.8527183532714844
62.44573402404785,0.8369483947753906
62.456576108932495,0.8608818054199219
62.46742916107178,0.890655517578125
62.47826647758484,0.8786048889160156
62.48909068107605,0.9020423889160156
62.4999258518219,0.9376945495605469
62.51076817512512,0.8434562683105469
62.52161240577698,0.8753929138183594
62.53244352340698,0.8369483947753906
62.54327869415283,0.8466110229492188
62.5540976524353,0.8981361389160156
62.56494116783142,0.9121589660644531
62.57579493522644,0.9123954772949219
62.5866265296936,0.9232292175292969
62.59747123718262,0.8867149353027344
62.60831665992737,0.9399185180664062
62.61914920806885,0.9674224853515625
62.62997364997864,0.9590187072753906
62.64082598686218,0.9877204895019531
62.651657581329346,0.9731941223144531
62.66250944137573,1.0026359558105469
62.67334794998169,1.0359840393066406
62.6841926574707,1.1092414855957031
62.695022106170654,1.0986289978027344
62.70585751533508,1.1228141784667969
62.71669816970825,0.42914581298828125
62.72753834724426,0.42914581298828125
62.738375425338745,0.42914581298828125
62.74920582771301,0.42914581298828125
62.760037899017334,0.42914581298828125
62.77089810371399,0.42914581298828125
62.781734228134155,0.42914581298828125
62.792579650878906,0.42914581298828125
62.8034143447876,0.42914581298828125
62.81425976753235,0.42914581298828125
62.82507562637329,0.42914581298828125
62.83590126037598,0.42914581298828125
62.84674024581909,0.42914581298828125
62.85757303237915,0.42914581298828125
62.86840605735779,0.42914581298828125
62.8792462348938,0.42914581298828125
62.890064001083374,0.42914581298828125
62.90088605880737,0.42914581298828125
62.911728382110596,0.42914581298828125
62.922555923461914,0.42914581298828125
62.93338584899902,0.42914581298828125
62.94421672821045,0.42914581298828125
62.95505905151367,0.42914581298828125
62.96588587760925,0.42914581298828125
62.97672438621521,0.42914581298828125
62.98755478858948,0.42914581298828125
62.99839448928833,0.42914581298828125
63.00923466682434,0.42914581298828125
63.02006816864014,0.42914581298828125
63.0308952331543,0.42914581298828125
63.041735887527466,0.42914581298828125
63.0525758266449,0.42914581298828125
63.06341552734375,0.42914581298828125
63.07424974441528,0.42914581298828125
63.08507204055786,0.42914581298828125
63.09589862823486,0.42914581298828125
63.10675525665283,0.42914581298828125
63.117591857910156,0.42914581298828125
63.128422021865845,0.42914581298828125
63.13925099372864,0.42914581298828125
63.15008306503296,0.42914581298828125
63.160914182662964,0.42914581298828125
63.17175579071045,0.42914581298828125
63.182594776153564,0.42914581298828125
63.193427085876465,0.42914581298828125
63.204267263412476,0.42914581298828125
63.21508979797363,0.42914581298828125
63.225916624069214,0.42914581298828125
63.236756563186646,0.42914581298828125
63.24759387969971,0.42914581298828125
63.258429527282715,0.42914581298828125
63.26926612854004,0.42914581298828125
63.28008532524109,0.42914581298828125
63.29095101356506,0.42914581298828125
63.30178642272949,0.42914581298828125
63.312615633010864,0.42914581298828125
63.32344889640808,0.42914581298828125
63.3342866897583,0.42914581298828125
63.345112800598145,0.42914581298828125
63.355961084365845,0.42914581298828125
63.3668167591095,0.42914581298828125
63.37766647338867,0.42914581298828125
63.38851237297058,0.42914581298828125
63.39935111999512,0.42914581298828125
63.41019654273987,0.42914581298828125
63.4210159778595,0.42914581298828125
63.431846618652344,0.42914581298828125
63.44269609451294,0.42914581298828125
63.45355844497681,0.42914581298828125
63.46440029144287,0.42914581298828125
63.47523903846741,0.42914581298828125
63.486066579818726,0.42914581298828125
63.49689054489136,0.42914581298828125
63.50776934623718,0.42914581298828125
63.518616676330566,0.42914581298828125
63.52947187423706,0.42914581298828125
63.54035925865173,0.42914581298828125
63.55120134353638,0.42914581298828125
63.562026500701904,0.42914581298828125
63.572861671447754,0.42914581298828125
63.58369970321655,0.42914581298828125
63.59453344345093,0.42914581298828125
63.605366230010986,0.42914581298828125
63.61620044708252,0.42914581298828125
63.627020597457886,0.42914581298828125
63.6378493309021,0.42914581298828125
63.64868688583374,0.42914581298828125
63.65953540802002,0.42914581298828125
63.670387268066406,0.42914581298828125
63.68122744560242,0.42914581298828125
63.6920485496521,0.42914581298828125
63.702879905700684,0.42914581298828125
63.713722944259644,0.42914581298828125
63.72456455230713,0.42914581298828125
63.73540663719177,0.42914581298828125
63.74624586105347,0.42914581298828125
63.75706672668457,0.42914581298828125
63.76789140701294,0.42914581298828125
63.77872824668884,0.42914581298828125
63.78956413269043,0.42914581298828125
63.80039882659912,0.42914581298828125
63.81123089790344,0.42914581298828125
63.82205772399902,0.42914581298828125
63.832884073257446,0.42914581298828125
63.843724966049194,0.42914581298828125
63.85456991195679,0.42914581298828125
63.865434646606445,0.42914581298828125
63.87627577781677,0.42914581298828125
63.88710069656372,0.42914581298828125
63.89793062210083,0.42914581298828125
63.90877366065979,0.42914581298828125
63.91960835456848,0.42914581298828125
63.93044686317444,0.42914581298828125
63.941285371780396,0.42914581298828125
63.95211219787598,0.42914581298828125
63.96295499801636,0.42914581298828125
63.973797082901,0.42914581298828125
63.98462677001953,0.42914581298828125
63.99546241760254,0.42914581298828125
64.00632643699646,0.42914581298828125
64.0171709060669,0.42914581298828125
64.02800107002258,0.42914581298828125
64.0388491153717,0.42914581298828125
64.04968810081482,0.42914581298828125
64.06052160263062,0.42914581298828125
64.071359872818,0.42914581298828125
64.08220267295837,0.42914581298828125
64.09302473068237,0.42914581298828125
64.10386252403259,0.42914581298828125
64.11471152305603,0.42914581298828125
64.12554597854614,0.42914581298828125
64.13638377189636,0.42914581298828125
64.14721894264221,0.42914581298828125
64.15804147720337,0.42914581298828125
64.16888475418091,0.42914581298828125
64.17972826957703,0.42914581298828125
64.19070839881897,0.42914581298828125
64.20155119895935,0.42914581298828125
64.21238231658936,0.42914581298828125
64.22323846817017,0.42914581298828125
64.23406314849854,0.42914581298828125
64.24489569664001,0.42914581298828125
64.25574851036072,0.42914581298828125
64.2665855884552,0.42914581298828125
64.27742266654968,0.42914581298828125
64.2882616519928,0.42914581298828125
64.29907560348511,0.42914581298828125
64.30990386009216,0.42914581298828125
64.3207471370697,0.42914581298828125
64.33158493041992,0.42914581298828125
64.34241533279419,0.42914581298828125
64.3532567024231,0.42914581298828125
64.36407995223999,0.42914581298828125
64.37490773200989,0.42914581298828125
64.3857536315918,0.42914581298828125
64.39658784866333,0.42914581298828125
64.40742874145508,0.42914581298828125
64.41827034950256,0.42914581298828125
64.4291365146637,0.42914581298828125
64.43996167182922,0.42914581298828125
64.45080184936523,0.42914581298828125
64.4616470336914,0.42914581298828125
64.47248482704163,0.42914581298828125
64.48332834243774,0.42914581298828125
64.49416899681091,0.42914581298828125
64.50499200820923,0.42914581298828125
64.51583194732666,0.42914581298828125
64.52666807174683,0.42914581298828125
64.53751015663147,0.42914581298828125
64.54834413528442,0.42914581298828125
64.55917811393738,0.42914581298828125
64.57002186775208,0.42914581298828125
64.58085823059082,0.42914581298828125
64.59170460700989,0.42914581298828125
64.60254883766174,0.42914581298828125
64.61339449882507,0.42914581298828125
64.62423467636108,0.42914581298828125
64.63506555557251,0.42914581298828125
64.64589142799377,0.42914581298828125
64.65672945976257,0.42914581298828125
64.66756701469421,0.42914581298828125
64.67840123176575,0.42914581298828125
64.6892511844635,0.42914581298828125
64.70007753372192,0.42914581298828125
64.71091032028198,0.42914581298828125
64.7217493057251,0.42914581298828125
64.73258829116821,0.42914581298828125
64.74342584609985,0.42914581298828125
64.75426697731018,0.42914581298828125
64.7650887966156,0.42914581298828125
64.77591514587402,0.42914581298828125
64.78676629066467,0.42914581298828125
64.79760837554932,0.42914581298828125
64.80844283103943,0.42914581298828125
64.81928586959839,0.42914581298828125
64.8301088809967,0.42914581298828125
64.84095001220703,0.42914581298828125
64.851797580719,0.42914581298828125
64.86262845993042,0.42914581298828125
64.87348246574402,0.42914581298828125
64.88431596755981,0.42914581298828125
64.89515113830566,0.42914581298828125
64.90597820281982,0.42914581298828125
64.91682028770447,0.42914581298828125
64.92765927314758,0.42914581298828125
64.93850445747375,0.42914581298828125
64.94935154914856,0.42914581298828125
64.96019053459167,0.42914581298828125
64.97101187705994,0.42914581298828125
64.98185276985168,0.42914581298828125
64.99270606040955,0.42914581298828125
65.00355172157288,0.42914581298828125
65.01439237594604,0.42914581298828125
65.0252435207367,0.42914581298828125
65.0360803604126,0.42914581298828125
65.04691314697266,0.42914581298828125
65.05775785446167,0.42914581298828125
65.06860136985779,0.42914581298828125
65.07944011688232,0.42914581298828125
65.0902829170227,0.42914581298828125
65.1011734008789,0.42914581298828125
65.11203145980835,0.42914581298828125
65.12289071083069,0.42914581298828125
65.1337525844574,0.42914581298828125
65.14460015296936,0.42914581298828125
65.15545964241028,0.42914581298828125
65.16633796691895,0.42914581298828125
65.17720699310303,0.42914581298828125
65.18805027008057,0.42914581298828125
65.19889497756958,0.42914581298828125
65.20973539352417,0.42914581298828125
65.22057151794434,0.42914581298828125
65.23141360282898,0.42914581298828125
65.24225091934204,0.42914581298828125
65.25307083129883,0.42914581298828125
65.26389145851135,0.42914581298828125
65.27473211288452,0.42914581298828125
65.28557133674622,0.42914581298828125
65.29641199111938,0.42914581298828125
65.3072464466095,0.42914581298828125
65.3180718421936,0.42914581298828125
65.32890224456787,0.42914581298828125
65.33974361419678,0.42914581298828125
65.35061001777649,0.42914581298828125
65.36145639419556,0.42914581298828125
65.37229657173157,0.42914581298828125
65.38313841819763,0.42914581298828125
65.39395928382874,0.42914581298828125
65.40482521057129,0.42914581298828125
65.41566467285156,0.42914581298828125
65.42650508880615,0.42914581298828125
65.43734169006348,0.42914581298828125
65.44817423820496,0.42914581298828125
65.45898938179016,0.42914581298828125
65.46986532211304,0.42914581298828125
65.48070669174194,0.42914581298828125
65.49155569076538,0.42914581298828125
65.50241374969482,0.42914581298828125
65.51325464248657,0.42914581298828125
65.52408361434937,0.42914581298828125
65.53489303588867,0.42914581298828125
65.54572319984436,0.42914581298828125
65.55655860900879,0.42914581298828125
65.56739377975464,0.42914581298828125
65.57822608947754,0.42914581298828125
65.58904504776001,0.42914581298828125
65.59987950325012,0.42914581298828125
65.61072015762329,0.42914581298828125
65.62155723571777,0.42914581298828125
65.63238978385925,0.42914581298828125
65.64322328567505,0.42914581298828125
65.65404677391052,0.42914581298828125
65.66487884521484,0.42914581298828125
65.67571902275085,0.42914581298828125
65.68656134605408,0.42914581298828125
65.69739532470703,0.42914581298828125
65.70823574066162,0.42914581298828125
65.71908855438232,0.42914581298828125
65.72991752624512,0.42914581298828125
65.74075651168823,0.42914581298828125
65.75159096717834,0.42914581298828125
65.76242709159851,0.42914581298828125
65.77325773239136,0.42914581298828125
65.78408217430115,0.42914581298828125
65.79488611221313,0.42914581298828125
65.80572724342346,0.42914581298828125
65.816575050354,0.42914581298828125
65.82741665840149,0.42914581298828125
65.83825206756592,0.42914581298828125
65.84906578063965,0.42914581298828125
65.85988068580627,0.42914581298828125
65.87071871757507,0.42914581298828125
65.88155674934387,0.42914581298828125
65.8923933506012,0.42914581298828125
65.90321898460388,0.42914581298828125
65.91403841972351,0.42914581298828125
65.92487049102783,0.42914581298828125
65.935711145401,0.42914581298828125
65.94655227661133,0.42914581298828125
65.95743417739868,0.42914581298828125
65.96826839447021,0.42914581298828125
65.97907996177673,0.42914581298828125
65.98988318443298,0.42914581298828125
66.00072360038757,0.42914581298828125
66.0115532875061,0.42914581298828125
66.02239036560059,0.42914581298828125
66.0332293510437,0.42914581298828125
66.04405045509338,0.42914581298828125
66.05487895011902,0.42914581298828125
66.06572532653809,0.42914581298828125
66.07656002044678,0.42914581298828125
66.08740401268005,0.42914581298828125
66.09824514389038,0.42914581298828125
66.10906839370728,0.42914581298828125
66.11990261077881,0.42914581298828125
66.13075256347656,0.42914581298828125
66.14159321784973,0.42914581298828125
66.15247058868408,0.42914581298828125
66.16331577301025,0.42914581298828125
66.17415618896484,0.42914581298828125
66.18498039245605,0.42914581298828125
66.19582962989807,0.42914581298828125
66.20668530464172,0.42914581298828125
66.21756649017334,0.42914581298828125
66.22840857505798,0.42914581298828125
66.23925042152405,0.42914581298828125
66.25007343292236,0.42914581298828125
66.26091241836548,0.42914581298828125
66.2717514038086,0.42914581298828125
66.28258633613586,0.42914581298828125
66.29341769218445,0.42914581298828125
66.30425310134888,0.42914581298828125
66.31508016586304,0.42914581298828125
66.32590246200562,0.42914581298828125
66.33674502372742,0.42914581298828125
66.3475775718689,0.42914581298828125
66.35840964317322,0.42914581298828125
66.36924433708191,0.42914581298828125
66.38006949424744,0.42914581298828125
66.39089560508728,0.42914581298828125
66.40173649787903,0.42914581298828125
66.41257119178772,0.42914581298828125
66.42341661453247,0.42914581298828125
66.43425488471985,0.42914581298828125
66.44508814811707,0.42914581298828125
66.45591163635254,0.42914581298828125
66.46676135063171,0.42914581298828125
66.47760152816772,0.3176765441894531
66.488454580307,0.17896270751953125
66.49929809570312,0.17896270751953125
66.51014041900635,0.17896270751953125
66.52096629142761,0.17896270751953125
66.53181004524231,0.17896270751953125
66.54264974594116,0.17896270751953125
66.55348181724548,0.17896270751953125
66.56433391571045,0.17896270751953125
66.5751690864563,0.17896270751953125
66.58598589897156,0.17896270751953125
66.59682703018188,0.17896270751953125
66.60765886306763,0.17896270751953125
66.61849188804626,0.17896270751953125
66.62933015823364,0.17896270751953125
66.6401617527008,0.17896270751953125
66.6510009765625,0.1789703369140625
66.66180109977722,0.17703628540039062
66.67261147499084,0.17703628540039062
66.68338394165039,0.17703628540039062
66.69414925575256,0.17703628540039062
66.70489883422852,0.17703628540039062
66.71565842628479,0.17703628540039062
66.72643232345581,0.17710494995117188
66.7371883392334,0.17710494995117188
66.7479338645935,0.17710494995117188
66.75869870185852,0.17710494995117188
66.76945614814758,0.17710494995117188
66.78021550178528,0.1771392822265625
66.79097390174866,0.17724227905273438
66.80173897743225,0.17724227905273438
66.81249165534973,0.17724227905273438
66.82326817512512,0.17724227905273438
66.83403658866882,0.17724227905273438
66.84478831291199,0.17724227905273438
66.85555410385132,0.17724227905273438
66.86630988121033,0.17724227905273438
66.87705135345459,0.17724227905273438
66.88780927658081,0.17724227905273438
66.89857864379883,0.17724227905273438
66.90932989120483,0.17725372314453125
66.92007994651794,0.17725372314453125
66.93083047866821,0.17725372314453125
66.94159245491028,0.175445556640625
66.95236158370972,0.175445556640625
66.96310782432556,0.17567062377929688
66.9738609790802,0.17584991455078125
66.98462080955505,0.17618179321289062
66.99538230895996,0.17725753784179688
67.0061469078064,0.17725753784179688
67.01689267158508,0.17725753784179688
67.02765607833862,0.17789840698242188
67.03843545913696,0.17789840698242188
67.04919815063477,0.17891693115234375
67.05994725227356,0.0
67.07071161270142,0.0
67.08146691322327,0.0
