t_sec,rss_gib
0.008652687072753906,0.0050048828125
0.019806385040283203,0.007022857666015625
0.030647993087768555,0.007022857666015625
0.04143357276916504,0.007022857666015625
0.05221104621887207,0.007022857666015625
0.06297183036804199,0.007022857666015625
0.07371664047241211,0.007022857666015625
0.08446478843688965,0.007022857666015625
0.09522294998168945,0.007022857666015625
0.1059870719909668,0.007022857666015625
0.11672687530517578,0.007022857666015625
0.12747502326965332,0.007022857666015625
0.13823843002319336,0.007022857666015625
0.1489884853363037,0.007022857666015625
0.1597270965576172,0.007022857666015625
0.1704878807067871,0.007022857666015625
0.18124008178710938,0.007022857666015625
0.19200897216796875,0.00724029541015625
0.20276856422424316,0.00778961181640625
0.21353650093078613,0.008495330810546875
0.22430753707885742,0.00955963134765625
0.235076904296875,0.00955963134765625
0.24584603309631348,0.00955963134765625
0.2565896511077881,0.00955963134765625
0.26735424995422363,0.00955963134765625
0.2781069278717041,0.00955963134765625
0.2888672351837158,0.00955963134765625
0.2996091842651367,0.00955963134765625
0.3103632926940918,0.00955963134765625
0.32111454010009766,0.00955963134765625
0.3318641185760498,0.00955963134765625
0.342606782913208,0.00955963134765625
0.3533787727355957,0.0098114013671875
0.3641386032104492,0.01006317138671875
0.37490010261535645,0.01056671142578125
0.3856508731842041,0.01056671142578125
0.39641880989074707,0.010875701904296875
0.40720295906066895,0.010875701904296875
0.41796445846557617,0.011127471923828125
0.4287292957305908,0.01169586181640625
0.43949103355407715,0.01416778564453125
0.4502601623535156,0.015705108642578125
0.4610404968261719,0.018585205078125
0.47179341316223145,0.01883697509765625
0.4825470447540283,0.01940155029296875
0.49332332611083984,0.019824981689453125
0.5040793418884277,0.019824981689453125
0.5148375034332275,0.019824981689453125
0.5255782604217529,0.019824981689453125
0.5363509654998779,0.019824981689453125
0.5471127033233643,0.019824981689453125
0.5578925609588623,0.019824981689453125
0.5686397552490234,0.019824981689453125
0.579395055770874,0.019824981689453125
0.5901575088500977,0.019824981689453125
0.6009070873260498,0.019824981689453125
0.6116533279418945,0.019824981689453125
0.6224238872528076,0.019824981689453125
0.6331772804260254,0.019824981689453125
0.6439473628997803,0.019824981689453125
0.65470290184021,0.019824981689453125
0.6654555797576904,0.019824981689453125
0.6762106418609619,0.019824981689453125
0.6870226860046387,0.019824981689453125
0.6981968879699707,0.019824981689453125
0.7093768119812012,0.019824981689453125
0.7202770709991455,0.019824981689453125
0.7310755252838135,0.019824981689453125
0.7418944835662842,0.019824981689453125
0.7526609897613525,0.019824981689453125
0.7635025978088379,0.019824981689453125
0.7742626667022705,0.019824981689453125
0.7850193977355957,0.019824981689453125
0.7958376407623291,0.020328521728515625
0.8066103458404541,0.02118682861328125
0.8173766136169434,0.02152252197265625
0.8281376361846924,0.0217742919921875
0.838902473449707,0.02202606201171875
0.8496904373168945,0.022449493408203125
0.8604743480682373,0.022701263427734375
0.8712460994720459,0.023509979248046875
0.8820126056671143,0.0238800048828125
0.8927724361419678,0.0238800048828125
0.9035041332244873,0.0238800048828125
0.9142727851867676,0.024250030517578125
0.925039529800415,0.025005340576171875
0.9358034133911133,0.025257110595703125
0.9465165138244629,0.025257110595703125
0.9572837352752686,0.026515960693359375
0.9680533409118652,0.026638031005859375
0.9788064956665039,0.026882171630859375
0.9895820617675781,0.027187347412109375
1.0003488063812256,0.027667999267578125
1.0111148357391357,0.027667999267578125
1.0218722820281982,0.027667999267578125
1.032630443572998,0.027667999267578125
1.0433919429779053,0.027667999267578125
1.0541441440582275,0.027667999267578125
1.0649049282073975,0.027667999267578125
1.0756502151489258,0.027667999267578125
1.0864129066467285,0.027667999267578125
1.0971856117248535,0.027667999267578125
1.1079354286193848,0.027667999267578125
1.1186790466308594,0.027667999267578125
1.1294331550598145,0.027667999267578125
1.1401832103729248,0.027667999267578125
1.1509428024291992,0.027667999267578125
1.1616806983947754,0.027667999267578125
1.1724369525909424,0.027667999267578125
1.1832072734832764,0.027919769287109375
1.1939642429351807,0.028034210205078125
1.2047045230865479,0.028034210205078125
1.215465784072876,0.028034210205078125
1.2262451648712158,0.028034210205078125
1.2370028495788574,0.028034210205078125
1.247741937637329,0.028034210205078125
1.2584919929504395,0.028034210205078125
1.2692489624023438,0.028034210205078125
1.2800095081329346,0.028034210205078125
1.2907664775848389,0.028034210205078125
1.3015122413635254,0.028034210205078125
1.312272071838379,0.028034210205078125
1.3230388164520264,0.028034210205078125
1.3337817192077637,0.028034210205078125
1.3445181846618652,0.028034210205078125
1.3552830219268799,0.02832794189453125
1.3660593032836914,0.029300689697265625
1.3768336772918701,0.0298614501953125
1.3876149654388428,0.030788421630859375
1.3983988761901855,0.030788421630859375
1.409193992614746,0.030788421630859375
1.4199693202972412,0.031494140625
1.4307262897491455,0.03565216064453125
1.441542148590088,0.035919189453125
1.4523041248321533,0.0370330810546875
1.4630744457244873,0.037754058837890625
1.4738569259643555,0.038555145263671875
1.4846105575561523,0.038745880126953125
1.495375633239746,0.038745880126953125
1.506134033203125,0.038745880126953125
1.5168871879577637,0.038745880126953125
1.5276210308074951,0.038745880126953125
1.538405179977417,0.038745880126953125
1.549168348312378,0.038745880126953125
1.5599255561828613,0.038745880126953125
1.5706677436828613,0.038745880126953125
1.5814287662506104,0.038745880126953125
1.5921862125396729,0.038745880126953125
1.6029422283172607,0.038745880126953125
1.6136841773986816,0.038745880126953125
1.6244468688964844,0.038745880126953125
1.6352028846740723,0.038745880126953125
1.6459612846374512,0.038745880126953125
1.6567049026489258,0.038745880126953125
1.6674699783325195,0.039409637451171875
1.678227186203003,0.039409637451171875
1.6889917850494385,0.039409637451171875
1.699739694595337,0.039409637451171875
1.7104883193969727,0.039409637451171875
1.721242904663086,0.039409637451171875
1.7320008277893066,0.039409637451171875
1.7427401542663574,0.039409637451171875
1.753502368927002,0.039409637451171875
1.7642734050750732,0.039409637451171875
1.775028944015503,0.039409637451171875
1.785766839981079,0.039409637451171875
1.7965075969696045,0.039409637451171875
1.8072686195373535,0.039409637451171875
1.8180248737335205,0.039409637451171875
1.8287670612335205,0.039409637451171875
1.839507818222046,0.039409637451171875
1.8502593040466309,0.039409637451171875
1.8610103130340576,0.039409637451171875
1.8717544078826904,0.039409637451171875
1.8824996948242188,0.039409637451171875
1.893272876739502,0.039409637451171875
1.9040484428405762,0.039409637451171875
1.914797306060791,0.039409637451171875
1.9255037307739258,0.039409637451171875
1.9362695217132568,0.039409637451171875
1.9470288753509521,0.039409637451171875
1.9577667713165283,0.039409637451171875
1.9685091972351074,0.039409637451171875
1.9792606830596924,0.039409637451171875
1.990016222000122,0.039409637451171875
2.00075364112854,0.039409637451171875
2.0114948749542236,0.039409637451171875
2.022249937057495,0.039409637451171875
2.0330142974853516,0.039409637451171875
2.0437488555908203,0.039409637451171875
2.054514169692993,0.039409637451171875
2.065268039703369,0.040058135986328125
2.0760297775268555,0.04055023193359375
2.086778402328491,0.0406494140625
2.0975146293640137,0.04074859619140625
2.1082923412323,0.04128265380859375
2.1190624237060547,0.041301727294921875
2.1298277378082275,0.0415496826171875
2.1405816078186035,0.0415496826171875
2.1513497829437256,0.04205322265625
2.1621274948120117,0.04230499267578125
2.172894239425659,0.0425567626953125
2.183666229248047,0.0428924560546875
2.1944286823272705,0.0428924560546875
2.205195665359497,0.0428924560546875
2.2159500122070312,0.0428924560546875
2.2266905307769775,0.0428924560546875
2.237456798553467,0.0428924560546875
2.2482082843780518,0.0428924560546875
2.258958101272583,0.0428924560546875
2.2696924209594727,0.0428924560546875
2.280451774597168,0.0428924560546875
2.291203737258911,0.0428924560546875
2.3019673824310303,0.0428924560546875
2.3127031326293945,0.0428924560546875
2.3234682083129883,0.0428924560546875
2.3342270851135254,0.0428924560546875
2.3449878692626953,0.0428924560546875
2.355727434158325,0.0428924560546875
2.36649227142334,0.0428924560546875
2.3772528171539307,0.0428924560546875
2.3880038261413574,0.0428924560546875
2.398744583129883,0.0428924560546875
2.4094996452331543,0.0428924560546875
2.420271396636963,0.0428924560546875
2.4310317039489746,0.0428924560546875
2.441772222518921,0.0428924560546875
2.4525179862976074,0.0428924560546875
2.463292121887207,0.043148040771484375
2.4740588665008545,0.043399810791015625
2.48480486869812,0.04386138916015625
2.495577812194824,0.044139862060546875
2.50634503364563,0.0443572998046875
2.5171098709106445,0.044490814208984375
2.527878999710083,0.044742584228515625
2.5386290550231934,0.044849395751953125
2.549402952194214,0.045013427734375
2.5601613521575928,0.045013427734375
2.570932388305664,0.045013427734375
2.5816893577575684,0.045261383056640625
2.592447519302368,0.045764923095703125
2.6032073497772217,0.045764923095703125
2.613964557647705,0.045764923095703125
2.624706983566284,0.045764923095703125
2.6354732513427734,0.045764923095703125
2.6462182998657227,0.045764923095703125
2.656966209411621,0.045764923095703125
2.6677043437957764,0.045764923095703125
2.6784677505493164,0.045764923095703125
2.689220905303955,0.045764923095703125
2.700045585632324,0.045764923095703125
2.7108030319213867,0.046024322509765625
2.7215020656585693,0.046024322509765625
2.7322604656219482,0.046024322509765625
2.7430167198181152,0.046024322509765625
2.753758668899536,0.046024322509765625
2.764500141143799,0.046024322509765625
2.7752621173858643,0.046024322509765625
2.786027431488037,0.046024322509765625
2.796766996383667,0.046024322509765625
2.8075263500213623,0.046024322509765625
2.818284034729004,0.046024322509765625
2.829042911529541,0.046024322509765625
2.839784622192383,0.046024322509765625
2.8505239486694336,0.046024322509765625
2.861283302307129,0.046382904052734375
2.872041940689087,0.046382904052734375
2.8827879428863525,0.046382904052734375
2.893533945083618,0.046382904052734375
2.9042856693267822,0.046382904052734375
2.915039539337158,0.046382904052734375
2.925771713256836,0.046382904052734375
2.936514139175415,0.046382904052734375
2.947267532348633,0.046382904052734375
2.9580211639404297,0.046382904052734375
2.968761444091797,0.046382904052734375
2.9794979095458984,0.046382904052734375
2.99025559425354,0.046382904052734375
3.0010228157043457,0.0464935302734375
3.0117595195770264,0.0464935302734375
3.0224978923797607,0.0464935302734375
3.0332822799682617,0.0464935302734375
3.0440382957458496,0.0464935302734375
3.0547776222229004,0.0464935302734375
3.065526008605957,0.0464935302734375
3.076279878616333,0.0464935302734375
3.0870299339294434,0.0464935302734375
3.0977790355682373,0.0464935302734375
3.108530282974243,0.0464935302734375
3.119279623031616,0.0464935302734375
3.130035400390625,0.0464935302734375
3.1407735347747803,0.0464935302734375
3.1515142917633057,0.0464935302734375
3.162262201309204,0.0464935302734375
3.173023223876953,0.0464935302734375
3.1837821006774902,0.0464935302734375
3.1945295333862305,0.0464935302734375
3.205284595489502,0.0464935302734375
3.2160391807556152,0.0464935302734375
3.2267792224884033,0.0464935302734375
3.2375199794769287,0.0464935302734375
3.2482845783233643,0.0464935302734375
3.2590444087982178,0.0464935302734375
3.269798755645752,0.0464935302734375
3.280548334121704,0.0464935302734375
3.2913079261779785,0.0464935302734375
3.3020763397216797,0.0464935302734375
3.3128421306610107,0.0464935302734375
3.3235936164855957,0.0464935302734375
3.334371566772461,0.0464935302734375
3.345135450363159,0.0464935302734375
3.355896234512329,0.0464935302734375
3.3666372299194336,0.0464935302734375
3.3773951530456543,0.0464935302734375
3.3881447315216064,0.0464935302734375
3.39890456199646,0.0464935302734375
3.409682035446167,0.0464935302734375
3.4204447269439697,0.0464935302734375
3.4312238693237305,0.0464935302734375
3.441993236541748,0.0464935302734375
3.4527411460876465,0.0464935302734375
3.463503122329712,0.0464935302734375
3.4742610454559326,0.0464935302734375
3.4850099086761475,0.0464935302734375
3.4957497119903564,0.0464935302734375
3.5064873695373535,0.0464935302734375
3.5172410011291504,0.0464935302734375
3.5279970169067383,0.0464935302734375
3.5387401580810547,0.0464935302734375
3.5495173931121826,0.0464935302734375
3.560283899307251,0.0470428466796875
3.571040391921997,0.0470428466796875
3.5817809104919434,0.0470428466796875
3.5924956798553467,0.0470428466796875
3.6032824516296387,0.0470428466796875
3.614037036895752,0.0470428466796875
3.624779462814331,0.0470428466796875
3.6355252265930176,0.0470428466796875
3.646298885345459,0.0470428466796875
3.6570589542388916,0.0470428466796875
3.6678073406219482,0.0470428466796875
3.6785643100738525,0.0470428466796875
3.689323663711548,0.0470428466796875
3.700099468231201,0.0470428466796875
3.7108876705169678,0.0470428466796875
3.7216808795928955,0.0470428466796875
3.7324836254119873,0.0470428466796875
3.743285655975342,0.0470428466796875
3.754075288772583,0.0470428466796875
3.764859676361084,0.0470428466796875
3.775653123855591,0.0470428466796875
3.7864749431610107,0.0470428466796875
3.797276735305786,0.0470428466796875
3.808049201965332,0.04729461669921875
3.818803310394287,0.04729461669921875
3.8295061588287354,0.04729461669921875
3.8402676582336426,0.04754638671875
3.8510353565216064,0.047672271728515625
3.861785888671875,0.04940032958984375
3.8725380897521973,0.0518035888671875
3.883310317993164,0.052825927734375
3.8941123485565186,0.052825927734375
3.9048733711242676,0.053646087646484375
3.9156205654144287,0.05413818359375
3.926381826400757,0.05413818359375
3.9371414184570312,0.05413818359375
3.94789981842041,0.054653167724609375
3.9586544036865234,0.054653167724609375
3.9694252014160156,0.054882049560546875
3.980184316635132,0.054882049560546875
3.99094820022583,0.054882049560546875
4.001707553863525,0.054882049560546875
4.012465953826904,0.054882049560546875
4.02322793006897,0.054882049560546875
4.033987760543823,0.054882049560546875
4.044731616973877,0.054882049560546875
4.0554821491241455,0.054882049560546875
4.066234111785889,0.054882049560546875
4.076995849609375,0.054882049560546875
4.087745904922485,0.054882049560546875
4.0985002517700195,0.054882049560546875
4.109258413314819,0.054882049560546875
4.120023012161255,0.054882049560546875
4.130772590637207,0.054882049560546875
4.141526699066162,0.054882049560546875
4.15234637260437,0.054882049560546875
4.1631104946136475,0.054882049560546875
4.173882722854614,0.054882049560546875
4.184623956680298,0.054882049560546875
4.195385694503784,0.054882049560546875
4.206143379211426,0.054882049560546875
4.2169060707092285,0.054882049560546875
4.227642297744751,0.054882049560546875
4.238401174545288,0.054882049560546875
4.249151229858398,0.054882049560546875
4.2599036693573,0.054882049560546875
4.2706382274627686,0.054882049560546875
4.281390428543091,0.054882049560546875
4.292146921157837,0.054882049560546875
4.302915334701538,0.054882049560546875
4.313669204711914,0.05538177490234375
4.32444429397583,0.05651092529296875
4.335222244262695,0.057659149169921875
4.346006870269775,0.058200836181640625
4.356766700744629,0.05870819091796875
4.367512941360474,0.05988311767578125
4.378274917602539,0.05988311767578125
4.389034986495972,0.05988311767578125
4.399787425994873,0.0607147216796875
4.4105024337768555,0.061428070068359375
4.42125678062439,0.061992645263671875
4.4320220947265625,0.06353759765625
4.442764759063721,0.06353759765625
4.453505516052246,0.06353759765625
4.464257478713989,0.06353759765625
4.475011110305786,0.06353759765625
4.485750436782837,0.06353759765625
4.496495246887207,0.06353759765625
4.5072572231292725,0.06353759765625
4.518011808395386,0.06353759765625
4.528749465942383,0.06353759765625
4.539506435394287,0.06353759765625
4.550262451171875,0.06353759765625
4.561036825180054,0.06418609619140625
4.571775913238525,0.06418609619140625
4.582497596740723,0.06418609619140625
4.59326171875,0.06418609619140625
4.6040332317352295,0.06418609619140625
4.614777088165283,0.06418609619140625
4.625515937805176,0.06418609619140625
4.636275768280029,0.06418609619140625
4.647026062011719,0.06418609619140625
4.65777587890625,0.06418609619140625
4.66852068901062,0.06418609619140625
4.679310083389282,0.06477737426757812
4.690089702606201,0.06498336791992188
4.700854063034058,0.06511688232421875
4.71159815788269,0.06647491455078125
4.7223896980285645,0.06697845458984375
4.733151912689209,0.06744003295898438
4.743926286697388,0.06774139404296875
4.754681348800659,0.067840576171875
4.765446424484253,0.06871795654296875
4.7762041091918945,0.06918716430664062
4.7869651317596436,0.0694122314453125
4.797708511352539,0.0694122314453125
4.808466196060181,0.0694122314453125
4.819221496582031,0.0694122314453125
4.829970359802246,0.0694122314453125
4.840713262557983,0.0694122314453125
4.85146951675415,0.0694122314453125
4.862225294113159,0.0694122314453125
4.872971296310425,0.0694122314453125
4.883709192276001,0.0694122314453125
4.894457101821899,0.0694122314453125
4.905228614807129,0.0694122314453125
4.915991306304932,0.069976806640625
4.926738500595093,0.07177352905273438
4.9374916553497314,0.07177352905273438
4.948246955871582,0.07177352905273438
4.958998680114746,0.07177352905273438
4.969735145568848,0.07177352905273438
4.980479955673218,0.07177352905273438
4.9912450313568115,0.07177352905273438
5.002005577087402,0.07177352905273438
5.012754917144775,0.07177352905273438
5.02350115776062,0.07177352905273438
5.034251928329468,0.07177352905273438
5.045007705688477,0.07177352905273438
5.055752515792847,0.07177352905273438
5.066491603851318,0.07177352905273438
5.077260971069336,0.07177352905273438
5.088015794754028,0.07177352905273438
5.098759651184082,0.07177352905273438
5.109514474868774,0.07255172729492188
5.120277643203735,0.07297897338867188
5.131041526794434,0.07302093505859375
5.141791343688965,0.0737152099609375
5.152503490447998,0.07436752319335938
5.163273572921753,0.07464599609375
5.174054384231567,0.07510757446289062
5.184805631637573,0.07537460327148438
5.1955718994140625,0.07604598999023438
5.20635724067688,0.07648849487304688
5.217121362686157,0.0773162841796875
5.2278783321380615,0.07756805419921875
5.238617897033691,0.07756805419921875
5.249372243881226,0.07756805419921875
5.26015043258667,0.07756805419921875
5.270913362503052,0.07756805419921875
5.281659364700317,0.07756805419921875
5.2924277782440186,0.07756805419921875
5.303183078765869,0.07756805419921875
5.313934803009033,0.07756805419921875
5.32467246055603,0.07756805419921875
5.335432767868042,0.07756805419921875
5.346184015274048,0.07756805419921875
5.356937646865845,0.07756805419921875
5.36767315864563,0.07756805419921875
5.378439664840698,0.07781982421875
5.3891921043396,0.07807159423828125
5.399946451187134,0.07807159423828125
5.410684823989868,0.07807159423828125
5.421444416046143,0.07807159423828125
5.4322004318237305,0.07807159423828125
5.44295859336853,0.07807159423828125
5.453694820404053,0.07807159423828125
5.4644482135772705,0.07807159423828125
5.475208759307861,0.07807159423828125
5.485964059829712,0.07807159423828125
5.496701717376709,0.07807159423828125
5.50747013092041,0.07807159423828125
5.518241882324219,0.07807159423828125
5.529008626937866,0.078826904296875
5.5397632122039795,0.08027267456054688
5.550508260726929,0.08150482177734375
5.5612804889678955,0.08185958862304688
5.572080850601196,0.08185958862304688
5.582846641540527,0.08185958862304688
5.593584060668945,0.08185958862304688
5.604345321655273,0.08185958862304688
5.61509895324707,0.08185958862304688
5.625856161117554,0.08185958862304688
5.636601686477661,0.08185958862304688
5.647357940673828,0.08185958862304688
5.658118963241577,0.08185958862304688
5.668870687484741,0.08185958862304688
5.679608106613159,0.08185958862304688
5.690366983413696,0.08185958862304688
5.701115131378174,0.08185958862304688
5.711875915527344,0.08208465576171875
5.722623825073242,0.08208465576171875
5.733384847640991,0.08208465576171875
5.744157791137695,0.08208465576171875
5.75491189956665,0.08208465576171875
5.765648126602173,0.08208465576171875
5.7764058113098145,0.08208465576171875
5.787166118621826,0.08208465576171875
5.797919034957886,0.08208465576171875
5.808655261993408,0.08208465576171875
5.819418907165527,0.08208465576171875
5.830174207687378,0.08208465576171875
5.840919256210327,0.08208465576171875
5.85165548324585,0.08208465576171875
5.862405300140381,0.08208465576171875
5.873166799545288,0.08208465576171875
5.8839311599731445,0.08208465576171875
5.8946733474731445,0.08208465576171875
5.905441045761108,0.08238983154296875
5.91620659828186,0.08424758911132812
5.926967620849609,0.08475494384765625
5.937721252441406,0.085174560546875
5.948486089706421,0.08542633056640625
5.959251403808594,0.0856781005859375
5.9700140953063965,0.0856781005859375
5.980766534805298,0.08592987060546875
5.991522312164307,0.08592987060546875
6.002289056777954,0.086181640625
6.013057708740234,0.08667373657226562
6.023806095123291,0.087005615234375
6.034732818603516,0.08723068237304688
6.045513868331909,0.08776092529296875
6.056279897689819,0.0880126953125
6.0670485496521,0.0885162353515625
6.077831268310547,0.0885162353515625
6.088587999343872,0.08893203735351562
6.099355459213257,0.0895233154296875
6.110135316848755,0.0899200439453125
6.120898246765137,0.09024810791015625
6.131653785705566,0.09093093872070312
6.142441034317017,0.09104156494140625
6.153193950653076,0.09143447875976562
6.163954019546509,0.09193801879882812
6.174715042114258,0.09193801879882812
6.1854753494262695,0.09193801879882812
6.196239709854126,0.09193801879882812
6.2070088386535645,0.09193801879882812
6.217753648757935,0.09193801879882812
6.228498697280884,0.09193801879882812
6.239267587661743,0.09193801879882812
6.250023126602173,0.09193801879882812
6.260772705078125,0.09193801879882812
6.271545648574829,0.09193801879882812
6.282307863235474,0.09193801879882812
6.2930662631988525,0.09193801879882812
6.303807258605957,0.09193801879882812
6.31456995010376,0.09193801879882812
6.325336217880249,0.09193801879882812
6.336105585098267,0.09269332885742188
6.346863508224487,0.09269332885742188
6.357622861862183,0.09269332885742188
6.368388652801514,0.09269332885742188
6.379164218902588,0.09269332885742188
6.389930486679077,0.09305191040039062
6.400717258453369,0.09355545043945312
6.411523342132568,0.09355545043945312
6.4223127365112305,0.09355545043945312
6.433100700378418,0.09355545043945312
6.44387412071228,0.09355545043945312
6.4546802043914795,0.09447479248046875
6.465481996536255,0.09447479248046875
6.476272106170654,0.09527206420898438
6.487078428268433,0.09552383422851562
6.4978601932525635,0.09577560424804688
6.508653879165649,0.09577560424804688
6.5194361209869385,0.09602737426757812
6.530238389968872,0.09627914428710938
6.541016578674316,0.09653091430664062
6.551758527755737,0.09653091430664062
6.562518119812012,0.09653091430664062
6.573280572891235,0.09653091430664062
6.584042549133301,0.09653091430664062
6.59479284286499,0.09653091430664062
6.60554838180542,0.09653091430664062
6.616307735443115,0.09653091430664062
6.627064943313599,0.09653091430664062
6.637802839279175,0.09653091430664062
6.648551940917969,0.09653091430664062
6.6593146324157715,0.09653091430664062
6.670071840286255,0.09653091430664062
6.680827856063843,0.09653091430664062
6.691578388214111,0.09653091430664062
6.702337026596069,0.09653091430664062
6.713096618652344,0.09653091430664062
6.7238688468933105,0.09653091430664062
6.734622240066528,0.09653091430664062
6.745379209518433,0.09653091430664062
6.756136178970337,0.09653091430664062
6.7669079303741455,0.09653091430664062
6.777660131454468,0.09653091430664062
6.788428068161011,0.09653091430664062
6.799193859100342,0.09728622436523438
6.809962511062622,0.09728622436523438
6.820715427398682,0.09728622436523438
6.831482648849487,0.09753799438476562
6.842245101928711,0.09778976440429688
6.853015184402466,0.09804153442382812
6.86377215385437,0.09829330444335938
6.874543190002441,0.09854507446289062
6.885307550430298,0.09854507446289062
6.8960816860198975,0.09879684448242188
6.906850814819336,0.09930038452148438
6.917612075805664,0.09984588623046875
6.928381681442261,0.09984588623046875
6.939142465591431,0.09984588623046875
6.9499053955078125,0.09984588623046875
6.96064019203186,0.09984588623046875
6.971401929855347,0.09984588623046875
6.982176065444946,0.09984588623046875
6.992947340011597,0.09984588623046875
7.003698348999023,0.09984588623046875
7.014469623565674,0.09984588623046875
7.025223255157471,0.09984588623046875
7.035979270935059,0.09984588623046875
7.046713829040527,0.09984588623046875
7.057466506958008,0.09984588623046875
7.0682373046875,0.09984588623046875
7.078996896743774,0.09984588623046875
7.089740037918091,0.09984588623046875
7.100507497787476,0.09984588623046875
7.111267328262329,0.09984588623046875
7.1220338344573975,0.09984588623046875
7.132774829864502,0.09984588623046875
7.143524408340454,0.09984588623046875
7.154286861419678,0.09984588623046875
7.165040731430054,0.09984588623046875
7.175785064697266,0.09984588623046875
7.186527252197266,0.09984588623046875
7.197283744812012,0.09984588623046875
7.208035469055176,0.09984588623046875
7.218780517578125,0.09984588623046875
7.2295451164245605,0.09984588623046875
7.240320682525635,0.09984588623046875
7.251082897186279,0.1002044677734375
7.261854887008667,0.1002044677734375
7.272611618041992,0.10045623779296875
7.283369064331055,0.10045623779296875
7.294139385223389,0.10045623779296875
7.304903745651245,0.1007080078125
7.315656661987305,0.1007080078125
7.326428413391113,0.1007080078125
7.337200164794922,0.10095977783203125
7.347963333129883,0.1012115478515625
7.358714818954468,0.10146331787109375
7.369478225708008,0.10146331787109375
7.380238771438599,0.10146331787109375
7.391003847122192,0.10146331787109375
7.401754379272461,0.101715087890625
7.412512302398682,0.101715087890625
7.423283338546753,0.101715087890625
7.434062242507935,0.101715087890625
7.444802284240723,0.101715087890625
7.455546855926514,0.101715087890625
7.46630859375,0.101715087890625
7.477078199386597,0.101715087890625
7.487833738327026,0.101715087890625
7.498574733734131,0.101715087890625
7.509330987930298,0.101715087890625
7.520089864730835,0.101715087890625
7.530852794647217,0.101715087890625
7.541595935821533,0.101715087890625
7.552360534667969,0.101715087890625
7.563112735748291,0.101715087890625
7.57387113571167,0.101715087890625
7.584607124328613,0.101715087890625
7.595373868942261,0.101715087890625
7.606123685836792,0.101715087890625
7.616910219192505,0.101715087890625
7.627649784088135,0.101715087890625
7.638404130935669,0.101715087890625
7.64916205406189,0.101715087890625
7.659917116165161,0.101715087890625
7.670671463012695,0.101715087890625
7.681445360183716,0.1022186279296875
7.692213773727417,0.10247039794921875
7.702982664108276,0.10272216796875
7.713747501373291,0.10297393798828125
7.724509954452515,0.10297393798828125
7.7352776527404785,0.1032257080078125
7.746047019958496,0.1032257080078125
7.756789922714233,0.1032257080078125
7.767545700073242,0.1032257080078125
7.778309106826782,0.1032257080078125
7.789065361022949,0.1032257080078125
7.79982590675354,0.1032257080078125
7.810583114624023,0.1032257080078125
7.821351766586304,0.1032257080078125
7.832137107849121,0.1032257080078125
7.8429059982299805,0.1032257080078125
7.853659391403198,0.1032257080078125
7.864428520202637,0.1032257080078125
7.875198125839233,0.1032257080078125
7.885952711105347,0.1032257080078125
7.896697282791138,0.1032257080078125
7.907463073730469,0.1032257080078125
7.918226957321167,0.1032257080078125
7.929003000259399,0.1032257080078125
7.939752817153931,0.1032257080078125
7.95049262046814,0.1032257080078125
7.961249828338623,0.1032257080078125
7.97202205657959,0.1032257080078125
7.982762336730957,0.1032257080078125
7.99351167678833,0.1032257080078125
8.004278421401978,0.1032257080078125
8.01505732536316,0.10347747802734375
8.025828838348389,0.10347747802734375
8.036581993103027,0.10394668579101562
8.047349214553833,0.10419464111328125
8.058101415634155,0.1044464111328125
8.06886100769043,0.10469818115234375
8.079667568206787,0.10469818115234375
8.090483903884888,0.104949951171875
8.101275444030762,0.104949951171875
8.112062215805054,0.10520172119140625
8.122855186462402,0.1054534912109375
8.133665323257446,0.1054534912109375
8.144482851028442,0.1054534912109375
8.155280590057373,0.1054534912109375
8.166068077087402,0.1054534912109375
8.17685866355896,0.1054534912109375
8.187602281570435,0.1054534912109375
8.19836711883545,0.1054534912109375
8.209119081497192,0.1054534912109375
8.219868421554565,0.1054534912109375
8.230612516403198,0.1054534912109375
8.241368770599365,0.1054534912109375
8.252120733261108,0.1054534912109375
8.262881517410278,0.1054534912109375
8.27362871170044,0.1054534912109375
8.284388542175293,0.1054534912109375
8.295145511627197,0.1054534912109375
8.305915355682373,0.1054534912109375
8.316663026809692,0.1054534912109375
8.327451229095459,0.1054534912109375
8.338215351104736,0.1054534912109375
8.348973751068115,0.1054534912109375
8.359713554382324,0.1054534912109375
8.370479822158813,0.1054534912109375
8.38125729560852,0.1054534912109375
8.392023086547852,0.1054534912109375
8.402768611907959,0.1054534912109375
8.413515329360962,0.1054534912109375
8.424280405044556,0.1054534912109375
8.43504810333252,0.10595703125
8.445795059204102,0.10620880126953125
8.456519842147827,0.10620880126953125
8.467291831970215,0.1064605712890625
8.47808051109314,0.1064605712890625
8.488845109939575,0.106964111328125
8.499602317810059,0.10721588134765625
8.510372400283813,0.1094207763671875
8.521136999130249,0.1094207763671875
8.531898021697998,0.1094207763671875
8.542645692825317,0.10967254638671875
8.553404569625854,0.10992431640625
8.564164638519287,0.11005401611328125
8.574928283691406,0.11069869995117188
8.585692167282104,0.11095046997070312
8.596473455429077,0.1113128662109375
8.607236623764038,0.11257553100585938
8.61799931526184,0.11257553100585938
8.628736734390259,0.11257553100585938
8.639490842819214,0.11257553100585938
8.650243759155273,0.11257553100585938
8.660997152328491,0.11257553100585938
8.671731948852539,0.11257553100585938
8.682475328445435,0.11257553100585938
8.69323182106018,0.11257553100585938
8.703992366790771,0.11257553100585938
8.71472716331482,0.11257553100585938
8.725474119186401,0.11257553100585938
8.736223220825195,0.11257553100585938
8.746980428695679,0.11257553100585938
8.757753610610962,0.11257553100585938
8.768494844436646,0.11257553100585938
8.779250144958496,0.11257553100585938
8.790008306503296,0.11257553100585938
8.800760269165039,0.11282730102539062
8.81151556968689,0.113983154296875
8.822288274765015,0.11458587646484375
8.833048343658447,0.114837646484375
8.843802213668823,0.11609649658203125
8.854503870010376,0.11660003662109375
8.865270853042603,0.116851806640625
8.876027584075928,0.11706924438476562
8.8867769241333,0.1187896728515625
8.89752721786499,0.11944580078125
8.908294439315796,0.12020111083984375
8.919054985046387,0.12093734741210938
8.929805755615234,0.12118911743164062
8.940576553344727,0.12118911743164062
8.951348066329956,0.12169265747070312
8.962124347686768,0.12213516235351562
8.972874641418457,0.12213516235351562
8.983615636825562,0.12213516235351562
8.99437165260315,0.12213516235351562
9.005134344100952,0.12213516235351562
9.015899658203125,0.12213516235351562
9.02663540840149,0.12213516235351562
9.03739881515503,0.12213516235351562
9.04814887046814,0.12213516235351562
9.058902025222778,0.12213516235351562
9.06963562965393,0.12213516235351562
9.08039140701294,0.12213516235351562
9.091143131256104,0.12213516235351562
9.101912260055542,0.12213516235351562
9.112650156021118,0.12213516235351562
9.123409986495972,0.12213516235351562
9.134172201156616,0.12213516235351562
9.144927740097046,0.12239456176757812
9.15566611289978,0.12239456176757812
9.16642713546753,0.12239456176757812
9.177188158035278,0.12239456176757812
9.187935829162598,0.12239456176757812
9.198675394058228,0.12239456176757812
9.209434270858765,0.12239456176757812
9.220186710357666,0.12239456176757812
9.230944395065308,0.12239456176757812
9.241688966751099,0.12264633178710938
9.252452850341797,0.12289810180664062
9.26321530342102,0.12365341186523438
9.273983001708984,0.12365341186523438
9.284750938415527,0.12390518188476562
9.295506238937378,0.12415695190429688
9.306262969970703,0.12491226196289062
9.317028760910034,0.12575531005859375
9.327776193618774,0.126007080078125
9.338531017303467,0.12625885009765625
9.349289178848267,0.1265106201171875
9.360054969787598,0.1265106201171875
9.370804071426392,0.1265106201171875
9.381557703018188,0.1265106201171875
9.392322063446045,0.1265106201171875
9.40307092666626,0.1265106201171875
9.413820266723633,0.1265106201171875
9.424570083618164,0.1265106201171875
9.435320854187012,0.1265106201171875
9.446088790893555,0.1265106201171875
9.456844329833984,0.1265106201171875
9.46757960319519,0.1265106201171875
9.478332996368408,0.1265106201171875
9.489082336425781,0.1265106201171875
9.499833345413208,0.1265106201171875
9.510570287704468,0.1265106201171875
9.521335363388062,0.1265106201171875
9.532084703445435,0.1265106201171875
9.542844772338867,0.1265106201171875
9.553582191467285,0.1265106201171875
9.564336776733398,0.1265106201171875
9.575092077255249,0.1265106201171875
9.585852861404419,0.1265106201171875
9.596604585647583,0.1265106201171875
9.607363224029541,0.1265106201171875
9.618117332458496,0.1265106201171875
9.628872394561768,0.1265106201171875
9.639627695083618,0.1265106201171875
9.650412321090698,0.12701416015625
9.66117525100708,0.12726593017578125
9.671945571899414,0.1275177001953125
9.682704210281372,0.12776947021484375
9.693461418151855,0.12827301025390625
9.704216241836548,0.12827301025390625
9.714977979660034,0.12827301025390625
9.725727081298828,0.12827301025390625
9.73647952079773,0.12827301025390625
9.747238636016846,0.12827301025390625
9.757991790771484,0.12827301025390625
9.768746376037598,0.12827301025390625
9.779488801956177,0.12827301025390625
9.79025411605835,0.12827301025390625
9.801004648208618,0.12827301025390625
9.811753511428833,0.12827301025390625
9.822493076324463,0.12827301025390625
9.833245992660522,0.12827301025390625
9.844002485275269,0.12827301025390625
9.854755401611328,0.1285247802734375
9.865517854690552,0.12877655029296875
9.876279592514038,0.1290283203125
9.887041807174683,0.1295318603515625
9.897801160812378,0.1295318603515625
9.908549070358276,0.130035400390625
9.919307231903076,0.1305389404296875
9.930070161819458,0.13079071044921875
9.94082522392273,0.13104248046875
9.951584100723267,0.1315460205078125
9.962345361709595,0.1315460205078125
9.973101377487183,0.13179779052734375
9.983865022659302,0.132049560546875
9.994612216949463,0.1325531005859375
10.005369186401367,0.1325531005859375
10.016138553619385,0.1325531005859375
10.026899099349976,0.1325531005859375
10.037649631500244,0.1325531005859375
10.04840898513794,0.1325531005859375
10.059161901473999,0.1325531005859375
10.069924354553223,0.1325531005859375
10.080658435821533,0.1325531005859375
10.091420650482178,0.1325531005859375
10.102178812026978,0.1325531005859375
10.112929821014404,0.1325531005859375
10.123682260513306,0.1325531005859375
10.134445667266846,0.1325531005859375
10.145248651504517,0.1325531005859375
10.156011819839478,0.1325531005859375
10.166754484176636,0.1325531005859375
10.177500247955322,0.1325531005859375
10.188257932662964,0.1325531005859375
10.199017524719238,0.1325531005859375
10.209759712219238,0.1325531005859375
10.220503568649292,0.1325531005859375
10.231261491775513,0.1325531005859375
10.24202561378479,0.1325531005859375
10.25278353691101,0.13457489013671875
10.263539552688599,0.13470840454101562
10.274307250976562,0.13489532470703125
10.285099506378174,0.13524246215820312
10.295862674713135,0.13549423217773438
10.306614875793457,0.13574600219726562
10.317384719848633,0.13574600219726562
10.32815432548523,0.13574600219726562
10.33892560005188,0.13599777221679688
10.349682331085205,0.13599777221679688
10.3604576587677,0.13624954223632812
10.371227025985718,0.13624954223632812
10.381986618041992,0.13624954223632812
10.392741441726685,0.13624954223632812
10.403500318527222,0.13624954223632812
10.41427493095398,0.13624954223632812
10.425052642822266,0.13624954223632812
10.43580436706543,0.13624954223632812
10.446576118469238,0.13624954223632812
10.457342147827148,0.13624954223632812
10.468099594116211,0.13624954223632812
10.478870630264282,0.13624954223632812
10.489624261856079,0.13624954223632812
10.500383138656616,0.13624954223632812
10.511142253875732,0.13624954223632812
10.521913528442383,0.13624954223632812
10.53266453742981,0.13624954223632812
10.54344916343689,0.13624954223632812
10.554210662841797,0.13624954223632812
10.56496548652649,0.13624954223632812
10.575724363327026,0.13624954223632812
10.586498260498047,0.13624954223632812
10.597263813018799,0.13624954223632812
10.608020544052124,0.13624954223632812
10.618768692016602,0.13624954223632812
10.629508256912231,0.13624954223632812
10.640302658081055,0.13624954223632812
10.651076555252075,0.13650131225585938
10.661842584609985,0.13675308227539062
10.672587871551514,0.13675308227539062
10.683349847793579,0.13808822631835938
10.694108486175537,0.139617919921875
10.704871892929077,0.14087295532226562
10.715627193450928,0.14192962646484375
10.726393699645996,0.1428680419921875
10.737150192260742,0.1428680419921875
10.747923612594604,0.1428680419921875
10.758665323257446,0.1428680419921875
10.769442558288574,0.1428680419921875
10.78019404411316,0.1428680419921875
10.79104208946228,0.1428680419921875
10.80183482170105,0.1428680419921875
10.812572717666626,0.1428680419921875
10.823381185531616,0.1428680419921875
10.834129095077515,0.1428680419921875
10.844935894012451,0.14326858520507812
10.855749607086182,0.14395904541015625
10.86649751663208,0.14395904541015625
10.877288341522217,0.14395904541015625
10.888059616088867,0.14395904541015625
10.898803949356079,0.14395904541015625
10.90956163406372,0.14395904541015625
10.920325517654419,0.14395904541015625
10.931076765060425,0.14395904541015625
10.94182801246643,0.14395904541015625
10.952570676803589,0.14395904541015625
10.963331937789917,0.14395904541015625
10.974086284637451,0.14395904541015625
10.984838962554932,0.14395904541015625
10.995585203170776,0.14395904541015625
11.00635051727295,0.14395904541015625
11.017132997512817,0.14475250244140625
11.027893304824829,0.14528274536132812
11.038658380508423,0.14528274536132812
11.049421072006226,0.14553451538085938
11.06018877029419,0.14553451538085938
11.070956468582153,0.14553451538085938
11.081709146499634,0.14603805541992188
11.092490911483765,0.14603805541992188
11.103254795074463,0.14603805541992188
11.114029169082642,0.1462249755859375
11.12480640411377,0.1462249755859375
11.13556432723999,0.14711761474609375
11.146340131759644,0.14731216430664062
11.157109498977661,0.14757537841796875
11.167879104614258,0.14789581298828125
11.178637266159058,0.14839935302734375
11.189408302307129,0.14839935302734375
11.200167655944824,0.14839935302734375
11.210925817489624,0.14839935302734375
11.221672773361206,0.14839935302734375
11.232427835464478,0.14839935302734375
11.243184566497803,0.14839935302734375
11.253939628601074,0.14839935302734375
11.264675617218018,0.14839935302734375
11.275431871414185,0.14839935302734375
11.286177635192871,0.14839935302734375
11.296940326690674,0.14839935302734375
11.307695388793945,0.14839935302734375
11.318461179733276,0.14839935302734375
11.329230308532715,0.14839935302734375
11.34001612663269,0.14839935302734375
11.3507821559906,0.148651123046875
11.361517906188965,0.148651123046875
11.372300863265991,0.148651123046875
11.383124113082886,0.148651123046875
11.39436674118042,0.148651123046875
11.40589952468872,0.148651123046875
11.417248249053955,0.148651123046875
11.428045272827148,0.148651123046875
11.438849449157715,0.148651123046875
11.449630975723267,0.148651123046875
11.460506916046143,0.148651123046875
11.471314668655396,0.148651123046875
11.482114553451538,0.148651123046875
11.49289870262146,0.148651123046875
11.50365686416626,0.148651123046875
11.514467477798462,0.148651123046875
11.525236368179321,0.148651123046875
11.536311388015747,0.148651123046875
11.547367334365845,0.148651123046875
11.558221817016602,0.148651123046875
11.569021224975586,0.148651123046875
11.579794645309448,0.148651123046875
11.590526103973389,0.148651123046875
11.601303815841675,0.148651123046875
11.612071752548218,0.148651123046875
11.622834920883179,0.148651123046875
11.633578062057495,0.148651123046875
11.644337177276611,0.148651123046875
11.655099153518677,0.148651123046875
11.665852069854736,0.148651123046875
11.676606893539429,0.148651123046875
11.687374353408813,0.148651123046875
11.698144435882568,0.148651123046875
11.708902835845947,0.148651123046875
11.719653606414795,0.148651123046875
11.730420589447021,0.148651123046875
11.741184711456299,0.148651123046875
11.75195026397705,0.148651123046875
11.762697696685791,0.148651123046875
11.773463249206543,0.148651123046875
11.784220695495605,0.148651123046875
11.794971942901611,0.148651123046875
11.805715799331665,0.148651123046875
11.816468715667725,0.148651123046875
11.827235221862793,0.148651123046875
11.83800745010376,0.148651123046875
11.848757266998291,0.14896011352539062
11.859508514404297,0.14896011352539062
11.87027382850647,0.14896011352539062
11.881027936935425,0.14896011352539062
11.891767978668213,0.14896011352539062
11.902508020401001,0.14896011352539062
11.913262128829956,0.14896011352539062
11.924016237258911,0.14896011352539062
11.934773683547974,0.149444580078125
11.94553256034851,0.1499481201171875
11.956297874450684,0.1506805419921875
11.967069625854492,0.15093231201171875
11.97783637046814,0.151092529296875
11.988598108291626,0.1529693603515625
11.999358177185059,0.1529693603515625
12.01011610031128,0.1529693603515625
12.020884275436401,0.1529693603515625
12.03164029121399,0.1529693603515625
12.0423903465271,0.1529693603515625
12.053146362304688,0.1529693603515625
12.063898801803589,0.1529693603515625
12.074641227722168,0.1529693603515625
12.085394620895386,0.1529693603515625
12.096149921417236,0.1529693603515625
12.106902122497559,0.1529693603515625
12.117640733718872,0.1529693603515625
12.128406763076782,0.1529693603515625
12.139177560806274,0.1529693603515625
12.149940252304077,0.15351104736328125
12.160703420639038,0.15424728393554688
12.171471118927002,0.15474700927734375
12.182235479354858,0.15509033203125
12.193005561828613,0.15559005737304688
12.203750610351562,0.15559005737304688
12.21448826789856,0.15559005737304688
12.225244045257568,0.15559005737304688
12.236000299453735,0.15559005737304688
12.246737480163574,0.15559005737304688
12.257484197616577,0.15559005737304688
12.268265962600708,0.15559005737304688
12.279024362564087,0.15559005737304688
12.289766311645508,0.15559005737304688
12.300511598587036,0.15559005737304688
12.311267375946045,0.15559005737304688
12.322023391723633,0.15559005737304688
12.332768201828003,0.15559005737304688
12.343506574630737,0.15559005737304688
12.354262113571167,0.15559005737304688
12.365026235580444,0.15559005737304688
12.37576413154602,0.15559005737304688
12.386510610580444,0.15559005737304688
12.397268772125244,0.15559005737304688
12.408020257949829,0.15559005737304688
12.418758153915405,0.15559005737304688
12.429516077041626,0.15559005737304688
12.44027304649353,0.15559005737304688
12.451037645339966,0.15559005737304688
12.46178913116455,0.15559005737304688
12.472537755966187,0.15559005737304688
12.48330044746399,0.15559005737304688
12.494051218032837,0.15559005737304688
12.504797458648682,0.15559005737304688
12.515545129776001,0.15559005737304688
12.526314496994019,0.15559005737304688
12.537070989608765,0.15559005737304688
12.547836303710938,0.15559005737304688
12.558585405349731,0.15559005737304688
12.569348573684692,0.15609359741210938
12.58011245727539,0.15609359741210938
12.590882778167725,0.15634536743164062
12.601626873016357,0.15684890747070312
12.612377882003784,0.15684890747070312
12.623136520385742,0.15684890747070312
12.633888483047485,0.15684890747070312
12.644629955291748,0.15684890747070312
12.655433654785156,0.15684890747070312
12.666181802749634,0.15684890747070312
12.676936149597168,0.15684890747070312
12.687678575515747,0.15684890747070312
12.698450088500977,0.15684890747070312
12.70920729637146,0.15684890747070312
12.719980001449585,0.15684890747070312
12.730752944946289,0.15684890747070312
12.741512537002563,0.156890869140625
12.7522714138031,0.156890869140625
12.763032913208008,0.156890869140625
12.773774147033691,0.156890869140625
12.78451681137085,0.156890869140625
12.795279264450073,0.156890869140625
12.806046485900879,0.156890869140625
12.816834211349487,0.156890869140625
12.827584743499756,0.156890869140625
12.838341474533081,0.156890869140625
12.849105596542358,0.156890869140625
12.859877824783325,0.156890869140625
12.870681047439575,0.1573486328125
12.881453275680542,0.15799331665039062
12.892219543457031,0.15849685668945312
12.90299105644226,0.15895462036132812
12.913748264312744,0.15920639038085938
12.924515724182129,0.15949630737304688
12.935291051864624,0.16059494018554688
12.94606900215149,0.16084671020507812
12.956839323043823,0.16109848022460938
12.967597007751465,0.16109848022460938
12.978360891342163,0.16135025024414062
12.989124298095703,0.16160202026367188
12.999895811080933,0.1617889404296875
13.010653257369995,0.16205596923828125
13.021411895751953,0.16313552856445312
13.032175779342651,0.16313552856445312
13.04295039176941,0.163543701171875
13.05370569229126,0.163543701171875
13.064465045928955,0.163543701171875
13.075232744216919,0.163543701171875
13.085991621017456,0.163543701171875
13.096733808517456,0.163543701171875
13.107489347457886,0.163543701171875
13.118243932723999,0.163543701171875
13.129002332687378,0.163543701171875
13.139745473861694,0.163543701171875
13.150499105453491,0.163543701171875
13.161255359649658,0.163543701171875
13.172012329101562,0.163543701171875
13.182758331298828,0.163543701171875
13.193519592285156,0.163543701171875
13.204281568527222,0.163543701171875
13.21503734588623,0.163543701171875
13.225778102874756,0.163543701171875
13.236533164978027,0.163543701171875
13.2472984790802,0.163543701171875
13.258066177368164,0.163543701171875
13.268829345703125,0.163543701171875
13.279572010040283,0.163543701171875
13.290329694747925,0.163543701171875
13.30108380317688,0.163543701171875
13.311850786209106,0.163543701171875
13.322595834732056,0.163543701171875
13.333359241485596,0.163543701171875
13.344123363494873,0.163543701171875
13.354904651641846,0.163543701171875
13.365653991699219,0.163543701171875
13.376416444778442,0.163543701171875
13.387173891067505,0.163543701171875
13.397940397262573,0.163543701171875
13.408688306808472,0.163543701171875
13.419459342956543,0.163543701171875
13.430224895477295,0.163543701171875
13.440992593765259,0.163543701171875
13.451732873916626,0.163543701171875
13.4624764919281,0.163543701171875
13.473228693008423,0.163543701171875
13.483987808227539,0.163543701171875
13.494741678237915,0.163543701171875
13.50550389289856,0.163543701171875
13.516289234161377,0.163543701171875
13.527069091796875,0.163543701171875
13.537840366363525,0.163543701171875
13.548590421676636,0.163543701171875
13.55934762954712,0.163543701171875
13.570098876953125,0.163543701171875
13.580851554870605,0.163543701171875
13.591599941253662,0.163543701171875
13.602361679077148,0.163543701171875
13.613147020339966,0.163543701171875
13.623910903930664,0.163543701171875
13.634663581848145,0.163543701171875
13.64542818069458,0.163543701171875
13.656187295913696,0.163543701171875
13.666949987411499,0.16388320922851562
13.677704095840454,0.16413497924804688
13.688488960266113,0.16463851928710938
13.699252843856812,0.16539382934570312
13.710016965866089,0.16539382934570312
13.720773696899414,0.16884994506835938
13.73155164718628,0.16916275024414062
13.74232816696167,0.16916275024414062
13.753111839294434,0.17010116577148438
13.763875246047974,0.17036819458007812
13.774614334106445,0.17036819458007812
13.785369634628296,0.17036819458007812
13.796198606491089,0.17036819458007812
13.806993246078491,0.17036819458007812
13.817742109298706,0.17036819458007812
13.828542947769165,0.17036819458007812
13.839325428009033,0.17036819458007812
13.850119590759277,0.17036819458007812
13.86093020439148,0.17036819458007812
13.871724605560303,0.17036819458007812
13.882507085800171,0.17036819458007812
13.893269538879395,0.17036819458007812
13.904028177261353,0.17036819458007812
13.91476583480835,0.17036819458007812
13.925505876541138,0.17036819458007812
13.936264991760254,0.17036819458007812
13.947027921676636,0.17036819458007812
13.957765340805054,0.17036819458007812
13.968502283096313,0.17036819458007812
13.979267835617065,0.17036819458007812
13.99003005027771,0.17036819458007812
14.000768184661865,0.17036819458007812
14.011524200439453,0.17036819458007812
14.02228832244873,0.17036819458007812
14.033056497573853,0.17036819458007812
14.043803215026855,0.17036819458007812
14.05455994606018,0.17036819458007812
14.065332412719727,0.17072677612304688
14.076095819473267,0.17102432250976562
14.086861371994019,0.17171478271484375
14.097617626190186,0.17198944091796875
14.108381271362305,0.17198944091796875
14.119131088256836,0.17198944091796875
14.129888534545898,0.17198944091796875
14.140633344650269,0.17198944091796875
14.151392459869385,0.17198944091796875
14.162139654159546,0.17198944091796875
14.172905683517456,0.17198944091796875
14.183654546737671,0.17198944091796875
14.194415092468262,0.17198944091796875
14.205177545547485,0.17198944091796875
14.215938329696655,0.17198944091796875
14.226691007614136,0.17400360107421875
14.23746657371521,0.17551422119140625
14.248225927352905,0.17551422119140625
14.258976459503174,0.17551422119140625
14.269716501235962,0.17551422119140625
14.280469179153442,0.17551422119140625
14.291218280792236,0.17551422119140625
14.301984071731567,0.17551422119140625
14.312721967697144,0.17551422119140625
14.323467254638672,0.17551422119140625
14.334224700927734,0.17551422119140625
14.344980239868164,0.17551422119140625
14.355720281600952,0.17551422119140625
14.366472244262695,0.17551422119140625
14.377223253250122,0.17551422119140625
14.387972831726074,0.17551422119140625
14.398709058761597,0.17551422119140625
14.409471035003662,0.17551422119140625
14.420246601104736,0.17551422119140625
14.431010723114014,0.17551422119140625
14.441766023635864,0.17551422119140625
14.452516555786133,0.17551422119140625
14.463321447372437,0.17582321166992188
14.474092721939087,0.17641448974609375
14.484863758087158,0.176666259765625
14.49562382698059,0.17691802978515625
14.506385803222656,0.17691802978515625
14.517148494720459,0.1771697998046875
14.527921676635742,0.17742156982421875
14.538677215576172,0.17801284790039062
14.549734592437744,0.41854095458984375
14.560670375823975,0.4300651550292969
14.571606874465942,0.4302520751953125
14.58253264427185,0.43056488037109375
14.593440055847168,0.43056488037109375
14.604363918304443,0.4308052062988281
14.615276336669922,0.43103790283203125
14.626195192337036,0.4312896728515625
14.637110471725464,0.43152618408203125
14.648030757904053,0.43177032470703125
14.658945322036743,0.43177032470703125
14.669859170913696,0.4322547912597656
14.680757999420166,0.43239593505859375
14.691674709320068,0.43239593505859375
14.70259714126587,0.4328575134277344
14.713509798049927,0.4329986572265625
14.724448442459106,0.433197021484375
14.735354900360107,0.433197021484375
14.746271133422852,0.4333610534667969
14.757179021835327,0.4333610534667969
14.768101453781128,0.433563232421875
14.77902626991272,0.501861572265625
14.789950132369995,0.5897483825683594
14.800869464874268,0.5803451538085938
14.81179165840149,0.5567588806152344
14.822665691375732,0.5691642761230469
14.833592891693115,0.5425910949707031
14.844520092010498,0.5530776977539062
14.855446100234985,0.6573333740234375
14.866526365280151,0.6667900085449219
14.877440929412842,0.6174087524414062
14.888351917266846,0.6195526123046875
14.89925765991211,0.6769866943359375
14.910168409347534,0.7554092407226562
14.921071767807007,0.8032951354980469
14.931994199752808,0.8796615600585938
14.942902565002441,0.8668365478515625
14.953795433044434,0.9427146911621094
14.964690208435059,0.9233169555664062
14.975737810134888,0.9288482666015625
14.98664402961731,0.9076766967773438
14.997554779052734,0.9776229858398438
15.00846815109253,1.050994873046875
15.019371747970581,1.04681396484375
15.030283212661743,1.0373077392578125
15.041189432144165,1.0636940002441406
15.05209755897522,1.1042938232421875
15.063005447387695,1.0550727844238281
15.07391881942749,0.9825210571289062
15.084831714630127,1.0947494506835938
15.095743417739868,1.0672416687011719
15.106654167175293,1.1186027526855469
15.11756420135498,1.0574760437011719
15.128468036651611,1.0435562133789062
15.139387845993042,1.0938644409179688
15.15029001235962,1.1176528930664062
15.161190032958984,1.0292892456054688
15.172093391418457,0.9736785888671875
15.18299388885498,1.0614814758300781
15.193899869918823,1.1438369750976562
15.20479154586792,1.1022682189941406
15.215685606002808,1.0435562133789062
15.227480411529541,1.05902099609375
15.238470554351807,1.0591773986816406
15.249377965927124,1.0890045166015625
15.260294198989868,1.0584793090820312
15.271200180053711,1.0273361206054688
15.282102584838867,1.0685958862304688
15.29301929473877,1.0592727661132812
15.303930759429932,1.0567779541015625
15.31484055519104,1.08831787109375
15.325768232345581,1.0040931701660156
15.336650609970093,1.08056640625
15.347561359405518,1.1181106567382812
15.358474016189575,1.1060409545898438
15.369388818740845,1.048980712890625
15.380306005477905,0.9967803955078125
15.391222953796387,1.126129150390625
15.402145385742188,1.1611251831054688
15.413064241409302,1.0341377258300781
15.423990726470947,1.0154647827148438
15.434916973114014,1.100738525390625
15.445826292037964,1.1418838500976562
15.456735134124756,1.0877304077148438
15.467666387557983,1.0313186645507812
15.478593349456787,1.0718307495117188
15.489719152450562,1.111541748046875
15.50062370300293,1.0251312255859375
15.5115385055542,1.00408935546875
15.52245283126831,1.09063720703125
15.533363103866577,1.0889663696289062
15.54427433013916,1.129730224609375
15.55519413948059,1.058807373046875
15.566108465194702,1.0566291809082031
15.577017784118652,1.0484542846679688
15.587982892990112,1.07684326171875
15.59889006614685,1.1275177001953125
15.60978102684021,1.037353515625
15.6207115650177,1.0697860717773438
15.631624937057495,1.0076522827148438
15.642533302307129,1.09814453125
15.653439283370972,1.090667724609375
15.6643385887146,1.0694198608398438
15.675247192382812,1.0689468383789062
15.686147928237915,1.06878662109375
15.697049617767334,1.0665435791015625
15.707960844039917,1.0707321166992188
15.718873023986816,1.0478019714355469
15.729764938354492,1.0709991455078125
15.740657567977905,1.1145401000976562
15.751578092575073,1.0626373291015625
15.762483596801758,0.9954376220703125
15.773390769958496,1.0764083862304688
15.78429627418518,1.1164932250976562
15.795210838317871,1.1074295043945312
15.806124210357666,1.027191162109375
15.817200183868408,1.009002685546875
15.82811689376831,1.0907669067382812
15.839024305343628,1.1233291625976562
15.849937200546265,1.1163368225097656
15.86085844039917,1.0238533020019531
15.871755123138428,1.056854248046875
15.882747888565063,1.0652847290039062
15.893661260604858,0.9970321655273438
15.904582023620605,1.02838134765625
15.915494918823242,1.1102981567382812
15.926411867141724,1.0693778991699219
15.937320470809937,1.0787353515625
15.94823169708252,1.0406494140625
15.959144115447998,1.0302352905273438
15.97005319595337,1.0624847412109375
15.980961799621582,1.0605392456054688
15.991876125335693,1.0920791625976562
16.00277018547058,1.0902481079101562
16.013676166534424,1.03765869140625
16.024595022201538,1.0708999633789062
16.0355064868927,1.076385498046875
16.046466827392578,1.0774421691894531
16.057379484176636,1.0379447937011719
16.068296909332275,1.0056991577148438
16.07922101020813,1.0554962158203125
16.090133905410767,1.1361808776855469
16.10104751586914,1.03253173828125
16.111990451812744,1.0472908020019531
16.122910499572754,1.0342864990234375
16.133836030960083,1.1180076599121094
16.144744873046875,1.1066322326660156
16.15586280822754,1.074432373046875
16.166778802871704,1.0467758178710938
16.17767572402954,1.0932273864746094
16.18859028816223,1.0872039794921875
16.199507474899292,1.1175689697265625
16.210423469543457,1.0329742431640625
16.22133493423462,1.0292892456054688
16.23225450515747,1.0668487548828125
16.24315309524536,1.04925537109375
16.254069805145264,1.0482101440429688
16.26498007774353,1.0729446411132812
16.275893449783325,1.0694999694824219
16.286797761917114,1.0702285766601562
16.297697067260742,1.0455055236816406
16.308608770370483,1.0715827941894531
16.31952452659607,1.0627365112304688
16.330429077148438,1.066650390625
16.341336727142334,1.102386474609375
16.352256774902344,1.0923309326171875
16.363179683685303,1.0093154907226562
16.374094247817993,0.9967803955078125
16.384999990463257,1.122222900390625
16.39590859413147,1.1530380249023438
16.40680456161499,1.0446395874023438
16.417718410491943,0.9826927185058594
16.428632736206055,1.0585784912109375
16.439555406570435,1.1437644958496094
16.450490951538086,1.0415992736816406
16.461408615112305,1.0295944213867188
16.47231888771057,1.0730056762695312
16.483246088027954,1.1186027526855469
16.494205474853516,1.0212249755859375
16.50516963005066,1.0549850463867188
16.51612091064453,1.1024856567382812
16.527066946029663,1.0754470825195312
16.53802180290222,1.0768508911132812
16.548924922943115,1.0180168151855469
16.559868335723877,1.0569839477539062
16.570838928222656,1.096527099609375
16.58174204826355,1.137542724609375
16.592702865600586,0.9995880126953125
16.60364603996277,1.08642578125
16.61456298828125,1.044891357421875
16.62549138069153,1.0173187255859375
16.63640284538269,1.1142044067382812
16.647308111190796,1.0587081909179688
16.65821599960327,1.0773086547851562
16.669114351272583,0.9971466064453125
16.680015802383423,1.1200637817382812
16.69093608856201,1.11968994140625
16.701849699020386,1.10015869140625
16.712748527526855,1.0566253662109375
16.72367286682129,1.0575714111328125
16.734583139419556,1.0618820190429688
16.74549698829651,1.0723342895507812
16.756402015686035,1.0331306457519531
16.767314672470093,1.0766143798828125
16.778224229812622,1.1594619750976562
16.789129495620728,1.0331954956054688
16.800036191940308,1.0591812133789062
16.810961484909058,1.0280342102050781
16.821882724761963,1.112152099609375
16.83278465270996,1.0682830810546875
16.843650341033936,1.0616874694824219
16.85476064682007,1.0946731567382812
16.865651845932007,1.1001434326171875
16.87656545639038,1.0981979370117188
16.88747525215149,1.0082283020019531
16.898393869400024,1.0368423461914062
16.909306049346924,1.1068801879882812
16.920217275619507,1.0367813110351562
16.931131839752197,1.0446701049804688
16.94203782081604,1.0746231079101562
16.95294189453125,1.0673408508300781
16.963847160339355,1.1122512817382812
16.9747416973114,1.0979156494140625
16.985795736312866,1.06878662109375
16.99670171737671,1.0261802673339844
17.00761318206787,1.0703964233398438
17.01852512359619,1.1158065795898438
17.029426097869873,1.0006904602050781
17.04033350944519,1.0692939758300781
17.051243782043457,1.08087158203125
17.062153100967407,1.1340713500976562
17.073065519332886,1.0415992736816406
17.083977937698364,1.0354537963867188
17.09507966041565,1.0946731567382812
17.10599160194397,1.0633354187011719
17.116899251937866,1.0946731567382812
17.127797842025757,1.0570297241210938
17.13869309425354,1.0613784790039062
17.149606943130493,1.025360107421875
17.160518169403076,1.11773681640625
17.171440601348877,1.0393943786621094
17.18238925933838,1.0375099182128906
17.193296909332275,0.9839019775390625
17.20420527458191,1.0786018371582031
17.21511220932007,1.12945556640625
17.22601556777954,1.0374374389648438
17.23692750930786,1.02447509765625
17.247835636138916,1.0945205688476562
17.25872778892517,1.0572013854980469
17.26962399482727,1.0653877258300781
17.2805278301239,1.0594291687011719
17.291441440582275,1.0467796325683594
17.30234956741333,1.052947998046875
17.313259601593018,1.0785140991210938
17.324166536331177,1.138885498046875
17.33506464958191,1.05633544921875
17.345969438552856,1.0068931579589844
17.35688066482544,1.0621223449707031
17.367778062820435,1.1067276000976562
17.378681421279907,0.9700469970703125
17.389591693878174,1.0605316162109375
17.40049934387207,1.026580810546875
17.411402702331543,1.0153656005859375
17.422318935394287,1.1018829345703125
17.433226823806763,1.080718994140625
17.444133520126343,1.035125732421875
17.45503544807434,1.0373458862304688
17.465935468673706,1.1321182250976562
17.47684669494629,1.1370010375976562
17.487746477127075,1.0515594482421875
17.498648643493652,1.05517578125
17.509572744369507,1.1045913696289062
17.52053713798523,1.0667953491210938
17.531455278396606,1.0017776489257812
17.542365074157715,1.05517578125
17.553268432617188,1.11578369140625
17.56418204307556,1.1028327941894531
17.57510495185852,0.9995880126953125
17.586017608642578,1.0850639343261719
17.596922397613525,1.0448722839355469
17.607825756072998,1.0645866394042969
17.618733167648315,1.1987648010253906
17.629643201828003,1.0891265869140625
17.640558004379272,1.0373344421386719
17.651464700698853,1.101837158203125
17.66237735748291,1.1572113037109375
17.673277854919434,1.1173095703125
17.68417716026306,1.077239990234375
17.6950786113739,1.0655288696289062
17.706016063690186,1.1216354370117188
17.716927528381348,1.0915679931640625
17.727829933166504,1.0445480346679688
17.73873782157898,1.0978164672851562
17.74964189529419,1.148895263671875
17.76056456565857,1.1878128051757812
17.771486520767212,1.0543899536132812
17.782413244247437,1.0462493896484375
17.793331623077393,1.1456069946289062
17.804253339767456,1.2027130126953125
17.815173387527466,1.1661605834960938
17.826085805892944,1.10772705078125
17.83699345588684,1.1668472290039062
17.847917318344116,1.1300201416015625
17.85883331298828,1.0698738098144531
17.86974859237671,1.1320762634277344
17.880666732788086,1.1985549926757812
17.89159321784973,1.1966018676757812
17.902509450912476,1.162811279296875
17.91341996192932,1.1674118041992188
17.9243803024292,1.0974273681640625
17.935285329818726,1.1815032958984375
17.946210622787476,1.0782318115234375
17.957130908966064,1.170623779296875
17.968046188354492,1.1313552856445312
17.978968620300293,1.1354522705078125
17.989876747131348,1.1212615966796875
18.000774145126343,1.1361732482910156
18.01164150238037,1.1379356384277344
18.022561073303223,1.1928176879882812
18.033461809158325,1.1708450317382812
18.044374704360962,1.1017723083496094
18.055289030075073,1.1535987854003906
18.066197395324707,1.1563491821289062
18.07709574699402,1.2009353637695312
18.088005781173706,1.1640892028808594
18.098916053771973,1.1252632141113281
18.109806299209595,1.2241020202636719
18.12072777748108,1.2100067138671875
18.131637811660767,1.1716651916503906
18.142547845840454,1.125701904296875
18.153467655181885,1.2342529296875
18.164367198944092,1.2080230712890625
18.175282955169678,1.1725997924804688
18.186190128326416,1.1548538208007812
18.19709348678589,1.1468048095703125
18.20801877975464,1.1324920654296875
18.218931198120117,1.1756668090820312
18.22990369796753,1.2009086608886719
18.24080777168274,1.1675758361816406
18.251730918884277,1.2097663879394531
18.262636423110962,1.1557388305664062
18.273554801940918,1.213165283203125
18.284462690353394,1.22625732421875
18.295379400253296,1.15228271484375
18.306288957595825,1.1764717102050781
18.317196130752563,1.2290191650390625
18.328096866607666,1.2370071411132812
18.339198350906372,1.22259521484375
18.35009741783142,1.2294998168945312
18.361003875732422,1.2520904541015625
18.37191915512085,1.223663330078125
18.382821083068848,1.2353668212890625
18.39372706413269,1.1709251403808594
18.404634714126587,1.2673187255859375
18.415545225143433,1.2060699462890625
18.426475286483765,1.233428955078125
18.437389373779297,1.2511367797851562
18.44831418991089,1.2252426147460938
18.459226608276367,1.2097854614257812
18.470138788223267,1.1570014953613281
18.48104453086853,1.1563034057617188
18.491951942443848,1.2258987426757812
18.50286841392517,1.1901931762695312
18.513789176940918,1.2189483642578125
18.52467441558838,1.2438316345214844
18.535600900650024,1.2038650512695312
18.54651951789856,1.2923507690429688
18.557425260543823,1.1946640014648438
18.568334817886353,1.2823143005371094
18.57925319671631,1.1822967529296875
18.59017252922058,1.2511367797851562
18.601073265075684,1.2627487182617188
18.611979007720947,1.1971588134765625
18.622896432876587,1.266448974609375
18.633793830871582,1.2046241760253906
18.64465069770813,1.2553939819335938
18.655561685562134,1.1950111389160156
18.666483879089355,1.2321128845214844
18.677398443222046,1.2138824462890625
18.68830943107605,1.2328033447265625
18.699217557907104,1.239227294921875
18.710123538970947,1.1926498413085938
18.721036195755005,1.21453857421875
18.731947422027588,1.1959457397460938
18.742854118347168,1.2628326416015625
18.753758668899536,1.2761459350585938
18.76465916633606,1.2003707885742188
18.77556538581848,1.2413711547851562
18.786481857299805,1.22125244140625
18.797394275665283,1.2323989868164062
18.80830216407776,1.2558822631835938
18.819212436676025,1.2710189819335938
18.83012628555298,1.2158126831054688
18.841032028198242,1.1964378356933594
18.851977825164795,1.2448348999023438
18.862903356552124,1.1941680908203125
18.874006986618042,1.2128372192382812
18.884922981262207,1.1790847778320312
18.89583945274353,1.248931884765625
18.906736373901367,1.2596054077148438
18.917644500732422,1.1832351684570312
18.928558588027954,1.2550201416015625
18.93946599960327,1.2329254150390625
18.950377464294434,1.2416610717773438
18.961284160614014,1.2176322937011719
18.972191333770752,1.2751312255859375
18.98310351371765,1.2038650512695312
18.99401831626892,1.245147705078125
19.004924058914185,1.2534408569335938
19.015835762023926,1.1587600708007812
19.026741981506348,1.2192535400390625
19.03765892982483,1.1695785522460938
19.048575162887573,1.2362747192382812
19.05949568748474,1.244232177734375
19.070403337478638,1.1744842529296875
19.0813148021698,1.241119384765625
19.092219591140747,1.1987648010253906
19.103128910064697,1.1960525512695312
19.11404585838318,1.2193832397460938
19.124955415725708,1.2378158569335938
19.13586974143982,1.2628555297851562
19.146761894226074,1.2007179260253906
19.15766406059265,1.2553939819335938
19.168572425842285,1.1619110107421875
19.179474115371704,1.2234115600585938
19.19038724899292,1.1697998046875
19.20129895210266,1.2033233642578125
19.212207078933716,1.29425048828125
19.223119974136353,1.1443748474121094
19.234027862548828,1.2135353088378906
19.244942903518677,1.2632064819335938
19.25585627555847,1.2381629943847656
19.2667715549469,1.2067832946777344
19.27764868736267,1.2278671264648438
19.288559913635254,1.2530670166015625
19.29948115348816,1.1831398010253906
19.310386419296265,1.2156448364257812
19.321305513381958,1.2315673828125
19.33224368095398,1.1821327209472656
19.343140840530396,1.201141357421875
19.35405921936035,1.2273406982421875
19.364989757537842,1.2922744750976562
19.375904083251953,1.1831398010253906
19.386805295944214,1.2418746948242188
19.397719860076904,1.2692718505859375
19.408628940582275,1.2459754943847656
19.41956329345703,1.22119140625
19.430482864379883,1.1963653564453125
19.441397666931152,1.2695541381835938
19.452319383621216,1.1689491271972656
19.463252544403076,1.2214813232421875
19.474161386489868,1.2430343627929688
19.485076665878296,1.19189453125
19.495988845825195,1.2126846313476562
19.50689935684204,1.2397689819335938
19.517839908599854,1.3018112182617188
19.5287663936615,1.2121810913085938
19.539714336395264,1.2214813232421875
19.550662994384766,1.2516937255859375
19.56161403656006,1.2740707397460938
19.572555541992188,1.1870460510253906
19.583521604537964,1.2124481201171875
19.594478368759155,1.2420692443847656
19.60540270805359,1.1726264953613281
19.61633563041687,1.2351303100585938
19.627264976501465,1.2449874877929688
19.638172149658203,1.1682510375976562
19.649083614349365,1.1852874755859375
19.65999722480774,1.2151412963867188
19.670914888381958,1.2781219482421875
19.68180513381958,1.2117385864257812
19.69271731376648,1.1448783874511719
19.703622102737427,1.253143310546875
19.714537620544434,1.2687149047851562
19.725446462631226,1.1808738708496094
19.736361503601074,1.2044677734375
19.74728298187256,1.2456169128417969
19.758193731307983,1.1889991760253906
19.76910901069641,1.2032699584960938
19.780019283294678,1.273223876953125
19.79093313217163,1.1911506652832031
19.80184507369995,1.1875953674316406
19.81274938583374,1.2257957458496094
19.823664903640747,1.2567558288574219
19.83457922935486,1.2100868225097656
19.845489978790283,1.2348136901855469
19.856407403945923,1.2037239074707031
19.867313385009766,1.2231559753417969
19.87821865081787,1.282867431640625
19.889126539230347,1.1780891418457031
19.900047540664673,1.2212028503417969
19.910966634750366,1.2182464599609375
19.92190408706665,1.2570762634277344
19.932798147201538,1.2707710266113281
19.94365429878235,1.3146781921386719
19.954574823379517,1.3098335266113281
19.965502977371216,1.3106422424316406
19.976426124572754,1.3439750671386719
19.987333059310913,1.3846321105957031
19.99824070930481,1.3657569885253906
20.009153127670288,1.3532829284667969
20.020064115524292,1.3767662048339844
20.03097629547119,1.3935928344726562
20.041884660720825,1.4044609069824219
20.05278730392456,1.3551025390625
20.06368112564087,1.3314170837402344
20.074594259262085,1.3198356628417969
20.08550500869751,1.3688087463378906
20.096494436264038,1.4210433959960938
20.1074059009552,1.3923912048339844
20.11832094192505,1.4047126770019531
20.129223346710205,1.4225959777832031
20.140137195587158,1.3982200622558594
20.151036500930786,1.3360328674316406
20.161948919296265,1.3276481628417969
20.172851085662842,1.4035911560058594
20.183741807937622,1.4860763549804688
20.194647073745728,1.3690528869628906
20.20570182800293,1.4429168701171875
20.216615915298462,1.5117568969726562
20.227529048919678,1.4489173889160156
20.23843479156494,1.476165771484375
20.24935817718506,1.4199562072753906
20.26026463508606,1.4496688842773438
20.271174907684326,1.5172576904296875
20.282084941864014,1.62823486328125
20.292994022369385,1.6014785766601562
20.30389904975891,1.6103477478027344
20.31478452682495,0.92864990234375
20.325671434402466,0.9334793090820312
20.33658528327942,0.9393272399902344
20.347492694854736,0.9412803649902344
20.358404397964478,0.9451866149902344
20.369313716888428,0.9490928649902344
20.380255222320557,0.9510459899902344
20.391170501708984,0.9549522399902344
20.402074337005615,0.9588584899902344
20.412989854812622,0.9608116149902344
20.42390727996826,0.9711456298828125
20.434800624847412,1.0259971618652344
20.44569730758667,1.0064888000488281
20.456609964370728,1.0143013000488281
20.46751880645752,1.0221138000488281
20.478434085845947,1.0279731750488281
20.489351987838745,1.0357856750488281
20.500261068344116,1.06939697265625
20.511181592941284,1.0793724060058594
20.522099256515503,1.0989036560058594
20.533014059066772,1.1225852966308594
20.54395031929016,1.0966835021972656
20.554862022399902,1.1263961791992188
20.565860748291016,1.1459274291992188
20.57677173614502,1.17962646484375
20.5876784324646,1.1476097106933594
20.598599672317505,1.0968437194824219
20.609527349472046,1.0775947570800781
20.620442628860474,1.1010322570800781
20.631357431411743,1.1424942016601562
20.642305374145508,1.1207084655761719
20.65320372581482,1.1441459655761719
20.664124488830566,1.1184730529785156
20.675036907196045,1.1090011596679688
20.68595051765442,1.0556831359863281
20.696874856948853,1.0753593444824219
20.70776867866516,1.1226463317871094
20.718668699264526,1.13922119140625
20.729584455490112,1.1401481628417969
20.74050259590149,1.1495132446289062
20.751415252685547,1.1132469177246094
20.76233196258545,1.1645240783691406
20.77324652671814,1.1815032958984375
20.784160137176514,1.1889686584472656
20.795074462890625,1.1975212097167969
20.805987119674683,1.2392845153808594
20.816903591156006,1.2540702819824219
20.827805519104004,1.2116737365722656
20.838714361190796,1.2311210632324219
20.849624633789062,1.2963218688964844
20.860544443130493,1.3298759460449219
20.871457815170288,1.3156242370605469
20.882359981536865,1.3417854309082031
20.89328694343567,0.6659469604492188
20.904207706451416,0.6692733764648438
20.915115118026733,0.6708717346191406
20.926024675369263,0.6708717346191406
20.936941623687744,0.6708717346191406
20.947854042053223,0.6708717346191406
20.95875072479248,0.6708717346191406
20.969653129577637,0.6708717346191406
20.98056173324585,0.6708717346191406
20.991488218307495,0.6708717346191406
21.002399444580078,0.6708717346191406
21.013304710388184,0.6708717346191406
21.02420973777771,0.6708717346191406
21.035117864608765,0.6708717346191406
21.046030044555664,0.6708717346191406
21.05694055557251,0.6708717346191406
21.06784176826477,0.6708717346191406
21.07873558998108,0.6708717346191406
21.08963918685913,0.6708717346191406
21.100570917129517,0.6708717346191406
21.111469268798828,0.6708717346191406
21.12238836288452,0.6708717346191406
21.133293390274048,0.6708717346191406
21.144197940826416,0.6708717346191406
21.155101776123047,0.6708717346191406
21.166000604629517,0.6708717346191406
21.17690658569336,0.6708717346191406
21.18779158592224,0.6708717346191406
21.198687314987183,0.6708717346191406
21.209620237350464,0.6708717346191406
21.220526933670044,0.6708717346191406
21.231435775756836,0.6708717346191406
21.242340564727783,0.6708717346191406
21.253244400024414,0.6708717346191406
21.26415729522705,0.6708717346191406
21.275059938430786,0.6708717346191406
21.285964012145996,0.6708717346191406
21.296878337860107,0.6708717346191406
21.307761669158936,0.6708717346191406
21.318652153015137,0.6708717346191406
21.329558849334717,0.6708717346191406
21.340473890304565,0.6708717346191406
21.35137963294983,0.67095947265625
21.36228919029236,0.67095947265625
21.37319254875183,0.6709632873535156
21.38409924507141,0.6709632873535156
21.39500641822815,0.6709671020507812
21.405921697616577,0.6709671020507812
21.416831016540527,0.6709709167480469
21.4277286529541,0.6709709167480469
21.438629627227783,0.6709709167480469
21.44954228401184,0.6709709167480469
21.460451126098633,0.6709709167480469
21.471360683441162,0.6709747314453125
21.48226499557495,0.6709747314453125
21.49316668510437,0.6709823608398438
21.504075050354004,0.6709823608398438
21.51498293876648,0.6709823608398438
21.525891065597534,0.6709823608398438
21.536779165267944,0.6709823608398438
21.54767656326294,0.6709823608398438
21.55859375,0.6709823608398438
21.569528102874756,0.6710853576660156
21.580443382263184,0.6710853576660156
21.59134840965271,0.6710853576660156
21.60225224494934,0.6710853576660156
21.613158226013184,0.6710853576660156
21.62406325340271,0.6710853576660156
21.634972095489502,0.6710853576660156
21.6458797454834,0.6710853576660156
21.656771898269653,0.6710853576660156
21.667667627334595,0.6710853576660156
21.678584814071655,0.6710853576660156
21.689497232437134,0.6710853576660156
21.70040798187256,0.6710853576660156
21.711323022842407,0.6710853576660156
21.722227334976196,0.6710853576660156
21.733126163482666,0.6710853576660156
21.74404215812683,0.6710853576660156
21.75495934486389,0.6710853576660156
21.765868425369263,0.6710853576660156
21.776777505874634,0.6710853576660156
21.78766965866089,0.6710853576660156
21.79858088493347,0.6710853576660156
21.80948495864868,0.6710853576660156
21.82039475440979,0.6710853576660156
21.83130192756653,0.6710853576660156
21.84220576286316,0.6710853576660156
21.853113412857056,0.6710853576660156
21.864023447036743,0.6710853576660156
21.87493085861206,0.6710853576660156
21.88583755493164,0.6710853576660156
21.896726369857788,0.6710853576660156
21.907631635665894,0.6710853576660156
21.918547868728638,0.6710853576660156
21.929455041885376,0.6710853576660156
21.940369844436646,0.6710853576660156
21.951276540756226,0.6710853576660156
21.96219515800476,0.6710853576660156
21.973105430603027,0.6710853576660156
21.984012603759766,0.6710853576660156
21.994920015335083,0.6710853576660156
22.005839109420776,0.6710853576660156
22.016728162765503,0.6710853576660156
22.027629852294922,0.6710853576660156
22.038549184799194,0.6710853576660156
22.049464225769043,0.6710853576660156
22.06037664413452,0.6710853576660156
22.071293354034424,0.6710853576660156
22.082221508026123,0.6710853576660156
22.09315776824951,0.6710853576660156
22.10406994819641,0.6710853576660156
22.114981412887573,0.6710853576660156
22.125895023345947,0.6710853576660156
22.136787176132202,0.6710853576660156
22.147692680358887,0.6710853576660156
22.15861225128174,0.6710853576660156
22.169540882110596,0.6710853576660156
22.180447816848755,0.6710853576660156
22.19137144088745,0.6710853576660156
22.2022807598114,0.6710853576660156
22.213189125061035,0.6710853576660156
22.22412943840027,0.6710853576660156
22.235153675079346,0.6710853576660156
22.24610733985901,0.6710853576660156
22.25700807571411,0.6710853576660156
22.267977237701416,0.6710853576660156
22.27888584136963,0.6710853576660156
22.289846897125244,0.6711692810058594
22.300795316696167,0.6711692810058594
22.311687469482422,0.6711692810058594
22.322647094726562,0.6711692810058594
22.333572387695312,0.6711692810058594
22.344477891921997,0.6711692810058594
22.355381727218628,0.6711692810058594
22.366283416748047,0.6711692810058594
22.377198696136475,0.6711692810058594
22.388110876083374,0.6711692810058594
22.399014234542847,0.6711692810058594
22.409928560256958,0.6711692810058594
22.420838356018066,0.6711692810058594
22.43173599243164,0.6711692810058594
22.44264245033264,0.6711692810058594
22.453556060791016,0.6711692810058594
22.464481115341187,0.6711692810058594
22.475390672683716,0.6711692810058594
22.486310720443726,0.6711692810058594
22.49721908569336,0.6711692810058594
22.508151531219482,0.6711692810058594
22.519073009490967,0.6711692810058594
22.52998685836792,0.6711692810058594
22.54092264175415,0.6711692810058594
22.5518319606781,0.6711692810058594
22.562739372253418,0.6711692810058594
22.573642253875732,0.6711692810058594
22.58455753326416,0.6711692810058594
22.595466375350952,0.6711692810058594
22.606377124786377,0.6711692810058594
22.617292642593384,0.6711692810058594
22.62821078300476,0.6711692810058594
22.63912558555603,0.6711692810058594
22.650025367736816,0.6711692810058594
22.66093635559082,0.6711692810058594
22.67184090614319,0.6711692810058594
22.68273687362671,0.6711692810058594
22.69364833831787,0.6711692810058594
22.70455002784729,0.6711692810058594
22.715460777282715,0.6711692810058594
22.726362705230713,0.6711692810058594
22.737264394760132,0.6711692810058594
22.74819326400757,0.6711692810058594
22.759132146835327,0.6711692810058594
22.770038604736328,0.6711692810058594
22.780946969985962,0.6711692810058594
22.791861295700073,0.6711692810058594
22.802762031555176,0.6711692810058594
22.81366539001465,0.6711692810058594
22.824601650238037,0.6711692810058594
22.835519075393677,0.6711692810058594
22.846439123153687,0.6711692810058594
22.857353448867798,0.6711692810058594
22.868262767791748,0.6711692810058594
22.8791720867157,0.6711692810058594
22.89016366004944,0.6711692810058594
22.90108060836792,0.6711692810058594
22.911999702453613,0.6711692810058594
22.92292070388794,0.6711692810058594
22.933834075927734,0.6711692810058594
22.944732427597046,0.6711692810058594
22.955652952194214,0.6711692810058594
22.966580152511597,0.6711692810058594
22.9775230884552,0.6711692810058594
22.988443613052368,0.6711692810058594
22.99935293197632,0.6711692810058594
23.010271072387695,0.6711692810058594
23.02117896080017,0.6711692810058594
23.03209114074707,0.6711692810058594
23.04300332069397,0.6711692810058594
23.053905725479126,0.6711692810058594
23.064799308776855,0.6711692810058594
23.075704097747803,0.6711692810058594
23.086609363555908,0.6711692810058594
23.097524881362915,0.6711692810058594
23.108436822891235,0.6711692810058594
23.119359016418457,0.6711692810058594
23.130263566970825,0.6711692810058594
23.141170501708984,0.6711692810058594
23.152080297470093,0.6711692810058594
23.16299033164978,0.6711692810058594
23.17389750480652,0.6711692810058594
23.184784173965454,0.6711692810058594
23.195674180984497,0.6713638305664062
23.206578969955444,0.6713638305664062
23.21748924255371,0.6713638305664062
23.228397607803345,0.6713638305664062
23.2393000125885,0.6713638305664062
23.250195026397705,0.6713638305664062
23.26110029220581,0.6713638305664062
23.272001028060913,0.6713638305664062
23.282915353775024,0.6713638305664062
23.293837308883667,0.6713638305664062
23.304733753204346,0.6713638305664062
23.31563973426819,0.6713638305664062
23.326553344726562,0.6713638305664062
23.33745527267456,0.6713638305664062
23.348363399505615,0.6713638305664062
23.359270572662354,0.6713638305664062
23.370171785354614,0.6713638305664062
23.381074905395508,0.6713638305664062
23.39198637008667,0.6713638305664062
23.4028902053833,0.6713638305664062
23.41378617286682,0.6713638305664062
23.42469024658203,0.6713638305664062
23.43561053276062,0.6713638305664062
23.446519374847412,0.6713638305664062
23.457422733306885,0.6713638305664062
23.468342781066895,0.6713638305664062
23.479254245758057,0.6713638305664062
23.49016261100769,0.6713638305664062
23.501067399978638,0.6713638305664062
23.51198434829712,0.6713638305664062
23.522891759872437,0.6713638305664062
23.53378129005432,0.6713638305664062
23.544686555862427,0.6713638305664062
23.555596351623535,0.6713638305664062
23.566508293151855,0.6713638305664062
23.57741069793701,0.6713638305664062
23.58833408355713,0.6713638305664062
23.59923267364502,0.6713638305664062
23.61014175415039,0.6713638305664062
23.62104892730713,0.6713638305664062
23.63196301460266,0.6713638305664062
23.642863750457764,0.6713638305664062
23.653758764266968,0.6713638305664062
23.664650440216064,0.6713638305664062
23.67556667327881,0.6713638305664062
23.686476469039917,0.6713638305664062
23.69738221168518,0.6713638305664062
23.708293676376343,0.6713638305664062
23.71920418739319,0.6713638305664062
23.73011302947998,0.6713638305664062
23.741015195846558,0.6713638305664062
23.751927614212036,0.6713638305664062
23.762829542160034,0.6713638305664062
23.773722171783447,0.6713638305664062
23.784624576568604,0.6713638305664062
23.795533895492554,0.6713638305664062
23.80644464492798,0.6713638305664062
23.817347526550293,0.6713638305664062
23.828255891799927,0.6713638305664062
23.839158296585083,0.6713638305664062
23.85006356239319,0.6713638305664062
23.860970497131348,0.6713638305664062
23.871882438659668,0.6713638305664062
23.882778882980347,0.6713638305664062
23.89368224143982,0.6713638305664062
23.904604196548462,0.6713638305664062
23.91566753387451,0.6713638305664062
23.926572561264038,0.6713638305664062
23.93747591972351,0.6713638305664062
23.948389768600464,0.6713638305664062
23.959303379058838,0.6713638305664062
23.97020649909973,0.6713638305664062
23.98111891746521,0.6713638305664062
23.992032289505005,0.6713638305664062
24.00293731689453,0.6713638305664062
24.01385736465454,0.6713638305664062
24.024749994277954,0.6713638305664062
24.03565263748169,0.6006126403808594
24.046563625335693,0.559814453125
24.057467937469482,0.559814453125
24.068376302719116,0.559814453125
24.079296112060547,0.559814453125
24.090205907821655,0.559814453125
24.101106882095337,0.559814453125
24.112030267715454,0.5598297119140625
24.122933864593506,0.5598297119140625
24.13384175300598,0.5598297119140625
24.144744873046875,0.5598297119140625
24.15564489364624,0.5623588562011719
24.166553258895874,0.5623588562011719
24.1774640083313,0.5623588562011719
24.18836498260498,0.5623588562011719
24.199275255203247,0.5623588562011719
24.210179567337036,0.5623588562011719
24.221091270446777,0.5951728820800781
24.23200750350952,0.6541824340820312
24.24291968345642,0.6245460510253906
24.25382685661316,0.6028099060058594
24.2647225856781,0.6247406005859375
24.275627613067627,0.6699028015136719
24.28653883934021,0.6578941345214844
24.297446966171265,0.6578941345214844
24.308356523513794,0.6637535095214844
24.319273233413696,0.7496070861816406
24.330179691314697,0.7503204345703125
24.34109330177307,0.8213768005371094
24.35199809074402,0.7723045349121094
24.362909078598022,0.8095588684082031
24.373805046081543,0.8250770568847656
24.38470697402954,0.8019905090332031
24.39561438560486,0.8314323425292969
24.40653967857361,0.8645362854003906
24.417443990707397,0.9336433410644531
24.42834997177124,0.8253288269042969
24.439255475997925,0.8686866760253906
24.45016121864319,0.9357795715332031
24.461068630218506,0.8314323425292969
24.47197413444519,0.8725929260253906
24.482880115509033,0.9023933410644531
24.493770599365234,0.8745460510253906
24.504679918289185,0.8487205505371094
24.51559543609619,0.8993339538574219
24.526499032974243,0.9102058410644531
24.53739356994629,0.9310417175292969
24.54830026626587,0.8824653625488281
24.5592041015625,0.8726997375488281
24.570127964019775,0.8706512451171875
24.581040382385254,0.7861404418945312
24.59195852279663,0.7650070190429688
24.602878093719482,0.7986068725585938
24.613771677017212,0.7875823974609375
24.62466859817505,0.7728195190429688
24.635600328445435,0.7570953369140625
24.646514177322388,0.808380126953125
24.657413721084595,0.7873382568359375
24.668311595916748,0.7869338989257812
24.67921781539917,0.8156776428222656
24.690120458602905,0.7313690185546875
24.701023817062378,0.7174491882324219
24.711950302124023,0.7547035217285156
24.722861528396606,0.828216552734375
24.73375153541565,0.7196502685546875
24.744653701782227,0.7761573791503906
24.755573511123657,0.90081787109375
24.766482830047607,0.8288803100585938
24.777390956878662,0.818206787109375
24.788299083709717,0.8693809509277344
24.799209117889404,0.8429450988769531
24.81011176109314,0.8335304260253906
24.82103681564331,0.8680763244628906
24.83194875717163,0.9888038635253906
24.84285545349121,0.9752845764160156
24.85375952720642,0.9953117370605469
24.864662885665894,1.0027275085449219
24.87559413909912,0.9930076599121094
24.886507511138916,1.0052223205566406
24.8974187374115,1.0709114074707031
24.908329725265503,1.0519981384277344
24.9192316532135,1.0600547790527344
24.930148601531982,1.1270027160644531
24.94107222557068,1.1330375671386719
24.951998233795166,1.0394706726074219
24.96296238899231,1.1417198181152344
24.973882913589478,1.1504402160644531
24.984796047210693,1.0163421630859375
24.995694875717163,1.0850944519042969
25.0066077709198,1.1466407775878906
25.01751708984375,1.0853462219238281
25.028428077697754,1.0647125244140625
25.039329051971436,1.118194580078125
25.050235271453857,1.1051292419433594
25.061147212982178,1.0277099609375
25.072067975997925,1.0970649719238281
25.08300542831421,1.1409339904785156
25.09391450881958,1.0591049194335938
25.10482358932495,1.0538368225097656
25.115721940994263,1.1569938659667969
25.126636505126953,1.0769271850585938
25.13757348060608,1.0658149719238281
25.14848279953003,1.0909461975097656
25.159431219100952,1.1147880554199219
25.170345067977905,1.0950660705566406
25.181267499923706,1.0995140075683594
25.19217538833618,1.1458854675292969
25.203088998794556,1.0811882019042969
25.213998079299927,1.0509452819824219
25.224979639053345,1.1264381408691406
25.235915422439575,1.1442909240722656
25.24686574935913,1.0285606384277344
25.25780153274536,1.1033210754394531
25.268730640411377,1.1222038269042969
25.279672861099243,1.0563392639160156
25.290616273880005,1.0357666015625
25.301597833633423,1.1250495910644531
25.31253409385681,1.0955467224121094
25.32345724105835,1.0245475769042969
25.33440399169922,1.1328620910644531
25.345322132110596,1.1083183288574219
25.356230974197388,0.9914436340332031
25.367135524749756,1.0679054260253906
25.378040075302124,1.1714134216308594
25.388955116271973,1.0560417175292969
25.399863481521606,1.0672683715820312
25.4107563495636,1.1607093811035156
25.421653270721436,1.1256103515625
25.432597160339355,1.1151771545410156
25.44350504875183,1.1051292419433594
25.454419136047363,1.1211433410644531
25.465325593948364,1.0594558715820312
25.476233959197998,1.1153907775878906
25.487138509750366,1.1737327575683594
25.49804973602295,1.0672683715820312
25.50896716117859,1.0559043884277344
25.519893169403076,1.0911064147949219
25.53080463409424,1.0635108947753906
25.541717529296875,1.0361213684082031
25.55262279510498,1.1086769104003906
25.563533067703247,1.1185874938964844
25.57445192337036,1.0519981384277344
25.585359811782837,1.0808982849121094
25.596288681030273,1.1481971740722656
25.607191801071167,1.0396766662597656
25.618099689483643,1.0851554870605469
25.629021406173706,1.1481971740722656
25.639934539794922,1.0413780212402344
25.650849103927612,1.0875434875488281
25.661753177642822,1.1187324523925781
25.672677278518677,1.1782875061035156
25.683600902557373,1.0257568359375
25.69452929496765,1.0951118469238281
25.7054443359375,1.1900062561035156
25.71634030342102,1.0260009765625
25.727261781692505,1.0429420471191406
25.738177061080933,1.076934814453125
25.749086618423462,1.1323661804199219
25.759989738464355,1.0153350830078125
25.770894289016724,1.0929908752441406
25.781785011291504,1.1835441589355469
25.79264211654663,1.0227012634277344
25.80354404449463,1.0613975524902344
25.814450979232788,1.1301536560058594
25.825363159179688,1.0893898010253906
25.836270332336426,1.0600547790527344
25.8471736907959,1.1289558410644531
25.85813879966736,1.1380729675292969
25.869077682495117,1.0698204040527344
25.879992246627808,1.0953559875488281
25.890909671783447,1.1587562561035156
25.901798486709595,1.0513954162597656
25.91269016265869,1.0655632019042969
25.923781633377075,1.1474800109863281
25.934650897979736,1.0399284362792969
25.945567846298218,1.0888481140136719
25.95647430419922,1.0789871215820312
25.967387199401855,1.1802406311035156
25.978285551071167,1.0318603515625
25.989188194274902,1.0992622375488281
26.000094413757324,1.1500892639160156
26.01100754737854,1.0491485595703125
26.021918773651123,1.0654182434082031
26.03282403945923,1.1038627624511719
26.04371428489685,1.1208992004394531
26.054615259170532,1.0474853515625
26.0655255317688,1.0844306945800781
26.076433420181274,1.1740226745605469
26.087343454360962,1.0222015380859375
26.098256587982178,1.0493965148925781
26.10916519165039,1.1264381408691406
26.12006640434265,1.0983695983886719
26.130970001220703,1.0656242370605469
26.141897439956665,1.1189002990722656
26.15280032157898,1.1298103332519531
26.163694143295288,1.0578117370605469
26.174607753753662,1.0911598205566406
26.1855046749115,1.1548500061035156
26.19642186164856,1.0900077819824219
26.20733070373535,1.1071815490722656
26.21823477745056,1.1626625061035156
26.229151010513306,1.0562324523925781
26.240058660507202,1.0817909240722656
26.250958919525146,1.0702247619628906
26.261892318725586,1.1748161315917969
26.272782564163208,1.0740699768066406
26.283685445785522,1.0948600769042969
26.29459834098816,1.1481361389160156
26.305516004562378,1.0886802673339844
26.31641960144043,1.0578575134277344
26.327324867248535,1.0950126647949219
26.338229656219482,1.0674171447753906
26.34913206100464,1.0163002014160156
26.360040426254272,1.0886497497558594
26.37094283103943,1.0946540832519531
26.381847620010376,1.0339241027832031
26.392754077911377,1.0536003112792969
26.403653621673584,1.1189460754394531
26.414578437805176,1.0536651611328125
26.425483226776123,1.0669136047363281
26.436389684677124,1.1365242004394531
26.447436571121216,1.0933418273925781
26.458345413208008,1.0570220947265625
26.469254732131958,1.0960502624511719
26.480165004730225,1.1626625061035156
26.491074323654175,1.0452880859375
26.50198769569397,1.0772819519042969
26.51289677619934,1.1704750061035156
26.523789882659912,1.0888938903808594
26.534667253494263,1.0755119323730469
26.545576810836792,1.0995140075683594
26.556500673294067,1.1049613952636719
26.567405223846436,1.0811882019042969
26.57831907272339,1.0928993225097656
26.589229822158813,1.1549415588378906
26.600137948989868,1.0890007019042969
26.611056804656982,1.0534400939941406
26.621978521347046,1.1279487609863281
26.63288402557373,1.1504402160644531
26.643776655197144,1.0344200134277344
26.654682874679565,1.0905952453613281
26.665600061416626,1.1172370910644531
26.67650604248047,1.0527458190917969
26.68740725517273,1.1110877990722656
26.6983163356781,1.079742431640625
26.709243297576904,1.1355133056640625
26.720166444778442,1.0986595153808594
26.731080293655396,1.1142845153808594
26.741997718811035,1.1658935546875
26.75290846824646,1.0739326477050781
26.7638258934021,1.1247901916503906
26.77472686767578,1.1276893615722656
26.78563165664673,1.1615524291992188
26.79655647277832,1.0333099365234375
26.807472944259644,1.0803298950195312
26.81838345527649,1.1888961791992188
26.829303741455078,1.1323585510253906
26.840211153030396,1.0259971618652344
26.85112738609314,1.096099853515625
26.862049102783203,1.1949005126953125
26.873087167739868,1.080535888671875
26.88399600982666,1.1406059265136719
26.894904375076294,1.2055168151855469
26.90579867362976,1.1734161376953125
26.916651964187622,1.1981468200683594
26.927610397338867,1.1759071350097656
26.93852472305298,1.1934471130371094
26.949430465698242,1.1735191345214844
26.96033763885498,1.1801261901855469
26.971240043640137,1.2053108215332031
26.982150077819824,1.2016105651855469
26.99306631088257,1.096160888671875
27.003976345062256,1.1726226806640625
27.014893531799316,1.1803741455078125
27.025795936584473,1.1178932189941406
27.036662101745605,1.1806831359863281
27.047580003738403,1.1576423645019531
27.058488845825195,1.1698188781738281
27.069396257400513,1.1928367614746094
27.080476760864258,1.1957511901855469
27.091388463974,1.1987571716308594
27.102291107177734,1.1773796081542969
27.11320471763611,1.1832771301269531
27.124116897583008,1.0899925231933594
27.13501787185669,1.2289543151855469
27.145917654037476,1.1323585510253906
27.156806707382202,1.1993064880371094
27.16771960258484,1.1650009155273438
27.178625106811523,1.1593818664550781
27.189544439315796,1.1968536376953125
27.200453519821167,1.1639976501464844
27.211357355117798,1.1525306701660156
27.222270727157593,1.2049903869628906
27.23317551612854,1.1402969360351562
27.244091272354126,1.1996650695800781
27.254998207092285,1.2163772583007812
27.265909671783447,1.168609619140625
27.276821613311768,1.1901206970214844
27.287739038467407,1.2190742492675781
27.29864501953125,1.1399497985839844
27.30956268310547,1.2090644836425781
27.320475339889526,1.2367973327636719
27.331385850906372,1.2666816711425781
27.342291116714478,1.1515274047851562
27.353206157684326,1.1448173522949219
27.364115715026855,1.21746826171875
27.37502694129944,1.1879310607910156
27.385934352874756,1.1568832397460938
27.39684271812439,1.2279891967773438
27.407740354537964,1.239105224609375
27.41864514350891,1.135650634765625
27.42955780029297,1.1688995361328125
27.44047212600708,1.2398529052734375
27.451390981674194,1.2967453002929688
27.462297916412354,1.2221298217773438
27.473209857940674,1.2899665832519531
27.48411989212036,1.2298851013183594
27.495042085647583,1.2318954467773438
27.505950212478638,1.2224845886230469
27.51701307296753,1.2501258850097656
27.52792477607727,1.3105583190917969
27.538843870162964,1.1898841857910156
27.54979634284973,1.225433349609375
27.560704708099365,1.3164215087890625
27.571614265441895,1.2013397216796875
27.582529306411743,1.231292724609375
27.59345269203186,1.2616844177246094
27.60435652732849,1.2816200256347656
27.615293502807617,1.2201766967773438
27.626213550567627,1.2624397277832031
27.63711953163147,1.3047027587890625
27.64803719520569,1.2421150207519531
27.658956050872803,1.1711997985839844
27.669878005981445,1.207855224609375
27.680788278579712,1.3430976867675781
27.69165825843811,1.1397056579589844
27.702569007873535,1.2122611999511719
27.71347975730896,1.3492088317871094
27.72439217567444,1.1567840576171875
27.73530125617981,1.2377548217773438
27.746217966079712,1.2311363220214844
27.757122039794922,1.2554130554199219
27.768035650253296,1.2282371520996094
27.77895426750183,1.2421607971191406
27.78986668586731,1.3081092834472656
27.800786018371582,1.2399559020996094
27.811702013015747,1.1765632629394531
27.82262349128723,1.2471656799316406
27.833533763885498,1.2598838806152344
27.84444832801819,1.2010879516601562
27.855342626571655,1.2380027770996094
27.866260528564453,1.3351020812988281
27.87718152999878,1.1335983276367188
27.88809108734131,1.2380027770996094
27.899023294448853,1.2335968017578125
27.90994954109192,1.258636474609375
27.920862197875977,1.2299423217773438
27.931753635406494,1.243865966796875
27.94272541999817,1.2921905517578125
27.953680992126465,1.2182235717773438
27.964652061462402,1.1506767272949219
27.975598573684692,1.2290916442871094
27.986501932144165,1.2498703002929688
27.997446537017822,1.2152748107910156
28.008383989334106,1.2494735717773438
28.019357442855835,1.2654953002929688
28.030266523361206,1.1542739868164062
28.04117441177368,1.2533798217773438
28.05212712287903,1.2072563171386719
28.06304931640625,1.2514266967773438
28.07396936416626,1.2702522277832031
28.084882020950317,1.2459640502929688
28.095773935317993,1.2967414855957031
28.10664653778076,1.2741584777832031
28.117558479309082,1.2120094299316406
28.12846565246582,1.2323951721191406
28.139376640319824,1.2942771911621094
28.150285482406616,1.1713523864746094
28.161192893981934,1.22198486328125
28.172090768814087,1.2557296752929688
28.182989597320557,1.3070106506347656
28.193915128707886,1.1987953186035156
28.20482325553894,1.2244834899902344
28.215713500976562,1.2089576721191406
28.226619482040405,1.2384376525878906
28.23752498626709,1.2607955932617188
28.248432159423828,1.2571792602539062
28.25935459136963,1.2463111877441406
28.270264863967896,1.2530250549316406
28.281180143356323,1.2048606872558594
28.29209303855896,1.2757148742675781
28.302998542785645,1.2901191711425781
28.313917636871338,1.2548179626464844
28.324825286865234,1.2839241027832031
28.335726261138916,1.2981834411621094
28.346626043319702,1.19268798828125
28.357533931732178,1.2550697326660156
28.368444681167603,1.2064399719238281
28.37936496734619,1.2101631164550781
28.390269994735718,1.3043937683105469
28.401174068450928,1.2674484252929688
28.412081718444824,1.22003173828125
28.422999382019043,1.2752609252929688
28.433900117874146,1.2065048217773438
28.444785594940186,1.2761116027832031
28.455655813217163,1.2596397399902344
28.466567277908325,1.2165184020996094
28.477477312088013,1.2409553527832031
28.48840045928955,1.2664375305175781
28.49930715560913,1.2432594299316406
28.510209798812866,1.2347908020019531
28.52113652229309,1.2972450256347656
28.532045602798462,1.1948890686035156
28.54294776916504,1.2598838806152344
28.553862810134888,1.2733078002929688
28.56475806236267,1.2049064636230469
28.575647592544556,1.2679481506347656
28.586559057235718,1.2475090026855469
28.59746551513672,1.2546272277832031
28.608377695083618,1.2251853942871094
28.619291305541992,1.2719535827636719
28.63019561767578,1.2165184020996094
28.641120195388794,1.241058349609375
28.652024269104004,1.2398529052734375
28.662938117980957,1.1905860900878906
28.67384386062622,1.2891807556152344
28.68474292755127,1.1948890686035156
28.69564390182495,1.2637901306152344
28.706653594970703,1.2933387756347656
28.71756649017334,1.1850624084472656
28.728472471237183,1.2493705749511719
28.739378690719604,1.2284889221191406
28.750276803970337,1.2404594421386719
28.76117968559265,1.2652473449707031
28.77207899093628,1.2702522277832031
28.782979726791382,1.210662841796875
28.79388976097107,1.2315444946289062
28.804775714874268,1.2731513977050781
28.815669775009155,1.1392059326171875
28.826576232910156,1.2377548217773438
28.837483167648315,1.2372779846191406
28.848389148712158,1.2718925476074219
28.85929226875305,1.2396049499511719
28.870193243026733,1.2025566101074219
28.88109827041626,1.2441902160644531
28.892009258270264,1.2281303405761719
28.902912616729736,1.2125663757324219
28.91380524635315,1.2398490905761719
28.924710988998413,1.2564125061035156
28.935612201690674,1.2261772155761719
28.946521043777466,1.2243309020996094
28.95744013786316,1.2615852355957031
28.968341827392578,1.2871208190917969
28.979246854782104,1.2424049377441406
28.990146160125732,1.2769508361816406
29.001042127609253,1.3083572387695312
29.011969804763794,1.3468666076660156
29.02289891242981,1.2909317016601562
29.03384041786194,1.3269386291503906
29.04472804069519,1.3468666076660156
29.05562138557434,1.3248176574707031
29.0665225982666,1.3341484069824219
29.077425241470337,1.3975410461425781
29.088332653045654,1.4593315124511719
29.099239110946655,1.4307861328125
29.11014986038208,1.4531631469726562
29.121053218841553,1.5260848999023438
29.131959199905396,1.340911865234375
29.142858743667603,1.35076904296875
29.153764963150024,1.3541831970214844
29.16468048095703,1.3855781555175781
29.175595998764038,1.422576904296875
29.1865074634552,1.3640937805175781
29.19741725921631,1.4267387390136719
29.208333015441895,1.4742584228515625
29.219253301620483,1.3503608703613281
29.23016858100891,1.3320960998535156
29.24107265472412,1.4044952392578125
29.251991748809814,1.4312553405761719
29.262909173965454,1.43743896484375
29.27380609512329,1.4696578979492188
29.284714937210083,1.4623374938964844
29.295620918273926,1.4543342590332031
29.306535720825195,1.5244483947753906
29.317469358444214,1.5280380249023438
29.328388452529907,1.5115547180175781
29.33931279182434,1.5715293884277344
29.350226879119873,1.5735435485839844
29.361147165298462,1.6404914855957031
29.372108459472656,1.6138114929199219
29.383028030395508,1.5987358093261719
29.393963098526,1.2762527465820312
29.40488028526306,0.9595489501953125
29.415778875350952,0.9575958251953125
29.426680088043213,0.9514846801757812
29.437592029571533,0.942474365234375
29.448495149612427,0.943572998046875
29.45941185951233,0.945526123046875
29.470327377319336,0.949676513671875
29.481232166290283,0.953582763671875
29.49214005470276,0.955535888671875
29.503048419952393,0.959442138671875
29.513959169387817,0.963348388671875
29.524884462356567,0.965301513671875
29.5357768535614,0.969207763671875
29.54668664932251,0.973114013671875
29.557621955871582,0.975067138671875
29.56853222846985,0.9777145385742188
29.579445838928223,1.0168304443359375
29.590357542037964,1.018585205078125
29.601264238357544,1.026397705078125
29.61217498779297,1.032257080078125
29.62315797805786,1.040069580078125
29.63411569595337,1.047882080078125
29.645025491714478,1.0561904907226562
29.65597653388977,1.0753707885742188
29.666934967041016,1.1054153442382812
29.67790150642395,1.1268997192382812
29.688869953155518,1.0901412963867188
29.699828624725342,1.1329078674316406
29.710752487182617,1.1543922424316406
29.721713542938232,1.1839332580566406
29.73262882232666,1.1498832702636719
29.743536472320557,1.1268043518066406
29.75443959236145,1.0675621032714844
29.765348434448242,1.1073722839355469
29.776256322860718,1.1288490295410156
29.787161588668823,1.1223945617675781
29.79806113243103,1.1485328674316406
29.808972120285034,1.1780738830566406
29.819889068603516,1.1273956298828125
29.830781936645508,1.1184883117675781
29.841689825057983,1.0851402282714844
29.852623462677002,1.0911445617675781
29.8635356426239,1.1465187072753906
29.874449253082275,1.1608619689941406
29.88545536994934,1.1618537902832031
29.89636516571045,1.1716804504394531
29.907294511795044,1.136871337890625
29.918220281600952,1.1901016235351562
29.92915415763855,1.201904296875
29.94007110595703,1.2184524536132812
29.950985193252563,1.2228469848632812
29.961897134780884,1.2667694091796875
29.972789525985718,1.2393150329589844
29.983808517456055,1.239410400390625
29.99473285675049,1.2723236083984375
30.005634307861328,1.3076248168945312
30.016558170318604,1.3790969848632812
30.027511596679688,1.3240890502929688
30.03843092918396,1.2765655517578125
30.049341440200806,0.6805000305175781
30.060247659683228,0.6805000305175781
30.071151971817017,0.6805000305175781
30.082064151763916,0.6805000305175781
30.09297013282776,0.6805000305175781
30.103883028030396,0.6805000305175781
30.114784002304077,0.6805000305175781
30.12565779685974,0.6805000305175781
30.13657307624817,0.6805000305175781
30.147475004196167,0.6805000305175781
30.158379554748535,0.6805000305175781
30.16928482055664,0.6805000305175781
30.180192708969116,0.6805000305175781
30.191096305847168,0.6805000305175781
30.201995849609375,0.6805000305175781
30.2128963470459,0.6805000305175781
30.22378706932068,0.6805000305175781
30.234682083129883,0.6805000305175781
30.245590925216675,0.6805000305175781
30.25649642944336,0.6805000305175781
30.267394304275513,0.6805000305175781
30.27829122543335,0.6805000305175781
30.28920078277588,0.6805000305175781
30.300133228302002,0.6805000305175781
30.31104278564453,0.6805000305175781
30.32194757461548,0.6805000305175781
30.33286428451538,0.6805000305175781
30.343749046325684,0.6805000305175781
30.354642629623413,0.6805000305175781
30.365558862686157,0.6805000305175781
30.37646722793579,0.6805000305175781
30.387365341186523,0.6805000305175781
30.39827799797058,0.6805000305175781
30.409183263778687,0.6805000305175781
30.420098781585693,0.6805000305175781
30.43100643157959,0.6805000305175781
30.441928148269653,0.6805000305175781
30.45282530784607,0.6805000305175781
30.463721990585327,0.6805000305175781
30.474629878997803,0.6805000305175781
30.4855535030365,0.6805000305175781
30.496459245681763,0.6805000305175781
30.5073721408844,0.6805000305175781
30.518279314041138,0.6805000305175781
30.52918291091919,0.6805000305175781
30.54008412361145,0.6805000305175781
30.550989866256714,0.6805000305175781
30.561896562576294,0.6805000305175781
30.57278537750244,0.6805000305175781
30.583674430847168,0.6805000305175781
30.594584941864014,0.6805000305175781
30.605490922927856,0.6805000305175781
30.61639380455017,0.6805000305175781
30.627299308776855,0.6805000305175781
30.63820481300354,0.6805000305175781
30.64911437034607,0.6805000305175781
30.66002607345581,0.6805000305175781
30.670931816101074,0.6805000305175781
30.681841611862183,0.6805000305175781
30.692735195159912,0.6805000305175781
30.70363998413086,0.6805000305175781
30.714585304260254,0.6805000305175781
30.725504398345947,0.6805000305175781
30.736408472061157,0.6805000305175781
30.747321844100952,0.6805000305175781
30.758225679397583,0.6805000305175781
30.769128561019897,0.6805000305175781
30.78003191947937,0.6805000305175781
30.790929317474365,0.6805000305175781
30.801828622817993,0.6805000305175781
30.81271719932556,0.6805000305175781
30.82362151145935,0.6805000305175781
30.83453369140625,0.6805000305175781
30.8454372882843,0.6805000305175781
30.85634756088257,0.6805000305175781
30.867255687713623,0.6805000305175781
30.878164052963257,0.6805000305175781
30.889073133468628,0.6805000305175781
30.899975061416626,0.6805000305175781
30.91089391708374,0.6805000305175781
30.921783208847046,0.6805000305175781
30.932687520980835,0.6805000305175781
30.943598985671997,0.6805000305175781
30.954506397247314,0.6805000305175781
30.96541714668274,0.6805000305175781
30.97632670402527,0.6805000305175781
30.987244367599487,0.6805000305175781
30.998159885406494,0.6805000305175781
31.00906538963318,0.6805000305175781
31.019970893859863,0.6805000305175781
31.030876636505127,0.6805000305175781
31.041767120361328,0.6805000305175781
31.052668809890747,0.6805000305175781
31.063575506210327,0.6805000305175781
31.0744891166687,0.6805000305175781
31.085402965545654,0.6805000305175781
31.09631586074829,0.6805000305175781
31.107221603393555,0.6805000305175781
31.118130922317505,0.6805000305175781
31.129042148590088,0.6805000305175781
31.139949560165405,0.6805000305175781
31.1508686542511,0.6805000305175781
31.161762952804565,0.6805000305175781
31.172663688659668,0.6805000305175781
31.183576107025146,0.6805000305175781
31.194496393203735,0.6805000305175781
31.205408573150635,0.6805000305175781
31.216312408447266,0.6805000305175781
31.227227210998535,0.6805000305175781
31.23813486099243,0.6805000305175781
31.249046802520752,0.6805000305175781
31.259947776794434,0.6805000305175781
31.270850658416748,0.6805000305175781
31.28173851966858,0.6805000305175781
31.292775630950928,0.6805000305175781
31.303675413131714,0.6805000305175781
31.314626693725586,0.6805000305175781
31.325538635253906,0.6805000305175781
31.336453914642334,0.6805000305175781
31.34736180305481,0.6805000305175781
31.35827946662903,0.6805000305175781
31.369184970855713,0.6805000305175781
31.380090713500977,0.6805000305175781
31.391003131866455,0.6805000305175781
31.401915311813354,0.6805000305175781
31.412824392318726,0.6805000305175781
31.42372465133667,0.6805000305175781
31.434631824493408,0.6805000305175781
31.44554305076599,0.6805000305175781
31.456456661224365,0.6805000305175781
31.467363595962524,0.6805000305175781
31.47827410697937,0.6805000305175781
31.48917865753174,0.6805000305175781
31.500083923339844,0.6805000305175781
31.51099181175232,0.6805000305175781
31.52190136909485,0.6805000305175781
31.532793760299683,0.6805000305175781
31.543652772903442,0.6805000305175781
31.55456256866455,0.6805000305175781
31.56547451019287,0.6805000305175781
31.576382875442505,0.6805000305175781
31.587295055389404,0.6805000305175781
31.598198890686035,0.6805000305175781
31.609107971191406,0.6805000305175781
31.620017766952515,0.6805000305175781
31.63092875480652,0.6805000305175781
31.64182686805725,0.6805000305175781
31.65272068977356,0.6805000305175781
31.6636221408844,0.6805000305175781
31.674537181854248,0.6805000305175781
31.685452461242676,0.6805000305175781
31.696382999420166,0.6805000305175781
31.70729088783264,0.6805000305175781
31.718199729919434,0.6805000305175781
31.729106426239014,0.6805000305175781
31.740012168884277,0.6805000305175781
31.750924110412598,0.6805000305175781
31.76183581352234,0.6805000305175781
31.77272915840149,0.6805000305175781
31.783635139465332,0.6805000305175781
31.794552326202393,0.6805000305175781
31.805461168289185,0.6805000305175781
31.816375255584717,0.6805000305175781
31.827316999435425,0.6805000305175781
31.838216304779053,0.6805000305175781
31.849114418029785,0.6805000305175781
31.860023975372314,0.6805000305175781
31.870932817459106,0.6805000305175781
31.881842374801636,0.6805000305175781
31.89273738861084,0.6805000305175781
31.903640747070312,0.6805000305175781
31.914557933807373,0.6805000305175781
31.925477266311646,0.6805000305175781
31.93640899658203,0.6805000305175781
31.947323083877563,0.6805000305175781
31.95824432373047,0.6805000305175781
31.969149112701416,0.6805000305175781
31.980064868927002,0.6805000305175781
31.990998029708862,0.6805000305175781
32.00190043449402,0.6805000305175781
32.0127968788147,0.6805000305175781
32.0237078666687,0.6805000305175781
32.034616470336914,0.6805000305175781
32.045528411865234,0.6805000305175781
32.05643939971924,0.6805000305175781
32.067357540130615,0.6805000305175781
32.07827687263489,0.6805000305175781
32.08922505378723,0.6805000305175781
32.10013818740845,0.6805000305175781
32.111058712005615,0.6805000305175781
32.12197780609131,0.6805000305175781
32.13290023803711,0.6805000305175781
32.14379811286926,0.6805000305175781
32.15469431877136,0.6805000305175781
32.16561579704285,0.6805000305175781
32.17653274536133,0.6805000305175781
32.18746566772461,0.6805000305175781
32.19836759567261,0.6805000305175781
32.20933127403259,0.6805000305175781
32.22024464607239,0.6805000305175781
32.23114776611328,0.6805000305175781
32.24205756187439,0.6805000305175781
32.252976179122925,0.6805000305175781
32.263887882232666,0.6805000305175781
32.27480387687683,0.6805000305175781
32.28573179244995,0.6805000305175781
32.29664182662964,0.6805000305175781
32.307552099227905,0.6805000305175781
32.31849718093872,0.6805000305175781
32.32945799827576,0.6805000305175781
32.34042930603027,0.6805000305175781
32.351402282714844,0.6805000305175781
32.36230230331421,0.6805000305175781
32.373263120651245,0.6805000305175781
32.384215116500854,0.6805000305175781
32.39558696746826,0.6805000305175781
32.40653204917908,0.6805000305175781
32.417452573776245,0.6805000305175781
32.42841196060181,0.6805000305175781
32.439345836639404,0.6805000305175781
32.450257778167725,0.6805000305175781
32.46116352081299,0.6805000305175781
32.472073793411255,0.6805000305175781
32.48299217224121,0.6805000305175781
32.49391460418701,0.6805000305175781
32.50482702255249,0.6805000305175781
32.51572823524475,0.6805000305175781
32.52663993835449,0.6805000305175781
32.53756237030029,0.6805000305175781
32.54847264289856,0.6805000305175781
32.55940055847168,0.6805000305175781
32.570313453674316,0.6805000305175781
32.581231117248535,0.6805000305175781
32.592142820358276,0.6805000305175781
32.603052377700806,0.6805000305175781
32.61397123336792,0.6805000305175781
32.62488579750061,0.6805000305175781
32.63578820228577,0.6805000305175781
32.64668560028076,0.6805000305175781
32.65760326385498,0.6805000305175781
32.668529748916626,0.6805000305175781
32.679439544677734,0.6805000305175781
32.690351724624634,0.6805000305175781
32.701273918151855,0.6805000305175781
32.71220016479492,0.6805000305175781
32.72311568260193,0.6805000305175781
32.734041929244995,0.6805000305175781
32.744959115982056,0.6805000305175781
32.75585746765137,0.6805000305175781
32.766754388809204,0.6805000305175781
32.7776517868042,0.6805000305175781
32.78858160972595,0.6805000305175781
32.79948854446411,0.6805000305175781
32.81042551994324,0.6805000305175781
32.821332931518555,0.6805000305175781
32.83224010467529,0.6805000305175781
32.84315347671509,0.6805000305175781
32.8540620803833,0.6805000305175781
32.86509370803833,0.6805000305175781
32.87600231170654,0.6805000305175781
32.88691306114197,0.6805000305175781
32.8977997303009,0.6805000305175781
32.90869450569153,0.6805000305175781
32.91960597038269,0.6805000305175781
32.930511713027954,0.6805000305175781
32.941410541534424,0.6805000305175781
32.95231056213379,0.6805000305175781
32.96321988105774,0.6805000305175781
32.97412848472595,0.6805000305175781
32.98503541946411,0.6805000305175781
32.99596118927002,0.6805000305175781
33.00689482688904,0.6805000305175781
33.01778721809387,0.6805000305175781
33.028685092926025,0.6805000305175781
33.039599895477295,0.6805000305175781
33.05050706863403,0.6805000305175781
33.06140899658203,0.6805000305175781
33.07231688499451,0.6805000305175781
33.0832359790802,0.6805000305175781
33.094149351119995,0.6805000305175781
33.10505938529968,0.5690040588378906
33.11597752571106,0.5687446594238281
33.12688398361206,0.5687446594238281
33.137779712677,0.5687446594238281
33.148682594299316,0.5687446594238281
33.15959668159485,0.5687446594238281
33.17050385475159,0.5687446594238281
33.18141770362854,0.5687446594238281
33.19234490394592,0.5687446594238281
33.20325589179993,0.5687446594238281
33.21416687965393,0.5687446594238281
33.22508883476257,0.5687446594238281
33.23599338531494,0.5687446594238281
33.246907472610474,0.5687446594238281
33.2578022480011,0.5687446594238281
33.26870846748352,0.5687446594238281
33.279616594314575,0.5687446594238281
33.290526151657104,0.5687446594238281
33.30143976211548,0.5687446594238281
33.31234622001648,0.5687446594238281
33.32325315475464,0.5687446594238281
33.3341588973999,0.5687446594238281
33.34506630897522,0.5687446594238281
33.35597562789917,0.5687446594238281
33.36687779426575,0.5687446594238281
33.37777590751648,0.5687446594238281
33.388673067092896,0.5687446594238281
33.39958930015564,0.5687446594238281
33.41051530838013,0.5687446594238281
33.42141819000244,0.5687446594238281
33.43232464790344,0.5687446594238281
33.44322943687439,0.5687446594238281
33.45413136482239,0.5687446594238281
33.465036392211914,0.5687446594238281
33.47594714164734,0.5687446594238281
33.486852407455444,0.5687446594238281
33.49774384498596,0.5687446594238281
33.50865864753723,0.5687446594238281
33.519580602645874,0.5687446594238281
33.53049159049988,0.5687446594238281
33.54139447212219,0.5687446594238281
33.552300691604614,0.5687446594238281
33.5632119178772,0.5687446594238281
33.57413196563721,0.5687446594238281
33.585044622421265,0.5687446594238281
33.595953941345215,0.5687446594238281
33.60686278343201,0.5687446594238281
33.617753744125366,0.5687446594238281
33.62864637374878,0.5687446594238281
33.63954949378967,0.5687446594238281
33.650455951690674,0.5687446594238281
33.66136860847473,0.5687446594238281
33.67229151725769,0.5687446594238281
33.68320298194885,0.5687446594238281
33.694101095199585,0.5687446594238281
33.70499849319458,0.5687446594238281
33.71591401100159,0.5687446594238281
33.726808071136475,0.5036468505859375
33.73780012130737,0.1784515380859375
33.74865913391113,0.17853546142578125
33.75961184501648,0.17853546142578125
33.770381927490234,0.17859649658203125
33.78114724159241,0.17859649658203125
33.791906118392944,0.17859649658203125
33.802651166915894,0.17859649658203125
33.81343150138855,0.17859649658203125
33.82419013977051,0.17866897583007812
33.83494782447815,0.17866897583007812
33.84569025039673,0.17866897583007812
33.85646176338196,0.17866897583007812
33.86722373962402,0.1786956787109375
33.87798571586609,0.1786956787109375
33.88872933387756,0.1787567138671875
33.89948391914368,0.1787567138671875
33.91024708747864,0.1787567138671875
33.921013593673706,0.1787567138671875
33.93176555633545,0.1787567138671875
33.942511796951294,0.17876815795898438
33.95328187942505,0.17876815795898438
33.964035749435425,0.17876815795898438
33.9747896194458,0.17946243286132812
33.98549699783325,0.0
33.99626183509827,0.0
34.00764298439026,0.0
