t_sec,rss_gib
0.006982564926147461,0.00543212890625
0.018813133239746094,0.0097503662109375
0.030164241790771484,0.0107574462890625
0.04147839546203613,0.01183319091796875
0.05272531509399414,0.01873779296875
0.06421542167663574,0.019641876220703125
0.07552695274353027,0.02152252197265625
0.08685064315795898,0.02236175537109375
0.09814810752868652,0.022979736328125
0.10944128036499023,0.022979736328125
0.12093997001647949,0.022979736328125
0.13253283500671387,0.022979736328125
0.14383172988891602,0.022979736328125
0.15502047538757324,0.022979736328125
0.16657233238220215,0.022979736328125
0.17795085906982422,0.022979736328125
0.18954849243164062,0.022979736328125
0.2009589672088623,0.022979736328125
0.2122507095336914,0.022979736328125
0.22375869750976562,0.022979736328125
0.235121488571167,0.022979736328125
0.2466292381286621,0.022979736328125
0.25783252716064453,0.022979736328125
0.26904940605163574,0.022979736328125
0.280487060546875,0.022979736328125
0.29169344902038574,0.022979736328125
0.3030526638031006,0.022979736328125
0.31423068046569824,0.022979736328125
0.3254988193511963,0.022979736328125
0.33699774742126465,0.022979736328125
0.3486673831939697,0.022979736328125
0.3601410388946533,0.022979736328125
0.371567964553833,0.022979736328125
0.3830726146697998,0.022979736328125
0.39441418647766113,0.022979736328125
0.40561771392822266,0.022979736328125
0.4168121814727783,0.022979736328125
0.4281027317047119,0.022979736328125
0.4394865036010742,0.022979736328125
0.4507713317871094,0.022979736328125
0.4620485305786133,0.022979736328125
0.47346997261047363,0.022979736328125
0.48470234870910645,0.022979736328125
0.4962277412414551,0.022979736328125
0.5076031684875488,0.022979736328125
0.5191600322723389,0.022979736328125
0.5305724143981934,0.022979736328125
0.541862964630127,0.024383544921875
0.5531737804412842,0.02550506591796875
0.5644688606262207,0.026302337646484375
0.5760273933410645,0.02690887451171875
0.5873188972473145,0.02690887451171875
0.5985136032104492,0.02690887451171875
0.6101169586181641,0.02690887451171875
0.6216244697570801,0.02690887451171875
0.6331641674041748,0.02690887451171875
0.6448194980621338,0.02690887451171875
0.6565418243408203,0.02690887451171875
0.6682279109954834,0.02690887451171875
0.6796717643737793,0.02690887451171875
0.6911861896514893,0.02690887451171875
0.7026827335357666,0.02690887451171875
0.7140829563140869,0.02690887451171875
0.7253460884094238,0.02690887451171875
0.7368004322052002,0.02690887451171875
0.7484662532806396,0.02690887451171875
0.7599411010742188,0.02690887451171875
0.771245002746582,0.02690887451171875
0.7825219631195068,0.02690887451171875
0.7939715385437012,0.02690887451171875
0.8052570819854736,0.02690887451171875
0.8165452480316162,0.02690887451171875
0.8281445503234863,0.02690887451171875
0.8394298553466797,0.02690887451171875
0.8507235050201416,0.02690887451171875
0.8621878623962402,0.02690887451171875
0.8734772205352783,0.02690887451171875
0.8846747875213623,0.02690887451171875
0.896019458770752,0.02690887451171875
0.907463550567627,0.02690887451171875
0.9189298152923584,0.02690887451171875
0.9304380416870117,0.0272369384765625
0.9419488906860352,0.0272369384765625
0.9533627033233643,0.0272369384765625
0.9647245407104492,0.0272369384765625
0.9761888980865479,0.0272369384765625
0.9875044822692871,0.0272369384765625
0.9989941120147705,0.0272369384765625
1.010420322418213,0.0272369384765625
1.0219933986663818,0.0272369384765625
1.0334796905517578,0.0272369384765625
1.0450398921966553,0.027256011962890625
1.0562353134155273,0.027256011962890625
1.0675280094146729,0.027256011962890625
1.0790033340454102,0.027256011962890625
1.0905017852783203,0.027256011962890625
1.1018650531768799,0.027256011962890625
1.1131479740142822,0.027256011962890625
1.1245918273925781,0.027256011962890625
1.135887861251831,0.027256011962890625
1.1471590995788574,0.027256011962890625
1.1584959030151367,0.027256011962890625
1.1698520183563232,0.027256011962890625
1.1812214851379395,0.027256011962890625
1.192408800125122,0.027256011962890625
1.2036433219909668,0.027256011962890625
1.2153716087341309,0.027256011962890625
1.2269246578216553,0.027256011962890625
1.238748550415039,0.027256011962890625
1.2500553131103516,0.027256011962890625
1.2616324424743652,0.027256011962890625
1.272932529449463,0.027256011962890625
1.284425973892212,0.027256011962890625
1.2956418991088867,0.027256011962890625
1.30694580078125,0.027256011962890625
1.3183209896087646,0.027439117431640625
1.329848051071167,0.027439117431640625
1.3412015438079834,0.027439117431640625
1.352938175201416,0.027439117431640625
1.3646016120910645,0.027439117431640625
1.3760547637939453,0.027439117431640625
1.3875844478607178,0.027439117431640625
1.3987689018249512,0.027439117431640625
1.4102153778076172,0.027439117431640625
1.4216647148132324,0.027439117431640625
1.4329853057861328,0.02832794189453125
1.444279432296753,0.028591156005859375
1.4555644989013672,0.02931976318359375
1.4670374393463135,0.0300750732421875
1.478339672088623,0.03094482421875
1.4898464679718018,0.03094482421875
1.5012619495391846,0.031795501708984375
1.5128991603851318,0.032489776611328125
1.5243449211120605,0.033237457275390625
1.535646677017212,0.033237457275390625
1.547020673751831,0.033237457275390625
1.5582311153411865,0.033237457275390625
1.5694286823272705,0.033237457275390625
1.581026554107666,0.033237457275390625
1.5922191143035889,0.033237457275390625
1.6037797927856445,0.033237457275390625
1.6153104305267334,0.033237457275390625
1.6265017986297607,0.033237457275390625
1.637819766998291,0.033237457275390625
1.6493830680847168,0.033237457275390625
1.6610865592956543,0.033237457275390625
1.6728007793426514,0.033237457275390625
1.6840910911560059,0.033237457275390625
1.6958742141723633,0.033237457275390625
1.7074370384216309,0.033237457275390625
1.7188637256622314,0.033237457275390625
1.7301480770111084,0.033237457275390625
1.741448163986206,0.033237457275390625
1.7529010772705078,0.033237457275390625
1.7644925117492676,0.033237457275390625
1.775770664215088,0.033237457275390625
1.7871310710906982,0.033237457275390625
1.7983160018920898,0.033237457275390625
1.809783697128296,0.033237457275390625
1.8211400508880615,0.033237457275390625
1.8323266506195068,0.033237457275390625
1.8438494205474854,0.033237457275390625
1.8551850318908691,0.033237457275390625
1.8664536476135254,0.033237457275390625
1.877807378768921,0.033237457275390625
1.8891005516052246,0.033237457275390625
1.9007396697998047,0.033237457275390625
1.9121026992797852,0.033237457275390625
1.9237096309661865,0.033237457275390625
1.9350030422210693,0.033237457275390625
1.9465506076812744,0.0337677001953125
1.957838535308838,0.034198760986328125
1.969254732131958,0.03470611572265625
1.9805798530578613,0.0349884033203125
1.991870641708374,0.03525543212890625
2.0031421184539795,0.03525543212890625
2.0146961212158203,0.035671234130859375
2.0259811878204346,0.0357666015625
2.0372886657714844,0.036014556884765625
2.04866361618042,0.036739349365234375
2.060133457183838,0.0406646728515625
2.0713346004486084,0.04116058349609375
2.0827155113220215,0.041172027587890625
2.0941030979156494,0.04141998291015625
2.1053950786590576,0.0426177978515625
2.1167078018188477,0.0437164306640625
2.128321647644043,0.0446014404296875
2.139594793319702,0.04510498046875
2.150789260864258,0.0456085205078125
2.1619791984558105,0.046421051025390625
2.173335552215576,0.046421051025390625
2.1845178604125977,0.046421051025390625
2.196016788482666,0.046421051025390625
2.20723819732666,0.046421051025390625
2.218665599822998,0.046421051025390625
2.2298507690429688,0.046421051025390625
2.2411015033721924,0.046421051025390625
2.2525906562805176,0.046421051025390625
2.264289140701294,0.046421051025390625
2.2756154537200928,0.046421051025390625
2.286973237991333,0.046421051025390625
2.2981948852539062,0.046421051025390625
2.3099701404571533,0.046421051025390625
2.3214690685272217,0.046421051025390625
2.3330740928649902,0.047222137451171875
2.3447840213775635,0.047473907470703125
2.356487274169922,0.049663543701171875
2.36792254447937,0.0526123046875
2.3795626163482666,0.052806854248046875
2.390869617462158,0.053558349609375
2.4023637771606445,0.054050445556640625
2.413661479949951,0.054691314697265625
2.4249520301818848,0.055179595947265625
2.4365131855010986,0.055179595947265625
2.447948455810547,0.055179595947265625
2.4592981338500977,0.055179595947265625
2.4705445766448975,0.055179595947265625
2.482032537460327,0.055179595947265625
2.4937801361083984,0.055179595947265625
2.5049757957458496,0.055179595947265625
2.516383171081543,0.055179595947265625
2.5276546478271484,0.055179595947265625
2.539132595062256,0.055179595947265625
2.5505378246307373,0.05626678466796875
2.561850070953369,0.057987213134765625
2.5731492042541504,0.059009552001953125
2.584538221359253,0.0597381591796875
2.595877170562744,0.0597381591796875
2.6071856021881104,0.061309814453125
2.6185731887817383,0.0634765625
2.6298654079437256,0.0646209716796875
2.641162395477295,0.06483078002929688
2.6524574756622314,0.06496047973632812
2.6638054847717285,0.06496047973632812
2.6753668785095215,0.06496047973632812
2.6867306232452393,0.06496047973632812
2.6982712745666504,0.06496047973632812
2.709888219833374,0.06496047973632812
2.7211809158325195,0.06496047973632812
2.7324793338775635,0.06496047973632812
2.7441630363464355,0.06496047973632812
2.755824089050293,0.06496047973632812
2.767397880554199,0.06496047973632812
2.7788636684417725,0.06496047973632812
2.790411949157715,0.06496047973632812
2.8018627166748047,0.06496047973632812
2.813143253326416,0.06496047973632812
2.824636220932007,0.06496047973632812
2.836129665374756,0.06496047973632812
2.847459316253662,0.06496047973632812
2.858877658843994,0.06682205200195312
2.8702552318573,0.06762313842773438
2.8815386295318604,0.06772994995117188
2.892946481704712,0.06877517700195312
2.904268264770508,0.06911468505859375
2.9155635833740234,0.06974029541015625
2.9268476963043213,0.06989288330078125
2.938164234161377,0.07181930541992188
2.949735403060913,0.07181930541992188
2.9610097408294678,0.07181930541992188
2.972569465637207,0.07181930541992188
2.9840526580810547,0.07181930541992188
2.9955685138702393,0.07181930541992188
3.0067543983459473,0.07181930541992188
3.0185370445251465,0.07181930541992188
3.0300447940826416,0.07181930541992188
3.0413930416107178,0.07181930541992188
3.052635908126831,0.07181930541992188
3.064133882522583,0.07181930541992188
3.075716495513916,0.07181930541992188
3.08709716796875,0.07181930541992188
3.0982847213745117,0.07181930541992188
3.109710216522217,0.07181930541992188
3.121389865875244,0.07181930541992188
3.1329219341278076,0.07181930541992188
3.1442129611968994,0.07181930541992188
3.155773162841797,0.07181930541992188
3.167041540145874,0.07244110107421875
3.1782238483428955,0.07293319702148438
3.1894280910491943,0.07318878173828125
3.2007555961608887,0.07439041137695312
3.2122366428375244,0.0751495361328125
3.2236430644989014,0.0751495361328125
3.235166549682617,0.0751495361328125
3.2463533878326416,0.0751495361328125
3.257744550704956,0.0751495361328125
3.269340753555298,0.0751495361328125
3.280649423599243,0.0751495361328125
3.2922801971435547,0.0751495361328125
3.303554058074951,0.0751495361328125
3.3151118755340576,0.0751495361328125
3.326392889022827,0.0751495361328125
3.3376901149749756,0.0751495361328125
3.349010944366455,0.07541656494140625
3.3605005741119385,0.07642745971679688
3.371792793273926,0.07653427124023438
3.3830814361572266,0.07710647583007812
3.3944764137268066,0.07740020751953125
3.4057695865631104,0.0776519775390625
3.417243242263794,0.078155517578125
3.428541898727417,0.0799713134765625
3.43984317779541,0.0809173583984375
3.451411247253418,0.08155441284179688
3.462851047515869,0.08213043212890625
3.47432804107666,0.08213043212890625
3.4859347343444824,0.084259033203125
3.497342109680176,0.08515548706054688
3.508683919906616,0.08540725708007812
3.5200212001800537,0.08565902709960938
3.531391143798828,0.08591079711914062
3.542881727218628,0.08591079711914062
3.554185628890991,0.08650970458984375
3.56603741645813,0.08698272705078125
3.577324628829956,0.08698272705078125
3.588762044906616,0.08698272705078125
3.6000471115112305,0.08698272705078125
3.6114723682403564,0.08698272705078125
3.6227221488952637,0.08698272705078125
3.6339738368988037,0.08698272705078125
3.6452760696411133,0.08698272705078125
3.6569082736968994,0.08698272705078125
3.6683712005615234,0.08698272705078125
3.6797685623168945,0.08698272705078125
3.690960645675659,0.08698272705078125
3.702157497406006,0.08698272705078125
3.713714122772217,0.08698272705078125
3.7255287170410156,0.08698272705078125
3.7371671199798584,0.08720779418945312
3.7487640380859375,0.08798599243164062
3.760366678237915,0.08848953247070312
3.7718327045440674,0.08884811401367188
3.7833988666534424,0.08943557739257812
3.794689893722534,0.0898284912109375
3.8060319423675537,0.0908203125
3.8173234462738037,0.09093475341796875
3.828619956970215,0.09093475341796875
3.8399622440338135,0.09093475341796875
3.8512864112854004,0.09093475341796875
3.862576484680176,0.09093475341796875
3.873974323272705,0.09093475341796875
3.8852791786193848,0.09093475341796875
3.8965673446655273,0.09093475341796875
3.9079549312591553,0.09093475341796875
3.9191694259643555,0.09093475341796875
3.930377960205078,0.09093475341796875
3.9417176246643066,0.09093475341796875
3.953089475631714,0.09093475341796875
3.9646215438842773,0.09093475341796875
3.9759223461151123,0.09134292602539062
3.987164258956909,0.09134292602539062
3.9983561038970947,0.09134292602539062
4.009880304336548,0.09134292602539062
4.021072626113892,0.09134292602539062
4.032225847244263,0.09134292602539062
4.043556451797485,0.09159469604492188
4.055022954940796,0.09184646606445312
4.066687345504761,0.09328842163085938
4.078299283981323,0.09328842163085938
4.089993000030518,0.09328842163085938
4.101712703704834,0.09328842163085938
4.113018989562988,0.09328842163085938
4.124398708343506,0.09328842163085938
4.135690927505493,0.09328842163085938
4.1471147537231445,0.09328842163085938
4.15840220451355,0.09328842163085938
4.169686317443848,0.09328842163085938
4.181212663650513,0.09328842163085938
4.192559480667114,0.09328842163085938
4.2040839195251465,0.09328842163085938
4.215260028839111,0.09328842163085938
4.2264487743377686,0.09328842163085938
4.237970352172852,0.09328842163085938
4.249457120895386,0.09328842163085938
4.26082444190979,0.09328842163085938
4.2720301151275635,0.09328842163085938
4.283333778381348,0.09328842163085938
4.294720888137817,0.09328842163085938
4.306299924850464,0.09328842163085938
4.317589998245239,0.09404373168945312
4.328885555267334,0.09421157836914062
4.340193510055542,0.09474563598632812
4.351496934890747,0.09499740600585938
4.362790822982788,0.09499740600585938
4.374428033828735,0.09499740600585938
4.385848760604858,0.09499740600585938
4.397201776504517,0.09499740600585938
4.408575057983398,0.09499740600585938
4.419797658920288,0.09499740600585938
4.431294679641724,0.09499740600585938
4.442627668380737,0.09499740600585938
4.453815460205078,0.09499740600585938
4.4653356075286865,0.09499740600585938
4.476545333862305,0.09499740600585938
4.487914562225342,0.09499740600585938
4.499398469924927,0.09499740600585938
4.5108962059021,0.09499740600585938
4.5220866203308105,0.09499740600585938
4.533631086349487,0.09499740600585938
4.545059442520142,0.09524917602539062
4.5563318729400635,0.09550094604492188
4.567825555801392,0.09600448608398438
4.579113006591797,0.09600448608398438
4.590573787689209,0.09625625610351562
4.601818561553955,0.09625625610351562
4.613217353820801,0.09625625610351562
4.624508619308472,0.09625625610351562
4.6358044147491455,0.09625625610351562
4.647090673446655,0.09625625610351562
4.65858006477356,0.09625625610351562
4.670091390609741,0.09625625610351562
4.681373596191406,0.09625625610351562
4.692619323730469,0.09625625610351562
4.703997611999512,0.09625625610351562
4.71542763710022,0.09625625610351562
4.7270262241363525,0.09625625610351562
4.73845911026001,0.09625625610351562
4.749978542327881,0.09625625610351562
4.761184215545654,0.09625625610351562
4.772460699081421,0.09625625610351562
4.784138441085815,0.09625625610351562
4.795696973800659,0.09701156616210938
4.80742335319519,0.09751510620117188
4.818986415863037,0.09801864624023438
4.8302836418151855,0.09852218627929688
4.841577768325806,0.09902572631835938
4.852874279022217,0.09927749633789062
4.864174127578735,0.099578857421875
4.875464677810669,0.09993743896484375
4.8867597579956055,0.100189208984375
4.8980512619018555,0.10044097900390625
4.9093358516693115,0.10044097900390625
4.920625448226929,0.1006927490234375
4.932102918624878,0.10094451904296875
4.943301677703857,0.1011962890625
4.95449686050415,0.10144805908203125
4.965944290161133,0.10144805908203125
4.97736120223999,0.10144805908203125
4.988753080368042,0.10144805908203125
5.00015115737915,0.10144805908203125
5.011846303939819,0.10144805908203125
5.023377895355225,0.10144805908203125
5.034850835800171,0.10144805908203125
5.046190023422241,0.10144805908203125
5.0573859214782715,0.10144805908203125
5.068744421005249,0.10144805908203125
5.079927682876587,0.10144805908203125
5.091393232345581,0.10144805908203125
5.102763414382935,0.10144805908203125
5.114296197891235,0.10144805908203125
5.125613689422607,0.10144805908203125
5.137292861938477,0.10144805908203125
5.1484832763671875,0.10144805908203125
5.159669399261475,0.10144805908203125
5.171179533004761,0.10144805908203125
5.182710886001587,0.10144805908203125
5.1939537525177,0.10144805908203125
5.20514440536499,0.10144805908203125
5.216338872909546,0.10144805908203125
5.22763729095459,0.10144805908203125
5.239166259765625,0.10144805908203125
5.250514030456543,0.10144805908203125
5.262078285217285,0.10144805908203125
5.273775100708008,0.10144805908203125
5.285391807556152,0.1016998291015625
5.296821355819702,0.1016998291015625
5.308207035064697,0.1016998291015625
5.319500207901001,0.1016998291015625
5.331030368804932,0.1016998291015625
5.342503786087036,0.1016998291015625
5.3538596630096436,0.1016998291015625
5.365254878997803,0.1016998291015625
5.376978874206543,0.1016998291015625
5.388376712799072,0.1016998291015625
5.399815320968628,0.1016998291015625
5.411369323730469,0.1016998291015625
5.422684669494629,0.1016998291015625
5.434026718139648,0.1016998291015625
5.445570468902588,0.1016998291015625
5.456759214401245,0.1016998291015625
5.467944145202637,0.1016998291015625
5.479238986968994,0.1016998291015625
5.490532159805298,0.1016998291015625
5.501813888549805,0.1016998291015625
5.513133525848389,0.1016998291015625
5.524348735809326,0.1016998291015625
5.535528898239136,0.1016998291015625
5.5468151569366455,0.1016998291015625
5.557995796203613,0.1016998291015625
5.569317102432251,0.1016998291015625
5.580595970153809,0.1016998291015625
5.591914176940918,0.1016998291015625
5.60347843170166,0.1016998291015625
5.6146674156188965,0.1016998291015625
5.625855207443237,0.1016998291015625
5.637233018875122,0.1016998291015625
5.648547410964966,0.1016998291015625
5.659870624542236,0.1016998291015625
5.671264410018921,0.1016998291015625
5.682760953903198,0.1016998291015625
5.694050550460815,0.10245513916015625
5.705322742462158,0.1027069091796875
5.716905355453491,0.10295867919921875
5.728384971618652,0.10321044921875
5.73967432975769,0.10321044921875
5.751194715499878,0.10321044921875
5.762489318847656,0.10321044921875
5.773916482925415,0.10321044921875
5.785385370254517,0.10321044921875
5.797038793563843,0.10321044921875
5.8085408210754395,0.10321044921875
5.820194482803345,0.10321044921875
5.831482887268066,0.10321044921875
5.842836856842041,0.10321044921875
5.854136943817139,0.10367965698242188
5.865464210510254,0.10417938232421875
5.876835584640503,0.10443115234375
5.888217210769653,0.10443115234375
5.899503231048584,0.10443115234375
5.911083221435547,0.10443115234375
5.922238349914551,0.10443115234375
5.933542728424072,0.10443115234375
5.9450156688690186,0.10443115234375
5.956591844558716,0.10443115234375
5.968016624450684,0.10443115234375
5.979547500610352,0.10443115234375
5.990952014923096,0.10443115234375
6.002500057220459,0.10443115234375
6.013806581497192,0.10443115234375
6.025291681289673,0.10443115234375
6.036521911621094,0.10443115234375
6.047733545303345,0.10443115234375
6.059274911880493,0.10443115234375
6.070466995239258,0.10443115234375
6.081801176071167,0.10443115234375
6.093309640884399,0.10443115234375
6.1045074462890625,0.10443115234375
6.115702867507935,0.10443115234375
6.127275466918945,0.10443115234375
6.138821840286255,0.10443115234375
6.150113105773926,0.10443115234375
6.161754608154297,0.10443115234375
6.173181533813477,0.10443115234375
6.184635877609253,0.10443115234375
6.195822715759277,0.10443115234375
6.207222938537598,0.10443115234375
6.218821048736572,0.10443115234375
6.230002164840698,0.10443115234375
6.241300344467163,0.10443115234375
6.252783298492432,0.10443115234375
6.264181852340698,0.10443115234375
6.275380849838257,0.10443115234375
6.286609649658203,0.10443115234375
6.297824382781982,0.10443115234375
6.309173822402954,0.10443115234375
6.320457220077515,0.10443115234375
6.331779956817627,0.10443115234375
6.342972040176392,0.10443115234375
6.3544464111328125,0.10443115234375
6.36605167388916,0.10443115234375
6.377387523651123,0.10443115234375
6.389003753662109,0.10443115234375
6.400515794754028,0.10468292236328125
6.411813735961914,0.10468292236328125
6.423312425613403,0.10468292236328125
6.434608221054077,0.10468292236328125
6.446032762527466,0.10468292236328125
6.45742392539978,0.10468292236328125
6.468718767166138,0.10468292236328125
6.4800193309783936,0.10468292236328125
6.49131178855896,0.10468292236328125
6.502522230148315,0.10468292236328125
6.513735055923462,0.10468292236328125
6.525046110153198,0.10468292236328125
6.536237716674805,0.10468292236328125
6.547440767288208,0.10468292236328125
6.5586512088775635,0.10468292236328125
6.5700647830963135,0.10468292236328125
6.581538438796997,0.10468292236328125
6.59283447265625,0.10468292236328125
6.604200839996338,0.10468292236328125
6.615396738052368,0.10468292236328125
6.626879692077637,0.10468292236328125
6.638745307922363,0.10468292236328125
6.650028467178345,0.10468292236328125
6.661505222320557,0.10468292236328125
6.672792196273804,0.10468292236328125
6.684138059616089,0.10468292236328125
6.695552587509155,0.10468292236328125
6.7068397998809814,0.10468292236328125
6.718165874481201,0.10468292236328125
6.72987174987793,0.10468292236328125
6.74131178855896,0.10468292236328125
6.75259256362915,0.10468292236328125
6.764044284820557,0.10468292236328125
6.775320529937744,0.10468292236328125
6.786846160888672,0.10468292236328125
6.798283100128174,0.10468292236328125
6.809635162353516,0.10468292236328125
6.821214199066162,0.10468292236328125
6.832675457000732,0.10468292236328125
6.84438157081604,0.10468292236328125
6.85594630241394,0.10468292236328125
6.867440938949585,0.10468292236328125
6.878794431686401,0.10468292236328125
6.890087366104126,0.10468292236328125
6.901646852493286,0.10468292236328125
6.91338324546814,0.1049346923828125
6.924691200256348,0.10518646240234375
6.93650484085083,0.10518646240234375
6.948148012161255,0.10569000244140625
6.9596192836761475,0.1059417724609375
6.9709179401397705,0.1059417724609375
6.982226610183716,0.1064453125
6.993523359298706,0.10720062255859375
7.004875898361206,0.10720062255859375
7.016272783279419,0.10720062255859375
7.027700901031494,0.10720062255859375
7.039225816726685,0.10720062255859375
7.050516366958618,0.10720062255859375
7.06181001663208,0.10720062255859375
7.073115348815918,0.10720062255859375
7.084421634674072,0.10720062255859375
7.0958545207977295,0.10720062255859375
7.107142448425293,0.10720062255859375
7.118463754653931,0.10720062255859375
7.129757881164551,0.10720062255859375
7.141252517700195,0.10720062255859375
7.152557611465454,0.10720062255859375
7.1639885902404785,0.10720062255859375
7.175277948379517,0.10915374755859375
7.186567544937134,0.10915374755859375
7.1978676319122314,0.10915374755859375
7.209166526794434,0.109405517578125
7.220629692077637,0.1097869873046875
7.232112169265747,0.11017227172851562
7.243470191955566,0.11067581176757812
7.254937648773193,0.1110382080078125
7.2663774490356445,0.11247634887695312
7.277673006057739,0.11362838745117188
7.288961410522461,0.11424636840820312
7.300269365310669,0.11525344848632812
7.311721563339233,0.11626052856445312
7.322912693023682,0.11626052856445312
7.334108352661133,0.11626052856445312
7.345384120941162,0.11626052856445312
7.35685658454895,0.11626052856445312
7.368063449859619,0.11626052856445312
7.379226922988892,0.11626052856445312
7.390575408935547,0.11626052856445312
7.402191162109375,0.11626052856445312
7.413374900817871,0.11626052856445312
7.424656867980957,0.11626052856445312
7.436023712158203,0.11626052856445312
7.447491884231567,0.11626052856445312
7.459004640579224,0.11626052856445312
7.470473527908325,0.11626052856445312
7.481832981109619,0.11651229858398438
7.4934093952178955,0.11674118041992188
7.504709482192993,0.11883544921875
7.516046524047852,0.119842529296875
7.527570486068726,0.119842529296875
7.53903603553772,0.119842529296875
7.550321340560913,0.119842529296875
7.56173300743103,0.119842529296875
7.573091268539429,0.119842529296875
7.584399223327637,0.119842529296875
7.595742702484131,0.119842529296875
7.607047080993652,0.119842529296875
7.618560552597046,0.12007522583007812
7.629856109619141,0.12007522583007812
7.641431093215942,0.12007522583007812
7.652930498123169,0.12007522583007812
7.664304494857788,0.12007522583007812
7.675575494766235,0.12007522583007812
7.687014579772949,0.12007522583007812
7.698348760604858,0.12007522583007812
7.709553241729736,0.12007522583007812
7.720838785171509,0.12007522583007812
7.732159376144409,0.12057876586914062
7.743663549423218,0.12083053588867188
7.755175828933716,0.12158584594726562
7.766520261764526,0.12229537963867188
7.777826547622681,0.12330245971679688
7.789131164550781,0.12330245971679688
7.800432443618774,0.12380599975585938
7.811753511428833,0.12380599975585938
7.823068380355835,0.12380599975585938
7.834712505340576,0.12380599975585938
7.846218109130859,0.12380599975585938
7.857661008834839,0.12380599975585938
7.869459629058838,0.12380599975585938
7.880764722824097,0.12380599975585938
7.892217397689819,0.12380599975585938
7.903513669967651,0.12380599975585938
7.914806604385376,0.12380599975585938
7.9262120723724365,0.12380599975585938
7.937406063079834,0.12380599975585938
7.948899984359741,0.12380599975585938
7.960331439971924,0.12380599975585938
7.971667528152466,0.12380599975585938
7.9830002784729,0.12380599975585938
7.9942920207977295,0.12380599975585938
8.005682706832886,0.12380599975585938
8.016908645629883,0.12380599975585938
8.028201580047607,0.12380599975585938
8.039400815963745,0.12380599975585938
8.050698041915894,0.12380599975585938
8.06223464012146,0.12380599975585938
8.073649406433105,0.12380599975585938
8.085132598876953,0.12380599975585938
8.096451997756958,0.12380599975585938
8.107708930969238,0.12380599975585938
8.119011878967285,0.12456130981445312
8.130309581756592,0.1256561279296875
8.141786813735962,0.1256561279296875
8.153251647949219,0.1256561279296875
8.164730548858643,0.1256561279296875
8.17603325843811,0.1256561279296875
8.187427282333374,0.1256561279296875
8.198611497879028,0.1256561279296875
8.20979642868042,0.1256561279296875
8.220972299575806,0.1256561279296875
8.232293367385864,0.1256561279296875
8.243573188781738,0.1256561279296875
8.254884481430054,0.1256561279296875
8.266387701034546,0.1256561279296875
8.277686834335327,0.1256561279296875
8.289150714874268,0.1256561279296875
8.300967931747437,0.1256561279296875
8.312580108642578,0.1256561279296875
8.323911666870117,0.1256561279296875
8.335372686386108,0.12590789794921875
8.346811056137085,0.12615966796875
8.35811448097229,0.12615966796875
8.369410991668701,0.12641143798828125
8.380717039108276,0.12691497802734375
8.392146348953247,0.127166748046875
8.403425216674805,0.127166748046875
8.414908647537231,0.127166748046875
8.426456689834595,0.127166748046875
8.437715530395508,0.127166748046875
8.448972463607788,0.127166748046875
8.46017074584961,0.127166748046875
8.471353530883789,0.127166748046875
8.4825918674469,0.127166748046875
8.49401068687439,0.127166748046875
8.50554609298706,0.127166748046875
8.516977787017822,0.127166748046875
8.528386354446411,0.127166748046875
8.540711879730225,0.127166748046875
8.552505493164062,0.127166748046875
8.564049243927002,0.127166748046875
8.5755615234375,0.127166748046875
8.586992740631104,0.127166748046875
8.598351240158081,0.127166748046875
8.609657526016235,0.127166748046875
8.620977401733398,0.127166748046875
8.632286071777344,0.12741851806640625
8.643574953079224,0.12741851806640625
8.654860019683838,0.12741851806640625
8.666143894195557,0.12741851806640625
8.67750883102417,0.12741851806640625
8.68869924545288,0.12741851806640625
8.700039863586426,0.12741851806640625
8.711355447769165,0.12741851806640625
8.72286581993103,0.12741851806640625
8.734319686889648,0.12741851806640625
8.745515823364258,0.12741851806640625
8.75725269317627,0.12741851806640625
8.768780708312988,0.12741851806640625
8.780063152313232,0.12741851806640625
8.791664600372314,0.12741851806640625
8.80307674407959,0.12741851806640625
8.814321994781494,0.12741851806640625
8.825796604156494,0.12741851806640625
8.83708143234253,0.12741851806640625
8.848427534103394,0.12741851806640625
8.859667301177979,0.12741851806640625
8.87099552154541,0.12741851806640625
8.882449865341187,0.12741851806640625
8.894212245941162,0.12741851806640625
8.905838251113892,0.12741851806640625
8.917442321777344,0.12741851806640625
8.928760051727295,0.12792205810546875
8.940047025680542,0.12792205810546875
8.95142388343811,0.12792205810546875
8.962977886199951,0.12792205810546875
8.974222183227539,0.12792205810546875
8.985665321350098,0.12792205810546875
8.997206449508667,0.12792205810546875
9.008416652679443,0.12792205810546875
9.019726514816284,0.12792205810546875
9.030914545059204,0.12792205810546875
9.042112588882446,0.12792205810546875
9.053362846374512,0.12792205810546875
9.064707517623901,0.12792205810546875
9.076103687286377,0.12792205810546875
9.087435960769653,0.12792205810546875
9.098807096481323,0.12792205810546875
9.110018491744995,0.12792205810546875
9.121216773986816,0.12792205810546875
9.132409572601318,0.12792205810546875
9.143704175949097,0.12792205810546875
9.155024766921997,0.12792205810546875
9.166321754455566,0.12792205810546875
9.177604675292969,0.12792205810546875
9.188884735107422,0.12792205810546875
9.200171947479248,0.12792205810546875
9.211464881896973,0.12792205810546875
9.22266674041748,0.12792205810546875
9.233855724334717,0.12792205810546875
9.245151042938232,0.12792205810546875
9.256632328033447,0.12792205810546875
9.26794981956482,0.12792205810546875
9.279174089431763,0.12792205810546875
9.290475845336914,0.12792205810546875
9.301827192306519,0.12792205810546875
9.313134908676147,0.12792205810546875
9.324662446975708,0.12792205810546875
9.33590841293335,0.12792205810546875
9.347263813018799,0.12792205810546875
9.3588125705719,0.12792205810546875
9.370002031326294,0.12792205810546875
9.381682634353638,0.12792205810546875
9.393147230148315,0.12792205810546875
9.404666185379028,0.12792205810546875
9.415953159332275,0.12792205810546875
9.427277565002441,0.12792205810546875
9.438589334487915,0.12792205810546875
9.449994325637817,0.12792205810546875
9.461390495300293,0.12792205810546875
9.472951173782349,0.12792205810546875
9.48421835899353,0.12792205810546875
9.49568486213684,0.12792205810546875
9.506972074508667,0.12792205810546875
9.51827096939087,0.12792205810546875
9.529891014099121,0.12792205810546875
9.541083574295044,0.12792205810546875
9.552348852157593,0.12792205810546875
9.5637047290802,0.12792205810546875
9.575251579284668,0.12792205810546875
9.586535930633545,0.12792205810546875
9.597829341888428,0.12792205810546875
9.60905122756958,0.12792205810546875
9.620497226715088,0.12792205810546875
9.631848573684692,0.12792205810546875
9.643135070800781,0.12792205810546875
9.65442419052124,0.12792205810546875
9.665833711624146,0.12792205810546875
9.677255868911743,0.12792205810546875
9.688552856445312,0.12792205810546875
9.69978404045105,0.12792205810546875
9.711068868637085,0.12792205810546875
9.722320079803467,0.12792205810546875
9.73407244682312,0.12792205810546875
9.74534273147583,0.12792205810546875
9.75705337524414,0.12792205810546875
9.768374919891357,0.12792205810546875
9.780126571655273,0.12792205810546875
9.791416645050049,0.12792205810546875
9.802706241607666,0.12792205810546875
9.813997507095337,0.12792205810546875
9.825353384017944,0.12792205810546875
9.83659029006958,0.12792205810546875
9.848084211349487,0.12792205810546875
9.859519243240356,0.12792205810546875
9.870804071426392,0.12792205810546875
9.882330417633057,0.12792205810546875
9.894066333770752,0.128173828125
9.905656576156616,0.128173828125
9.917086601257324,0.128173828125
9.928559064865112,0.128173828125
9.939850807189941,0.128173828125
9.951165676116943,0.128173828125
9.96246075630188,0.128173828125
9.974100351333618,0.128173828125
9.985723733901978,0.128173828125
9.997023820877075,0.128173828125
10.008460760116577,0.128173828125
10.019829988479614,0.128173828125
10.031014919281006,0.128173828125
10.042296171188354,0.128173828125
10.053654909133911,0.128173828125
10.06519889831543,0.128173828125
10.076568365097046,0.128173828125
10.087982654571533,0.128173828125
10.099260091781616,0.128173828125
10.110682010650635,0.128173828125
10.122228145599365,0.128173828125
10.133421421051025,0.128173828125
10.144730567932129,0.128173828125
10.156221866607666,0.128173828125
10.167510032653809,0.128173828125
10.178919553756714,0.128173828125
10.190460681915283,0.128173828125
10.20164966583252,0.128173828125
10.212920665740967,0.128173828125
10.224336862564087,0.128173828125
10.235527753829956,0.128173828125
10.246716737747192,0.128173828125
10.25803279876709,0.128173828125
10.269569396972656,0.128173828125
10.280855178833008,0.128173828125
10.292045831680298,0.128173828125
10.303229808807373,0.128173828125
10.314587593078613,0.128173828125
10.325780153274536,0.128173828125
10.337021112442017,0.128173828125
10.348301887512207,0.128173828125
10.359500408172607,0.128173828125
10.371130228042603,0.128173828125
10.382685661315918,0.128173828125
10.394007444381714,0.128173828125
10.405377864837646,0.128173828125
10.416682958602905,0.128173828125
10.428134441375732,0.128173828125
10.43944787979126,0.128173828125
10.45074462890625,0.128173828125
10.462038278579712,0.128173828125
10.473438262939453,0.12842559814453125
10.48473834991455,0.129180908203125
10.496171951293945,0.129180908203125
10.507464408874512,0.129180908203125
10.519015073776245,0.129180908203125
10.530308961868286,0.129180908203125
10.541843175888062,0.129180908203125
10.553113460540771,0.129180908203125
10.564302682876587,0.129180908203125
10.575634479522705,0.129180908203125
10.586903810501099,0.129180908203125
10.598089933395386,0.129180908203125
10.609283447265625,0.129180908203125
10.620939254760742,0.129180908203125
10.632338762283325,0.129180908203125
10.643729209899902,0.129180908203125
10.65519404411316,0.129180908203125
10.666468143463135,0.129180908203125
10.677752494812012,0.129180908203125
10.689039707183838,0.129180908203125
10.70048189163208,0.129180908203125
10.71184515953064,0.129180908203125
10.723127126693726,0.129180908203125
10.734379053115845,0.129180908203125
10.745673418045044,0.129180908203125
10.756983757019043,0.129180908203125
10.76819658279419,0.129180908203125
10.779489994049072,0.129180908203125
10.790912389755249,0.129180908203125
10.802512168884277,0.129180908203125
10.813788414001465,0.129180908203125
10.825155019760132,0.129180908203125
10.836341142654419,0.129180908203125
10.847805261611938,0.129180908203125
10.859184741973877,0.129180908203125
10.87047028541565,0.129180908203125
10.88571310043335,0.129180908203125
10.897025108337402,0.129180908203125
10.908326387405396,0.129180908203125
10.919620752334595,0.129180908203125
10.93091630935669,0.129180908203125
10.942474126815796,0.129180908203125
10.954010248184204,0.129180908203125
10.965771436691284,0.129180908203125
10.977735996246338,0.12943267822265625
10.989194869995117,0.12943267822265625
11.000699281692505,0.12943267822265625
11.012036800384521,0.12943267822265625
11.023521184921265,0.12943267822265625
11.034829139709473,0.12943267822265625
11.046037435531616,0.12943267822265625
11.057462215423584,0.12943267822265625
11.068753719329834,0.12943267822265625
11.080039501190186,0.12943267822265625
11.09140920639038,0.12943267822265625
11.10270071029663,0.12943267822265625
11.114226818084717,0.12943267822265625
11.125462770462036,0.12943267822265625
11.13706636428833,0.12943267822265625
11.148335456848145,0.1296844482421875
11.159625053405762,0.13018798828125
11.170915603637695,0.13043975830078125
11.182205200195312,0.13043975830078125
11.193649291992188,0.13043975830078125
11.20525074005127,0.13043975830078125
11.216470956802368,0.13043975830078125
11.227806091308594,0.13043975830078125
11.239197492599487,0.13043975830078125
11.25054121017456,0.13043975830078125
11.262223482131958,0.13043975830078125
11.273761749267578,0.13043975830078125
11.285410165786743,0.1306915283203125
11.296811819076538,0.1306915283203125
11.308444499969482,0.131195068359375
11.319893836975098,0.13144683837890625
11.331196308135986,0.13195037841796875
11.342494010925293,0.13237762451171875
11.35388970375061,0.13455581665039062
11.365459442138672,0.13491439819335938
11.37680721282959,0.13491439819335938
11.388437747955322,0.13491439819335938
11.399881839752197,0.13491439819335938
11.411195516586304,0.13491439819335938
11.42253065109253,0.13491439819335938
11.434109449386597,0.13491439819335938
11.445699214935303,0.13491439819335938
11.457020044326782,0.13491439819335938
11.468328714370728,0.13491439819335938
11.479666233062744,0.13491439819335938
11.49109697341919,0.13491439819335938
11.502393245697021,0.13491439819335938
11.513899087905884,0.13491439819335938
11.525199174880981,0.13491439819335938
11.536563873291016,0.13491439819335938
11.54798698425293,0.13491439819335938
11.559305906295776,0.13491439819335938
11.57056212425232,0.13491439819335938
11.581770420074463,0.13491439819335938
11.592977523803711,0.13491439819335938
11.604187250137329,0.13491439819335938
11.615549802780151,0.13491439819335938
11.626853942871094,0.13491439819335938
11.638365745544434,0.13491439819335938
11.649664878845215,0.13516616821289062
11.66096019744873,0.13516616821289062
11.672309160232544,0.13516616821289062
11.683722734451294,0.13516616821289062
11.694919109344482,0.13516616821289062
11.706115961074829,0.13516616821289062
11.71731948852539,0.13516616821289062
11.728689670562744,0.13516616821289062
11.739898204803467,0.13516616821289062
11.751424551010132,0.13516616821289062
11.763106346130371,0.13516616821289062
11.7745943069458,0.13516616821289062
11.785897016525269,0.13516616821289062
11.797443628311157,0.13516616821289062
11.808808088302612,0.13516616821289062
11.820372104644775,0.13516616821289062
11.831562280654907,0.13516616821289062
11.842748641967773,0.13516616821289062
11.854090929031372,0.13516616821289062
11.865607261657715,0.13516616821289062
11.876888751983643,0.13516616821289062
11.888309478759766,0.13516616821289062
11.899510383605957,0.13516616821289062
11.91086721420288,0.13541793823242188
11.922194242477417,0.13541793823242188
11.933679580688477,0.13566970825195312
11.945314407348633,0.13566970825195312
11.956897258758545,0.13617324829101562
11.96843433380127,0.13617324829101562
11.980171918869019,0.13757705688476562
11.992151260375977,0.13757705688476562
12.003738164901733,0.13912582397460938
12.01531720161438,0.140838623046875
12.02682113647461,0.14255905151367188
12.038228988647461,0.1441192626953125
12.049538373947144,0.1446685791015625
12.060993909835815,0.1446685791015625
12.07228136062622,0.1446685791015625
12.083576679229736,0.1446685791015625
12.094924449920654,0.1446685791015625
12.106234312057495,0.1446685791015625
12.117544174194336,0.1446685791015625
12.129079341888428,0.1446685791015625
12.140631675720215,0.1446685791015625
12.15211033821106,0.1446685791015625
12.163532733917236,0.1446685791015625
12.174843311309814,0.1446685791015625
12.186111211776733,0.1446685791015625
12.197315692901611,0.1446685791015625
12.208683013916016,0.1446685791015625
12.21990180015564,0.1446685791015625
12.23113751411438,0.1446685791015625
12.242535591125488,0.1446685791015625
12.253964900970459,0.1446685791015625
12.265185832977295,0.1446685791015625
12.276397466659546,0.1446685791015625
12.287587642669678,0.1446685791015625
12.298847675323486,0.1446685791015625
12.310466289520264,0.1446685791015625
12.321685314178467,0.1446685791015625
12.332998275756836,0.1446685791015625
12.344210386276245,0.1446685791015625
12.355566263198853,0.14492034912109375
12.366869926452637,0.145172119140625
12.378190517425537,0.145172119140625
12.389517784118652,0.145172119140625
12.40071988105774,0.145172119140625
12.412181377410889,0.145172119140625
12.423411130905151,0.145172119140625
12.434674739837646,0.145172119140625
12.44596266746521,0.145172119140625
12.457532167434692,0.145172119140625
12.4689621925354,0.145172119140625
12.480498790740967,0.145172119140625
12.491878747940063,0.145172119140625
12.503169536590576,0.1456756591796875
12.514556407928467,0.14579010009765625
12.52621579170227,0.14579010009765625
12.537774085998535,0.14579010009765625
12.548966407775879,0.14579010009765625
12.560559749603271,0.14579010009765625
12.572283267974854,0.14579010009765625
12.58358097076416,0.14579010009765625
12.595099210739136,0.14579010009765625
12.606508016586304,0.14579010009765625
12.61805009841919,0.14579010009765625
12.629459142684937,0.14669036865234375
12.640753269195557,0.14690017700195312
12.652071475982666,0.14747238159179688
12.663683414459229,0.14747238159179688
12.675108432769775,0.14822769165039062
12.686614513397217,0.14927291870117188
12.69823431968689,0.14974594116210938
12.70970892906189,0.15058517456054688
12.721259355545044,0.15248489379882812
12.73255205154419,0.15357208251953125
12.743828296661377,0.15427398681640625
12.755203008651733,0.15462112426757812
12.766496658325195,0.15462112426757812
12.778139591217041,0.15462112426757812
12.78955626487732,0.15462112426757812
12.80118203163147,0.15462112426757812
12.812589645385742,0.15462112426757812
12.824114084243774,0.15462112426757812
12.835564374923706,0.15462112426757812
12.846895933151245,0.15462112426757812
12.858249425888062,0.15462112426757812
12.869715690612793,0.15462112426757812
12.88103723526001,0.15462112426757812
12.89223837852478,0.15462112426757812
12.903605222702026,0.15462112426757812
12.91480016708374,0.155120849609375
12.92618727684021,0.1556243896484375
12.937855958938599,0.15611648559570312
12.949052095413208,0.15642166137695312
12.960446834564209,0.15642166137695312
12.97188925743103,0.15689468383789062
12.983414888381958,0.15755462646484375
12.995028018951416,0.158111572265625
13.006660223007202,0.1587982177734375
13.018118381500244,0.15904998779296875
13.029725313186646,0.15904998779296875
13.041164875030518,0.15904998779296875
13.052741527557373,0.15904998779296875
13.064133167266846,0.15904998779296875
13.075944185256958,0.15904998779296875
13.087311506271362,0.15904998779296875
13.098758220672607,0.15904998779296875
13.109982967376709,0.15904998779296875
13.121546745300293,0.15907669067382812
13.133278608322144,0.15907669067382812
13.14457392692566,0.15907669067382812
13.15602445602417,0.15907669067382812
13.16755986213684,0.15907669067382812
13.179077386856079,0.15907669067382812
13.190418243408203,0.15907669067382812
13.202013969421387,0.15907669067382812
13.213346004486084,0.16013717651367188
13.22465205192566,0.16038894653320312
13.235966205596924,0.16064071655273438
13.247436046600342,0.16089248657226562
13.258944749832153,0.16114425659179688
13.270391941070557,0.16133880615234375
13.281740188598633,0.16133880615234375
13.293219566345215,0.16133880615234375
13.304508686065674,0.16133880615234375
13.316055297851562,0.16133880615234375
13.327528238296509,0.16133880615234375
13.338816165924072,0.16133880615234375
13.350035905838013,0.16133880615234375
13.36122465133667,0.16133880615234375
13.372558832168579,0.16133880615234375
13.384150266647339,0.16133880615234375
13.395580053329468,0.16133880615234375
13.406827688217163,0.16133880615234375
13.418083667755127,0.16160964965820312
13.429392337799072,0.16270828247070312
13.44083046913147,0.163116455078125
13.452327728271484,0.16339874267578125
13.463640451431274,0.1636505126953125
13.475204706192017,0.16490936279296875
13.486496448516846,0.1650390625
13.497897148132324,0.1650390625
13.509503602981567,0.1650390625
13.520803928375244,0.1650390625
13.53260087966919,0.1650390625
13.544107675552368,0.1650390625
13.555490732192993,0.1650390625
13.56687045097351,0.1650390625
13.578173398971558,0.1650390625
13.589460611343384,0.1650390625
13.600754261016846,0.1650390625
13.61200761795044,0.1650390625
13.623491764068604,0.16852569580078125
13.634782791137695,0.16920089721679688
13.646068572998047,0.169921875
13.657341241836548,0.17058181762695312
13.668928623199463,0.17069244384765625
13.68022894859314,0.17155075073242188
13.691532135009766,0.175079345703125
13.703009843826294,0.1755828857421875
13.714303970336914,0.1759185791015625
13.725872278213501,0.17617034912109375
13.737159729003906,0.176422119140625
13.74835729598999,0.176422119140625
13.759652614593506,0.176422119140625
13.771185398101807,0.176422119140625
13.782562971115112,0.176422119140625
13.794127225875854,0.176422119140625
13.80552053451538,0.176422119140625
13.817033529281616,0.176422119140625
13.8282310962677,0.176422119140625
13.83961820602417,0.176422119140625
13.851176261901855,0.176422119140625
13.862377882003784,0.176422119140625
13.873569965362549,0.176422119140625
13.884989738464355,0.176422119140625
13.896358251571655,0.176422119140625
13.907652139663696,0.176422119140625
13.918874263763428,0.176422119140625
13.930415868759155,0.17667388916015625
13.94201946258545,0.2954444885253906
13.953587770462036,0.3046379089355469
13.965311288833618,0.3047943115234375
13.976794481277466,0.3047943115234375
13.98815131187439,0.3050193786621094
13.99982500076294,0.3052635192871094
14.011361122131348,0.3052635192871094
14.023059844970703,0.3055152893066406
14.0347158908844,0.3057670593261719
14.046396255493164,0.3059425354003906
14.057750940322876,0.3061561584472656
14.069112062454224,0.3063011169433594
14.080411434173584,0.3063011169433594
14.09183144569397,0.3063011169433594
14.103652000427246,0.3063011169433594
14.114917993545532,0.3063011169433594
14.12660527229309,0.3526115417480469
14.137861490249634,0.34560394287109375
14.149290323257446,0.345855712890625
14.160879611968994,0.3497505187988281
14.172315120697021,0.4344749450683594
14.183690309524536,0.3892478942871094
14.194997549057007,0.3872947692871094
14.20637822151184,0.4383201599121094
14.21773076057434,0.515289306640625
14.229402780532837,0.5172004699707031
14.240878820419312,0.5091361999511719
14.252522945404053,0.5466804504394531
14.263900756835938,0.5822944641113281
14.275704145431519,0.5371322631835938
14.287221908569336,0.5782928466796875
14.298862934112549,0.6253128051757812
14.310213804244995,0.6135940551757812
14.321596622467041,0.5998344421386719
14.333205938339233,0.6429481506347656
14.344451904296875,0.6312294006347656
14.355827808380127,0.6217460632324219
14.367079496383667,0.6256179809570312
14.378353118896484,0.6156044006347656
14.38969349861145,0.6078872680664062
14.401052236557007,0.6429367065429688
14.412484407424927,0.6660842895507812
14.424049615859985,0.6196060180664062
14.435611248016357,0.6098403930664062
14.447070837020874,0.6473464965820312
14.458415269851685,0.6349411010742188
14.469791650772095,0.6176528930664062
14.481175422668457,0.6512527465820312
14.492670059204102,0.6388473510742188
14.504028797149658,0.6215591430664062
14.515307903289795,0.6195106506347656
14.52687954902649,0.6070938110351562
14.538224458694458,0.6056938171386719
14.549780368804932,0.6453285217285156
14.56138277053833,0.6684684753417969
14.572776317596436,0.6410903930664062
14.584154605865479,0.6373939514160156
14.595683574676514,0.6727371215820312
14.607173681259155,0.6058387756347656
14.61876654624939,0.6058387756347656
14.630241394042969,0.6785964965820312
14.641855716705322,0.5690841674804688
14.653111934661865,0.6073455810546875
14.664487838745117,0.6473464965820312
14.676015377044678,0.6346893310546875
14.687387466430664,0.6315345764160156
14.698827028274536,0.6629714965820312
14.710218906402588,0.5705375671386719
14.72180438041687,0.5705223083496094
14.733060359954834,0.6116981506347656
14.744447469711304,0.6116981506347656
14.756070613861084,0.5998344421386719
14.76745057106018,0.6433753967285156
14.77873158454895,0.6370887756347656
14.790253400802612,0.6312599182128906
14.801626205444336,0.6370887756347656
14.813035249710083,0.6253700256347656
14.824279546737671,0.6196060180664062
14.835649013519287,0.6492996215820312
14.847258567810059,0.6758499145507812
14.858522415161133,0.6293716430664062
14.869840145111084,0.6196060180664062
14.881465673446655,0.6551589965820312
14.89306092262268,0.6427536010742188
14.904400825500488,0.6276283264160156
14.91576075553894,0.6590652465820312
14.92713189125061,0.6058387756347656
14.93871808052063,0.6354408264160156
14.950028419494629,0.6314773559570312
14.961593866348267,0.6173629760742188
14.973482370376587,0.6197929382324219
14.985010623931885,0.6590003967285156
14.996400356292725,0.5690841674804688
15.007775783538818,0.6334495544433594
15.019183158874512,0.6254539489746094
15.03075385093689,0.6590309143066406
15.04229474067688,0.6058387756347656
15.054115772247314,0.6351966857910156
15.06579327583313,0.6668777465820312
15.07717776298523,0.6058387756347656
15.088846206665039,0.6420173645019531
15.100399255752563,0.642181396484375
15.11174726486206,0.6249237060546875
15.123366355895996,0.6215591430664062
15.134737730026245,0.6512489318847656
15.146100044250488,0.6741485595703125
15.157456398010254,0.6332130432128906
15.168803930282593,0.6393241882324219
15.18009638786316,0.6746253967285156
15.19144582748413,0.5744438171386719
15.203120470046997,0.6234169006347656
15.214812517166138,0.6156044006347656
15.226131200790405,0.6037406921386719
15.237476348876953,0.6080398559570312
15.249051809310913,0.6797866821289062
15.260409593582153,0.5915756225585938
15.271836996078491,0.6268768310546875
15.283214807510376,0.6504592895507812
15.29480242729187,0.6059341430664062
15.306172609329224,0.591827392578125
15.317788124084473,0.6310348510742188
15.329154968261719,0.6154098510742188
15.340684413909912,0.597686767578125
15.352024555206299,0.6368942260742188
15.363392353057861,0.6212692260742188
15.37487244606018,0.6059341430664062
15.386297941207886,0.6077919006347656
15.397846460342407,0.6790313720703125
15.409218549728394,0.5881156921386719
15.420572996139526,0.6312294006347656
15.43213677406311,0.6645774841308594
15.443603277206421,0.6254653930664062
15.454976320266724,0.6176528930664062
15.466329097747803,0.6551589965820312
15.478099346160889,0.6426849365234375
15.489632844924927,0.6254653930664062
15.501160621643066,0.6590652465820312
15.512864351272583,0.6058387756347656
15.524373054504395,0.6295814514160156
15.535719633102417,0.6275711059570312
15.54725432395935,0.6058387756347656
15.558831214904785,0.595733642578125
15.570356607437134,0.6310272216796875
15.581694602966309,0.6507110595703125
15.593217372894287,0.6100273132324219
15.604569911956787,0.6078224182128906
15.615909576416016,0.6511878967285156
15.627427339553833,0.6058387756347656
15.63889455795288,0.6410179138183594
15.650238275527954,0.6746253967285156
15.661603450775146,0.5763969421386719
15.672950983047485,0.6253700256347656
15.684290885925293,0.6610183715820312
15.69581913948059,0.5695877075195312
15.707184314727783,0.6063385009765625
15.718542337417603,0.6766433715820312
15.729916334152222,0.584014892578125
15.741629362106323,0.572296142578125
15.753173351287842,0.606842041015625
15.764578104019165,0.6797866821289062
15.775938510894775,0.5700912475585938
15.787292242050171,0.6095504760742188
15.798681259155273,0.6430931091308594
15.810021162033081,0.574249267578125
15.821366548538208,0.6154098510742188
15.832746505737305,0.6532058715820312
15.844088792800903,0.6368942260742188
15.855576992034912,0.6419639587402344
15.867136001586914,0.6746253967285156
15.878738641738892,0.5915756225585938
15.889982461929321,0.5759506225585938
15.90123438835144,0.6073455810546875
15.912637948989868,0.679534912109375
15.9238862991333,0.5720443725585938
15.935392379760742,0.6132049560546875
15.946892499923706,0.6058387756347656
15.958251714706421,0.5798568725585938
15.969493389129639,0.6171112060546875
15.980855464935303,0.6551589965820312
15.992671489715576,0.6405487060546875
16.004189491271973,0.6415252685546875
16.015596866607666,0.6688308715820312
16.02694845199585,0.5783500671386719
16.038546085357666,0.5744438171386719
16.0499005317688,0.6214637756347656
16.061699628829956,0.6175575256347656
16.07340931892395,0.6058692932128906
16.084789991378784,0.6472816467285156
16.096611499786377,0.6409950256347656
16.10814619064331,0.6334648132324219
16.119494915008545,0.6373367309570312
16.130836725234985,0.6234169006347656
16.142198085784912,0.6176528930664062
16.15344762802124,0.6532058715820312
16.16492509841919,0.6448860168457031
16.176598072052002,0.6413002014160156
16.18804407119751,0.6412734985351562
16.199623584747314,0.6766433715820312
16.211121559143066,0.6058387756347656
16.222702503204346,0.6060867309570312
16.234155893325806,0.6728401184082031
16.245461225509644,0.6058387756347656
16.25703263282776,0.6058387756347656
16.26863741874695,0.6453437805175781
16.27988839149475,0.6290817260742188
16.291248083114624,0.6332130432128906
16.30259370803833,0.6687660217285156
16.313953399658203,0.5837631225585938
16.325296640396118,0.5739974975585938
16.33693552017212,0.6151580810546875
16.348291635513306,0.606842041015625
16.35963249206543,0.5837631225585938
16.370967864990234,0.6210174560546875
16.38231921195984,0.6073455810546875
16.39366126060486,0.5857162475585938
16.404900789260864,0.6229705810546875
16.41614007949829,0.6590652465820312
16.427398443222046,0.6074867248535156
16.438753128051758,0.6427841186523438
16.449999570846558,0.6727371215820312
16.461323499679565,0.5822563171386719
16.472898244857788,0.5803031921386719
16.484148025512695,0.6253700256347656
16.49539065361023,0.6214637756347656
16.506831407546997,0.6097755432128906
16.51843523979187,0.6511878967285156
16.53003716468811,0.6058387756347656
16.541399717330933,0.6056938171386719
16.552765607833862,0.670806884765625
16.564130067825317,0.6213645935058594
16.575775384902954,0.6427650451660156
16.587356567382812,0.68463134765625
16.598864793777466,0.6526870727539062
16.61050295829773,0.6748008728027344
16.621838092803955,0.6548271179199219
16.633521795272827,0.6665229797363281
16.644997358322144,0.6702728271484375
16.656615018844604,0.6782417297363281
16.667953491210938,0.607086181640625
16.679314374923706,0.6440887451171875
16.690555810928345,0.6843414306640625
16.70192527770996,0.6697311401367188
16.7132511138916,0.6642227172851562
16.724502086639404,0.6980133056640625
16.735764026641846,0.6058311462402344
16.747007369995117,0.6742057800292969
16.75827956199646,0.6721878051757812
16.77011513710022,0.711395263671875
16.781362771987915,0.691864013671875
16.79271411895752,0.6721878051757812
16.80406093597412,0.709442138671875
16.815731525421143,0.693817138671875
16.827072620391846,0.6741409301757812
16.838489055633545,0.713348388671875
16.8498592376709,0.7452850341796875
16.861366033554077,0.6482467651367188
16.87297558784485,0.6855010986328125
16.88433313369751,0.7175941467285156
16.895686864852905,0.66998291015625
16.907034635543823,0.6974716186523438
16.918407678604126,0.679931640625
16.93004536628723,0.7176895141601562
16.941528797149658,0.7013778686523438
16.952800512313843,0.679931640625
16.96441388130188,0.7179412841796875
16.975879907608032,0.7033309936523438
16.98722815513611,0.6804351806640625
16.998607635498047,0.6805877685546875
17.00991415977478,0.7532806396484375
17.02116107940674,0.6546096801757812
17.032641649246216,0.691864013671875
17.04395031929016,0.7178421020507812
17.055510997772217,0.6775436401367188
17.066810846328735,0.7050323486328125
17.078125,0.7021293640136719
17.089602947235107,0.7374725341796875
17.101223468780518,0.6803398132324219
17.11289620399475,0.7079887390136719
17.12471103668213,0.7413787841796875
17.136423349380493,0.6803398132324219
17.147786617279053,0.7138481140136719
17.159159183502197,0.7118377685546875
17.17075514793396,0.6955184936523438
17.18212103843689,0.6882476806640625
17.193777799606323,0.7238006591796875
17.20525860786438,0.7464447021484375
17.21682643890381,0.7019195556640625
17.228378772735596,0.6560592651367188
17.240289211273193,0.6991729736328125
17.25172185897827,0.6894073486328125
17.26312017440796,0.6677780151367188
17.274484395980835,0.7069854736328125
17.285958528518677,0.6913604736328125
17.297322988510132,0.6697311401367188
17.308673620224,0.7069854736328125
17.319942951202393,0.7413787841796875
17.33134388923645,0.6433334350585938
17.342626810073853,0.6803398132324219
17.353890895843506,0.7472381591796875
17.365142583847046,0.65240478515625
17.376722812652588,0.6818466186523438
17.38800597190857,0.6843414306640625
17.399255752563477,0.7179412841796875
17.410501718521118,0.699676513671875
17.422075271606445,0.6804351806640625
17.43341851234436,0.717254638671875
17.444801330566406,0.699676513671875
17.45616316795349,0.6801834106445312
17.46763277053833,0.6803398132324219
17.47923445701599,0.7535324096679688
17.490856647491455,0.6599655151367188
17.502354860305786,0.6972198486328125
17.51370143890381,0.7227554321289062
17.525057077407837,0.67974853515625
17.536560773849487,0.7091903686523438
17.547897338867188,0.7060356140136719
17.55923867225647,0.7374725341796875
17.57053518295288,0.6803398132324219
17.581887245178223,0.7040824890136719
17.593131065368652,0.7355194091796875
17.60443925857544,0.6803398132324219
17.615682125091553,0.7079887390136719
17.626922369003296,0.7059783935546875
17.638171911239624,0.6916122436523438
17.649705410003662,0.6862945556640625
17.661060333251953,0.7218475341796875
17.672386646270752,0.7466964721679688
17.68368124961853,0.6980133056640625
17.695005893707275,0.65240478515625
17.7065486907959,0.6896591186523438
17.71789002418518,0.68109130859375
17.72924017906189,0.65435791015625
17.740574598312378,0.6955184936523438
17.751921892166138,0.6813430786132812
17.763548135757446,0.65826416015625
17.775047540664673,0.6994247436523438
17.786692142486572,0.7374725341796875
17.79803204536438,0.6956596374511719
17.80937170982361,0.7165298461914062
17.820611715316772,0.7452850341796875
17.8321373462677,0.6507034301757812
17.843403100967407,0.7170333862304688
17.85495662689209,0.6775436401367188
17.86641836166382,0.7147979736328125
17.87774896621704,0.7011260986328125
17.889026165008545,0.6801834106445312
17.900527715682983,0.7179412841796875
17.911981105804443,0.7030792236328125
17.92334818840027,0.6823883056640625
17.93496537208557,0.6825408935546875
17.946317434310913,0.7540359497070312
17.957716464996338,0.66021728515625
17.96905541419983,0.6955184936523438
17.980385065078735,0.7210540771484375
17.99199938774109,0.67584228515625
18.00354242324829,0.7091903686523438
18.014796018600464,0.7099418640136719
18.02604651451111,0.7374725341796875
18.03737998008728,0.6803398132324219
18.048967838287354,0.7079887390136719
18.06022572517395,0.7355194091796875
18.071466207504272,0.6819877624511719
18.08305072784424,0.7040824890136719
18.094307899475098,0.7040252685546875
18.105685234069824,0.689910888671875
18.11766815185547,0.6843414306640625
18.129031658172607,0.7198944091796875
18.140841960906982,0.7481460571289062
18.152463674545288,0.7040824890136719
18.16413950920105,0.65631103515625
18.1753830909729,0.6916122436523438
18.186821699142456,0.6808395385742188
18.19808578491211,0.65240478515625
18.2093825340271,0.6916122436523438
18.220642566680908,0.6808395385742188
18.23226237297058,0.65435791015625
18.24377131462097,0.6974716186523438
18.255164623260498,0.7335662841796875
18.266525268554688,0.7170028686523438
18.277868032455444,0.7160263061523438
18.289475679397583,0.7394256591796875
18.30085015296936,0.6462936401367188
18.312532424926758,0.7169647216796875
18.324122428894043,0.6777915954589844
18.335460424423218,0.7150497436523438
18.346798419952393,0.6974716186523438
18.358267545700073,0.6777915954589844
18.369576692581177,0.7150497436523438
18.3811137676239,0.6974716186523438
18.39248538017273,0.67388916015625
18.403848886489868,0.7130966186523438
18.415204286575317,0.7452850341796875
18.426560640335083,0.64459228515625
18.437906742095947,0.6818466186523438
18.449399948120117,0.7535324096679688
18.461135625839233,0.6643753051757812
18.47248935699463,0.689910888671875
18.483827352523804,0.6882476806640625
18.49518084526062,0.7238006591796875
18.50676727294922,0.7128448486328125
18.51801562309265,0.6960601806640625
18.52926516532898,0.7296600341796875
18.540878534317017,0.7169342041015625
18.552256107330322,0.6999664306640625
18.563934087753296,0.7001190185546875
18.57550024986267,0.6835479736328125
18.587072134017944,0.67584228515625
18.598437547683716,0.7130966186523438
18.61024308204651,0.7386322021484375
18.621590852737427,0.6902008056640625
18.633145093917847,0.64459228515625
18.64466118812561,0.6818466186523438
18.656017065048218,0.7532806396484375
18.667375564575195,0.6430854797363281
18.678804397583008,0.6808395385742188
18.690428256988525,0.7532806396484375
18.701781511306763,0.6430854797363281
18.713351726531982,0.6663284301757812
18.72481632232666,0.6823654174804688
18.73643922805786,0.6843414306640625
18.74769401550293,0.6800003051757812
18.758941650390625,0.7535552978515625
18.770188093185425,0.6822929382324219
18.781719207763672,0.6842460632324219
18.79332160949707,0.6881523132324219
18.804657459259033,0.6920585632324219
18.815945863723755,0.6959648132324219
18.827344179153442,0.6979179382324219
18.83868145942688,0.7018241882324219
18.850163459777832,0.7037773132324219
18.86153793334961,0.7076835632324219
18.872886657714844,0.7115898132324219
18.884323596954346,0.7135429382324219
18.89569902420044,0.7174491882324219
18.90725088119507,0.7630958557128906
18.918790817260742,0.7591171264648438
18.93024468421936,0.7669296264648438
18.941591501235962,0.7747421264648438
18.95328187942505,0.7827644348144531
18.964632272720337,0.7886238098144531
18.975966453552246,0.826019287109375
18.987468481063843,0.8400955200195312
18.999109268188477,0.8635330200195312
19.010734796524048,0.8394927978515625
19.02208161354065,0.881256103515625
19.033390045166016,0.9031753540039062
19.044743061065674,0.8904190063476562
19.05608606338501,0.8355865478515625
19.067522525787354,0.8239250183105469
19.078888416290283,0.8498611450195312
19.09036922454834,0.8774490356445312
19.10184335708618,0.8673324584960938
19.113208055496216,0.891021728515625
19.1246554851532,0.9266471862792969
19.136568546295166,0.838043212890625
19.148250341415405,0.8294792175292969
19.15980052947998,0.8517951965332031
19.17155623435974,0.8889808654785156
19.183227062225342,0.8810615539550781
19.195000171661377,0.9065895080566406
19.206528902053833,0.8971672058105469
19.217870712280273,0.9380760192871094
19.229402542114258,0.9774818420410156
19.240849018096924,0.9938468933105469
19.25225043296814,0.9416275024414062
19.26360273361206,1.0134391784667969
19.27504301071167,1.0470390319824219
19.286635875701904,1.0881996154785156
19.298182487487793,1.0719718933105469
19.309671640396118,1.0983619689941406
19.321181774139404,0.42006683349609375
19.332443475723267,0.42006683349609375
19.34377431869507,0.42006683349609375
19.355202436447144,0.42006683349609375
19.366717100143433,0.42006683349609375
19.378072500228882,0.42006683349609375
19.389434576034546,0.42006683349609375
19.40081810951233,0.42006683349609375
19.41235899925232,0.42006683349609375
19.42374348640442,0.42006683349609375
19.43519902229309,0.42083740234375
19.44656205177307,0.4229736328125
19.457921981811523,0.4229736328125
19.469293355941772,0.4229736328125
19.48065733909607,0.4229736328125
19.492161512374878,0.4229736328125
19.503636837005615,0.4229736328125
19.515159606933594,0.4229736328125
19.526756763458252,0.4229736328125
19.537999153137207,0.4229736328125
19.54925799369812,0.4229736328125
19.56061053276062,0.4229736328125
19.571956634521484,0.4229736328125
19.583465099334717,0.4229736328125
19.59475326538086,0.4229736328125
19.60599970817566,0.4229736328125
19.618126392364502,0.4248504638671875
19.62955904006958,0.4248504638671875
19.641024589538574,0.4248504638671875
19.652804851531982,0.4248504638671875
19.664205074310303,0.4248504638671875
19.675564289093018,0.42513275146484375
19.686970472335815,0.42513275146484375
19.69849133491516,0.42513275146484375
19.710016012191772,0.42513275146484375
19.721553087234497,0.42513275146484375
19.73299741744995,0.42513275146484375
19.744425058364868,0.42513275146484375
19.755675077438354,0.42513275146484375
19.76712703704834,0.42513275146484375
19.778636932373047,0.42513275146484375
19.790067434310913,0.42513275146484375
19.80159878730774,0.42513275146484375
19.81314492225647,0.42513275146484375
19.824495792388916,0.42513275146484375
19.835850954055786,0.42513275146484375
19.8475399017334,0.42513275146484375
19.85888957977295,0.42513275146484375
19.87055540084839,0.42513275146484375
19.882071256637573,0.42513275146484375
19.893290758132935,0.42513275146484375
19.90478801727295,0.42513275146484375
19.91621232032776,0.42513275146484375
19.92778491973877,0.42513275146484375
19.939194202423096,0.42513275146484375
19.950660467147827,0.42513275146484375
19.96212148666382,0.42513275146484375
19.974035024642944,0.42513275146484375
19.98546862602234,0.42513275146484375
19.996854782104492,0.42513275146484375
20.00834012031555,0.42513275146484375
20.019952297210693,0.42513275146484375
20.031315088272095,0.42513275146484375
20.04298186302185,0.42513275146484375
20.054588556289673,0.42513275146484375
20.066260814666748,0.42513275146484375
20.077924966812134,0.42513275146484375
20.089369297027588,0.42513275146484375
20.1013081073761,0.42513275146484375
20.11289072036743,0.42513275146484375
20.124273538589478,0.42513275146484375
20.135652780532837,0.42513275146484375
20.147034645080566,0.42513275146484375
20.15884280204773,0.42513275146484375
20.170279502868652,0.42513275146484375
20.18207097053528,0.42513275146484375
20.193822383880615,0.42513275146484375
20.20521593093872,0.42513275146484375
20.21698784828186,0.42513275146484375
20.228375911712646,0.42513275146484375
20.240053176879883,0.42513275146484375
20.251760959625244,0.42513275146484375
20.263357162475586,0.42513275146484375
20.27491784095764,0.42513275146484375
20.2863507270813,0.42513275146484375
20.297762870788574,0.42513275146484375
20.30935502052307,0.42513275146484375
20.320836305618286,0.42513275146484375
20.33228588104248,0.42513275146484375
20.343721628189087,0.42513275146484375
20.35515260696411,0.42513275146484375
20.366563081741333,0.42513275146484375
20.378024339675903,0.42513275146484375
20.38944149017334,0.42513275146484375
20.40080451965332,0.42513275146484375
20.41218090057373,0.42513275146484375
20.423633813858032,0.42513275146484375
20.435572624206543,0.42513275146484375
20.44759702682495,0.42513275146484375
20.45969867706299,0.42513275146484375
20.471709966659546,0.42513275146484375
20.4837007522583,0.42513275146484375
20.4957492351532,0.42513275146484375
20.507819175720215,0.42513275146484375
20.519964456558228,0.42513275146484375
20.532139539718628,0.42513275146484375
20.54441738128662,0.42513275146484375
20.556809186935425,0.42513275146484375
20.569238901138306,0.42513275146484375
20.581737279891968,0.42513275146484375
20.594289302825928,0.42513275146484375
20.606881141662598,0.42513275146484375
20.61944341659546,0.42513275146484375
20.631991863250732,0.42513275146484375
20.6445951461792,0.42513275146484375
20.65712809562683,0.42513275146484375
20.669739961624146,0.42513275146484375
20.68235182762146,0.42513275146484375
20.69499158859253,0.42513275146484375
20.70744514465332,0.42513275146484375
20.719592094421387,0.42513275146484375
20.731528282165527,0.42513275146484375
20.74325728416443,0.42513275146484375
20.75500226020813,0.42513275146484375
20.76688814163208,0.42513275146484375
20.778523921966553,0.42513275146484375
20.79011082649231,0.42513275146484375
20.80182719230652,0.42513275146484375
20.813579320907593,0.42513275146484375
20.825316190719604,0.42513275146484375
20.836780071258545,0.42513275146484375
20.8482449054718,0.42513275146484375
20.859689712524414,0.42513275146484375
20.871639490127563,0.42513275146484375
20.88335919380188,0.42513275146484375
20.894959211349487,0.42513275146484375
20.90640878677368,0.42513275146484375
20.91793203353882,0.42513275146484375
20.92935872077942,0.42513275146484375
20.94079327583313,0.42513275146484375
20.952208757400513,0.42513275146484375
20.96379828453064,0.42513275146484375
20.975518703460693,0.42513275146484375
20.987146377563477,0.42513275146484375
20.998565673828125,0.42513275146484375
21.010061979293823,0.42513275146484375
21.021681308746338,0.42513275146484375
21.033169507980347,0.42513275146484375
21.0448100566864,0.42513275146484375
21.05624008178711,0.42513275146484375
21.067703008651733,0.42513275146484375
21.07913565635681,0.4252967834472656
21.09055781364441,0.4252967834472656
21.10214614868164,0.4252967834472656
21.113540410995483,0.4252967834472656
21.124932527542114,0.4252967834472656
21.136319160461426,0.4252967834472656
21.147693395614624,0.4252967834472656
21.15907096862793,0.4252967834472656
21.170466423034668,0.4252967834472656
21.182045698165894,0.4252967834472656
21.193504571914673,0.4252967834472656
21.20491099357605,0.4252967834472656
21.21628999710083,0.4252967834472656
21.22812032699585,0.4252967834472656
21.23979640007019,0.4252967834472656
21.251713514328003,0.4252967834472656
21.263267755508423,0.4252967834472656
21.27462911605835,0.4252967834472656
21.28595519065857,0.4252967834472656
21.29740023612976,0.4252967834472656
21.309060096740723,0.4252967834472656
21.320605993270874,0.4252967834472656
21.332029581069946,0.4252967834472656
21.343317985534668,0.4252967834472656
21.354780435562134,0.4252967834472656
21.36647057533264,0.4252967834472656
21.37782645225525,0.4252967834472656
21.389362812042236,0.4252967834472656
21.40070104598999,0.4252967834472656
21.41246509552002,0.4252967834472656
21.423842906951904,0.4252967834472656
21.43558669090271,0.4252967834472656
21.44696068763733,0.4252967834472656
21.458343744277954,0.4252967834472656
21.469900131225586,0.4252967834472656
21.48131799697876,0.4252967834472656
21.492658376693726,0.4252967834472656
21.50410556793213,0.4252967834472656
21.515467643737793,0.4252967834472656
21.526821851730347,0.4252967834472656
21.538536310195923,0.4252967834472656
21.54988121986389,0.4252967834472656
21.561411142349243,0.4252967834472656
21.572765588760376,0.4252967834472656
21.584121704101562,0.4252967834472656
21.595556497573853,0.4252967834472656
21.606910705566406,0.4252967834472656
21.61838173866272,0.4252967834472656
21.630046367645264,0.4252967834472656
21.64139175415039,0.4252967834472656
21.652761697769165,0.4252967834472656
21.664132356643677,0.4252967834472656
21.67565679550171,0.4252967834472656
21.68699884414673,0.4252967834472656
21.698453187942505,0.4252967834472656
21.70992612838745,0.4252967834472656
21.721253871917725,0.4252967834472656
21.732796669006348,0.4252967834472656
21.744152069091797,0.4252967834472656
21.75541639328003,0.4252967834472656
21.76683473587036,0.4252967834472656
21.778202533721924,0.4252967834472656
21.78955101966858,0.4252967834472656
21.80089545249939,0.4252967834472656
21.81226372718811,0.4252967834472656
21.823634386062622,0.4252967834472656
21.835272550582886,0.4252967834472656
21.84674048423767,0.4252967834472656
21.858115673065186,0.4252967834472656
21.8694851398468,0.4252967834472656
21.880834817886353,0.4252967834472656
21.892378330230713,0.4252967834472656
21.90391969680786,0.4252967834472656
21.915364027023315,0.4252967834472656
21.926783084869385,0.4252967834472656
21.938164710998535,0.4252967834472656
21.949668884277344,0.4252967834472656
21.96126103401184,0.4252967834472656
21.97254705429077,0.4252967834472656
21.983938694000244,0.4252967834472656
21.995479106903076,0.4252967834472656
22.007023334503174,0.4252967834472656
22.01832628250122,0.4252967834472656
22.02956748008728,0.4252967834472656
22.04081106185913,0.4252967834472656
22.052213191986084,0.4252967834472656
22.063655376434326,0.4252967834472656
22.075166702270508,0.4252967834472656
22.08671498298645,0.4252967834472656
22.09807252883911,0.4252967834472656
22.109416246414185,0.4252967834472656
22.120769739151,0.4252967834472656
22.1321280002594,0.4252967834472656
22.143741369247437,0.4252967834472656
22.155258178710938,0.4252967834472656
22.16688346862793,0.4252967834472656
22.178142786026,0.4252967834472656
22.189480781555176,0.4252967834472656
22.200830698013306,0.4252967834472656
22.212185859680176,0.4252967834472656
22.223633289337158,0.4252967834472656
22.235411643981934,0.4252967834472656
22.247170448303223,0.4252967834472656
22.258849143981934,0.4252967834472656
22.270329475402832,0.4252967834472656
22.28203773498535,0.4252967834472656
22.293492317199707,0.4252967834472656
22.305018424987793,0.4252967834472656
22.316396236419678,0.4252967834472656
22.32778811454773,0.4252967834472656
22.339144468307495,0.4252967834472656
22.350500106811523,0.4252967834472656
22.361843824386597,0.4252967834472656
22.373189687728882,0.4252967834472656
22.384557008743286,0.4252967834472656
22.396173238754272,0.4252967834472656
22.407543182373047,0.4252967834472656
22.418980598449707,0.4252967834472656
22.430415153503418,0.4252967834472656
22.441753149032593,0.4252967834472656
22.453277587890625,0.4252967834472656
22.464770317077637,0.4252967834472656
22.476123571395874,0.4252967834472656
22.487630605697632,0.4252967834472656
22.4990873336792,0.4252967834472656
22.510387420654297,0.4252967834472656
22.52173376083374,0.4252967834472656
22.53307604789734,0.4252967834472656
22.544650316238403,0.4252967834472656
22.556135654449463,0.4252967834472656
22.567755699157715,0.4252967834472656
22.579258918762207,0.4252967834472656
22.590606927871704,0.4252967834472656
22.60196042060852,0.4252967834472656
22.613322257995605,0.4252967834472656
22.624911785125732,0.4252967834472656
22.636658906936646,0.4252967834472656
22.64818286895752,0.4252967834472656
22.659582138061523,0.4252967834472656
22.670929670333862,0.4252967834472656
22.68227195739746,0.4252967834472656
22.693815231323242,0.4252967834472656
22.70527958869934,0.4252967834472656
22.71662473678589,0.4252967834472656
22.7279794216156,0.4252967834472656
22.73933219909668,0.4252967834472656
22.750865936279297,0.4252967834472656
22.76222062110901,0.4252967834472656
22.77356243133545,0.4252967834472656
22.784914255142212,0.4252967834472656
22.79644513130188,0.4252967834472656
22.80778431892395,0.4252967834472656
22.819145679473877,0.4252967834472656
22.830498933792114,0.4252967834472656
22.841851234436035,0.4252967834472656
22.85319447517395,0.4252967834472656
22.864550590515137,0.4252967834472656
22.875915050506592,0.4252967834472656
22.887483835220337,0.4252967834472656
22.899017333984375,0.4252967834472656
22.91051149368286,0.4252967834472656
22.922136783599854,0.4252967834472656
22.93349313735962,0.4252967834472656
22.944937705993652,0.4252967834472656
22.95629072189331,0.4252967834472656
22.967827796936035,0.4252967834472656
22.97918438911438,0.4252967834472656
22.99052619934082,0.4252967834472656
23.00197124481201,0.4252967834472656
23.013585329055786,0.4252967834472656
23.025035619735718,0.4252967834472656
23.036375522613525,0.4252967834472656
23.04772400856018,0.4252967834472656
23.059072256088257,0.4252967834472656
23.070569038391113,0.4252967834472656
23.081908226013184,0.4252967834472656
23.093437433242798,0.4252967834472656
23.104820728302002,0.4252967834472656
23.116240978240967,0.4252967834472656
23.12760615348816,0.4252967834472656
23.13895893096924,0.4252967834472656
23.150657653808594,0.4252967834472656
23.16201138496399,0.4252967834472656
23.173538208007812,0.4252967834472656
23.185035467147827,0.4252967834472656
23.19638228416443,0.4252967834472656
23.207940340042114,0.4252967834472656
23.21932077407837,0.42552947998046875
23.23065948486328,0.42552947998046875
23.242005109786987,0.42552947998046875
23.253633975982666,0.42552947998046875
23.264984846115112,0.42552947998046875
23.27664089202881,0.42552947998046875
23.288132905960083,0.42552947998046875
23.300531148910522,0.42552947998046875
23.312376499176025,0.42552947998046875
23.323774337768555,0.42552947998046875
23.335161685943604,0.42552947998046875
23.346603870391846,0.42552947998046875
23.358588457107544,0.42552947998046875
23.370004892349243,0.42552947998046875
23.38140082359314,0.42552947998046875
23.392800092697144,0.42552947998046875
23.404176712036133,0.42552947998046875
23.41562843322754,0.42552947998046875
23.427220106124878,0.42552947998046875
23.438697814941406,0.42552947998046875
23.45030665397644,0.42552947998046875
23.461747884750366,0.42552947998046875
23.473145246505737,0.42552947998046875
23.484504461288452,0.42552947998046875
23.495877742767334,0.42552947998046875
23.507256031036377,0.42552947998046875
23.51873540878296,0.42552947998046875
23.530100107192993,0.42552947998046875
23.541448831558228,0.42552947998046875
23.552910327911377,0.42552947998046875
23.56427502632141,0.42552947998046875
23.575860500335693,0.3424491882324219
23.587404489517212,0.3139457702636719
23.59899878501892,0.3139457702636719
23.61047387123108,0.3139457702636719
23.62192130088806,0.3139457702636719
23.63333249092102,0.3139457702636719
23.644784212112427,0.3139457702636719
23.65620231628418,0.3139610290527344
23.66767406463623,0.3139610290527344
23.67918562889099,0.3139610290527344
23.69046425819397,0.31635284423828125
23.701766967773438,0.3181953430175781
23.7133047580719,0.3181953430175781
23.724771738052368,0.3181953430175781
23.736282348632812,0.3181953430175781
23.75101637840271,0.3181953430175781
23.762962818145752,0.3792228698730469
23.774364233016968,0.3713340759277344
23.785863399505615,0.3732872009277344
23.797239303588867,0.3771934509277344
23.808595657348633,0.4541053771972656
23.82015037536621,0.4146995544433594
23.831511974334717,0.4107933044433594
23.842859506607056,0.4661598205566406
23.854413270950317,0.5413703918457031
23.865924835205078,0.5413246154785156
23.877288579940796,0.5247611999511719
23.888648748397827,0.5565071105957031
23.900009632110596,0.5898551940917969
23.91161060333252,0.5417327880859375
23.923025608062744,0.613525390625
23.934454441070557,0.6468925476074219
23.945844888687134,0.6785392761230469
23.95721173286438,0.616241455078125
23.968814849853516,0.6507987976074219
23.980382204055786,0.6804924011230469
23.991774082183838,0.616241455078125
24.003117561340332,0.6531867980957031
24.014463663101196,0.6528778076171875
24.025923013687134,0.6367759704589844
24.037620306015015,0.6332206726074219
24.04891586303711,0.6648674011230469
24.06026315689087,0.6903419494628906
24.0715172290802,0.6410331726074219
24.082867860794067,0.6332015991210938
24.094118118286133,0.6668205261230469
24.10537838935852,0.616241455078125
24.116755962371826,0.6410140991210938
24.128128051757812,0.6726799011230469
24.139482736587524,0.616241455078125
24.150837659835815,0.6488265991210938
24.162388563156128,0.6467933654785156
24.17374587059021,0.6328697204589844
24.185639142990112,0.6251564025878906
24.197434186935425,0.6609611511230469
24.208832502365112,0.6905937194824219
24.220200061798096,0.6449203491210938
24.231554985046387,0.6351737976074219
24.242907285690308,0.6707267761230469
24.25449299812317,0.616241455078125
24.2658429145813,0.6429862976074219
24.277222871780396,0.6726799011230469
24.28858518600464,0.616241455078125
24.300455331802368,0.6468925476074219
24.3119113445282,0.6450653076171875
24.323593616485596,0.6326179504394531
24.335365056991577,0.6234550476074219
24.34671378135681,0.6551017761230469
24.358065366744995,0.6818428039550781
24.369375705718994,0.6293144226074219
24.380849599838257,0.6232032775878906
24.3922336101532,0.6590080261230469
24.403573036193848,0.650634765625
24.414926528930664,0.6332015991210938
24.426812648773193,0.6668205261230469
24.438589811325073,0.616241455078125
24.449955463409424,0.6468734741210938
24.461925506591797,0.6467933654785156
24.47356915473938,0.6348228454589844
24.484916925430298,0.6232032775878906
24.496602296829224,0.6590080261230469
24.5079505443573,0.6900901794433594
24.519360780715942,0.6449203491210938
24.530861377716064,0.6429862976074219
24.54222798347473,0.6765861511230469
24.55376672744751,0.616241455078125
24.565106630325317,0.6468925476074219
24.576748371124268,0.6785392761230469
24.588087558746338,0.616241455078125
24.599387407302856,0.6527519226074219
24.61074423789978,0.6509246826171875
24.622103929519653,0.6348228454589844
24.63346552848816,0.6234550476074219
24.644819498062134,0.6551017761230469
24.656301498413086,0.6818428039550781
24.667649030685425,0.6312675476074219
24.67899227142334,0.6173439025878906
24.69065022468567,0.6570549011230469
24.701937913894653,0.6462898254394531
24.713297367095947,0.6232032775878906
24.72486972808838,0.6590080261230469
24.73622417449951,0.6501960754394531
24.747583866119385,0.6273422241210938
24.75937819480896,0.6272621154785156
24.771015882492065,0.6189460754394531
24.782370805740356,0.6112403869628906
24.793779850006104,0.6465415954589844
24.805394172668457,0.6720771789550781
24.81681752204895,0.6212501525878906
24.828346967697144,0.6163368225097656
24.83969020843506,0.6530876159667969
24.851039171218872,0.6387290954589844
24.862378358840942,0.6168403625488281
24.8737313747406,0.6538429260253906
24.88528800010681,0.6426353454589844
24.896634578704834,0.6175956726074219
24.907992124557495,0.6174964904785156
24.919527053833008,0.6902580261230469
24.930873155593872,0.5973167419433594
24.942519187927246,0.6345710754394531
24.95386815071106,0.6581535339355469
24.965278387069702,0.6151466369628906
24.9771089553833,0.5995216369628906
24.988466262817383,0.6367759704589844
24.99980616569519,0.6231040954589844
25.01124358177185,0.6034278869628906
25.02275276184082,0.6406822204589844
25.034082174301147,0.6270103454589844
25.04542350769043,0.6092872619628906
25.05676245689392,0.6465415954589844
25.06810998916626,0.6746330261230469
25.079471349716187,0.5797386169433594
25.090964317321777,0.6191978454589844
25.102423667907715,0.6904411315917969
25.11393117904663,0.6090354919433594
25.12528133392334,0.5934104919433594
25.136625051498413,0.6306648254394531
25.148112058639526,0.6189460754394531
25.159472227096558,0.5973167419433594
25.170818567276,0.6345710754394531
25.18216609954834,0.6208992004394531
25.193618059158325,0.6012229919433594
25.20519471168518,0.6404304504394531
25.216712951660156,0.6707267761230469
25.228055000305176,0.5789871215820312
25.239318132400513,0.616241455078125
25.250728845596313,0.6843986511230469
25.261969089508057,0.5936622619628906
25.273555517196655,0.5792350769042969
25.284889936447144,0.6164894104003906
25.29638648033142,0.6883049011230469
25.307735681533813,0.5797386169433594
25.319097757339478,0.6211509704589844
25.33068084716797,0.6534957885742188
25.342297554016113,0.5878028869628906
25.354023218154907,0.6328697204589844
25.36579442024231,0.6668205261230469
25.37714195251465,0.6528358459472656
25.38849401473999,0.6488265991210938
25.399841785430908,0.6765861511230469
25.41121530532837,0.5838966369628906
25.422563314437866,0.6527328491210938
25.433913946151733,0.6449394226074219
25.4452543258667,0.6765861511230469
25.456592321395874,0.616241455078125
25.467931509017944,0.6468925476074219
25.47928214073181,0.6765861511230469
25.490630388259888,0.616241455078125
25.50210428237915,0.6507987976074219
25.513453245162964,0.6489715576171875
25.524797439575195,0.6348228454589844
25.53614640235901,0.6234550476074219
25.547670125961304,0.6551017761230469
25.55901575088501,0.6818428039550781
25.570367574691772,0.6312675476074219
25.5819354057312,0.6192970275878906
25.593284606933594,0.6548500061035156
25.6048743724823,0.6462898254394531
25.61629557609558,0.6232032775878906
25.627824544906616,0.6590080261230469
25.639309644699097,0.6501960754394531
25.65064549446106,0.6292953491210938
25.661985397338867,0.6272621154785156
25.673338174819946,0.6169929504394531
25.684931993484497,0.6112403869628906
25.69628095626831,0.6445884704589844
25.707672834396362,0.6662178039550781
25.71938157081604,0.6173439025878906
25.73078179359436,0.6153335571289062
25.742153882980347,0.6484947204589844
25.753504753112793,0.6309165954589844
25.765284299850464,0.6153335571289062
25.776628494262695,0.650634765625
25.788079023361206,0.6348228454589844
25.79940676689148,0.6153335571289062
25.810751914978027,0.652587890625
25.822104692459106,0.6824455261230469
25.833450078964233,0.5855979919433594
25.84507703781128,0.6228523254394531
25.856393575668335,0.6863517761230469
25.86774706840515,0.5975685119628906
25.879090785980225,0.5838966369628906
25.890448331832886,0.6164894104003906
25.901872873306274,0.6883049011230469
25.913691997528076,0.5838966369628906
25.925101280212402,0.6211509704589844
25.936476469039917,0.6902580261230469
25.947941303253174,0.5858497619628906
25.959296941757202,0.6231040954589844
25.970802783966064,0.6590080261230469
25.98216724395752,0.6465415954589844
25.993533849716187,0.6410140991210938
26.004894971847534,0.6707267761230469
26.01625919342041,0.5797386169433594
26.027605772018433,0.6527328491210938
26.039071559906006,0.6449394226074219
26.05043339729309,0.6785392761230469
26.06231141090393,0.616241455078125
26.07376456260681,0.6529350280761719
26.08513593673706,0.6824455261230469
26.09681725502014,0.616241455078125
26.108195543289185,0.616241455078125
26.119551181793213,0.6530876159667969
26.13091206550598,0.6384773254394531
26.142271995544434,0.6273612976074219
26.153626441955566,0.6609611511230469
26.16508960723877,0.6877021789550781
26.176478385925293,0.6371269226074219
26.187813997268677,0.6312484741210938
26.199519872665405,0.6668205261230469
26.21094584465027,0.616241455078125
26.222733974456787,0.6468734741210938
26.234107494354248,0.6746330261230469
26.245524644851685,0.616241455078125
26.256871700286865,0.6168403625488281
26.26822805404663,0.6822929382324219
26.279738426208496,0.6332740783691406
26.291095972061157,0.6162376403808594
26.30288290977478,0.6916961669921875
26.314249277114868,0.6615867614746094
26.32566785812378,0.6829452514648438
26.337013721466064,0.6528282165527344
26.348368883132935,0.6907386779785156
26.360182523727417,0.6545906066894531
26.371947526931763,0.6544914245605469
26.383307456970215,0.6262474060058594
26.395017862319946,0.6716651916503906
26.406734466552734,0.6737709045410156
26.418083667755127,0.6637535095214844
26.42952799797058,0.6533317565917969
26.441050052642822,0.6908378601074219
26.452393770217896,0.7188377380371094
26.463765144348145,0.6719169616699219
26.47516703605652,0.6642570495605469
26.48656129837036,0.6995582580566406
26.49810290336609,0.7651939392089844
26.50945734977722,0.6564445495605469
26.520809173583984,0.6976051330566406
26.532162189483643,0.7647590637207031
26.543657541275024,0.6544914245605469
26.555001258850098,0.6956520080566406
26.56636667251587,0.7296028137207031
26.577711820602417,0.7190895080566406
26.58907961845398,0.7116279602050781
26.600677967071533,0.7432746887207031
26.612027883529663,0.6534881591796875
26.62340497970581,0.7213935852050781
26.63533592224121,0.6854896545410156
26.64667773246765,0.7227439880371094
26.658142566680908,0.7071189880371094
26.66970419883728,0.6893959045410156
26.681049346923828,0.7268333435058594
26.69248056411743,0.7090721130371094
26.703834533691406,0.6874427795410156
26.715255737304688,0.7266502380371094
26.726531505584717,0.7549934387207031
26.737891674041748,0.6583976745605469
26.749356746673584,0.6956520080566406
26.76098918914795,0.7649421691894531
26.77234196662903,0.6813316345214844
26.783684492111206,0.7107734680175781
26.79503607749939,0.7018623352050781
26.80639386177063,0.7374153137207031
26.817739486694336,0.7246971130371094
26.829082250595093,0.7018623352050781
26.840391397476196,0.7374153137207031
26.85179877281189,0.7266502380371094
26.86315155029297,0.7038154602050781
26.874501943588257,0.7017631530761719
26.885844230651855,0.6914939880371094
26.89741277694702,0.6854896545410156
26.908839464187622,0.7207908630371094
26.92035222053528,0.7443733215332031
26.931705474853516,0.6920967102050781
26.9430570602417,0.7273368835449219
26.95440149307251,0.7213935852050781
26.96575355529785,0.7530403137207031
26.977370977401733,0.6907424926757812
26.98879837989807,0.7233467102050781
27.000332593917847,0.7549934387207031
27.011677026748657,0.6907424926757812
27.023260831832886,0.7276878356933594
27.034608364105225,0.7273788452148438
27.04623317718506,0.7127265930175781
27.057578563690186,0.7038154602050781
27.06891632080078,0.7354621887207031
27.080291986465454,0.7643394470214844
27.091846704483032,0.7135810852050781
27.10347580909729,0.6720695495605469
27.114946126937866,0.7073707580566406
27.126301050186157,0.6914939880371094
27.137795209884644,0.6662101745605469
27.14915442466736,0.7054176330566406
27.160687685012817,0.6912422180175781
27.172032594680786,0.6642570495605469
27.183390617370605,0.7054176330566406
27.194742441177368,0.7374153137207031
27.206084728240967,0.7229957580566406
27.217572689056396,0.7174873352050781
27.22915768623352,0.7471809387207031
27.24050498008728,0.6561927795410156
27.251850128173828,0.7252998352050781
27.263513565063477,0.6854896545410156
27.27504801750183,0.7227439880371094
27.28666400909424,0.7071189880371094
27.298219203948975,0.6874427795410156
27.30957841873169,0.7246971130371094
27.320929288864136,0.7051658630371094
27.332278966903687,0.6835365295410156
27.34366726875305,0.7207908630371094
27.355013370513916,0.7491340637207031
27.366366386413574,0.6907386779785156
27.37771224975586,0.7274360656738281
27.389512062072754,0.7569465637207031
27.40131688117981,0.6735191345214844
27.41295099258423,0.7010078430175781
27.42476224899292,0.6979560852050781
27.436138153076172,0.7335090637207031
27.447499990463257,0.7207908630371094
27.458858489990234,0.6960029602050781
27.47045874595642,0.7335090637207031
27.481878995895386,0.7207908630371094
27.49353790283203,0.6960029602050781
27.505192518234253,0.6959037780761719
27.516671657562256,0.727996826171875
27.5280282497406,0.6757240295410156
27.539400100708008,0.7129783630371094
27.55074667930603,0.7346076965332031
27.562129497528076,0.6896476745605469
27.573471307754517,0.7210426330566406
27.58481192588806,0.7135810852050781
27.59616708755493,0.7452278137207031
27.60770034790039,0.6907424926757812
27.619224548339844,0.7174873352050781
27.630464553833008,0.7491340637207031
27.641910076141357,0.6907424926757812
27.653407335281372,0.7194404602050781
27.664750814437866,0.7156600952148438
27.67610478401184,0.7029609680175781
27.687739372253418,0.6918449401855469
27.699206352233887,0.7285957336425781
27.710561990737915,0.7541389465332031
27.722032070159912,0.6999092102050781
27.733697652816772,0.6544914245605469
27.745193481445312,0.6914939880371094
27.756532430648804,0.7588996887207031
27.767879724502563,0.6907424926757812
27.779226541519165,0.7274360656738281
27.790836572647095,0.7569465637207031
27.80229902267456,0.6907424926757812
27.813827514648438,0.7252998352050781
27.82528328895569,0.7234725952148438
27.836819410324097,0.7093238830566406
27.848171710968018,0.6960029602050781
27.85979151725769,0.7315559387207031
27.871326208114624,0.7616996765136719
27.88260316848755,0.7077217102050781
27.894121408462524,0.6640052795410156
27.905467987060547,0.6993064880371094
27.91700053215027,0.727996826171875
27.928355932235718,0.6907424926757812
27.939700603485107,0.6907424926757812
27.95103907585144,0.7588310241699219
27.96241855621338,0.6907424926757812
27.974043369293213,0.6907424926757812
27.985389947891235,0.7275886535644531
27.996728897094727,0.7110252380371094
28.008079051971436,0.6999092102050781
28.01952338218689,0.7335090637207031
28.03112006187439,0.7643394470214844
28.04265785217285,0.7135810852050781
28.054194688796997,0.6679115295410156
28.065548419952393,0.7032127380371094
28.07696533203125,0.6907424926757812
28.088314533233643,0.6620521545410156
28.099648237228394,0.7012596130371094
28.11111831665039,0.6907424926757812
28.122464179992676,0.6581459045410156
28.133927822113037,0.6973533630371094
28.14556360244751,0.7335090637207031
28.15690517425537,0.7188377380371094
28.168262004852295,0.7096748352050781
28.179595947265625,0.7393684387207031
28.191031217575073,0.727996826171875
28.20240330696106,0.7174873352050781
28.213894367218018,0.6754722595214844
28.22525644302368,0.7107734680175781
28.236589908599854,0.6951484680175781
28.248108625411987,0.6715660095214844
28.25949478149414,0.7107734680175781
28.270843982696533,0.6951484680175781
28.282193899154663,0.6715660095214844
28.29355239868164,0.7088203430175781
28.304895877838135,0.7374153137207031
28.31633758544922,0.7244453430175781
28.32770037651062,0.7155342102050781
28.339055061340332,0.7432746887207031
28.350394010543823,0.6546859741210938
28.361943244934082,0.7194404602050781
28.37339758872986,0.6798820495605469
28.385196924209595,0.7151832580566406
28.397124528884888,0.6995582580566406
28.408650875091553,0.6779289245605469
28.420519590377808,0.7171363830566406
28.432320833206177,0.7015113830566406
28.443764209747314,0.6779289245605469
28.455487728118896,0.6905860900878906
28.46684741973877,0.7096748352050781
28.47820806503296,0.70770263671875
28.48958683013916,0.7016105651855469
28.50094962120056,0.727996826171875
28.51232600212097,0.6914939880371094
28.52367377281189,0.6956520080566406
28.535216569900513,0.6995582580566406
28.546592473983765,0.7015113830566406
28.558138847351074,0.7054176330566406
28.56948685646057,0.7073707580566406
28.580933570861816,0.7112770080566406
28.592291831970215,0.7151832580566406
28.603643894195557,0.7171363830566406
28.615013360977173,0.7210426330566406
28.626391172409058,0.7249488830566406
28.63783288002014,0.7270889282226562
28.649218559265137,0.7651939392089844
28.660576820373535,0.7687110900878906
28.671942472457886,0.7765235900878906
28.683308124542236,0.7843360900878906
28.694651126861572,0.7901954650878906
28.7059907913208,0.7980079650878906
28.71736741065979,0.8180351257324219
28.72871160507202,0.8457145690917969
28.740061283111572,0.8691520690917969
28.751389026641846,0.8397636413574219
28.762731313705444,0.8888320922851562
28.774075984954834,0.9122695922851562
28.785391330718994,0.8941497802734375
28.796746492385864,0.8432235717773438
28.808141708374023,0.83135986328125
28.8196702003479,0.8613433837890625
28.83101797103882,0.8927726745605469
28.84242343902588,0.8810195922851562
28.853772401809692,0.9025039672851562
28.8651225566864,0.9478569030761719
28.876474857330322,0.8553886413574219
28.88781976699829,0.8397636413574219
28.89928102493286,0.8750152587890625
28.910626888275146,0.9103431701660156
28.92197847366333,0.8963508605957031
28.93333673477173,0.9217376708984375
28.944706201553345,0.9144477844238281
28.95608901977539,0.9505729675292969
28.96747398376465,0.952423095703125
28.97890830039978,1.0088691711425781
28.99027132987976,0.9538726806640625
29.001885890960693,0.9889259338378906
29.01325035095215,1.0621681213378906
29.02468705177307,1.0998764038085938
29.036038160324097,1.0851669311523438
29.047510147094727,1.1115570068359375
29.059126138687134,0.4301109313964844
29.07053804397583,0.4301109313964844
29.08192801475525,0.4301109313964844
29.093279600143433,0.4301109313964844
29.104642868041992,0.4301109313964844
29.116190671920776,0.4301109313964844
29.127548456192017,0.4301109313964844
29.139241933822632,0.4301109313964844
29.15061616897583,0.4301109313964844
29.16201663017273,0.4301109313964844
29.17338514328003,0.4301109313964844
29.184733629226685,0.4301109313964844
29.196081399917603,0.4301109313964844
29.20738911628723,0.4301109313964844
29.218744039535522,0.4301109313964844
29.230578899383545,0.4301109313964844
29.241935968399048,0.4301109313964844
29.25376057624817,0.4301109313964844
29.265404224395752,0.4301109313964844
29.277191400527954,0.4301109313964844
29.288848400115967,0.4301109313964844
29.3002667427063,0.4301109313964844
29.311795949935913,0.4301109313964844
29.323232412338257,0.4301109313964844
29.334583044052124,0.4301109313964844
29.345934867858887,0.4301109313964844
29.357287406921387,0.4301109313964844
29.36890745162964,0.4301109313964844
29.38025188446045,0.4301109313964844
29.39160180091858,0.4301109313964844
29.40295648574829,0.4301109313964844
29.414306163787842,0.4301109313964844
29.42583155632019,0.4301109313964844
29.437176942825317,0.4301109313964844
29.448941707611084,0.4301109313964844
29.46072030067444,0.4301109313964844
29.47208571434021,0.4301109313964844
29.48380756378174,0.4301109313964844
29.49519109725952,0.4301109313964844
29.506555318832397,0.4301109313964844
29.51823377609253,0.4301109313964844
29.529582500457764,0.4301109313964844
29.540920734405518,0.4301109313964844
29.552276372909546,0.4301109313964844
29.563624620437622,0.4301109313964844
29.574997186660767,0.4301109313964844
29.586350679397583,0.4301109313964844
29.597707271575928,0.4301109313964844
29.609350204467773,0.4301109313964844
29.62071180343628,0.4301109313964844
29.63206124305725,0.4301109313964844
29.64352560043335,0.4301109313964844
29.65487241744995,0.4301109313964844
29.666239500045776,0.4301109313964844
29.677589654922485,0.4301109313964844
29.6891188621521,0.4301109313964844
29.700466871261597,0.4301109313964844
29.711808681488037,0.4301109313964844
29.72318720817566,0.4301109313964844
29.734532356262207,0.4301109313964844
29.745882987976074,0.4301109313964844
29.75724172592163,0.4301109313964844
29.768800258636475,0.4301109313964844
29.780145168304443,0.4301109313964844
29.791489601135254,0.4301109313964844
29.802836179733276,0.4301109313964844
29.814207792282104,0.4301109313964844
29.825563192367554,0.4301109313964844
29.83690881729126,0.4301109313964844
29.848268747329712,0.4301109313964844
29.859610557556152,0.4301109313964844
29.871102809906006,0.4301109313964844
29.882492780685425,0.4301109313964844
29.89385414123535,0.4301109313964844
29.905272722244263,0.4301109313964844
29.916655778884888,0.4301109313964844
29.928038358688354,0.4301109313964844
29.939507961273193,0.4301109313964844
29.951125144958496,0.4301109313964844
29.96249008178711,0.4301109313964844
29.974307775497437,0.4301109313964844
29.985698223114014,0.4301109313964844
29.997055292129517,0.4301109313964844
30.008387565612793,0.4301109313964844
30.01977276802063,0.4301109313964844
30.031283140182495,0.4301109313964844
30.042701482772827,0.4301109313964844
30.0542209148407,0.4301109313964844
30.065743684768677,0.4301109313964844
30.07709813117981,0.4301109313964844
30.088452100753784,0.4301109313964844
30.099838256835938,0.4301109313964844
30.111353158950806,0.4301109313964844
30.122782945632935,0.4301109313964844
30.134143114089966,0.4301109313964844
30.14550542831421,0.4301109313964844
30.156930923461914,0.4301109313964844
30.168277263641357,0.4301109313964844
30.179616451263428,0.4301109313964844
30.19100522994995,0.4301109313964844
30.202595949172974,0.4301109313964844
30.214048147201538,0.4301109313964844
30.22562003135681,0.4301109313964844
30.23740863800049,0.4301109313964844
30.248793601989746,0.4301109313964844
30.260213613510132,0.4301109313964844
30.27157163619995,0.4301109313964844
30.28292989730835,0.4301109313964844
30.2942795753479,0.4301109313964844
30.305622100830078,0.4301109313964844
30.316967248916626,0.4301109313964844
30.32855725288391,0.4301109313964844
30.340079069137573,0.4301109313964844
30.351394176483154,0.4301109313964844
30.362760305404663,0.4301109313964844
30.374112606048584,0.4301109313964844
30.3854558467865,0.4301109313964844
30.396941423416138,0.4301109313964844
30.40828800201416,0.4301109313964844
30.419646978378296,0.4301109313964844
30.43144392967224,0.4301109313964844
30.442813396453857,0.4301109313964844
30.454641580581665,0.4301109313964844
30.466010808944702,0.4301109313964844
30.477928638458252,0.4301109313964844
30.4894278049469,0.4301109313964844
30.500836849212646,0.4301109313964844
30.512694597244263,0.4301109313964844
30.524195194244385,0.4301109313964844
30.535724878311157,0.4301109313964844
30.54707360267639,0.4301109313964844
30.558396339416504,0.4301109313964844
30.569762706756592,0.4301109313964844
30.581100463867188,0.4301109313964844
30.592450618743896,0.4301109313964844
30.60379648208618,0.4301109313964844
30.615171194076538,0.4301109313964844
30.62662148475647,0.4301109313964844
30.637968063354492,0.4301109313964844
30.6493182182312,0.4301109313964844
30.660779237747192,0.4301109313964844
30.672130346298218,0.4301109313964844
30.683473348617554,0.4301109313964844
30.694809913635254,0.4301109313964844
30.706160068511963,0.4301109313964844
30.71750569343567,0.4301109313964844
30.72902774810791,0.4301109313964844
30.740381002426147,0.4301109313964844
30.751729011535645,0.4301109313964844
30.763264894485474,0.4301109313964844
30.77460813522339,0.4301109313964844
30.78594446182251,0.4301109313964844
30.79728865623474,0.4301109313964844
30.808826208114624,0.4301109313964844
30.820186853408813,0.4301109313964844
30.83154058456421,0.4301109313964844
30.8428795337677,0.4301109313964844
30.854263305664062,0.4301109313964844
30.865609884262085,0.4301109313964844
30.876965045928955,0.4301109313964844
30.888314723968506,0.4301109313964844
30.899667024612427,0.4301109313964844
30.911004066467285,0.4301109313964844
30.92235541343689,0.4301109313964844
30.933859825134277,0.4301109313964844
30.945204973220825,0.4301109313964844
30.95656156539917,0.4301109313964844
30.96812105178833,0.4301109313964844
30.979782104492188,0.4301109313964844
30.991527318954468,0.4301109313964844
31.002947568893433,0.4301109313964844
31.01439070701599,0.4301109313964844
31.02573871612549,0.4301109313964844
31.037082195281982,0.4301109313964844
31.048428773880005,0.4301109313964844
31.060014724731445,0.4301109313964844
31.07136368751526,0.4301109313964844
31.082707405090332,0.4301109313964844
31.094057321548462,0.4301109313964844
31.1054744720459,0.4301109313964844
31.11687183380127,0.4301109313964844
31.128226280212402,0.4301109313964844
31.13961148262024,0.4301109313964844
31.15096402168274,0.4301109313964844
31.162301301956177,0.4301109313964844
31.173917055130005,0.4301109313964844
31.185255527496338,0.4301109313964844
31.196592330932617,0.4301109313964844
31.207995176315308,0.4301109313964844
31.21935796737671,0.4301109313964844
31.23070001602173,0.4301109313964844
31.242040634155273,0.4301109313964844
31.253382444381714,0.4301109313964844
31.265162467956543,0.4301109313964844
31.27659511566162,0.4301109313964844
31.28799557685852,0.4301109313964844
31.29958415031433,0.4301109313964844
31.310926914215088,0.4301109313964844
31.322340726852417,0.4301109313964844
31.333705186843872,0.4301109313964844
31.345054864883423,0.4301109313964844
31.35641598701477,0.4301109313964844
31.367764949798584,0.4301109313964844
31.37929081916809,0.4301109313964844
31.39063262939453,0.4301109313964844
31.40207600593567,0.4301109313964844
31.41338276863098,0.4301109313964844
31.424877643585205,0.4301109313964844
31.436222553253174,0.4301109313964844
31.447577238082886,0.4301109313964844
31.458965063095093,0.4301109313964844
31.470389127731323,0.4301109313964844
31.481750011444092,0.4301109313964844
31.493188619613647,0.4301109313964844
31.505043506622314,0.4301109313964844
31.516823291778564,0.4301109313964844
31.52829098701477,0.4301109313964844
31.539974212646484,0.4301109313964844
31.551332235336304,0.4301109313964844
31.56267809867859,0.4301109313964844
31.574023485183716,0.4301109313964844
31.585400819778442,0.4301109313964844
31.596760988235474,0.4301109313964844
31.6081223487854,0.4301109313964844
31.619491577148438,0.4301109313964844
31.630854845046997,0.4301109313964844
31.6422336101532,0.4301109313964844
31.653591632843018,0.4301109313964844
31.66493844985962,0.4301109313964844
31.676470279693604,0.4301109313964844
31.687804222106934,0.4301109313964844
31.69914937019348,0.4301109313964844
31.71050000190735,0.4301109313964844
31.72184991836548,0.4301109313964844
31.73320436477661,0.4301109313964844
31.744579792022705,0.4301109313964844
31.75592303276062,0.4301109313964844
31.76727557182312,0.4301109313964844
31.778623819351196,0.4301109313964844
31.789968729019165,0.4301109313964844
31.801326751708984,0.4301109313964844
31.81280255317688,0.4301109313964844
31.824162244796753,0.4301109313964844
31.835509300231934,0.4301109313964844
31.846884965896606,0.4301109313964844
31.858283519744873,0.4301109313964844
31.869659185409546,0.4301109313964844
31.8812894821167,0.4301109313964844
31.892818927764893,0.4301109313964844
31.904166221618652,0.4301109313964844
31.91550922393799,0.4301109313964844
31.926847219467163,0.4301109313964844
31.9383704662323,0.4301109313964844
31.949713468551636,0.4301109313964844
31.9610595703125,0.4301109313964844
31.972425937652588,0.4301109313964844
31.983850479125977,0.4301109313964844
31.995277881622314,0.4301109313964844
32.006808280944824,0.4301109313964844
32.01828956604004,0.4301109313964844
32.02962899208069,0.4301109313964844
32.041104316711426,0.4301109313964844
32.05244302749634,0.4301109313964844
32.06397342681885,0.4301109313964844
32.0753276348114,0.4301109313964844
32.08667826652527,0.4301109313964844
32.09802532196045,0.4301109313964844
32.1093807220459,0.4301109313964844
32.12090492248535,0.4301109313964844
32.132256269454956,0.4301109313964844
32.14359974861145,0.4301109313964844
32.15493392944336,0.4301109313964844
32.16628170013428,0.4301109313964844
32.177629232406616,0.4301109313964844
32.189149379730225,0.4301109313964844
32.200557231903076,0.4301109313964844
32.21193599700928,0.4301109313964844
32.22331929206848,0.4301109313964844
32.23466897010803,0.4301109313964844
32.24602246284485,0.4301109313964844
32.25738215446472,0.4301109313964844
32.26872992515564,0.4301109313964844
32.280354022979736,0.4301109313964844
32.291698694229126,0.4301109313964844
32.30353856086731,0.4301109313964844
32.315290451049805,0.4301109313964844
32.32670307159424,0.4301109313964844
32.33805251121521,0.4301109313964844
32.34973978996277,0.4301109313964844
32.36111068725586,0.4301109313964844
32.37247586250305,0.4301109313964844
32.38383769989014,0.4301109313964844
32.39518666267395,0.4301109313964844
32.406551361083984,0.4301109313964844
32.41790294647217,0.4301109313964844
32.429256439208984,0.4301109313964844
32.44060730934143,0.4301109313964844
32.45199775695801,0.4301109313964844
32.46369171142578,0.4301109313964844
32.47509694099426,0.4301109313964844
32.48662829399109,0.4301109313964844
32.49849843978882,0.4301109313964844
32.51001024246216,0.4301109313964844
32.52142333984375,0.4301109313964844
32.53329277038574,0.4301109313964844
32.54511070251465,0.4301109313964844
32.55651378631592,0.4301109313964844
32.56831479072571,0.4301109313964844
32.579678535461426,0.4301109313964844
32.59103274345398,0.4301109313964844
32.602583169937134,0.4301109313964844
32.613938331604004,0.4301109313964844
32.62531805038452,0.4301109313964844
32.636940240859985,0.4301109313964844
32.64829707145691,0.4301109313964844
32.65965223312378,0.4301109313964844
32.67100143432617,0.4301109313964844
32.68236017227173,0.4301109313964844
32.69375014305115,0.4301109313964844
32.70533585548401,0.4301109313964844
32.71670579910278,0.4301109313964844
32.728246212005615,0.4301109313964844
32.739704847335815,0.4301109313964844
32.751057147979736,0.4301109313964844
32.76250863075256,0.4301109313964844
32.77386283874512,0.4301109313964844
32.785236120224,0.4301109313964844
32.79672718048096,0.4301109313964844
32.808103799819946,0.4301109313964844
32.81947708129883,0.4301109313964844
32.83093214035034,0.4301109313964844
32.84232497215271,0.4301109313964844
32.853859424591064,0.4301109313964844
32.86523962020874,0.4301109313964844
32.87677717208862,0.4301109313964844
32.88815879821777,0.4301109313964844
32.89951515197754,0.4301109313964844
32.91086173057556,0.4301109313964844
32.9222309589386,0.4301109313964844
32.933801889419556,0.4301109313964844
32.94522786140442,0.4301109313964844
32.956587076187134,0.4301109313964844
32.967926263809204,0.4301109313964844
32.97927141189575,0.4301109313964844
32.99073076248169,0.4301109313964844
33.00211977958679,0.4301109313964844
33.01349878311157,0.4301109313964844
33.02500009536743,0.4301109313964844
33.036680936813354,0.35587310791015625
33.04819393157959,0.31836700439453125
33.05980706214905,0.31836700439453125
33.07116723060608,0.31836700439453125
33.082521200180054,0.31836700439453125
33.09400725364685,0.31836700439453125
33.105369329452515,0.31836700439453125
33.11674690246582,0.31836700439453125
33.12832570075989,0.31836700439453125
33.1396918296814,0.31836700439453125
33.1511914730072,0.31836700439453125
33.1625759601593,0.17785263061523438
33.17388081550598,0.1778564453125
33.18535137176514,0.1778564453125
33.19665241241455,0.1778564453125
33.207947969436646,0.1778564453125
33.21924543380737,0.1778564453125
33.23062801361084,0.1779327392578125
33.24193787574768,0.1779327392578125
33.25353813171387,0.1779327392578125
33.267443895339966,0.1779327392578125
33.28005504608154,0.178070068359375
33.291534185409546,0.178070068359375
33.30284333229065,0.178070068359375
33.314165115356445,0.178070068359375
33.32624077796936,0.178070068359375
33.34165906906128,0.17808151245117188
33.35311841964722,0.17808151245117188
33.36510396003723,0.17628860473632812
33.376678228378296,0.17659378051757812
33.38812327384949,0.17813873291015625
33.39940905570984,0.17813873291015625
33.410879611968994,0.17813873291015625
33.42237162590027,0.17813873291015625
33.433690309524536,0.17813873291015625
33.445406675338745,0.17813873291015625
33.45699501037598,0.17813873291015625
33.46874117851257,0.17813873291015625
33.480304479599,0.17813873291015625
33.491600036621094,0.17813873291015625
33.50297737121582,0.17813873291015625
33.51443290710449,0.17813873291015625
33.52578592300415,0.17813873291015625
33.537333726882935,0.17813873291015625
33.5487961769104,0.17813873291015625
33.560364961624146,0.17813873291015625
33.57205533981323,0.17813873291015625
33.58348727226257,0.17813873291015625
33.595269203186035,0.17813873291015625
33.606576681137085,0.17813873291015625
33.61785840988159,0.17813873291015625
33.62934112548828,0.17813873291015625
33.640902280807495,0.17882537841796875
33.65262484550476,0.17977523803710938
33.664165019989014,0.0
33.67550349235535,0.0
