t_sec,rss_gib
0.0068895816802978516,0.00199127197265625
0.017824411392211914,0.007305145263671875
0.028624773025512695,0.0085601806640625
0.039400339126586914,0.009624481201171875
0.05015754699707031,0.010128021240234375
0.06094026565551758,0.010631561279296875
0.0717153549194336,0.0109405517578125
0.08247900009155273,0.01131439208984375
0.09322881698608398,0.01296234130859375
0.10398530960083008,0.015712738037109375
0.11474943161010742,0.0186767578125
0.1255338191986084,0.0186767578125
0.1363229751586914,0.019580841064453125
0.14708447456359863,0.019916534423828125
0.15784859657287598,0.020420074462890625
0.16861701011657715,0.02123260498046875
0.1793806552886963,0.02161407470703125
0.19013214111328125,0.02161407470703125
0.20090651512145996,0.02211761474609375
0.21167898178100586,0.02248382568359375
0.22245240211486816,0.022735595703125
0.23321104049682617,0.02329254150390625
0.24397802352905273,0.0239105224609375
0.25475597381591797,0.0239105224609375
0.26552414894104004,0.0239105224609375
0.27627015113830566,0.0239105224609375
0.2870519161224365,0.0239105224609375
0.29781341552734375,0.0239105224609375
0.30856823921203613,0.0239105224609375
0.31932902336120605,0.0239105224609375
0.3300764560699463,0.0239105224609375
0.3408634662628174,0.0239105224609375
0.35162949562072754,0.0239105224609375
0.3623998165130615,0.0239105224609375
0.3731675148010254,0.0239105224609375
0.383922815322876,0.0239105224609375
0.3946809768676758,0.0239105224609375
0.4054412841796875,0.0239105224609375
0.41617655754089355,0.0239105224609375
0.42693138122558594,0.0239105224609375
0.4376835823059082,0.0239105224609375
0.44843196868896484,0.0239105224609375
0.4591794013977051,0.0239105224609375
0.4699382781982422,0.0239105224609375
0.4806859493255615,0.0239105224609375
0.4914407730102539,0.0239105224609375
0.5021836757659912,0.0243072509765625
0.5129499435424805,0.0243072509765625
0.523714542388916,0.0243072509765625
0.5344724655151367,0.0243072509765625
0.5452117919921875,0.0243072509765625
0.5559558868408203,0.0243072509765625
0.5667192935943604,0.0243072509765625
0.5774805545806885,0.0243072509765625
0.5882303714752197,0.0243072509765625
0.5989775657653809,0.0243072509765625
0.609734296798706,0.0243072509765625
0.6204891204833984,0.0243072509765625
0.631232738494873,0.0243072509765625
0.6419780254364014,0.0243072509765625
0.6527349948883057,0.0243072509765625
0.6634905338287354,0.0243072509765625
0.6742348670959473,0.0243072509765625
0.6849756240844727,0.0243072509765625
0.6957435607910156,0.0243072509765625
0.7065012454986572,0.0243072509765625
0.7172434329986572,0.0243072509765625
0.7279860973358154,0.0243072509765625
0.7387394905090332,0.0243072509765625
0.749492883682251,0.0243072509765625
0.7602324485778809,0.0243072509765625
0.7709717750549316,0.0243072509765625
0.7817323207855225,0.0243072509765625
0.7924931049346924,0.0243072509765625
0.8032469749450684,0.024616241455078125
0.8139946460723877,0.024868011474609375
0.8247478008270264,0.024868011474609375
0.8355131149291992,0.024868011474609375
0.8462715148925781,0.024868011474609375
0.8570291996002197,0.024868011474609375
0.8677880764007568,0.024868011474609375
0.8785440921783447,0.024868011474609375
0.8893051147460938,0.024868011474609375
0.9000551700592041,0.025371551513671875
0.9108099937438965,0.025371551513671875
0.9215691089630127,0.025371551513671875
0.9323222637176514,0.025371551513671875
0.9430708885192871,0.025371551513671875
0.9538233280181885,0.025371551513671875
0.9646034240722656,0.025371551513671875
0.9753522872924805,0.025371551513671875
0.9860951900482178,0.025371551513671875
0.9968583583831787,0.025371551513671875
1.0076324939727783,0.025371551513671875
1.0183908939361572,0.025371551513671875
1.0291259288787842,0.025371551513671875
1.0398838520050049,0.025371551513671875
1.0506343841552734,0.025371551513671875
1.0613822937011719,0.025371551513671875
1.0721182823181152,0.025371551513671875
1.0828869342803955,0.025371551513671875
1.0936379432678223,0.025371551513671875
1.104405403137207,0.025371551513671875
1.1151540279388428,0.026393890380859375
1.1259164810180664,0.02677154541015625
1.1366822719573975,0.02730560302734375
1.1474411487579346,0.027759552001953125
1.1581900119781494,0.02841949462890625
1.1689493656158447,0.028575897216796875
1.1797115802764893,0.029392242431640625
1.1904847621917725,0.030513763427734375
1.2012391090393066,0.030765533447265625
1.2119882106781006,0.030765533447265625
1.2227494716644287,0.031269073486328125
1.2335052490234375,0.031269073486328125
1.2442491054534912,0.031269073486328125
1.2549922466278076,0.031269073486328125
1.265775442123413,0.031269073486328125
1.276526927947998,0.031269073486328125
1.287266492843628,0.031269073486328125
1.2980210781097412,0.031269073486328125
1.30877685546875,0.031269073486328125
1.3195281028747559,0.031269073486328125
1.3302710056304932,0.031269073486328125
1.3410298824310303,0.031269073486328125
1.3517787456512451,0.031269073486328125
1.362527847290039,0.031269073486328125
1.3732845783233643,0.031269073486328125
1.384028673171997,0.031269073486328125
1.3947861194610596,0.031269073486328125
1.4055507183074951,0.031269073486328125
1.4163072109222412,0.031269073486328125
1.4270439147949219,0.031269073486328125
1.4378018379211426,0.031269073486328125
1.448573112487793,0.031269073486328125
1.4593372344970703,0.031269073486328125
1.4700806140899658,0.031269073486328125
1.4808378219604492,0.031269073486328125
1.491584300994873,0.031269073486328125
1.5023353099822998,0.031269073486328125
1.5130856037139893,0.031520843505859375
1.5238592624664307,0.033428192138671875
1.5346219539642334,0.03649139404296875
1.54538893699646,0.0376739501953125
1.556145191192627,0.0376739501953125
1.5669059753417969,0.038311004638671875
1.577683687210083,0.038692474365234375
1.5884475708007812,0.039485931396484375
1.5992014408111572,0.03998565673828125
1.609966516494751,0.040386199951171875
1.620727777481079,0.041080474853515625
1.631495475769043,0.04109954833984375
1.642237663269043,0.04109954833984375
1.6529812812805176,0.04109954833984375
1.6637358665466309,0.04109954833984375
1.6744968891143799,0.04109954833984375
1.6852409839630127,0.04109954833984375
1.695984125137329,0.04109954833984375
1.7067391872406006,0.04109954833984375
1.7175037860870361,0.04109954833984375
1.728243350982666,0.04109954833984375
1.7389891147613525,0.04109954833984375
1.7497389316558838,0.04109954833984375
1.7604939937591553,0.04109954833984375
1.7712359428405762,0.04109954833984375
1.782008171081543,0.04109954833984375
1.7927682399749756,0.04109954833984375
1.8035333156585693,0.041339874267578125
1.8142712116241455,0.041339874267578125
1.8250274658203125,0.041339874267578125
1.8358068466186523,0.041339874267578125
1.8465650081634521,0.041339874267578125
1.8573269844055176,0.041339874267578125
1.8680815696716309,0.041339874267578125
1.8788578510284424,0.041339874267578125
1.8896124362945557,0.041339874267578125
1.9003658294677734,0.041339874267578125
1.911121129989624,0.0414886474609375
1.9218878746032715,0.04193115234375
1.9326534271240234,0.041988372802734375
1.9434528350830078,0.041988372802734375
1.954237461090088,0.042236328125
1.9649922847747803,0.04248809814453125
1.9757730960845947,0.042804718017578125
1.9865598678588867,0.043060302734375
1.9973437786102295,0.043060302734375
2.0081229209899902,0.04347991943359375
2.018928050994873,0.043750762939453125
2.02972674369812,0.04405975341796875
2.0404906272888184,0.04421234130859375
2.0512471199035645,0.04449462890625
2.061974287033081,0.044734954833984375
2.0727407932281494,0.044734954833984375
2.0835092067718506,0.044910430908203125
2.0942580699920654,0.04515838623046875
2.1050097942352295,0.04515838623046875
2.1157708168029785,0.04515838623046875
2.1265251636505127,0.04515838623046875
2.1372671127319336,0.04515838623046875
2.148012161254883,0.04515838623046875
2.158770799636841,0.04515838623046875
2.169536828994751,0.04515838623046875
2.1802937984466553,0.04515838623046875
2.1910526752471924,0.04515838623046875
2.2018120288848877,0.04515838623046875
2.2125792503356934,0.04515838623046875
2.2233526706695557,0.04515838623046875
2.234100580215454,0.04515838623046875
2.2448885440826416,0.04515838623046875
2.2556545734405518,0.04515838623046875
2.2664053440093994,0.04515838623046875
2.2771453857421875,0.04515838623046875
2.287907361984253,0.04515838623046875
2.298668622970581,0.04541015625
2.309450387954712,0.0459136962890625
2.3202013969421387,0.046489715576171875
2.330979824066162,0.047306060791015625
2.341780185699463,0.047306060791015625
2.352545976638794,0.047779083251953125
2.363316297531128,0.050624847412109375
2.37408185005188,0.052631378173828125
2.38484263420105,0.0528717041015625
2.3956055641174316,0.053150177001953125
2.406374216079712,0.053958892822265625
2.417128562927246,0.054180145263671875
2.427896738052368,0.054180145263671875
2.4386677742004395,0.054592132568359375
2.4494335651397705,0.05481719970703125
2.460184335708618,0.05481719970703125
2.470942974090576,0.05481719970703125
2.4817006587982178,0.05481719970703125
2.4924516677856445,0.05481719970703125
2.503220558166504,0.05481719970703125
2.513965368270874,0.05481719970703125
2.524721145629883,0.05481719970703125
2.5354816913604736,0.05481719970703125
2.5462229251861572,0.05481719970703125
2.5569708347320557,0.05481719970703125
2.5677268505096436,0.05481719970703125
2.5784876346588135,0.05481719970703125
2.5892255306243896,0.05481719970703125
2.59997296333313,0.05481719970703125
2.610731601715088,0.0554046630859375
2.6214890480041504,0.0554046630859375
2.6322290897369385,0.0554046630859375
2.642982244491577,0.0554046630859375
2.6537387371063232,0.0554046630859375
2.6644954681396484,0.0554046630859375
2.6752371788024902,0.0554046630859375
2.685978651046753,0.0554046630859375
2.696728229522705,0.0554046630859375
2.7074944972991943,0.0554046630859375
2.7182393074035645,0.0554962158203125
2.7289836406707764,0.0554962158203125
2.7397351264953613,0.0554962158203125
2.7504870891571045,0.0554962158203125
2.761220693588257,0.0554962158203125
2.7719690799713135,0.0554962158203125
2.7827274799346924,0.0554962158203125
2.7935094833374023,0.0554962158203125
2.8042900562286377,0.055583953857421875
2.8150391578674316,0.055583953857421875
2.825796127319336,0.055583953857421875
2.8365542888641357,0.055583953857421875
2.8473057746887207,0.055583953857421875
2.8580472469329834,0.055583953857421875
2.8688032627105713,0.055583953857421875
2.879560947418213,0.055583953857421875
2.8903274536132812,0.055583953857421875
2.9010837078094482,0.055583953857421875
2.9118504524230957,0.055583953857421875
2.922623872756958,0.05640411376953125
2.93339204788208,0.05640411376953125
2.9441542625427246,0.05640411376953125
2.954922676086426,0.05640411376953125
2.9656822681427,0.05640411376953125
2.9764370918273926,0.05640411376953125
2.9871861934661865,0.05640411376953125
2.997943639755249,0.05640411376953125
3.008702039718628,0.05640411376953125
3.019458532333374,0.05640411376953125
3.030205249786377,0.05640411376953125
3.040968894958496,0.05640411376953125
3.051760196685791,0.05640411376953125
3.062528133392334,0.05640411376953125
3.0732853412628174,0.05640411376953125
3.0840349197387695,0.05640411376953125
3.094789981842041,0.05640411376953125
3.1055500507354736,0.05640411376953125
3.116314649581909,0.05645751953125
3.1270642280578613,0.0581512451171875
3.1378278732299805,0.0581512451171875
3.1485888957977295,0.059162139892578125
3.159353256225586,0.059886932373046875
3.1701114177703857,0.059886932373046875
3.180878162384033,0.059886932373046875
3.1916282176971436,0.059886932373046875
3.2023820877075195,0.059886932373046875
3.2131290435791016,0.059886932373046875
3.22389817237854,0.059886932373046875
3.2346527576446533,0.059886932373046875
3.2454209327697754,0.059886932373046875
3.2561631202697754,0.059886932373046875
3.2669286727905273,0.059886932373046875
3.277695655822754,0.059886932373046875
3.2884459495544434,0.059886932373046875
3.2991883754730225,0.059886932373046875
3.30997371673584,0.060276031494140625
3.320737838745117,0.061862945556640625
3.3315012454986572,0.06339263916015625
3.3422505855560303,0.06428146362304688
3.352973699569702,0.0647125244140625
3.3637466430664062,0.0647125244140625
3.374506711959839,0.06491851806640625
3.385263681411743,0.06505203247070312
3.3960211277008057,0.0655670166015625
3.4067952632904053,0.06641769409179688
3.4175562858581543,0.06692123413085938
3.428314685821533,0.06692123413085938
3.4390575885772705,0.06717300415039062
3.4498112201690674,0.06717300415039062
3.460571765899658,0.06717300415039062
3.471334934234619,0.06717300415039062
3.4820783138275146,0.06717300415039062
3.4928383827209473,0.06717300415039062
3.5035958290100098,0.06717300415039062
3.514371633529663,0.06717300415039062
3.5251145362854004,0.06717300415039062
3.5358762741088867,0.06717300415039062
3.5466277599334717,0.06717300415039062
3.5573785305023193,0.06717300415039062
3.568117141723633,0.06717300415039062
3.5788722038269043,0.06717300415039062
3.5896365642547607,0.06717300415039062
3.6004042625427246,0.06717300415039062
3.6111433506011963,0.06717300415039062
3.6218976974487305,0.06717300415039062
3.6326587200164795,0.06717300415039062
3.6434035301208496,0.06717300415039062
3.654146432876587,0.06717300415039062
3.664895534515381,0.06717300415039062
3.6756529808044434,0.06717300415039062
3.6864023208618164,0.06717300415039062
3.6971323490142822,0.06717300415039062
3.7078874111175537,0.06717300415039062
3.718648910522461,0.0673675537109375
3.7294018268585205,0.0673675537109375
3.7401516437530518,0.0673675537109375
3.7509055137634277,0.0673675537109375
3.761654853820801,0.0673675537109375
3.7724013328552246,0.0673675537109375
3.7831368446350098,0.0673675537109375
3.793898582458496,0.0673675537109375
3.8046443462371826,0.0673675537109375
3.815394401550293,0.0673675537109375
3.826136827468872,0.0673675537109375
3.836899757385254,0.06777572631835938
3.847651958465576,0.06777572631835938
3.858405590057373,0.06777572631835938
3.869144916534424,0.06777572631835938
3.8799030780792236,0.06777572631835938
3.890662431716919,0.06777572631835938
3.901407241821289,0.06777572631835938
3.9121429920196533,0.06777572631835938
3.9228851795196533,0.06777572631835938
3.9336273670196533,0.06777572631835938
3.944371461868286,0.06777572631835938
3.9551026821136475,0.06777572631835938
3.9658594131469727,0.06777572631835938
3.9766345024108887,0.06777572631835938
3.9873900413513184,0.06777572631835938
3.9981331825256348,0.06777572631835938
4.008891582489014,0.06777572631835938
4.019641876220703,0.06777572631835938
4.03038763999939,0.06777572631835938
4.041123628616333,0.06777572631835938
4.051880121231079,0.06777572631835938
4.062638759613037,0.06777572631835938
4.073387622833252,0.06777572631835938
4.0841264724731445,0.06777572631835938
4.094876766204834,0.06777572631835938
4.105627536773682,0.06777572631835938
4.116389036178589,0.06777572631835938
4.12712836265564,0.06777572631835938
4.137885570526123,0.06777572631835938
4.148642301559448,0.06777572631835938
4.159407377243042,0.06777572631835938
4.170168161392212,0.06777572631835938
4.18092942237854,0.06777572631835938
4.191689491271973,0.06777572631835938
4.20244026184082,0.06777572631835938
4.213174819946289,0.06777572631835938
4.223927736282349,0.06777572631835938
4.2347047328948975,0.06777572631835938
4.245459794998169,0.06777572631835938
4.256192922592163,0.06777572631835938
4.2669384479522705,0.06777572631835938
4.2776994705200195,0.06777572631835938
4.28844952583313,0.06777572631835938
4.299186944961548,0.06777572631835938
4.309931755065918,0.06777572631835938
4.320694446563721,0.06824111938476562
4.331445932388306,0.06824111938476562
4.3421950340271,0.06824111938476562
4.352948188781738,0.06824111938476562
4.363698959350586,0.06824111938476562
4.374469995498657,0.06824111938476562
4.385208368301392,0.06824111938476562
4.39594578742981,0.06824111938476562
4.4067041873931885,0.06824111938476562
4.417454957962036,0.06824111938476562
4.428189516067505,0.06824111938476562
4.438943386077881,0.06824111938476562
4.4497292041778564,0.06824111938476562
4.460492134094238,0.06824111938476562
4.471228837966919,0.06824111938476562
4.481982469558716,0.06824111938476562
4.4927613735198975,0.06824111938476562
4.503539323806763,0.06824111938476562
4.514306306838989,0.06824111938476562
4.525044202804565,0.06824111938476562
4.5358076095581055,0.06824111938476562
4.546553134918213,0.06824111938476562
4.557310342788696,0.06824111938476562
4.568051338195801,0.06824111938476562
4.578811883926392,0.06824111938476562
4.589581489562988,0.06824111938476562
4.600354909896851,0.06824111938476562
4.6110899448394775,0.06824111938476562
4.621851205825806,0.06838226318359375
4.632638216018677,0.06838226318359375
4.643409967422485,0.06838226318359375
4.6541993618011475,0.06838226318359375
4.664996385574341,0.06838226318359375
4.675748586654663,0.06838226318359375
4.686528444290161,0.06838226318359375
4.697291374206543,0.06838226318359375
4.7080864906311035,0.06838226318359375
4.7188849449157715,0.06882476806640625
4.729647636413574,0.0691680908203125
4.740456819534302,0.06940078735351562
4.751210927963257,0.06980133056640625
4.761963367462158,0.06996917724609375
4.772731304168701,0.0719146728515625
4.783486843109131,0.07253646850585938
4.794234752655029,0.07253646850585938
4.804985523223877,0.07301712036132812
4.81574821472168,0.07301712036132812
4.8265135288238525,0.07334136962890625
4.83728289604187,0.07426071166992188
4.84804105758667,0.07456207275390625
4.858811140060425,0.0748443603515625
4.86958122253418,0.07530975341796875
4.880351305007935,0.07530975341796875
4.891104698181152,0.07530975341796875
4.901870250701904,0.0755767822265625
4.912626028060913,0.0755767822265625
4.9233880043029785,0.0755767822265625
4.934130668640137,0.0755767822265625
4.944887399673462,0.0755767822265625
4.955666542053223,0.0755767822265625
4.966411352157593,0.0755767822265625
4.977145671844482,0.0755767822265625
4.987942934036255,0.0755767822265625
4.998690366744995,0.0755767822265625
5.009453296661377,0.0755767822265625
5.020188570022583,0.0755767822265625
5.030958414077759,0.07581710815429688
5.041738033294678,0.07581710815429688
5.052499771118164,0.07581710815429688
5.0632452964782715,0.07581710815429688
5.073986291885376,0.07581710815429688
5.084746837615967,0.07581710815429688
5.0954954624176025,0.07581710815429688
5.106236457824707,0.07581710815429688
5.116961240768433,0.076141357421875
5.12771201133728,0.076141357421875
5.13846492767334,0.076141357421875
5.149205684661865,0.076141357421875
5.1599438190460205,0.076141357421875
5.1707446575164795,0.076141357421875
5.181491136550903,0.076141357421875
5.192228078842163,0.076141357421875
5.202969789505005,0.076141357421875
5.213732957839966,0.076141357421875
5.224498271942139,0.076141357421875
5.235259294509888,0.07629013061523438
5.2459845542907715,0.0767059326171875
5.256754398345947,0.07733917236328125
5.267531394958496,0.07757949829101562
5.27830171585083,0.07757949829101562
5.289050340652466,0.07757949829101562
5.299818754196167,0.07757949829101562
5.310579061508179,0.07757949829101562
5.321348667144775,0.07757949829101562
5.332111358642578,0.07757949829101562
5.342869281768799,0.07757949829101562
5.353633165359497,0.07757949829101562
5.364389181137085,0.07757949829101562
5.375133514404297,0.07757949829101562
5.385944128036499,0.07757949829101562
5.396692752838135,0.07757949829101562
5.407473802566528,0.07757949829101562
5.41823673248291,0.07757949829101562
5.428990602493286,0.07757949829101562
5.4397499561309814,0.07757949829101562
5.450498342514038,0.07757949829101562
5.461244821548462,0.07757949829101562
5.4719812870025635,0.07757949829101562
5.482741832733154,0.07757949829101562
5.493489027023315,0.07757949829101562
5.504222869873047,0.07757949829101562
5.514978408813477,0.07783126831054688
5.5257415771484375,0.07833480834960938
5.536492824554443,0.07833480834960938
5.5472259521484375,0.07833480834960938
5.557963132858276,0.07833480834960938
5.5687127113342285,0.07833480834960938
5.579465627670288,0.07833480834960938
5.590211868286133,0.07833480834960938
5.600952625274658,0.07833480834960938
5.611706256866455,0.07833480834960938
5.622463226318359,0.07833480834960938
5.6332011222839355,0.07833480834960938
5.643961668014526,0.07833480834960938
5.654726505279541,0.07833480834960938
5.665489912033081,0.07833480834960938
5.676229953765869,0.07833480834960938
5.686968088150024,0.07833480834960938
5.697720289230347,0.07833480834960938
5.708487510681152,0.07833480834960938
5.719226837158203,0.07833480834960938
5.729978322982788,0.07833480834960938
5.740726947784424,0.07833480834960938
5.751473665237427,0.07833480834960938
5.762213468551636,0.07833480834960938
5.772955656051636,0.07833480834960938
5.783706188201904,0.07833480834960938
5.794459104537964,0.07833480834960938
5.805198669433594,0.07833480834960938
5.815949201583862,0.07833480834960938
5.826712369918823,0.07984542846679688
5.837475061416626,0.08009719848632812
5.848217964172363,0.08009719848632812
5.85895848274231,0.08009719848632812
5.869707345962524,0.08009719848632812
5.880508184432983,0.08009719848632812
5.8912513256073,0.08009719848632812
5.901990652084351,0.08009719848632812
5.912740230560303,0.08009719848632812
5.923500061035156,0.08009719848632812
5.9342358112335205,0.08009719848632812
5.944986343383789,0.08061981201171875
5.95574688911438,0.08148574829101562
5.966504096984863,0.08148574829101562
5.977238655090332,0.08148574829101562
5.987985134124756,0.08148574829101562
5.9987547397613525,0.08148574829101562
6.009501934051514,0.08148574829101562
6.020247459411621,0.08148574829101562
6.030991315841675,0.08155059814453125
6.041753053665161,0.08190155029296875
6.052529573440552,0.08212661743164062
6.063294172286987,0.0824432373046875
6.0740392208099365,0.0842437744140625
6.084795713424683,0.08475494384765625
6.095541000366211,0.0851898193359375
6.10628867149353,0.08544158935546875
6.11702823638916,0.085693359375
6.127786636352539,0.085693359375
6.138536214828491,0.08594512939453125
6.149271011352539,0.08594512939453125
6.1600282192230225,0.0861968994140625
6.1707963943481445,0.08669281005859375
6.18156361579895,0.08702468872070312
6.192315578460693,0.08702468872070312
6.20305323600769,0.08702468872070312
6.213799238204956,0.08702468872070312
6.224548101425171,0.08702468872070312
6.235300779342651,0.08702468872070312
6.246029376983643,0.08702468872070312
6.256782054901123,0.08702468872070312
6.267530679702759,0.08702468872070312
6.278289079666138,0.08702468872070312
6.2890379428863525,0.08702468872070312
6.299800157546997,0.08702468872070312
6.310573577880859,0.08702468872070312
6.321330547332764,0.08702468872070312
6.332067251205444,0.08702468872070312
6.342818021774292,0.08702468872070312
6.353575706481934,0.08702468872070312
6.3643271923065186,0.08702468872070312
6.375067234039307,0.08702468872070312
6.385820150375366,0.08702468872070312
6.396574974060059,0.08702468872070312
6.407338380813599,0.08702468872070312
6.418075799942017,0.08702468872070312
6.428832292556763,0.08702468872070312
6.439595937728882,0.08753204345703125
6.450353145599365,0.088287353515625
6.461090087890625,0.08853912353515625
6.471847772598267,0.088897705078125
6.4825990200042725,0.08914947509765625
6.49337100982666,0.08948516845703125
6.5041115283966064,0.08948516845703125
6.514880180358887,0.08948516845703125
6.525639295578003,0.08948516845703125
6.536390542984009,0.08948516845703125
6.547129154205322,0.08948516845703125
6.5578789710998535,0.08948516845703125
6.568640947341919,0.08948516845703125
6.5793914794921875,0.08948516845703125
6.590130567550659,0.08948516845703125
6.600886821746826,0.08948516845703125
6.611635684967041,0.08948516845703125
6.622380971908569,0.08948516845703125
6.633122444152832,0.08987045288085938
6.643878221511841,0.08987045288085938
6.654637575149536,0.08987045288085938
6.6653993129730225,0.08987045288085938
6.676133871078491,0.08987045288085938
6.686891078948975,0.08987045288085938
6.69764518737793,0.08987045288085938
6.7084057331085205,0.08987045288085938
6.719152927398682,0.08987045288085938
6.729938983917236,0.08987045288085938
6.740689277648926,0.08987045288085938
6.751449108123779,0.08987045288085938
6.762190103530884,0.08987045288085938
6.772943735122681,0.08987045288085938
6.783698797225952,0.08987045288085938
6.794458866119385,0.08987045288085938
6.805192947387695,0.08987045288085938
6.815943002700806,0.08987045288085938
6.826692342758179,0.08987045288085938
6.837455987930298,0.08987045288085938
6.848193407058716,0.09017562866210938
6.858958005905151,0.09033966064453125
6.869722366333008,0.09099960327148438
6.880486249923706,0.09165573120117188
6.8912353515625,0.09190750122070312
6.901987075805664,0.09254074096679688
6.9127583503723145,0.09288787841796875
6.92351770401001,0.09340667724609375
6.934284687042236,0.09340667724609375
6.94503927230835,0.09340667724609375
6.955810308456421,0.09391021728515625
6.96657919883728,0.09432220458984375
6.9773337841033936,0.0951080322265625
6.988105297088623,0.09535980224609375
6.998866558074951,0.095611572265625
7.0096189975738525,0.095611572265625
7.020376920700073,0.095611572265625
7.0311102867126465,0.095611572265625
7.041859149932861,0.095611572265625
7.052619457244873,0.095611572265625
7.063364505767822,0.095611572265625
7.074106216430664,0.095611572265625
7.084847450256348,0.095611572265625
7.095596790313721,0.095611572265625
7.106346845626831,0.095611572265625
7.117085933685303,0.095611572265625
7.127853631973267,0.09586334228515625
7.13861083984375,0.09586334228515625
7.149362802505493,0.09586334228515625
7.160107612609863,0.09586334228515625
7.170886039733887,0.09586334228515625
7.181648015975952,0.09586334228515625
7.1924097537994385,0.09586334228515625
7.203151702880859,0.09586334228515625
7.213918447494507,0.09586334228515625
7.224665641784668,0.09586334228515625
7.235445976257324,0.09586334228515625
7.246204376220703,0.0961151123046875
7.2569639682769775,0.0961151123046875
7.267754077911377,0.0961151123046875
7.278519630432129,0.09636688232421875
7.289304494857788,0.09636688232421875
7.300064325332642,0.09636688232421875
7.31082010269165,0.09636688232421875
7.321579456329346,0.09636688232421875
7.332334995269775,0.09636688232421875
7.343081951141357,0.09687042236328125
7.353881597518921,0.0971221923828125
7.3646557331085205,0.097625732421875
7.375424861907959,0.097625732421875
7.386195182800293,0.097625732421875
7.3969457149505615,0.097625732421875
7.407703876495361,0.097625732421875
7.418464660644531,0.097625732421875
7.4292027950286865,0.097625732421875
7.439967155456543,0.097625732421875
7.450722694396973,0.097625732421875
7.461479902267456,0.097625732421875
7.472218751907349,0.097625732421875
7.482971668243408,0.097625732421875
7.493738651275635,0.097625732421875
7.504501581192017,0.097625732421875
7.515238046646118,0.097625732421875
7.52598237991333,0.097625732421875
7.5367443561553955,0.097625732421875
7.547513008117676,0.097625732421875
7.558257341384888,0.097625732421875
7.568965196609497,0.097625732421875
7.579723834991455,0.097625732421875
7.590493679046631,0.097625732421875
7.601233720779419,0.097625732421875
7.611983776092529,0.097625732421875
7.622743129730225,0.097625732421875
7.633505821228027,0.097625732421875
7.644259929656982,0.09787750244140625
7.655062437057495,0.09787750244140625
7.665882110595703,0.09838104248046875
7.676682710647583,0.0986328125
7.687443971633911,0.0991363525390625
7.6982080936431885,0.09968948364257812
7.709022521972656,0.09968948364257812
7.719815492630005,0.09968948364257812
7.7306060791015625,0.10004806518554688
7.741415500640869,0.10029983520507812
7.752168416976929,0.10055160522460938
7.762929201126099,0.10055160522460938
7.773688554763794,0.10055160522460938
7.7844414710998535,0.10055160522460938
7.795177221298218,0.10055160522460938
7.805933952331543,0.10055160522460938
7.81668758392334,0.10055160522460938
7.827437162399292,0.10055160522460938
7.83819842338562,0.10055160522460938
7.8489813804626465,0.10055160522460938
7.859730005264282,0.10055160522460938
7.870486497879028,0.10055160522460938
7.881222724914551,0.10055160522460938
7.891961336135864,0.10055160522460938
7.902718544006348,0.10055160522460938
7.913479804992676,0.10055160522460938
7.924224853515625,0.10055160522460938
7.934982538223267,0.10055160522460938
7.9457597732543945,0.10055160522460938
7.956693649291992,0.10055160522460938
7.967460632324219,0.10055160522460938
7.978214263916016,0.10055160522460938
7.988973140716553,0.10055160522460938
7.999753952026367,0.10055160522460938
8.010504961013794,0.10055160522460938
8.021240234375,0.10055160522460938
8.031988620758057,0.10055160522460938
8.042757987976074,0.10080337524414062
8.053536415100098,0.10105514526367188
8.064306497573853,0.10130691528320312
8.07506537437439,0.10130691528320312
8.085848808288574,0.10155868530273438
8.096659898757935,0.10181045532226562
8.107419729232788,0.10206222534179688
8.118178367614746,0.10256576538085938
8.128929615020752,0.10256576538085938
8.139682292938232,0.10256576538085938
8.150442838668823,0.10256576538085938
8.161181926727295,0.10256576538085938
8.171921253204346,0.10256576538085938
8.182682991027832,0.10256576538085938
8.193432331085205,0.10256576538085938
8.204172134399414,0.10256576538085938
8.214927434921265,0.10256576538085938
8.22568655014038,0.10256576538085938
8.236440896987915,0.10281753540039062
8.247183322906494,0.10281753540039062
8.2579345703125,0.10281753540039062
8.268702983856201,0.10281753540039062
8.27946138381958,0.10281753540039062
8.290197372436523,0.10281753540039062
8.300952196121216,0.10281753540039062
8.311706781387329,0.10281753540039062
8.32245922088623,0.10281753540039062
8.333200454711914,0.10281753540039062
8.343949794769287,0.10281753540039062
8.354718446731567,0.10281753540039062
8.365482807159424,0.10306930541992188
8.37624478340149,0.10332107543945312
8.38700270652771,0.10357284545898438
8.39777421951294,0.10403823852539062
8.408535718917847,0.10403823852539062
8.419297456741333,0.10429000854492188
8.430056095123291,0.10454177856445312
8.440823316574097,0.10479354858398438
8.45158314704895,0.10479354858398438
8.462348461151123,0.10504531860351562
8.4730966091156,0.10529708862304688
8.483863830566406,0.10554885864257812
8.49462103843689,0.10580062866210938
8.50538682937622,0.10605239868164062
8.516141653060913,0.10630416870117188
8.526893377304077,0.10630416870117188
8.537654638290405,0.10630416870117188
8.548433780670166,0.10630416870117188
8.559181451797485,0.10630416870117188
8.569935083389282,0.10630416870117188
8.580695629119873,0.10630416870117188
8.591454267501831,0.10630416870117188
8.60219955444336,0.10630416870117188
8.612953424453735,0.10630416870117188
8.623711824417114,0.10630416870117188
8.634475708007812,0.10655593872070312
8.645215272903442,0.10655593872070312
8.655958414077759,0.10655593872070312
8.666739463806152,0.10655593872070312
8.677491426467896,0.10655593872070312
8.688233613967896,0.10655593872070312
8.698972225189209,0.10655593872070312
8.709726572036743,0.10655593872070312
8.720495462417603,0.10655593872070312
8.731229066848755,0.10655593872070312
8.741964101791382,0.10655593872070312
8.752718687057495,0.10655593872070312
8.763468503952026,0.10655593872070312
8.77420425415039,0.10655593872070312
8.784956216812134,0.10655593872070312
8.795721292495728,0.10655593872070312
8.806475639343262,0.10655593872070312
8.817211151123047,0.10655593872070312
8.82796835899353,0.10655593872070312
8.838722705841064,0.10655593872070312
8.849478483200073,0.10655593872070312
8.860226392745972,0.10705947875976562
8.870970249176025,0.10731124877929688
8.881734371185303,0.10926055908203125
8.89250111579895,0.10926055908203125
8.903254270553589,0.1095123291015625
8.914000272750854,0.1095123291015625
8.924761533737183,0.10976409912109375
8.935521125793457,0.1102752685546875
8.946286678314209,0.11077880859375
8.957031965255737,0.11077880859375
8.967796564102173,0.11077880859375
8.978547811508179,0.11077880859375
8.989299058914185,0.11077880859375
9.000041484832764,0.11077880859375
9.010793447494507,0.11077880859375
9.021560192108154,0.11077880859375
9.03233003616333,0.11077880859375
9.043071985244751,0.11077880859375
9.053824186325073,0.11077880859375
9.064581394195557,0.11077880859375
9.075336217880249,0.11077880859375
9.086079359054565,0.11077880859375
9.096832990646362,0.11077880859375
9.107584238052368,0.11077880859375
9.118346452713013,0.11077880859375
9.12910008430481,0.11077880859375
9.139857530593872,0.11111831665039062
9.150617837905884,0.11238861083984375
9.161387920379639,0.112640380859375
9.172139883041382,0.11386871337890625
9.182901382446289,0.11468124389648438
9.193666458129883,0.11594009399414062
9.204456329345703,0.11644363403320312
9.215213060379028,0.11692047119140625
9.225969314575195,0.11858367919921875
9.236736297607422,0.11859130859375
9.247495412826538,0.11899185180664062
9.258243322372437,0.11999893188476562
9.268966436386108,0.12023162841796875
9.279730319976807,0.12023162841796875
9.290478944778442,0.12023162841796875
9.301209688186646,0.12023162841796875
9.311950922012329,0.12023162841796875
9.322702407836914,0.12023162841796875
9.33345341682434,0.12023162841796875
9.344191551208496,0.12023162841796875
9.354938745498657,0.12023162841796875
9.365689754486084,0.12023162841796875
9.376439332962036,0.12023162841796875
9.387179613113403,0.12023162841796875
9.397931098937988,0.12023162841796875
9.408682346343994,0.12023162841796875
9.419440984725952,0.12023162841796875
9.430177211761475,0.12023162841796875
9.440916299819946,0.12023162841796875
9.45166802406311,0.12023162841796875
9.462433576583862,0.1204833984375
9.473179817199707,0.12073516845703125
9.483940362930298,0.1209869384765625
9.494706153869629,0.1209869384765625
9.505474328994751,0.12174224853515625
9.516215801239014,0.12218856811523438
9.526962280273438,0.12244033813476562
9.537721395492554,0.12269210815429688
9.548481702804565,0.12344741821289062
9.559224843978882,0.12369918823242188
9.56997537612915,0.12395095825195312
9.580725908279419,0.12395095825195312
9.591481447219849,0.12395095825195312
9.60222578048706,0.12395095825195312
9.612966299057007,0.12395095825195312
9.623722314834595,0.12395095825195312
9.6344735622406,0.12395095825195312
9.645210981369019,0.12395095825195312
9.655951976776123,0.12395095825195312
9.666701316833496,0.12395095825195312
9.677455425262451,0.12395095825195312
9.688201427459717,0.12395095825195312
9.698972702026367,0.12395095825195312
9.709728002548218,0.12395095825195312
9.72048306465149,0.12395095825195312
9.73121690750122,0.12395095825195312
9.741965055465698,0.12395095825195312
9.75271224975586,0.12395095825195312
9.763468027114868,0.12395095825195312
9.774211168289185,0.12395095825195312
9.784951448440552,0.12395095825195312
9.795706272125244,0.12395095825195312
9.806458234786987,0.12395095825195312
9.817195415496826,0.12395095825195312
9.82794713973999,0.12395095825195312
9.83870792388916,0.12395095825195312
9.849470376968384,0.12470626831054688
9.860220670700073,0.12554931640625
9.870971918106079,0.1260528564453125
9.88174557685852,0.1260528564453125
9.892502307891846,0.12630462646484375
9.903257131576538,0.12630462646484375
9.91400957107544,0.12680816650390625
9.924779891967773,0.1270599365234375
9.935557126998901,0.12731170654296875
9.946318626403809,0.1275634765625
9.957064867019653,0.1280670166015625
9.967830181121826,0.1280670166015625
9.97859263420105,0.1280670166015625
9.989361047744751,0.12831878662109375
10.000117778778076,0.128570556640625
10.010875940322876,0.12932586669921875
10.021667242050171,0.12932586669921875
10.032422542572021,0.12932586669921875
10.043154954910278,0.12932586669921875
10.053919076919556,0.12932586669921875
10.064673900604248,0.12932586669921875
10.075440883636475,0.12932586669921875
10.086198329925537,0.12932586669921875
10.096944808959961,0.12932586669921875
10.10769510269165,0.12932586669921875
10.118448257446289,0.12932586669921875
10.129188537597656,0.12932586669921875
10.139943838119507,0.12932586669921875
10.150696277618408,0.12932586669921875
10.16144323348999,0.12932586669921875
10.172182321548462,0.12932586669921875
10.182934045791626,0.12932586669921875
10.193687438964844,0.12932586669921875
10.204446792602539,0.12932586669921875
10.215198755264282,0.12932586669921875
10.225984811782837,0.12932586669921875
10.236745595932007,0.12932586669921875
10.247493743896484,0.12932586669921875
10.258239984512329,0.12932586669921875
10.268969297409058,0.12957763671875
10.27973222732544,0.1300811767578125
10.29049801826477,0.130584716796875
10.301265239715576,0.130584716796875
10.311968326568604,0.13083648681640625
10.322743654251099,0.13134002685546875
10.333503246307373,0.131591796875
10.344272375106812,0.131591796875
10.355040550231934,0.1320953369140625
10.36586332321167,0.13251113891601562
10.37667202949524,0.13463973999023438
10.38743281364441,0.1349945068359375
10.398211002349854,0.13524627685546875
10.408958911895752,0.135498046875
10.419768810272217,0.135498046875
10.430553674697876,0.135498046875
10.441304683685303,0.135498046875
10.452101469039917,0.135498046875
10.462857007980347,0.135498046875
10.473612546920776,0.135498046875
10.48435664176941,0.135498046875
10.495092153549194,0.135498046875
10.505849361419678,0.135498046875
10.516600847244263,0.135498046875
10.52734923362732,0.135498046875
10.538082838058472,0.135498046875
10.548843383789062,0.13574981689453125
10.55960464477539,0.13574981689453125
10.570356607437134,0.13574981689453125
10.581092596054077,0.13574981689453125
10.591846466064453,0.13574981689453125
10.602605819702148,0.13574981689453125
10.613359451293945,0.13574981689453125
10.624090194702148,0.13574981689453125
10.634840965270996,0.13574981689453125
10.645585536956787,0.13574981689453125
10.656342267990112,0.13574981689453125
10.667086839675903,0.13574981689453125
10.677874326705933,0.13574981689453125
10.688639402389526,0.13574981689453125
10.69939112663269,0.13574981689453125
10.710132598876953,0.13574981689453125
10.720887422561646,0.13574981689453125
10.731648445129395,0.13574981689453125
10.742405891418457,0.13574981689453125
10.753150224685669,0.13574981689453125
10.763912677764893,0.13574981689453125
10.774681329727173,0.13574981689453125
10.785431623458862,0.13574981689453125
10.796165466308594,0.13574981689453125
10.806922674179077,0.13574981689453125
10.8176748752594,0.13574981689453125
10.828423261642456,0.13574981689453125
10.839152097702026,0.13574981689453125
10.849899768829346,0.13574981689453125
10.86065936088562,0.13574981689453125
10.871402502059937,0.13574981689453125
10.88215708732605,0.13574981689453125
10.89292025566101,0.13574981689453125
10.90367078781128,0.13574981689453125
10.914423942565918,0.13574981689453125
10.925219297409058,0.13574981689453125
10.935962200164795,0.13574981689453125
10.946723937988281,0.13574981689453125
10.957483530044556,0.13574981689453125
10.968221426010132,0.13574981689453125
10.978962421417236,0.13574981689453125
10.989720582962036,0.13574981689453125
11.0004723072052,0.13574981689453125
11.01120638847351,0.13574981689453125
11.021972179412842,0.13574981689453125
11.032733917236328,0.13574981689453125
11.043510675430298,0.1360015869140625
11.05425477027893,0.13625335693359375
11.065008401870728,0.136505126953125
11.075775623321533,0.136505126953125
11.086544036865234,0.13776016235351562
11.097309589385986,0.13846588134765625
11.108073234558105,0.14058685302734375
11.118839979171753,0.14110565185546875
11.129608869552612,0.14255523681640625
11.140363693237305,0.14365386962890625
11.151098728179932,0.14365386962890625
11.16185474395752,0.14365386962890625
11.172632932662964,0.14365386962890625
11.183387041091919,0.14365386962890625
11.194127082824707,0.14365386962890625
11.204888582229614,0.14365386962890625
11.215637922286987,0.14365386962890625
11.22639274597168,0.14365386962890625
11.237133979797363,0.14365386962890625
11.24789023399353,0.14365386962890625
11.25863790512085,0.14365386962890625
11.269397497177124,0.14365386962890625
11.280144691467285,0.14365386962890625
11.290905714035034,0.14365386962890625
11.301666021347046,0.14365386962890625
11.31243109703064,0.14365386962890625
11.323166131973267,0.14365386962890625
11.333921432495117,0.14365386962890625
11.344685316085815,0.14447021484375
11.355442762374878,0.14447021484375
11.366184949874878,0.14447021484375
11.376952886581421,0.14447021484375
11.38771677017212,0.14447021484375
11.398470878601074,0.14447021484375
11.409217357635498,0.14447021484375
11.419965982437134,0.14447021484375
11.430735111236572,0.14501571655273438
11.441498041152954,0.14501571655273438
11.452248334884644,0.14526748657226562
11.462963581085205,0.14526748657226562
11.473725080490112,0.14526748657226562
11.484488010406494,0.14577102661132812
11.495238065719604,0.14595794677734375
11.505983114242554,0.14595794677734375
11.51673936843872,0.14635467529296875
11.527487993240356,0.14685821533203125
11.538240432739258,0.14685821533203125
11.54898715019226,0.14685821533203125
11.55978798866272,0.14685821533203125
11.57053828239441,0.14685821533203125
11.581292867660522,0.14685821533203125
11.592037200927734,0.14685821533203125
11.602797985076904,0.14685821533203125
11.613565921783447,0.14685821533203125
11.624326705932617,0.14685821533203125
11.635068416595459,0.14685821533203125
11.645835638046265,0.14685821533203125
11.656599283218384,0.14685821533203125
11.667359828948975,0.14685821533203125
11.678100347518921,0.14685821533203125
11.688851833343506,0.14685821533203125
11.69960069656372,0.14685821533203125
11.710360288619995,0.14685821533203125
11.72112488746643,0.14685821533203125
11.73188829421997,0.14685821533203125
11.742650985717773,0.14685821533203125
11.753413677215576,0.14685821533203125
11.764160633087158,0.14685821533203125
11.77497911453247,0.14685821533203125
11.786325693130493,0.14685821533203125
11.797093868255615,0.14685821533203125
11.807881832122803,0.14685821533203125
11.81864309310913,0.14685821533203125
11.829413414001465,0.14731216430664062
11.840166330337524,0.14763641357421875
11.850934505462646,0.14813995361328125
11.861705780029297,0.14864349365234375
11.872491836547852,0.14943695068359375
11.88324785232544,0.14992141723632812
11.893978357315063,0.15069198608398438
11.904742002487183,0.15185928344726562
11.915512561798096,0.15274429321289062
11.92629361152649,0.15274429321289062
11.93704867362976,0.15383148193359375
11.947821378707886,0.15452957153320312
11.958598136901855,0.15487289428710938
11.969358444213867,0.155120849609375
11.98011589050293,0.15537261962890625
11.99088168144226,0.1556243896484375
12.001624822616577,0.1556243896484375
12.01237154006958,0.1556243896484375
12.023168563842773,0.1556243896484375
12.033974170684814,0.1556243896484375
12.044723749160767,0.1556243896484375
12.055503129959106,0.1556243896484375
12.066267967224121,0.1556243896484375
12.077034711837769,0.1556243896484375
12.087824821472168,0.1556243896484375
12.098613739013672,0.1556243896484375
12.109370946884155,0.1556243896484375
12.120156526565552,0.1556243896484375
12.130920886993408,0.1556243896484375
12.141679763793945,0.1556243896484375
12.152431964874268,0.1556243896484375
12.163166522979736,0.1556243896484375
12.173926830291748,0.1556243896484375
12.184676885604858,0.1556243896484375
12.195428371429443,0.1556243896484375
12.206158876419067,0.1556243896484375
12.216907739639282,0.1556243896484375
12.227676391601562,0.15587615966796875
12.23844575881958,0.15587615966796875
12.249204635620117,0.1563720703125
12.259973287582397,0.15667343139648438
12.270747661590576,0.15755081176757812
12.28152871131897,0.15780258178710938
12.29227328300476,0.15835189819335938
12.303039073944092,0.158782958984375
12.313814878463745,0.15903472900390625
12.32458209991455,0.1592864990234375
12.335351467132568,0.16038131713867188
12.34610104560852,0.16038131713867188
12.356861352920532,0.16088485717773438
12.367614030838013,0.16088485717773438
12.378366947174072,0.16088485717773438
12.389103174209595,0.16088485717773438
12.399901628494263,0.16088485717773438
12.410669803619385,0.16088485717773438
12.421447992324829,0.16088485717773438
12.432196140289307,0.16088485717773438
12.442950010299683,0.16088485717773438
12.453730821609497,0.16088485717773438
12.464487552642822,0.16088485717773438
12.475224733352661,0.16088485717773438
12.48597240447998,0.16088485717773438
12.496726751327515,0.16088485717773438
12.507486581802368,0.16088485717773438
12.518231868743896,0.16088485717773438
12.528973817825317,0.16088485717773438
12.539734601974487,0.16088485717773438
12.550488948822021,0.16088485717773438
12.561220645904541,0.16088485717773438
12.571962356567383,0.16088485717773438
12.582726240158081,0.16088485717773438
12.593480587005615,0.16088485717773438
12.604220151901245,0.16088485717773438
12.614956855773926,0.16088485717773438
12.625712156295776,0.16088485717773438
12.636472940444946,0.16088485717773438
12.647220373153687,0.16088485717773438
12.65795636177063,0.16088485717773438
12.668707370758057,0.16088485717773438
12.679465293884277,0.16088485717773438
12.6902015209198,0.16088485717773438
12.700976371765137,0.16088485717773438
12.711727857589722,0.16088485717773438
12.722485780715942,0.16088485717773438
12.73323392868042,0.16088485717773438
12.743968725204468,0.16088485717773438
12.754722118377686,0.16088485717773438
12.765481233596802,0.16088485717773438
12.776223421096802,0.16088485717773438
12.786959648132324,0.16088485717773438
12.797707557678223,0.16088485717773438
12.808466911315918,0.16088485717773438
12.81920313835144,0.16088485717773438
12.829946756362915,0.16088485717773438
12.840702772140503,0.16088485717773438
12.851452589035034,0.16088485717773438
12.862187623977661,0.16088485717773438
12.8729407787323,0.16088485717773438
12.883705615997314,0.16088485717773438
12.894460439682007,0.16088485717773438
12.905208349227905,0.16088485717773438
12.915950298309326,0.16088485717773438
12.926697731018066,0.16088485717773438
12.937444686889648,0.16088485717773438
12.948182821273804,0.16088485717773438
12.958941459655762,0.16088485717773438
12.969696283340454,0.16088485717773438
12.98044729232788,0.16088485717773438
12.991180419921875,0.16088485717773438
13.001928329467773,0.16088485717773438
13.012688159942627,0.16088485717773438
13.02345085144043,0.16088485717773438
13.034196376800537,0.16088485717773438
13.044965267181396,0.16113662719726562
13.055731058120728,0.16138839721679688
13.066489458084106,0.16184616088867188
13.077233791351318,0.16294097900390625
13.087978601455688,0.16335296630859375
13.098744869232178,0.16335296630859375
13.109513759613037,0.16363525390625
13.12026572227478,0.16388702392578125
13.131020307540894,0.16439056396484375
13.141790866851807,0.164642333984375
13.15255093574524,0.1651458740234375
13.163310766220093,0.1665802001953125
13.174067258834839,0.16889190673828125
13.184837818145752,0.16939163208007812
13.19559359550476,0.1695556640625
13.206346035003662,0.1695556640625
13.217081069946289,0.1695556640625
13.227844476699829,0.1695556640625
13.238591194152832,0.1695556640625
13.24934196472168,0.1695556640625
13.260080814361572,0.1695556640625
13.270835638046265,0.1695556640625
13.281580686569214,0.1695556640625
13.292326211929321,0.1695556640625
13.303059816360474,0.1695556640625
13.313809394836426,0.1695556640625
13.324559450149536,0.1695556640625
13.335309743881226,0.1695556640625
13.346059083938599,0.1695556640625
13.35681438446045,0.1695556640625
13.367570877075195,0.1695556640625
13.378334045410156,0.1695556640625
13.3890860080719,0.1695556640625
13.399848699569702,0.1695556640625
13.410601139068604,0.1695556640625
13.421351432800293,0.1695556640625
13.432090520858765,0.1695556640625
13.442850589752197,0.1695556640625
13.453606367111206,0.1695556640625
13.46437692642212,0.16983413696289062
13.475131750106812,0.17010879516601562
13.485908031463623,0.17076873779296875
13.496670484542847,0.17171859741210938
13.50742506980896,0.17174148559570312
13.518173694610596,0.1752777099609375
13.52894377708435,0.17552947998046875
13.539695739746094,0.17552947998046875
13.550467729568481,0.17552947998046875
13.561212539672852,0.17552947998046875
13.571969270706177,0.17552947998046875
13.58272933959961,0.17552947998046875
13.593528985977173,0.17552947998046875
13.60427188873291,0.17552947998046875
13.615028619766235,0.17552947998046875
13.6257905960083,0.17552947998046875
13.63654375076294,0.17552947998046875
13.6473069190979,0.17552947998046875
13.658048868179321,0.17552947998046875
13.668810367584229,0.17552947998046875
13.679556608200073,0.17552947998046875
13.69031023979187,0.17552947998046875
13.701043605804443,0.17552947998046875
13.711812734603882,0.17552947998046875
13.722557067871094,0.17552947998046875
13.733323335647583,0.17552947998046875
13.74406361579895,0.17552947998046875
13.75482988357544,0.17552947998046875
13.765586853027344,0.17552947998046875
13.776363611221313,0.17611312866210938
13.78711485862732,0.17636489868164062
13.797879934310913,0.17661666870117188
13.80863618850708,0.17661666870117188
13.81939697265625,0.17712020874023438
13.830144166946411,0.17765045166015625
13.841388702392578,0.4162712097167969
13.852673053741455,0.7745323181152344
13.864633083343506,1.1329498291015625
13.87638235092163,1.4913787841796875
13.888416290283203,1.9676475524902344
13.90068006515503,2.3261680603027344
13.91314435005188,2.685260772705078
13.925820589065552,3.0433921813964844
13.938787698745728,3.520885467529297
13.951961517333984,3.8790206909179688
13.96543288230896,4.356540679931641
13.97907042503357,4.714691162109375
13.993083238601685,5.192268371582031
14.00736951828003,5.669780731201172
14.021918773651123,6.147243499755859
14.036875247955322,6.624652862548828
14.051952362060547,7.102104187011719
14.067355394363403,7.579559326171875
14.0830557346344,8.05704116821289
14.099039316177368,8.53451919555664
14.115361213684082,9.011833190917969
14.132052898406982,9.608802795410156
14.148991346359253,10.086402893066406
14.16633939743042,10.683273315429688
14.18389368057251,11.160564422607422
14.204925060272217,11.757431030273438
14.22591495513916,12.473690032958984
14.244574785232544,13.070671081542969
14.26354193687439,13.667621612548828
14.283124446868896,14.264598846435547
14.30309009552002,14.861518859863281
14.323312759399414,15.508186340332031
14.344876766204834,15.626533508300781
14.368577718734741,15.703968048095703
14.389365673065186,15.786796569824219
14.409160614013672,15.859092712402344
14.428971767425537,15.94205093383789
14.448856353759766,15.969165802001953
14.478160858154297,16.078304290771484
14.498116731643677,16.123992919921875
14.518025398254395,16.157581329345703
14.538024663925171,16.206424713134766
14.558087348937988,16.288028717041016
14.578256368637085,16.90917205810547
14.616160869598389,18.82189178466797
14.661868333816528,20.807106018066406
14.696877479553223,21.94499969482422
14.728387594223022,22.83908462524414
14.762923955917358,23.446155548095703
14.812079191207886,24.68402862548828
14.841774463653564,25.02252197265625
14.904454231262207,25.66936492919922
14.95258903503418,26.125640869140625
15.014071226119995,25.996891021728516
15.066623449325562,26.299419403076172
15.0987868309021,26.490596771240234
15.135810375213623,27.17657470703125
15.194976568222046,27.710269927978516
15.242732524871826,28.10860824584961
15.289149045944214,28.237789154052734
15.329617977142334,28.38953399658203
15.381990909576416,29.21597671508789
15.461487531661987,30.200389862060547
15.507723569869995,31.03119659423828
15.571170806884766,31.89466094970703
15.619020938873291,32.86307907104492
15.683495044708252,32.92241668701172
15.71857213973999,33.31882858276367
15.769147396087646,33.65083694458008
15.828314304351807,34.30696105957031
15.860921144485474,34.44707107543945
15.894724369049072,34.86521530151367
15.925057649612427,35.23381423950195
15.956917524337769,35.382633209228516
15.988619327545166,35.97858428955078
16.02043604850769,36.7064208984375
16.054346561431885,36.65813446044922
16.090059757232666,37.14693069458008
16.123355388641357,37.633785247802734
16.15683650970459,38.23335647583008
16.188753843307495,37.922027587890625
16.22331190109253,38.370643615722656
16.25522804260254,38.68788528442383
16.288493156433105,39.116455078125
16.329829454421997,39.43510818481445
16.36554455757141,40.12138748168945
16.405402660369873,40.73228073120117
16.46703004837036,41.831687927246094
16.514313220977783,41.838016510009766
16.557676792144775,42.47840118408203
16.609745979309082,42.671966552734375
16.660507917404175,42.940834045410156
16.714807510375977,43.1463737487793
16.761054515838623,43.69722366333008
16.814812660217285,43.73433303833008
16.851927042007446,43.73252487182617
16.89228582382202,43.75918960571289
16.93480372428894,43.76947784423828
16.982072591781616,44.17403793334961
17.026243448257446,44.52281188964844
17.05681085586548,44.499446868896484
17.088396787643433,45.023555755615234
17.12423324584961,45.45193099975586
17.16023540496826,46.01536178588867
17.193013906478882,46.05255126953125
17.22144627571106,46.59978103637695
17.252450227737427,46.7745475769043
17.296726942062378,46.355533599853516
17.326688528060913,46.522727966308594
17.36874032020569,47.02925109863281
17.41623282432556,46.83290100097656
17.448329210281372,46.71632766723633
17.49656629562378,46.90325164794922
17.526201009750366,46.97944641113281
17.568134546279907,47.2930908203125
17.59757137298584,47.54131317138672
17.629348754882812,47.94306564331055
17.659205675125122,48.095054626464844
17.692835807800293,48.420894622802734
17.726987838745117,48.700286865234375
17.75658893585205,48.47687911987305
17.788491010665894,48.77257537841797
17.82397770881653,48.876251220703125
17.858675479888916,48.98422622680664
17.918075799942017,48.95923614501953
17.965385913848877,49.60358428955078
18.01137900352478,49.94209289550781
18.056718349456787,50.1080322265625
18.085057497024536,50.033973693847656
18.11621880531311,50.291805267333984
18.144734382629395,50.360206604003906
18.17609214782715,50.17185592651367
18.20511746406555,50.36996841430664
18.233736515045166,50.541725158691406
18.261114835739136,50.678810119628906
18.289568662643433,50.60533905029297
18.317366123199463,50.81035232543945
18.347339391708374,51.04253387451172
18.376546621322632,51.064910888671875
18.405428647994995,51.27915954589844
18.433048248291016,51.2708854675293
18.463239192962646,51.544620513916016
18.493205070495605,51.57197570800781
18.521225452423096,51.885772705078125
18.55144476890564,52.19614028930664
18.58297109603882,52.19779968261719
18.611520051956177,51.710655212402344
18.64078712463379,51.45559310913086
18.67005157470703,51.51688003540039
18.698770999908447,51.05531692504883
18.726929187774658,51.13808059692383
18.760329246520996,51.382423400878906
18.795859336853027,51.80945587158203
18.822583436965942,51.57184982299805
18.847732543945312,51.69162368774414
18.87457251548767,51.806488037109375
18.90235733985901,51.59858703613281
18.93268871307373,51.80734634399414
18.959901571273804,51.99586868286133
18.990302085876465,52.41290283203125
19.01988959312439,52.462982177734375
19.049492835998535,52.52680206298828
19.076704502105713,52.42460250854492
19.10662603378296,52.725040435791016
19.13202977180481,52.98224639892578
19.158632516860962,52.85383605957031
19.186199426651,52.988258361816406
19.212741374969482,53.04072570800781
19.240297317504883,53.18075942993164
19.266969442367554,53.00136947631836
19.295454502105713,53.20421600341797
19.32375693321228,53.15708923339844
19.351840257644653,53.316158294677734
19.378986597061157,53.12793731689453
19.404664993286133,52.99522018432617
19.430590629577637,52.67839050292969
19.457488298416138,52.48778533935547
19.4880211353302,52.92243194580078
19.515257358551025,53.02644729614258
19.542505264282227,53.072532653808594
19.56941270828247,53.297203063964844
19.60067844390869,53.54039001464844
19.631071090698242,52.940155029296875
19.66318416595459,52.90216827392578
19.69389057159424,52.88154602050781
19.72629189491272,53.03159713745117
19.755181312561035,53.165157318115234
19.786590576171875,53.32737350463867
19.815592288970947,53.49527359008789
19.84380602836609,53.08340835571289
19.874457359313965,53.227108001708984
19.904415369033813,53.05494689941406
19.932946920394897,53.34373092651367
19.963585138320923,53.377933502197266
19.999269247055054,53.51898193359375
20.027648448944092,53.31565856933594
20.056553840637207,53.46592712402344
20.087652683258057,53.826534271240234
20.116611003875732,54.00694274902344
20.15063714981079,53.76993942260742
20.181549310684204,54.01378631591797
20.218636512756348,53.63772964477539
20.253080368041992,53.60803985595703
20.295262336730957,53.4858512878418
20.33057689666748,53.38816452026367
20.35725498199463,53.522247314453125
20.396775722503662,53.709842681884766
20.43887209892273,53.827545166015625
20.473854064941406,53.95649337768555
20.502601385116577,53.83855438232422
20.543050527572632,53.958011627197266
20.57375717163086,53.59605407714844
20.602989673614502,53.5699462890625
20.633806228637695,54.03516387939453
20.665252447128296,54.168846130371094
20.693695068359375,54.253334045410156
20.72325849533081,54.470802307128906
20.75143790245056,54.608680725097656
20.7829532623291,54.65435028076172
20.81963324546814,54.49126434326172
20.856210947036743,54.76933670043945
20.883506536483765,54.98991394042969
20.911980628967285,55.026939392089844
20.94083595275879,55.07821273803711
20.969703674316406,54.988224029541016
21.001216173171997,55.20585250854492
21.032211303710938,55.19978332519531
21.060352087020874,55.181297302246094
21.090096950531006,55.00236892700195
21.121307373046875,54.81564712524414
21.147308826446533,54.64601516723633
21.176846265792847,54.257911682128906
21.205040216445923,54.0936279296875
21.238821983337402,54.12149429321289
21.27160382270813,54.517967224121094
21.300315618515015,54.43843460083008
21.331314086914062,54.508392333984375
21.358797550201416,54.4769401550293
21.388253927230835,54.25714874267578
21.417787790298462,54.5973014831543
21.44476556777954,55.004737854003906
21.47380304336548,55.41967010498047
21.5042245388031,55.08064270019531
21.534488201141357,54.81918716430664
21.565032243728638,54.97874450683594
21.59560227394104,54.940181732177734
21.62724757194519,54.947593688964844
21.65485191345215,55.40146255493164
21.68295383453369,55.5765380859375
21.713104724884033,55.19847869873047
21.74182105064392,55.170040130615234
21.768421173095703,55.512760162353516
21.795308113098145,55.332767486572266
21.823952674865723,55.5239143371582
21.85669708251953,55.84597396850586
21.891826391220093,55.06185531616211
21.92598295211792,54.78774642944336
21.956137657165527,55.05247497558594
21.990121126174927,55.027099609375
22.022510766983032,54.876285552978516
22.053571939468384,55.02577209472656
22.084765195846558,55.08654022216797
22.11672043800354,54.84980392456055
22.145513772964478,54.74366760253906
22.183850288391113,55.068599700927734
22.216535568237305,55.118412017822266
22.25180983543396,55.34531021118164
22.280805587768555,55.45702362060547
22.310221672058105,55.05889129638672
22.339064121246338,55.21593475341797
22.367239475250244,55.1794548034668
22.39902377128601,55.121646881103516
22.43170404434204,55.55437088012695
22.459533214569092,55.71556091308594
22.489314794540405,55.61859130859375
22.516414165496826,55.70077133178711
22.547771453857422,55.72810363769531
22.580829858779907,55.638404846191406
22.61157488822937,56.01995086669922
22.642300605773926,56.06608200073242
22.672547817230225,55.968109130859375
22.711243867874146,55.89702224731445
22.74445390701294,55.93396759033203
22.773037433624268,55.67635726928711
22.80362319946289,55.531803131103516
22.835145950317383,55.397132873535156
22.864556550979614,55.46312713623047
22.898150205612183,55.77261734008789
22.92838978767395,56.303287506103516
22.961986780166626,56.06156539916992
22.990875482559204,56.13835144042969
23.02130889892578,56.309486389160156
23.052029371261597,56.059165954589844
23.08205533027649,55.906005859375
23.11224126815796,56.12349319458008
23.143457889556885,56.122894287109375
23.174017429351807,56.265785217285156
23.20508098602295,56.39686584472656
23.235721349716187,56.591400146484375
23.26573896408081,56.217018127441406
23.296543836593628,55.84703063964844
23.327492237091064,56.06864547729492
23.35787558555603,56.426395416259766
23.39115285873413,56.87984085083008
23.424577236175537,57.02058029174805
23.4584743976593,56.85356521606445
23.49869394302368,56.928157806396484
23.529750108718872,56.605674743652344
23.564478874206543,56.512733459472656
23.597671270370483,56.48039245605469
23.62909173965454,56.1278076171875
23.659157276153564,56.44300079345703
23.69124937057495,56.40774917602539
23.731867790222168,56.269981384277344
23.761988639831543,56.48817443847656
23.79499125480652,55.99479675292969
23.828625917434692,55.47578430175781
23.860515117645264,55.85237121582031
23.88839077949524,56.10993576049805
23.917417287826538,56.3222770690918
23.945477724075317,56.54288101196289
23.975183248519897,56.270076751708984
23.998764991760254,56.29330825805664
24.023970365524292,56.52790069580078
24.057562351226807,56.05673599243164
24.090593099594116,56.2899284362793
24.122330904006958,56.395965576171875
24.154385328292847,56.182884216308594
24.183491230010986,56.085906982421875
24.21483302116394,56.19279098510742
24.2431583404541,56.27320861816406
24.275248527526855,56.304969787597656
24.306188821792603,56.39480209350586
24.33523154258728,56.25093460083008
24.364084243774414,56.35807418823242
24.391642093658447,56.654869079589844
24.422082901000977,56.85649490356445
24.454341173171997,56.44268798828125
24.485955238342285,56.610145568847656
24.51689052581787,56.49032211303711
24.54906988143921,56.32844924926758
24.579769611358643,56.73046875
24.613006114959717,57.052398681640625
24.655503511428833,57.16399383544922
24.688491344451904,57.10457229614258
24.718085289001465,57.07633590698242
24.752594232559204,56.72581481933594
24.784013271331787,56.43034744262695
24.817142009735107,56.54336929321289
24.851929903030396,56.273643493652344
24.882095098495483,56.326473236083984
24.91391158103943,56.23033905029297
24.942134141921997,56.192527770996094
24.97364830970764,56.5659294128418
25.005772829055786,56.551204681396484
25.039146661758423,56.676761627197266
25.075422763824463,56.528926849365234
25.109376907348633,56.76122283935547
25.141950607299805,56.6895637512207
25.172954559326172,56.94923400878906
25.203152179718018,57.203182220458984
25.234014987945557,57.18085479736328
25.263049840927124,57.24989700317383
25.296199798583984,57.33604431152344
25.340660333633423,57.59769821166992
25.391663074493408,57.46713638305664
25.42471146583557,57.547264099121094
25.45992159843445,57.537227630615234
25.49681854248047,57.39702224731445
25.53031063079834,57.542572021484375
25.562432050704956,57.32748794555664
25.59471321105957,57.19404602050781
25.62572407722473,57.46142578125
25.661367654800415,57.260738372802734
25.699097633361816,57.047428131103516
25.73680591583252,57.034671783447266
25.77323842048645,56.16843795776367
25.810819387435913,56.28326416015625
25.84652280807495,56.49269485473633
25.882582426071167,56.69137954711914
25.9184308052063,56.683692932128906
25.955731630325317,56.778526306152344
25.990524530410767,56.966331481933594
26.02405548095703,57.08942413330078
26.064153909683228,57.18411636352539
26.09780788421631,57.04003143310547
26.130326509475708,57.13267135620117
26.16467571258545,57.48426818847656
26.197744369506836,57.754371643066406
26.227028369903564,57.4886474609375
26.26051640510559,56.837730407714844
26.29096531867981,56.65542984008789
26.316771507263184,56.708282470703125
26.348196983337402,56.859859466552734
26.37842893600464,56.970619201660156
26.409603118896484,56.99058532714844
26.44146203994751,57.160667419433594
26.47306513786316,57.23179244995117
26.50444459915161,57.52700424194336
26.532672882080078,57.71372604370117
26.561429500579834,57.80282211303711
26.59559154510498,57.539894104003906
26.621373176574707,57.44208908081055
26.646851539611816,56.94953155517578
26.673907995224,57.25559997558594
26.702833890914917,57.40699768066406
26.72720980644226,57.005615234375
26.75319480895996,56.974403381347656
26.781931400299072,56.97731399536133
26.81602931022644,56.883750915527344
26.850749254226685,56.81806182861328
26.886556148529053,57.372291564941406
26.917527437210083,57.11807632446289
26.948859453201294,57.107635498046875
26.982701301574707,57.2830696105957
27.018383502960205,57.37993240356445
27.050381183624268,57.23610305786133
27.083058834075928,57.027259826660156
27.114952564239502,57.12102508544922
27.145132064819336,57.43254089355469
27.174226999282837,57.47373580932617
27.206947088241577,57.68330764770508
27.23988437652588,57.58850860595703
27.269165754318237,57.32988739013672
27.30324959754944,57.566158294677734
27.335511207580566,57.553245544433594
27.377240419387817,57.57876205444336
27.40757966041565,57.722564697265625
27.442089557647705,57.752784729003906
27.476654767990112,57.60273361206055
27.51161217689514,57.60716247558594
27.543572902679443,57.584495544433594
27.574408769607544,57.69949722290039
27.60566258430481,57.424957275390625
27.637290000915527,57.363319396972656
27.668161153793335,57.11608123779297
27.69559383392334,56.91415786743164
27.727306842803955,56.625343322753906
27.75573968887329,56.908878326416016
27.781059741973877,56.743133544921875
27.806707859039307,56.87299346923828
27.83433198928833,57.004337310791016
27.864930152893066,56.7234001159668
27.894800186157227,56.91304016113281
27.9238383769989,56.91657638549805
27.95549488067627,56.98030090332031
27.989225149154663,57.11565399169922
28.020830631256104,57.14278793334961
28.052263259887695,57.22357940673828
28.082125425338745,57.39529037475586
28.10912561416626,57.378448486328125
28.139479875564575,57.30601119995117
28.167800903320312,57.52239990234375
28.20955491065979,57.52443313598633
28.2375590801239,57.19679641723633
28.26744318008423,57.095619201660156
28.29660677909851,57.25196838378906
28.327219009399414,57.49272918701172
28.351996183395386,57.41773986816406
28.376746654510498,57.620845794677734
28.40239691734314,57.66138458251953
28.434550523757935,57.673919677734375
28.465527057647705,57.49180603027344
28.491337299346924,57.462242126464844
28.517284631729126,57.549598693847656
28.544373035430908,57.762752532958984
28.577091932296753,57.66437911987305
28.604504823684692,57.59624481201172
28.630800485610962,57.37997817993164
28.658291578292847,57.33662796020508
28.684297561645508,57.57462692260742
28.71108841896057,57.498287200927734
28.73973274230957,57.58174133300781
28.76851534843445,57.674034118652344
28.804036140441895,57.66050720214844
28.837477684020996,57.367759704589844
28.866823434829712,57.20735549926758
28.898024559020996,57.31308364868164
28.928186655044556,56.80014419555664
28.958964109420776,56.986534118652344
28.989394426345825,56.888946533203125
29.020255088806152,57.07371139526367
29.049315929412842,57.116416931152344
29.07788920402527,57.20333480834961
29.109517335891724,57.360260009765625
29.146347522735596,56.92632293701172
29.18022847175598,56.94839096069336
29.210429668426514,57.12155532836914
29.23996329307556,57.10369873046875
29.276575803756714,56.978782653808594
29.311527013778687,57.2921142578125
29.344249963760376,57.19379806518555
29.37720823287964,57.14442443847656
29.426541090011597,57.159610748291016
29.46131443977356,57.30575942993164
29.496840476989746,57.374488830566406
29.530184745788574,57.250816345214844
29.55932378768921,57.34970474243164
29.58637809753418,56.776512145996094
29.625155925750732,56.84854507446289
29.65274214744568,56.78518295288086
29.680262327194214,56.930912017822266
29.706175565719604,57.376346588134766
29.73581290245056,57.59050369262695
29.773351907730103,57.47792053222656
29.800575971603394,57.31098175048828
29.82578182220459,57.243595123291016
29.851606369018555,57.31462478637695
29.879026651382446,57.56520080566406
29.904826164245605,57.27223205566406
29.93305015563965,57.343292236328125
29.965592861175537,57.3639030456543
29.992364168167114,57.5485954284668
30.018710136413574,57.57149124145508
30.044673919677734,57.51726531982422
30.06959342956543,57.57551956176758
30.101072311401367,57.5562629699707
30.13200283050537,57.85719680786133
30.163558959960938,57.90658187866211
30.195407152175903,57.87949752807617
30.224735975265503,57.78858184814453
30.264514923095703,57.916481018066406
30.289753675460815,57.609046936035156
30.314866304397583,57.738182067871094
30.343966007232666,57.57371139526367
30.370692491531372,57.23560333251953
30.396378993988037,57.15787887573242
30.42564582824707,57.015316009521484
30.452953815460205,57.05848693847656
30.482911348342896,57.403663635253906
30.508512020111084,57.02327346801758
30.535494327545166,57.19967269897461
30.561534881591797,56.71884536743164
30.5877423286438,57.10346221923828
30.615840911865234,56.90981674194336
30.644047260284424,56.81047439575195
30.6707444190979,57.21148681640625
30.697744369506836,56.970802307128906
30.721318244934082,57.135562896728516
30.74623465538025,57.097049713134766
30.775128841400146,57.29484176635742
30.802978515625,57.245567321777344
30.829540967941284,57.312496185302734
30.855729341506958,57.465850830078125
30.881077527999878,57.286006927490234
30.90904188156128,57.60188293457031
30.937745332717896,57.34865188598633
30.965383291244507,56.90113830566406
30.992833614349365,57.176937103271484
31.018020629882812,57.44834899902344
31.04507088661194,57.414974212646484
31.072076082229614,57.88595962524414
31.10170555114746,57.939212799072266
31.13157081604004,58.11479187011719
31.158305644989014,58.1186408996582
31.191899299621582,58.3031120300293
31.219772577285767,57.48064422607422
31.249531269073486,57.63188171386719
31.28423047065735,57.43702697753906
31.318411350250244,57.46222686767578
31.35041093826294,57.61286163330078
31.383474111557007,57.377296447753906
31.41376566886902,57.19038772583008
31.44249963760376,57.00999450683594
31.47003746032715,56.78241729736328
31.49799609184265,56.9401741027832
31.52359390258789,57.128910064697266
31.54844331741333,57.44851303100586
31.57630753517151,57.38090896606445
31.60298228263855,57.13148498535156
31.629181623458862,56.88024139404297
31.658522844314575,56.90456771850586
31.686933755874634,56.645118713378906
31.71359634399414,56.712318420410156
31.73997187614441,56.8555793762207
31.76621913909912,56.885616302490234
31.793620586395264,56.85694122314453
31.82106304168701,57.1019401550293
31.846999168395996,57.215206146240234
31.875362157821655,57.188018798828125
31.902374744415283,57.04933166503906
31.929534912109375,57.061134338378906
31.954628467559814,57.283695220947266
31.983014583587646,57.293453216552734
32.00908803939819,57.46078109741211
32.03399181365967,57.8633918762207
32.06039071083069,57.221744537353516
32.08611726760864,57.507530212402344
32.112085819244385,57.6702766418457
32.140729665756226,57.589473724365234
32.17014193534851,57.62559127807617
32.19832253456116,57.3780403137207
32.224085092544556,57.32062530517578
32.2503616809845,57.452667236328125
32.276100158691406,57.71336364746094
32.30324959754944,57.921722412109375
32.33063507080078,57.69289016723633
32.35690402984619,57.42900085449219
32.382450103759766,57.56749725341797
32.40824913978577,57.50661087036133
32.44006586074829,57.640953063964844
32.469528913497925,57.210758209228516
32.497172117233276,57.45885467529297
32.52423143386841,57.538185119628906
32.552019119262695,57.28207778930664
32.57727026939392,57.36159133911133
32.60396361351013,57.38160705566406
32.63116693496704,57.377960205078125
32.65676403045654,57.459938049316406
32.6878879070282,57.27388000488281
32.71665978431702,57.08955001831055
32.74647903442383,56.640647888183594
32.77277326583862,56.6055908203125
32.800589084625244,56.76582336425781
32.828628063201904,56.755859375
32.85400199890137,57.17324447631836
32.88198685646057,57.36907196044922
32.909040451049805,57.41044998168945
32.93868851661682,56.82130813598633
32.96416926383972,57.036521911621094
32.98977756500244,57.05021667480469
33.017592430114746,57.07648468017578
33.045236587524414,57.038543701171875
33.07069206237793,57.105140686035156
33.096635818481445,57.38496780395508
33.1233274936676,57.22063064575195
33.150038957595825,57.427982330322266
33.175846099853516,57.28718185424805
33.20226716995239,57.405086517333984
33.23039412498474,57.45395278930664
33.25729823112488,57.5641975402832
33.2853479385376,57.444332122802734
33.31334567070007,57.29359817504883
33.34279918670654,57.397010803222656
33.36968779563904,57.44377517700195
33.39804148674011,57.50434875488281
33.42767643928528,57.46902847290039
33.4559907913208,57.54904556274414
33.48222064971924,57.23866653442383
33.50997543334961,56.9404182434082
33.538330078125,56.89716339111328
33.565102100372314,57.03179168701172
33.59365272521973,56.97789001464844
33.6213436126709,56.96146774291992
33.65141797065735,57.10266876220703
33.67842960357666,57.037452697753906
33.70562028884888,57.214393615722656
33.73052430152893,57.421138763427734
33.75673794746399,57.43574905395508
33.78243350982666,57.50468826293945
33.81113123893738,57.364009857177734
33.84207463264465,57.109710693359375
33.86989974975586,56.780609130859375
33.89559864997864,56.81305694580078
33.92314648628235,57.24705123901367
33.9523491859436,57.10749435424805
33.97839307785034,57.084983825683594
34.00534796714783,57.14360427856445
34.03230047225952,57.46672439575195
34.06846261024475,57.63398742675781
34.09736514091492,57.72032928466797
34.124486684799194,57.70866775512695
34.15495848655701,57.7279052734375
34.18272137641907,57.612709045410156
34.210570335388184,57.627281188964844
34.23987817764282,57.5975456237793
34.26533842086792,57.89359664916992
34.29209494590759,57.86640548706055
34.319899797439575,57.830345153808594
34.344656229019165,57.55881881713867
34.37010097503662,57.742950439453125
34.39836764335632,57.92792510986328
34.42608022689819,58.004371643066406
34.45325589179993,58.18864822387695
34.48135685920715,57.88699722290039
34.50950646400452,57.66521453857422
34.53809571266174,57.5113525390625
34.56550145149231,57.31852722167969
34.59521508216858,57.504940032958984
34.63228917121887,57.672271728515625
34.66632699966431,57.707706451416016
34.697165966033936,57.24445724487305
34.73633432388306,57.47972869873047
34.76909375190735,57.73831558227539
34.80034637451172,57.533790588378906
34.8329918384552,56.78547668457031
34.865028381347656,57.04481506347656
34.89621162414551,57.10883331298828
34.93099045753479,57.225242614746094
34.961575508117676,57.002357482910156
34.99108648300171,57.251102447509766
35.02108645439148,57.13694381713867
35.05076289176941,57.27458953857422
35.083597898483276,57.61669921875
35.117374420166016,57.50328826904297
35.1490683555603,57.763309478759766
35.17954158782959,57.35341262817383
35.209693908691406,57.44489669799805
35.246073961257935,57.09361267089844
35.27937459945679,57.16267776489258
35.312034606933594,57.51449203491211
35.34637522697449,57.573551177978516
35.38119459152222,57.39850616455078
35.408695697784424,57.906028747558594
35.43979620933533,57.77260971069336
35.46879601478577,57.72809982299805
35.5021595954895,57.80878448486328
35.53429365158081,57.29429626464844
35.56292390823364,57.25801086425781
35.59046936035156,57.327735900878906
35.61986494064331,57.586055755615234
35.65218448638916,57.23907470703125
35.68565106391907,57.65232467651367
35.72220301628113,57.76646423339844
35.75526261329651,57.66960525512695
35.78554964065552,57.778316497802734
35.81620144844055,57.22627258300781
35.847756147384644,56.97926330566406
35.880332708358765,56.68464660644531
35.91219878196716,56.95924758911133
35.94488215446472,57.30615234375
35.974618911743164,56.98402786254883
36.00469398498535,57.11526107788086
36.03524947166443,57.169132232666016
36.06563758850098,57.24416732788086
36.0978946685791,57.26545333862305
36.13282537460327,57.528560638427734
36.16697359085083,57.47073745727539
36.19839668273926,57.67044448852539
36.22592043876648,57.3450813293457
36.25259017944336,57.36409378051758
36.281580448150635,57.35145950317383
36.314502239227295,57.39281463623047
36.34368848800659,57.62213897705078
36.37349891662598,57.36616134643555
36.39836120605469,57.03315353393555
36.4267942905426,56.8629264831543
36.4562668800354,57.080955505371094
36.48222351074219,57.09739685058594
36.50691890716553,57.06697463989258
36.53241682052612,57.31374740600586
36.56058478355408,57.34123229980469
36.590128660202026,57.465694427490234
36.618393659591675,57.49882125854492
36.64577341079712,57.54206466674805
36.67546367645264,57.3045768737793
36.705050468444824,57.47771453857422
36.731255769729614,57.23765563964844
36.758463621139526,57.300254821777344
36.78925609588623,57.37651824951172
36.81833553314209,57.32369613647461
36.8471577167511,57.19744873046875
36.873963832855225,57.240970611572266
36.9072322845459,57.36448287963867
36.94022488594055,57.46555709838867
36.96862769126892,57.30612564086914
36.995102882385254,57.33845520019531
37.02387237548828,57.23118209838867
37.05283761024475,57.211551666259766
37.0825560092926,57.467384338378906
37.11656856536865,57.60870361328125
37.1507089138031,57.31166458129883
37.1844699382782,57.53801727294922
37.21599268913269,57.50410079956055
37.246304988861084,57.3552360534668
37.27485394477844,57.5265007019043
37.30442023277283,57.478309631347656
37.33583450317383,57.52690124511719
37.3697452545166,57.64775085449219
37.40431594848633,57.45840835571289
37.436861515045166,57.454219818115234
37.47023940086365,57.322418212890625
37.50300097465515,57.45608901977539
37.534852504730225,57.229469299316406
37.57006883621216,57.5567741394043
37.59915518760681,57.78961944580078
37.628527879714966,57.92560577392578
37.65891933441162,57.71360397338867
37.69083499908447,57.74444580078125
37.72332262992859,57.6595458984375
37.75379753112793,57.21336364746094
37.78273677825928,57.5283203125
37.814425230026245,57.71271896362305
37.84563064575195,57.990692138671875
37.87704515457153,57.78636169433594
37.909310817718506,57.463687896728516
37.942105531692505,57.737945556640625
37.977372884750366,57.653472900390625
38.013375997543335,57.34831237792969
38.0438449382782,57.21918869018555
38.07496166229248,57.200904846191406
38.104459047317505,57.553916931152344
38.138800859451294,57.98278045654297
38.17137289047241,58.52058410644531
38.20313024520874,58.03733444213867
38.237579107284546,57.85170364379883
38.270291328430176,57.60388946533203
38.302841663360596,57.60188293457031
38.33441686630249,57.068817138671875
38.371236085891724,57.16650390625
38.40390706062317,56.97141647338867
38.43414545059204,57.224571228027344
38.46328592300415,57.45697784423828
38.49457573890686,57.734619140625
38.52448391914368,57.850830078125
38.555991411209106,57.60065460205078
38.58907604217529,57.491905212402344
38.62097382545471,57.69148254394531
38.64882135391235,57.40045166015625
38.679709911346436,57.05712127685547
38.70864677429199,57.420814514160156
38.741814374923706,57.462158203125
38.77267670631409,57.26530456542969
38.807271242141724,57.23638916015625
38.8397581577301,57.16978073120117
38.871965169906616,57.175296783447266
38.90417695045471,57.27519607543945
38.93594312667847,57.47454833984375
38.96678876876831,57.556739807128906
38.99937653541565,57.456260681152344
39.02937602996826,57.802249908447266
39.06469917297363,57.39718246459961
39.09665369987488,57.63496017456055
39.12999606132507,57.928348541259766
39.161694288253784,58.153812408447266
39.19495868682861,57.862003326416016
39.22558379173279,58.014705657958984
39.25935888290405,57.800262451171875
39.29013800621033,57.75065231323242
39.322205543518066,57.75239562988281
39.35421848297119,57.552921295166016
39.38494658470154,57.35066604614258
39.41659140586853,57.6151008605957
39.448941469192505,57.47266387939453
39.47890067100525,57.33576965332031
39.51967215538025,57.62430191040039
39.549198389053345,57.810577392578125
39.5806303024292,57.71697998046875
39.613975524902344,57.66112518310547
39.645116329193115,57.63787841796875
39.67463445663452,57.885154724121094
39.70663022994995,58.02870559692383
39.73908972740173,57.84330368041992
39.769527435302734,57.91368865966797
39.80270528793335,57.42094421386719
39.83557200431824,57.375038146972656
39.86822581291199,57.91188049316406
39.903746604919434,57.454200744628906
39.93237924575806,57.69750213623047
39.960660219192505,58.05134582519531
39.99300956726074,58.25418472290039
40.02830648422241,58.167728424072266
40.06831121444702,58.2860221862793
40.09824538230896,57.774879455566406
40.128663301467896,57.6944465637207
40.157443046569824,57.91658020019531
40.190861225128174,57.97850799560547
40.21915245056152,58.16353225708008
40.24784302711487,58.1804313659668
40.282140016555786,57.932899475097656
40.31224536895752,57.954429626464844
40.34409689903259,58.20018768310547
40.38569760322571,57.91614532470703
40.41431427001953,57.838356018066406
40.44400453567505,57.74059295654297
40.47647714614868,57.868804931640625
40.50678491592407,58.00680923461914
40.53647494316101,58.213741302490234
40.56668496131897,57.814701080322266
40.596123695373535,57.8182258605957
40.62895488739014,57.643489837646484
40.66071677207947,57.53404235839844
40.692482471466064,57.661720275878906
40.72339177131653,57.59213638305664
40.75625491142273,57.51483154296875
40.79046106338501,57.86122512817383
40.82317852973938,58.06871795654297
40.85630226135254,57.873878479003906
40.8874626159668,58.03736877441406
40.91690397262573,57.95889663696289
40.94931602478027,58.367401123046875
40.9822211265564,58.193443298339844
41.01567983627319,58.00088119506836
41.04636883735657,57.616539001464844
41.075666427612305,57.994598388671875
41.10696530342102,57.75843048095703
41.13735771179199,57.80569839477539
41.16889047622681,57.59276580810547
41.20016884803772,57.62516403198242
41.23393630981445,57.705543518066406
41.265817165374756,57.89391326904297
41.29653596878052,57.748592376708984
41.32703876495361,57.93162155151367
41.35404634475708,57.855918884277344
41.380088806152344,57.84956359863281
41.40585207939148,57.979244232177734
41.43545436859131,57.78511047363281
41.462775468826294,57.74373245239258
41.49012351036072,57.78678512573242
41.51940846443176,58.221778869628906
41.546350955963135,58.13920211791992
41.573394775390625,58.49970626831055
41.60167860984802,58.41474914550781
41.631091594696045,57.97893142700195
41.65978813171387,57.912513732910156
41.68997764587402,58.00918960571289
41.71886396408081,58.17246627807617
41.744983434677124,58.169677734375
41.7731032371521,58.394466400146484
41.80137324333191,58.51713180541992
41.83267641067505,58.49968338012695
41.859710454940796,58.264984130859375
41.88733386993408,58.36941146850586
41.91394639015198,58.62080001831055
41.942795515060425,58.6403694152832
41.9716854095459,58.69989013671875
41.99963331222534,58.148338317871094
42.027483224868774,57.88504409790039
42.05596041679382,58.146095275878906
42.0835645198822,58.32527160644531
42.11258864402771,58.21940994262695
42.14144420623779,57.96760559082031
42.17090177536011,57.97269821166992
42.19740581512451,58.034759521484375
42.22437500953674,57.896419525146484
42.25338959693909,58.05625534057617
42.28167533874512,57.87278366088867
42.309897899627686,57.94542694091797
42.33659648895264,58.28007125854492
42.362508058547974,58.45087432861328
42.3937783241272,58.4847412109375
42.42306685447693,58.29514694213867
42.45237445831299,58.267303466796875
42.479503870010376,58.02019119262695
42.50616526603699,58.18059539794922
42.534939765930176,57.95804977416992
42.562931060791016,58.269954681396484
42.590113162994385,58.047481536865234
42.61840534210205,57.95505905151367
42.64694428443909,58.1908073425293
42.6764554977417,58.50319290161133
42.70669984817505,58.465824127197266
42.73763132095337,58.28947448730469
42.76698350906372,58.05835723876953
42.79280948638916,58.096221923828125
42.821999073028564,57.9248046875
42.84965968132019,57.82842254638672
42.877856492996216,58.211830139160156
42.904000759124756,58.19699478149414
42.93176746368408,57.84135055541992
42.95984697341919,57.837100982666016
42.98580241203308,57.75365447998047
43.01361083984375,57.98617172241211
43.04031682014465,58.19883346557617
43.06888508796692,57.914005279541016
43.095892667770386,57.84908676147461
43.12557125091553,57.76676940917969
43.15037393569946,57.76356887817383
43.17798614501953,57.454246520996094
43.204367876052856,57.49232482910156
43.2308452129364,57.64768981933594
43.25833511352539,57.66749954223633
43.285229206085205,57.6480598449707
43.311158657073975,57.92102813720703
43.33869481086731,57.89530944824219
43.365554094314575,58.15835189819336
43.39116430282593,58.01112365722656
43.41718053817749,58.042686462402344
43.44485783576965,58.01814270019531
43.473393201828,57.940025329589844
43.500064849853516,57.87036895751953
43.52675461769104,57.83879852294922
43.555052518844604,57.76097106933594
43.58312797546387,58.18619155883789
43.61137008666992,58.01140213012695
43.638688802719116,58.044761657714844
43.66538381576538,58.081825256347656
43.69335150718689,58.050567626953125
43.723164081573486,57.864051818847656
43.7506685256958,58.19855499267578
43.777135372161865,57.873504638671875
43.805359840393066,58.205810546875
43.83208894729614,58.32352066040039
43.85922718048096,58.35802459716797
43.887091636657715,58.7458610534668
43.915287733078,58.43575668334961
43.94116497039795,58.602081298828125
43.96634316444397,58.565162658691406
43.999714612960815,58.101776123046875
44.027605056762695,58.161617279052734
44.05645418167114,58.1001091003418
44.08310890197754,58.17997360229492
44.110166788101196,58.02406692504883
44.1400625705719,57.465885162353516
44.16754937171936,57.58257293701172
44.19854807853699,58.166770935058594
44.227872371673584,58.575775146484375
44.2617974281311,58.616336822509766
44.290714502334595,58.420162200927734
44.319347620010376,58.22288131713867
44.34724497795105,58.287235260009766
44.37607192993164,57.6981201171875
44.404356956481934,57.95082092285156
44.432342290878296,57.7834358215332
44.45911526679993,57.987117767333984
44.48706364631653,57.830257415771484
44.51587438583374,58.074485778808594
44.54302668571472,57.940914154052734
44.570687770843506,58.030704498291016
44.59888434410095,57.842681884765625
44.62639093399048,57.93468475341797
44.654215574264526,57.98297119140625
44.6805784702301,58.30165100097656
44.70807862281799,58.58689498901367
44.738502979278564,57.89368438720703
44.76530575752258,58.32001495361328
44.795475006103516,57.9803352355957
44.82139730453491,58.10946273803711
44.84615230560303,58.12047576904297
44.873565673828125,58.20856475830078
44.90284299850464,58.3309440612793
44.928112506866455,58.25881576538086
44.953238010406494,58.412296295166016
44.97988843917847,58.39211654663086
45.0059289932251,58.098140716552734
45.03183722496033,57.796993255615234
45.06038451194763,57.54035186767578
45.08713221549988,57.64044952392578
45.11505126953125,57.72842788696289
45.14518451690674,57.68035125732422
45.176878213882446,57.98536682128906
45.20614218711853,58.23500442504883
45.233471155166626,58.09282302856445
45.26054358482361,58.05482864379883
45.289929151535034,57.95322799682617
45.323545694351196,57.71131896972656
45.35831141471863,58.08904266357422
45.392160415649414,57.72760772705078
45.424991607666016,57.791439056396484
45.45620822906494,58.11277770996094
45.4877188205719,58.17241287231445
45.51864719390869,58.381263732910156
45.54934239387512,58.25882339477539
45.5785448551178,57.996055603027344
45.610612869262695,57.95085906982422
45.64068341255188,58.21748352050781
45.67034316062927,58.73735809326172
45.700438022613525,58.495697021484375
45.74074840545654,58.69351577758789
45.77324032783508,58.554805755615234
45.80323362350464,58.34882354736328
45.83632969856262,58.29791259765625
45.86575794219971,58.16303253173828
45.89595341682434,58.23133087158203
45.92824387550354,58.17660903930664
45.95965385437012,58.4046516418457
45.99041509628296,58.514766693115234
46.02173376083374,58.34455108642578
46.05347299575806,57.87128829956055
46.08245873451233,57.84814453125
46.11386322975159,58.059974670410156
46.144633531570435,58.27693557739258
46.17642092704773,58.391571044921875
46.20707869529724,58.306983947753906
46.23760461807251,58.56366729736328
46.267892360687256,58.442832946777344
46.29987573623657,58.22933578491211
46.33183765411377,58.0167350769043
46.36364555358887,58.162109375
46.3948495388031,58.35352325439453
46.42774319648743,58.287811279296875
46.454256534576416,58.31474685668945
46.48562049865723,58.21660232543945
46.51622915267944,58.137298583984375
46.54506158828735,58.32245635986328
46.57770085334778,58.33559036254883
46.60952138900757,58.27937316894531
46.64243173599243,58.2769660949707
46.67429971694946,58.42103576660156
46.705130100250244,58.63203048706055
46.736204624176025,58.398406982421875
46.765116930007935,58.59740447998047
46.79708957672119,58.51576232910156
46.82808256149292,58.024986267089844
46.86063623428345,58.02154541015625
46.892067193984985,58.23389434814453
46.92340660095215,58.13557052612305
46.95538520812988,58.09006118774414
46.98796463012695,57.96459197998047
47.01799440383911,57.76268768310547
47.049267530441284,58.1292724609375
47.08164405822754,58.39508056640625
47.113553524017334,58.49646759033203
47.145012855529785,58.628700256347656
47.17892241477966,58.54141616821289
47.21498346328735,58.5179443359375
47.25422143936157,58.332942962646484
47.28600764274597,58.23479080200195
47.316977977752686,58.325164794921875
47.35041785240173,57.870914459228516
47.381267786026,58.110355377197266
47.414501667022705,57.66565704345703
47.44844722747803,57.863590240478516
47.48242998123169,58.097660064697266
47.51191544532776,58.28765106201172
47.545371532440186,58.33750915527344
47.576517820358276,58.38998031616211
47.609161138534546,58.38650894165039
47.640292167663574,58.49892807006836
47.672181367874146,58.399375915527344
47.70535182952881,58.598384857177734
47.73732399940491,58.67931365966797
47.76548957824707,58.69089889526367
47.79357552528381,58.36289596557617
47.82677698135376,57.953025817871094
47.858821868896484,57.94728088378906
47.890156507492065,58.20349884033203
47.92038607597351,57.975120544433594
47.9491548538208,58.37696838378906
47.978691816329956,58.08915710449219
48.01177501678467,58.27360153198242
48.045450925827026,58.38690948486328
48.076815366744995,58.408321380615234
48.11082410812378,58.249366760253906
48.14367341995239,57.88711166381836
48.17869162559509,57.88766098022461
48.21259593963623,57.950584411621094
48.24417185783386,57.784576416015625
48.277528047561646,57.858280181884766
48.31142020225525,58.314430236816406
48.34312677383423,58.42947006225586
48.380532026290894,58.23036193847656
48.412487745285034,58.14133071899414
48.44214200973511,58.059715270996094
48.474029779434204,58.07376480102539
48.50949835777283,58.293670654296875
48.543670892715454,58.43661117553711
48.574310302734375,58.550323486328125
48.60592246055603,58.88789749145508
48.63671398162842,58.767574310302734
48.66731286048889,59.01942825317383
48.69811534881592,59.206478118896484
48.738057374954224,58.95063781738281
48.76929306983948,58.503570556640625
48.80048966407776,58.26266098022461
48.83037090301514,57.97504425048828
48.857038259506226,57.77057647705078
48.88961362838745,57.77606201171875
48.921327114105225,57.993896484375
48.95222330093384,58.03602600097656
48.9824538230896,58.269073486328125
49.01371884346008,58.46306228637695
49.045888900756836,57.94565200805664
49.078104734420776,57.947425842285156
49.11060166358948,57.885162353515625
49.14293026924133,57.70064163208008
49.17519783973694,58.331607818603516
49.20725440979004,57.807823181152344
49.24092745780945,57.65266418457031
49.28031516075134,57.84984588623047
49.31418228149414,57.92270278930664
49.34613013267517,57.73831558227539
49.37897539138794,57.96147918701172
49.4119508266449,58.02568435668945
49.44204664230347,57.965484619140625
49.47620344161987,58.23662567138672
49.508310317993164,58.30669021606445
49.54764771461487,58.621376037597656
49.57767057418823,58.508628845214844
49.61182475090027,58.41105651855469
49.64512753486633,58.6682243347168
49.67577147483826,58.76561737060547
49.70525932312012,58.785030364990234
49.73718476295471,58.50282669067383
49.76888656616211,58.80949783325195
49.80308246612549,58.82351303100586
49.831963777542114,59.02760696411133
49.86104464530945,58.907920837402344
49.89447093009949,58.9730224609375
49.92396926879883,58.952091217041016
49.95036792755127,58.71497344970703
49.976025104522705,58.97804260253906
50.00468707084656,58.98963928222656
50.030996561050415,58.88471603393555
50.05595874786377,59.13250732421875
50.080243825912476,58.60032272338867
50.11232924461365,58.35239028930664
50.1431839466095,57.9920654296875
50.17190098762512,58.2684211730957
50.203219413757324,58.33469009399414
50.23163628578186,58.312923431396484
50.261221170425415,58.230709075927734
50.289064168930054,58.260292053222656
50.319305658340454,58.48479461669922
50.35468888282776,58.32986068725586
50.38547086715698,58.55513381958008
50.41691827774048,58.34371566772461
50.447166204452515,58.295040130615234
50.47826266288757,58.38459396362305
50.505213022232056,58.89626693725586
50.541828632354736,59.02528381347656
50.58005475997925,59.16477966308594
50.61726784706116,59.51277542114258
50.648154497146606,59.264610290527344
50.677810192108154,59.0369758605957
50.70719528198242,59.027156829833984
50.73734951019287,59.05179214477539
50.76731276512146,59.11436080932617
50.800177812576294,58.88690185546875
50.83209943771362,59.026607513427734
50.863131046295166,59.06684875488281
50.894652128219604,59.3004264831543
50.943583965301514,59.437984466552734
50.97287082672119,58.981544494628906
51.00155854225159,59.0288200378418
51.02923226356506,59.0666389465332
51.056474685668945,59.239418029785156
51.08097767829895,59.2180061340332
51.11095714569092,58.7548828125
51.136943340301514,58.76309585571289
51.164371967315674,58.89457321166992
51.191370248794556,58.897212982177734
51.216468334198,59.167545318603516
51.243629932403564,58.956295013427734
51.26944875717163,59.12696838378906
51.296637535095215,59.19242858886719
51.3291494846344,59.445289611816406
51.357237100601196,59.10417556762695
51.38351535797119,59.10969161987305
51.41194176673889,59.35878372192383
51.43736958503723,59.15178680419922
51.464390993118286,59.02348709106445
51.50219678878784,58.58067321777344
51.526925563812256,58.74973678588867
51.551172494888306,58.6741828918457
51.57528305053711,58.59933853149414
51.599915742874146,58.614681243896484
51.62392449378967,58.76312255859375
51.64726972579956,58.575523376464844
51.67096185684204,58.79454040527344
51.69399976730347,58.82109451293945
51.71779990196228,58.846221923828125
51.7424750328064,59.22857666015625
51.76535773277283,59.16791534423828
51.789039850234985,58.89674758911133
51.818912506103516,58.87949752807617
51.84930086135864,58.93510818481445
51.87560153007507,58.9482421875
51.903950214385986,58.90533447265625
51.93144464492798,58.65011215209961
51.95735144615173,58.80133056640625
51.98284935951233,58.90688705444336
52.01025438308716,59.11491775512695
52.03572416305542,59.14731979370117
52.062933921813965,58.94462585449219
52.09356188774109,58.49170684814453
52.12108659744263,58.68339920043945
52.150315046310425,58.63966751098633
52.17685079574585,58.62369155883789
52.20455980300903,58.87596130371094
52.23292684555054,58.8135986328125
52.260072231292725,58.49481964111328
52.28598141670227,58.704872131347656
52.311665058135986,58.914241790771484
52.33814525604248,58.42179489135742
52.3691029548645,58.448036193847656
52.3996946811676,58.724857330322266
52.43619751930237,59.22113037109375
52.46313524246216,59.26329803466797
52.4894003868103,58.34421920776367
52.52090525627136,58.02500915527344
52.550310373306274,58.19865417480469
52.57780623435974,58.353004455566406
52.604801654815674,58.47587966918945
52.632790327072144,58.51540756225586
52.662110567092896,58.43345260620117
52.68922138214111,58.42152786254883
52.71840167045593,58.74155807495117
52.747153520584106,59.104854583740234
52.77486848831177,59.018592834472656
52.803237199783325,58.99040222167969
52.83479022979736,58.774620056152344
52.86142325401306,58.63058090209961
52.889108180999756,58.642677307128906
52.91487669944763,58.794010162353516
52.94209814071655,58.51319885253906
52.97040939331055,58.445430755615234
53.00001406669617,58.38494873046875
53.03014397621155,58.3826789855957
53.05913782119751,58.43337631225586
53.08506178855896,58.65511703491211
53.112407207489014,58.83491516113281
53.140180349349976,58.68930435180664
53.167868852615356,58.58791732788086
53.19625234603882,58.199275970458984
53.22403883934021,58.322593688964844
53.25061845779419,58.535335540771484
53.27714228630066,58.55513000488281
53.30473446846008,58.29351806640625
53.331395864486694,58.55513000488281
53.35971140861511,58.38078308105469
53.38669228553772,58.308990478515625
53.41434836387634,58.4993782043457
53.44128489494324,58.637332916259766
53.46951651573181,58.871864318847656
53.49951648712158,58.7540283203125
53.526172399520874,58.97356033325195
53.55491256713867,59.04167938232422
53.58056926727295,58.917049407958984
53.60757398605347,58.609954833984375
53.635088205337524,58.88008499145508
53.663026094436646,58.78498458862305
53.69498300552368,58.91930389404297
53.72794818878174,58.85354232788086
53.75502967834473,58.87287139892578
53.78279709815979,58.6960563659668
53.80957770347595,58.75869369506836
53.835402488708496,58.430206298828125
53.8642258644104,58.15291976928711
53.89329814910889,58.246009826660156
53.92222213745117,58.12458419799805
53.949604988098145,58.0888671875
53.97771096229553,58.11235809326172
54.00837779045105,58.42244338989258
54.0375816822052,58.461116790771484
54.06391739845276,58.35598373413086
54.09220027923584,58.09696578979492
54.12130641937256,57.91931915283203
54.150845766067505,57.85791015625
54.17974662780762,57.93518829345703
54.20857501029968,57.84796905517578
54.2361741065979,57.94790267944336
54.26414728164673,57.89473342895508
54.293601274490356,58.283084869384766
54.32245707511902,58.02716827392578
54.34786677360535,58.183319091796875
54.374704360961914,58.41968536376953
54.40199112892151,58.37247085571289
54.431811809539795,58.582191467285156
54.459320068359375,58.606937408447266
54.48587346076965,58.68355941772461
54.51317262649536,58.74256134033203
54.53989505767822,58.6607666015625
54.56659507751465,58.807701110839844
54.5940580368042,58.786712646484375
54.62410616874695,58.52096939086914
54.65362548828125,58.24091720581055
54.68203043937683,58.519737243652344
54.71032524108887,58.48868179321289
54.74198007583618,58.59746551513672
54.770410776138306,58.646854400634766
54.79929995536804,58.238704681396484
54.82804989814758,58.428592681884766
54.85542917251587,58.326148986816406
54.88501167297363,58.092140197753906
54.91463541984558,58.070465087890625
54.94247388839722,57.91392135620117
54.97207808494568,58.02399444580078
55.00157570838928,58.14418029785156
55.02974081039429,58.706329345703125
55.05917811393738,58.34629440307617
55.08741998672485,58.1685905456543
55.11657452583313,58.07860565185547
55.14369297027588,58.01675033569336
55.174548864364624,57.94295120239258
55.20378351211548,58.004573822021484
55.23364567756653,57.94733810424805
55.262293338775635,58.11220932006836
55.289785861968994,58.615196228027344
55.31899333000183,58.74635696411133
55.34729552268982,58.76471710205078
55.37683606147766,58.62733459472656
55.4053852558136,58.66304016113281
55.43359851837158,58.51726150512695
55.46189260482788,58.26996612548828
55.491525650024414,58.48536682128906
55.52251887321472,58.47521209716797
55.55408811569214,58.839351654052734
55.584715366363525,58.74580001831055
55.61341094970703,58.775299072265625
55.6460440158844,58.904090881347656
55.67489194869995,59.3272590637207
55.70604395866394,59.2896614074707
55.73757243156433,58.98176574707031
55.77006649971008,58.458988189697266
55.804017543792725,58.62306594848633
55.83318495750427,58.54161071777344
55.86884593963623,58.88644790649414
55.89815282821655,59.10126495361328
55.927576303482056,58.76873779296875
55.95984745025635,58.56694412231445
55.99116086959839,58.80418014526367
56.01672863960266,58.620365142822266
56.04563856124878,58.565242767333984
56.0741331577301,58.69416809082031
56.10373306274414,58.44319152832031
56.132712841033936,58.318546295166016
56.162546157836914,58.50578308105469
56.18932890892029,58.79618835449219
56.21673560142517,58.98615264892578
56.244946241378784,58.87834930419922
56.27375936508179,58.686187744140625
56.30240797996521,58.993499755859375
56.3262722492218,57.874176025390625
56.3501992225647,57.776519775390625
56.37598991394043,58.37434387207031
56.40295600891113,58.3840446472168
56.43002510070801,58.532318115234375
56.45869159698486,58.18878173828125
56.486727476119995,58.50040054321289
56.51618480682373,58.8408203125
56.546157360076904,59.03799057006836
56.5763623714447,58.61768341064453
56.60529041290283,58.67822265625
56.63499569892883,58.442222595214844
56.66407012939453,58.59423065185547
56.694011211395264,58.30772399902344
56.723634481430054,58.41291809082031
56.75178623199463,58.52687454223633
56.78108882904053,58.53712844848633
56.80975127220154,58.1198844909668
56.83856558799744,57.981605529785156
56.86741018295288,57.815277099609375
56.89624524116516,58.11516189575195
56.92487072944641,58.30904006958008
56.9547061920166,58.603885650634766
56.98355507850647,58.34761428833008
57.01258039474487,58.643165588378906
57.042927265167236,58.4567756652832
57.07251954078674,58.476322174072266
57.10085201263428,58.287349700927734
57.12883257865906,58.26525115966797
57.15646529197693,58.37150192260742
57.18545341491699,58.74456787109375
57.217076539993286,58.64409255981445
57.24814748764038,58.80622482299805
57.27780032157898,58.82916259765625
57.30962419509888,58.8817253112793
57.33726215362549,58.96571731567383
57.36586594581604,59.26689910888672
57.39487290382385,59.27063751220703
57.42457437515259,59.051753997802734
57.45384359359741,59.05153274536133
57.48407435417175,59.325626373291016
57.513107776641846,59.377410888671875
57.542418241500854,59.10776138305664
57.568841218948364,58.962890625
57.59657168388367,58.93576431274414
57.62505650520325,59.246910095214844
57.652217388153076,59.26936721801758
57.682419300079346,59.65635299682617
57.708778381347656,59.773868560791016
57.73518657684326,59.776451110839844
57.76474571228027,59.504241943359375
57.79496669769287,59.63786697387695
57.82212686538696,58.772911071777344
57.84912061691284,58.98875045776367
57.877676010131836,59.11072540283203
57.90559530258179,58.63165283203125
57.93498706817627,58.24818420410156
57.96223473548889,58.81300735473633
57.9868803024292,59.111976623535156
58.01114273071289,59.10165786743164
58.03633737564087,59.60476303100586
58.06023383140564,59.2884635925293
58.08433961868286,59.315162658691406
58.108611822128296,59.230812072753906
58.13302516937256,59.35485076904297
58.156622886657715,59.49266052246094
58.179948806762695,59.42282485961914
58.20451593399048,59.38834762573242
58.22894787788391,59.25531005859375
58.253045320510864,59.005130767822266
58.276631116867065,58.85276412963867
58.302353382110596,58.71007537841797
58.32622694969177,58.50345230102539
58.349838733673096,58.594390869140625
58.374326944351196,58.43425750732422
58.39868903160095,58.29052734375
58.42201566696167,58.195072174072266
58.4465754032135,58.450172424316406
58.47003149986267,58.653724670410156
58.49430871009827,58.535308837890625
58.518492221832275,58.69136047363281
58.542689085006714,58.87283706665039
58.565905809402466,59.208553314208984
58.58948993682861,58.971580505371094
58.617178440093994,59.12233352661133
58.64523649215698,59.05472183227539
58.671958446502686,58.96879577636719
58.697827100753784,59.00556564331055
58.72091484069824,58.8535270690918
58.74455285072327,59.01988220214844
58.76803159713745,59.137821197509766
58.7913498878479,59.301239013671875
58.814475297927856,58.9300651550293
58.8379590511322,59.18611526489258
58.86243796348572,59.19960021972656
58.88623857498169,59.5195198059082
58.910606384277344,59.63282012939453
58.933626890182495,59.79653549194336
58.956539154052734,59.81309509277344
58.97929501533508,59.680381774902344
59.00164794921875,59.689640045166016
59.023743629455566,59.638240814208984
59.04644274711609,59.81428909301758
59.069982051849365,59.6751823425293
59.09451103210449,59.694854736328125
59.119810819625854,59.749305725097656
59.14171862602234,59.59769821166992
59.162803411483765,59.63168716430664
59.18361711502075,59.51612091064453
59.2047119140625,59.74492263793945
59.22541403770447,59.747928619384766
59.24621891975403,59.78925704956055
59.26681423187256,60.01904296875
59.28853106498718,60.303680419921875
59.31152081489563,60.16419982910156
59.33331656455994,60.179832458496094
59.356499671936035,59.658206939697266
59.3778760433197,59.725467681884766
59.40396046638489,59.761234283447266
59.43126392364502,60.12415313720703
59.4595000743866,60.039302825927734
59.4849693775177,60.17979431152344
59.50779986381531,59.84542465209961
59.531458616256714,59.782466888427734
59.55483531951904,58.608036041259766
59.57672381401062,58.91127395629883
59.59779477119446,59.131927490234375
59.61928367614746,59.475433349609375
59.639808177948,59.392250061035156
59.659404039382935,59.149105072021484
59.67882061004639,59.173526763916016
59.69857931137085,59.2785530090332
59.717785120010376,59.5174674987793
59.73702955245972,59.39878463745117
59.75617074966431,59.10541915893555
59.77543544769287,58.84501266479492
59.79483413696289,59.24852752685547
59.814024925231934,59.20673751831055
59.833205223083496,59.385963439941406
59.85241413116455,59.50735092163086
59.87160348892212,59.471710205078125
59.890817403793335,59.43205261230469
59.90997052192688,59.51198959350586
59.929147720336914,59.43955993652344
59.948315382003784,59.414886474609375
59.96756410598755,59.523555755615234
59.98677682876587,59.441917419433594
60.00625491142273,59.62062454223633
60.02536702156067,59.564300537109375
60.044482946395874,59.73774719238281
60.06369733810425,59.69221496582031
60.082876205444336,59.541542053222656
60.102479696273804,59.65718078613281
60.12160110473633,59.64559555053711
60.140784740448,59.619022369384766
60.16000938415527,59.68696975708008
60.17913317680359,59.8858757019043
60.198182106018066,60.14139938354492
60.21730327606201,59.353797912597656
60.23646068572998,58.8974494934082
60.255622148513794,59.092647552490234
60.27483367919922,59.16879653930664
60.29398512840271,59.162845611572266
60.313069581985474,59.04512023925781
60.33216667175293,58.97986602783203
60.35141706466675,58.92924118041992
60.37052655220032,58.74639892578125
60.38965845108032,59.017208099365234
60.40919256210327,58.97690963745117
60.42840051651001,59.0513916015625
60.44766354560852,59.00871658325195
60.4668242931366,59.18690490722656
60.48597717285156,59.41175079345703
60.50558519363403,59.438621520996094
60.524778604507446,59.35902404785156
60.54389810562134,59.262351989746094
60.56305909156799,59.64284133911133
60.58225989341736,58.70140075683594
60.601248025894165,58.6827507019043
60.62032103538513,58.472721099853516
60.63946199417114,58.817039489746094
60.65865921974182,58.85147476196289
60.67793083190918,59.00354766845703
60.69713234901428,58.765560150146484
60.71634840965271,58.68240737915039
60.745662450790405,58.554527282714844
60.76941776275635,58.79059982299805
60.793949365615845,58.791419982910156
60.819681882858276,58.87358856201172
60.845537185668945,58.9494743347168
60.87125325202942,58.81578063964844
60.89544343948364,58.91933059692383
60.921228647232056,58.81638717651367
60.94572854042053,58.82184982299805
60.97115969657898,58.77897644042969
60.995803117752075,58.85894012451172
61.0214319229126,58.956722259521484
61.04609394073486,58.89919662475586
61.070791244506836,59.03268814086914
61.094627141952515,59.126834869384766
61.11974334716797,59.43833541870117
61.14413285255432,59.30390930175781
61.16866397857666,58.889190673828125
61.19257998466492,58.850502014160156
61.21837520599365,59.177093505859375
61.24401259422302,58.55390548706055
61.26903295516968,58.562278747558594
61.29579496383667,58.84770584106445
61.32351875305176,58.6055908203125
61.35053205490112,58.77854919433594
61.3751540184021,58.73063278198242
61.39863634109497,58.694026947021484
61.42284369468689,59.031803131103516
61.45122241973877,58.85820007324219
61.479609966278076,59.09766387939453
61.50615191459656,59.04930114746094
61.53461265563965,58.64970397949219
61.56067085266113,58.894168853759766
61.58717679977417,58.9954833984375
61.61328887939453,59.24812316894531
61.64209604263306,59.42662048339844
61.66902256011963,59.5853157043457
61.69825315475464,59.80883026123047
61.723960638046265,59.83823013305664
61.750675439834595,59.31121063232422
61.77947163581848,59.185054779052734
61.808008670806885,58.82851791381836
61.836978912353516,59.53135299682617
61.86650323867798,59.18212890625
61.89607548713684,59.052406311035156
61.9254367351532,59.003719329833984
61.95442843437195,59.3250617980957
61.983938694000244,59.15377426147461
62.01319193840027,59.34281921386719
62.04015827178955,59.326351165771484
62.06838798522949,59.32688903808594
62.097039222717285,59.11754608154297
62.12467861175537,59.201751708984375
62.1536602973938,59.21908187866211
62.18196105957031,59.27653503417969
62.21167588233948,59.16392517089844
62.2409827709198,59.15901184082031
62.26963138580322,58.816158294677734
62.29906225204468,58.76176452636719
62.32925248146057,58.383277893066406
62.36080050468445,58.72620391845703
62.391324281692505,58.89173126220703
62.419471979141235,58.834007263183594
62.44831848144531,59.02566146850586
62.47716426849365,58.77159118652344
62.50569128990173,59.174049377441406
62.532334089279175,59.694427490234375
62.55908799171448,59.630149841308594
62.58878135681152,59.33567810058594
62.61841559410095,59.74198532104492
62.64718008041382,59.525123596191406
62.67565608024597,59.616004943847656
62.70369553565979,59.82941436767578
62.731438636779785,59.5894775390625
62.76335859298706,59.43623352050781
62.7952516078949,59.21568298339844
62.82505917549133,58.84486389160156
62.85613751411438,58.98244857788086
62.88473606109619,58.67203140258789
62.91501808166504,58.47909164428711
62.944825649261475,58.31479263305664
62.97357988357544,58.593238830566406
63.002246141433716,58.66272735595703
63.02923655509949,58.95663833618164
63.05932021141052,58.84538269042969
63.090287923812866,59.05757522583008
63.118929624557495,58.99395751953125
63.146241664886475,58.700439453125
63.17494988441467,58.609256744384766
63.20514392852783,58.825767517089844
63.23225212097168,58.77935791015625
63.26082420349121,59.16275405883789
63.28770422935486,59.297035217285156
63.31564235687256,59.219120025634766
63.343323707580566,58.8701171875
63.37097382545471,58.527400970458984
63.398621559143066,58.530242919921875
63.423259973526,58.01036834716797
63.44782567024231,58.246009826660156
63.473127126693726,58.11155700683594
63.49784755706787,58.054317474365234
63.52279043197632,58.309326171875
63.547236919403076,58.32419967651367
63.5717089176178,58.03517532348633
63.59847617149353,58.02009963989258
63.62894368171692,58.110164642333984
63.65688967704773,58.264312744140625
63.68400835990906,58.28312683105469
63.712194204330444,58.39311218261719
63.73980522155762,58.670562744140625
63.76744818687439,58.881282806396484
63.79639935493469,58.61599349975586
63.82657766342163,58.49415588378906
63.8565411567688,58.16950607299805
63.88594436645508,58.07870101928711
63.9145941734314,58.15229797363281
63.94309592247009,58.05575180053711
63.971014976501465,58.381343841552734
63.99987721443176,58.096256256103516
64.02841138839722,58.2010612487793
64.05722427368164,58.21879959106445
64.08302712440491,58.26430892944336
64.10888600349426,58.31877899169922
64.13775730133057,58.5152473449707
64.16667222976685,58.35777282714844
64.19371557235718,58.397735595703125
64.22165822982788,58.31892776489258
64.24838900566101,58.03205871582031
64.27512288093567,57.894248962402344
64.30414199829102,58.09560012817383
64.3331367969513,57.76120376586914
64.3603241443634,57.911231994628906
64.38848972320557,58.2384147644043
64.41625094413757,58.16170120239258
64.4440655708313,58.252586364746094
64.47296333312988,58.068580627441406
64.50167441368103,58.22410202026367
64.53256154060364,58.38837814331055
64.56163001060486,58.35596466064453
64.59120321273804,57.89881896972656
64.62040400505066,58.14320373535156
64.64995002746582,58.081398010253906
64.67815518379211,58.111507415771484
64.70578098297119,58.0701789855957
64.73501944541931,58.25524139404297
64.76406168937683,58.39202117919922
64.79414486885071,58.27208709716797
64.82359409332275,58.12752151489258
64.85298752784729,57.85434341430664
64.88012719154358,58.08534622192383
64.90936756134033,58.12261962890625
64.93787503242493,57.69367218017578
64.96640300750732,57.70293426513672
64.99554538726807,57.809295654296875
65.02382278442383,58.00200653076172
65.05423140525818,57.983360290527344
65.08382964134216,58.09364700317383
65.1139452457428,58.250755310058594
65.14436721801758,58.37453842163086
65.17379641532898,58.36510467529297
65.20253705978394,58.12385940551758
65.23251795768738,58.18559265136719
65.26260733604431,58.09909439086914
65.2930006980896,58.25956344604492
65.32347631454468,58.52263259887695
65.3577971458435,58.10368728637695
65.38766574859619,57.94318771362305
65.41820478439331,58.27699279785156
65.44821333885193,58.16922378540039
65.47954750061035,58.10725784301758
65.51232290267944,58.63210678100586
65.544842004776,58.482666015625
65.57640099525452,58.48344039916992
65.60934042930603,58.91470718383789
65.63778638839722,58.453060150146484
65.6721613407135,58.62813949584961
65.7044198513031,58.377540588378906
65.73552370071411,58.71051788330078
65.7667646408081,58.757598876953125
65.79850912094116,58.6732063293457
65.83027267456055,58.77217483520508
65.86454844474792,58.70746612548828
65.89489674568176,58.39891815185547
65.92602682113647,58.874488830566406
65.957448720932,58.52006149291992
65.98520159721375,58.59275436401367
66.01611709594727,58.82063293457031
66.04956102371216,58.736228942871094
66.08063960075378,58.24097442626953
66.11289072036743,58.1368522644043
66.14373016357422,58.271358489990234
66.17753791809082,58.248207092285156
66.20669674873352,58.442291259765625
66.23475480079651,58.80819320678711
66.2673020362854,58.489501953125
66.29853081703186,58.61165237426758
66.33000445365906,58.254390716552734
66.36156988143921,58.46204376220703
66.39061713218689,58.331722259521484
66.41724610328674,58.66425704956055
66.44531726837158,58.56913757324219
66.47500991821289,58.40810012817383
66.50422692298889,58.43248748779297
66.53724002838135,58.586891174316406
66.57271790504456,58.25218200683594
66.6039023399353,58.2833137512207
66.63463234901428,58.79258346557617
66.66576433181763,58.60715103149414
66.69620776176453,58.69952392578125
66.7257628440857,58.64801788330078
66.75959634780884,58.9442253112793
66.79214906692505,58.89883804321289
66.82465958595276,58.937110900878906
66.85748100280762,58.577335357666016
66.88899970054626,58.48655700683594
66.91838884353638,58.76812744140625
66.94765400886536,58.99324417114258
66.98304462432861,58.764163970947266
67.01709651947021,58.967533111572266
67.04762077331543,58.9354133605957
67.07930517196655,58.919559478759766
67.11156988143921,58.76166534423828
67.14371013641357,58.98357391357422
67.17741322517395,59.120887756347656
67.20939064025879,58.93631362915039
67.23870015144348,59.14774703979492
67.27141237258911,59.012203216552734
67.30074119567871,59.00040817260742
67.33214545249939,59.287437438964844
67.36255502700806,59.54117202758789
67.39418506622314,59.2795295715332
67.42319440841675,59.454811096191406
67.45546531677246,59.04062271118164
67.48688912391663,59.207393646240234
67.51741814613342,59.321128845214844
67.55588746070862,59.23719787597656
67.58351039886475,58.755123138427734
67.61228895187378,58.601810455322266
67.6406102180481,58.97521209716797
67.67245769500732,59.33481979370117
67.69828867912292,59.22468566894531
67.72263479232788,59.03438949584961
67.74907302856445,59.05768966674805
67.77439069747925,59.12529373168945
67.79830884933472,59.249366760253906
67.82497692108154,59.38717269897461
67.85398817062378,59.17698669433594
67.88138723373413,59.36908721923828
67.90828251838684,59.21463394165039
67.93442249298096,59.22721862792969
67.96110558509827,59.25230026245117
67.98968458175659,59.302947998046875
68.0172688961029,59.08601379394531
68.04492807388306,59.5069694519043
68.07277822494507,59.35341262817383
68.10227036476135,59.15359115600586
68.13178968429565,59.29243087768555
68.16024994850159,59.01991271972656
68.18747639656067,59.03813552856445
68.21331453323364,59.117347717285156
68.24158191680908,59.12769317626953
68.26881527900696,59.23353958129883
68.29574966430664,59.50263214111328
68.32155060768127,59.72245788574219
68.3479073047638,59.44709014892578
68.37318205833435,59.36939239501953
68.39884972572327,59.62982177734375
68.42509865760803,59.69479751586914
68.45322179794312,59.91025924682617
68.47977566719055,59.89011001586914
68.50586462020874,59.89783477783203
68.53250789642334,59.8350715637207
68.55881834030151,59.26687240600586
68.58764576911926,58.980289459228516
68.61668992042542,59.06441879272461
68.64510369300842,59.179542541503906
68.6716821193695,58.774166107177734
68.69597482681274,58.968841552734375
68.72156643867493,58.76762390136719
68.74843788146973,58.66257858276367
68.77299380302429,58.80613708496094
68.79671287536621,58.720458984375
68.82161021232605,58.97087860107422
68.85024690628052,58.93865203857422
68.87703371047974,59.18421173095703
68.90322303771973,58.92622375488281
68.93129372596741,59.04277038574219
68.95985770225525,59.25029754638672
68.98877310752869,59.026268005371094
69.01749324798584,58.902503967285156
69.04623246192932,59.027793884277344
69.07382297515869,59.051673889160156
69.09907126426697,59.397216796875
69.12704348564148,59.37089920043945
69.15483522415161,59.43063735961914
69.18345880508423,59.23442077636719
69.2156491279602,59.0452995300293
69.2473521232605,58.96974182128906
69.27604222297668,59.045352935791016
69.30309200286865,59.2175407409668
69.33591437339783,59.37409210205078
69.36383366584778,59.2431526184082
69.3899278640747,59.352691650390625
69.41708016395569,59.51900100708008
69.44403338432312,59.51988983154297
69.47214913368225,59.52029800415039
69.49799871444702,59.69357681274414
69.52592206001282,59.790374755859375
69.55321979522705,59.78856658935547
69.5795567035675,59.63638687133789
69.60496044158936,59.73738098144531
69.63175415992737,59.85559844970703
69.66009521484375,59.57330322265625
69.6876847743988,59.55733108520508
69.71374845504761,59.78336715698242
69.74116110801697,59.507911682128906
69.76725649833679,59.673316955566406
69.79302549362183,59.73286819458008
69.82103443145752,59.753578186035156
69.8495523929596,59.87367248535156
69.87713766098022,59.66448974609375
69.9033613204956,60.01298141479492
69.92953705787659,60.022037506103516
69.95530319213867,59.85520935058594
69.98141264915466,59.833587646484375
70.01372456550598,59.54050064086914
70.04851961135864,60.10835266113281
70.08300876617432,60.234310150146484
70.1138243675232,59.61689376831055
70.13741707801819,59.944339752197266
70.16239595413208,59.52865219116211
70.18918299674988,59.61198425292969
70.21481943130493,60.01820755004883
70.23941469192505,60.05967712402344
70.26535081863403,59.92811965942383
70.29196524620056,60.098243713378906
70.31814217567444,60.11969757080078
70.34858179092407,60.19709777832031
70.37580037117004,60.23747253417969
70.4017231464386,60.12095260620117
70.42736005783081,59.978294372558594
70.45429110527039,60.344032287597656
70.48035526275635,60.240928649902344
70.50643277168274,60.13835144042969
70.53265500068665,59.97287368774414
70.56000423431396,60.02119445800781
70.58714270591736,60.113189697265625
70.6132915019989,60.16468811035156
70.63939428329468,59.88079071044922
70.66575360298157,59.91747283935547
70.70102310180664,59.97516632080078
70.73315048217773,59.63685989379883
70.75967025756836,60.0208854675293
70.78641319274902,60.24140167236328
70.81431102752686,60.367713928222656
70.84180355072021,60.4234619140625
70.86949586868286,60.552207946777344
70.90098547935486,60.63884735107422
70.92930769920349,60.497005462646484
70.96585464477539,60.297245025634766
70.99533653259277,60.37923812866211
71.02090072631836,60.506351470947266
71.04881882667542,60.514610290527344
71.08262395858765,60.316368103027344
71.1200761795044,59.936187744140625
71.14620733261108,60.2036247253418
71.17490482330322,60.1736946105957
71.20148468017578,60.14872360229492
71.22780060768127,60.17976379394531
71.25916266441345,60.41655731201172
71.29430937767029,60.39361572265625
71.32830214500427,60.54170227050781
71.36512470245361,60.0472297668457
71.39589786529541,60.10265350341797
71.42293691635132,60.03742980957031
71.45060110092163,59.86271286010742
71.47920656204224,59.79314422607422
71.50680923461914,59.710052490234375
71.53351664543152,59.909698486328125
71.56661057472229,60.11211013793945
71.60247135162354,60.2840690612793
71.63760161399841,60.26251220703125
71.66833829879761,60.5013313293457
71.69820046424866,60.68581771850586
71.73136186599731,60.64887619018555
71.7660346031189,60.35057830810547
71.80211925506592,60.18476867675781
71.83732342720032,60.54947280883789
71.86878418922424,60.66056442260742
71.89534282684326,60.63330078125
71.92174124717712,60.66437911987305
71.94990062713623,60.76725387573242
71.97888088226318,60.16933059692383
72.00527286529541,60.48106002807617
72.03109741210938,60.79718017578125
72.06103849411011,60.395729064941406
72.08653283119202,60.54733657836914
72.11296367645264,60.54300308227539
72.13975811004639,60.30729293823242
72.16668248176575,60.22164535522461
72.19683647155762,60.196189880371094
72.22993063926697,60.11421585083008
72.25960755348206,60.155982971191406
72.28837466239929,60.355796813964844
72.31668710708618,60.16672897338867
72.34320187568665,60.287784576416016
72.37207818031311,60.26360321044922
72.39989733695984,60.24098587036133
72.42601013183594,60.20109939575195
72.4548556804657,60.363441467285156
72.48639130592346,60.64281463623047
72.51340889930725,60.540985107421875
72.53936910629272,60.60397720336914
72.56704449653625,60.463470458984375
72.59968042373657,60.42953872680664
72.63067817687988,60.425384521484375
72.66301441192627,60.299442291259766
72.69730138778687,60.414310455322266
72.73101425170898,60.41265106201172
72.75814890861511,60.85348129272461
72.78609848022461,60.58507537841797
72.81260704994202,60.84874725341797
72.84053707122803,60.760860443115234
72.86870408058167,60.61044692993164
72.89577221870422,60.974613189697266
72.92344093322754,61.197181701660156
72.96396827697754,61.62161636352539
72.99108028411865,61.21704864501953
73.02280473709106,60.842857360839844
73.049311876297,60.844547271728516
73.07735753059387,61.13901901245117
73.10503482818604,61.09947204589844
73.13112044334412,61.000732421875
73.16121244430542,60.86457061767578
73.18710732460022,60.75502014160156
73.21507334709167,60.72999954223633
73.24770998954773,60.55839538574219
73.27603030204773,60.31698989868164
73.30213141441345,60.11355972290039
73.32870221138,60.39542007446289
73.35440921783447,60.60683059692383
73.38060235977173,60.49693298339844
73.41508221626282,60.87501907348633
73.44382166862488,60.318992614746094
73.47040510177612,60.84053421020508
73.50102853775024,60.894256591796875
73.52949547767639,60.58794403076172
73.55955386161804,60.6468620300293
73.59127283096313,60.65766906738281
73.62513828277588,60.708030700683594
73.65984344482422,60.72757339477539
73.69139432907104,60.8734016418457
73.7319347858429,61.179439544677734
73.76230239868164,60.87422561645508
73.79240870475769,61.07754135131836
73.82608985900879,61.00467300415039
73.86122941970825,60.58900833129883
73.89461994171143,60.838714599609375
73.92827129364014,60.697296142578125
73.95941138267517,60.75880813598633
73.99182295799255,61.09316635131836
74.02196455001831,60.83903503417969
74.05534029006958,60.9930419921875
74.0885820388794,60.29732131958008
74.12309002876282,60.53009796142578
74.15166807174683,60.850303649902344
74.18527030944824,60.837989807128906
74.21462035179138,60.77169418334961
74.24320316314697,60.62205123901367
74.26971483230591,60.37541961669922
74.29809927940369,60.40095901489258
74.32873034477234,60.5116081237793
74.36438393592834,60.06768035888672
74.40187644958496,60.26062774658203
74.43751263618469,60.432579040527344
74.47234916687012,60.0629768371582
74.50591111183167,59.959468841552734
74.53490686416626,60.14149856567383
74.56682252883911,59.751609802246094
74.59817838668823,59.745662689208984
74.62818002700806,59.996097564697266
74.65680050849915,59.80497741699219
74.68675208091736,59.92164611816406
74.7157392501831,59.853294372558594
74.74508047103882,59.869232177734375
74.77443814277649,59.84075164794922
74.80515742301941,59.9638557434082
74.83261847496033,59.95626449584961
74.86041975021362,60.423133850097656
74.88867330551147,60.32508850097656
74.91717076301575,60.47746276855469
74.94424533843994,60.59672546386719
74.97817587852478,60.37774658203125
75.00444507598877,60.47955322265625
75.03178787231445,60.188602447509766
75.0589849948883,60.405216217041016
75.08766174316406,59.84541320800781
75.11525893211365,59.96757888793945
75.14340829849243,60.007232666015625
75.17558741569519,60.02520751953125
75.20437169075012,59.799495697021484
75.23264360427856,59.65980911254883
75.2625207901001,59.78153610229492
75.29406189918518,59.22071838378906
75.32408428192139,59.332977294921875
75.35453939437866,59.53408432006836
75.3835940361023,59.4946174621582
75.41323113441467,59.64398956298828
75.44453644752502,59.586299896240234
75.47915720939636,59.603031158447266
75.50924038887024,59.92298889160156
75.54367780685425,60.049072265625
75.58170127868652,59.88248825073242
75.61481094360352,60.27634048461914
75.64876532554626,59.98239517211914
75.6772289276123,60.1335563659668
75.704505443573,60.41227722167969
75.73210144042969,60.11561584472656
75.75978922843933,60.1043586730957
75.78774690628052,60.22989273071289
75.81782722473145,60.15557098388672
75.85226941108704,60.37138748168945
75.88908243179321,60.3129768371582
75.92215061187744,60.35649871826172
75.95669484138489,60.534549713134766
75.98740649223328,60.36556625366211
76.0168867111206,60.713714599609375
76.0488965511322,61.05264663696289
76.07904815673828,60.67753219604492
76.10986471176147,60.813079833984375
76.14014768600464,60.94776153564453
76.16795587539673,60.82728576660156
76.20038771629333,60.77391052246094
76.22980427742004,60.46941375732422
76.26105761528015,60.62685012817383
76.28856444358826,60.876800537109375
76.3220317363739,60.59060287475586
76.35348224639893,60.6053352355957
76.3853588104248,60.297698974609375
76.41607522964478,60.319915771484375
76.44492053985596,60.68429946899414
76.47515225410461,60.939918518066406
76.50820970535278,60.55665969848633
76.53841733932495,60.71474838256836
76.56714916229248,60.59334182739258
76.60344862937927,60.46991729736328
76.63722372055054,60.57358169555664
76.6709337234497,60.581695556640625
76.70247793197632,60.815032958984375
76.7378146648407,60.883262634277344
76.76942300796509,60.88086700439453
76.8018524646759,60.77781295776367
76.830148935318,60.263946533203125
76.85982728004456,60.32328414916992
76.88621973991394,60.57356643676758
76.91309070587158,60.70861053466797
76.94029974937439,60.41084289550781
76.96772623062134,60.577579498291016
76.99354290962219,60.99812698364258
77.02037453651428,61.12557601928711
77.04824781417847,61.174156188964844
77.07581853866577,61.57398223876953
77.10138368606567,61.37908172607422
77.12816882133484,61.6341667175293
77.15700936317444,61.218441009521484
77.18322205543518,61.13424301147461
77.20923328399658,61.2626953125
77.23546290397644,61.57928466796875
77.26463103294373,61.6780891418457
77.29090213775635,61.423954010009766
77.31789326667786,61.02898025512695
77.34385943412781,61.13136291503906
77.37680673599243,60.992279052734375
77.40936183929443,61.122596740722656
77.43612766265869,61.14769744873047
77.46432256698608,61.39250564575195
77.49124813079834,61.49419021606445
77.52580785751343,61.4877815246582
77.55261373519897,61.184200286865234
77.57948613166809,60.96308517456055
77.60535502433777,60.88041687011719
77.63180494308472,61.196533203125
77.65944695472717,61.34796905517578
77.68687748908997,61.107784271240234
77.71363615989685,61.33413314819336
77.739830493927,61.3244743347168
77.76724863052368,61.50617599487305
77.79512667655945,61.49457931518555
77.82771110534668,61.50160598754883
77.86770343780518,61.61802291870117
77.89795184135437,61.660484313964844
77.93195986747742,61.79850769042969
77.9660165309906,61.716495513916016
77.99954915046692,61.69853591918945
78.02988529205322,61.54896545410156
78.06583333015442,60.99462890625
78.09922957420349,61.137718200683594
78.12935543060303,61.24171829223633
78.16005969047546,61.1332893371582
78.19068956375122,61.161869049072266
78.22163152694702,61.52882385253906
78.25129914283752,61.50712966918945
78.28371334075928,61.08740234375
78.3238377571106,61.15896987915039
78.357426404953,60.884700775146484
78.3902382850647,61.20549392700195
78.4248833656311,61.47944259643555
78.45180416107178,61.18936538696289
78.48097062110901,60.935298919677734
78.51358723640442,61.12314224243164
78.5468180179596,61.15073013305664
78.57717967033386,61.177738189697266
78.60882472991943,60.98683547973633
78.6352334022522,61.24243927001953
78.66314601898193,60.84123611450195
78.69342684745789,60.985321044921875
78.72185015678406,60.91596984863281
78.75008869171143,61.0720329284668
78.77725124359131,61.15424346923828
78.80658841133118,61.22270584106445
78.83570981025696,60.89083480834961
78.8667504787445,60.46816635131836
78.89420127868652,60.59994125366211
78.92261028289795,60.62512969970703
78.94981002807617,60.76819610595703
78.98302984237671,61.145416259765625
79.01288509368896,60.64186096191406
79.04262948036194,60.25966262817383
79.07203388214111,60.298377990722656
79.09935665130615,60.23270034790039
79.12933111190796,60.68621063232422
79.15794134140015,60.70448684692383
79.18703007698059,60.7009391784668
79.2166862487793,60.64453887939453
79.24932384490967,60.7440299987793
79.2797224521637,60.765480041503906
79.31317496299744,60.758750915527344
79.34599590301514,60.618812561035156
79.37988066673279,60.6719856262207
79.41424226760864,61.00310134887695
79.45046734809875,61.01390075683594
79.47985792160034,60.94164276123047
79.50746512413025,60.84206008911133
79.53450846672058,61.104068756103516
79.56289196014404,61.02278137207031
79.5906708240509,61.27787399291992
79.61989998817444,61.0284538269043
79.64911580085754,60.85472106933594
79.68105506896973,60.95672607421875
79.71131706237793,61.2491340637207
79.73830986022949,61.19483947753906
79.76417279243469,61.20610809326172
79.79021501541138,60.87027359008789
79.81671357154846,60.946834564208984
79.84156489372253,60.83618927001953
79.86724519729614,60.846839904785156
79.89389777183533,61.21925354003906
79.92091226577759,61.47249984741211
79.94820261001587,61.319950103759766
79.9757764339447,61.25367736816406
80.00263404846191,60.83975601196289
80.02803182601929,60.76185607910156
80.05483651161194,60.42762756347656
80.0831286907196,60.50384521484375
80.1102991104126,60.717037200927734
80.1366856098175,60.94478225708008
80.17129683494568,60.801334381103516
80.20556545257568,60.79277801513672
80.23402762413025,60.61873245239258
80.26110434532166,60.569122314453125
80.28577470779419,60.79628372192383
80.30993676185608,61.064083099365234
80.3319878578186,61.38196563720703
80.35399174690247,61.698368072509766
80.37819957733154,61.43585968017578
80.40259861946106,61.721595764160156
80.42668533325195,61.518348693847656
80.4543104171753,61.679527282714844
80.48620653152466,61.911476135253906
80.51998138427734,62.110633850097656
80.55017900466919,62.10685348510742
80.57855105400085,62.0754508972168
80.6057231426239,61.782859802246094
80.63100528717041,61.456233978271484
80.65531420707703,61.64607238769531
80.6812150478363,61.843875885009766
80.70701503753662,61.817501068115234
80.73355484008789,61.5142822265625
80.76036667823792,61.21820068359375
80.7871265411377,61.274253845214844
80.81178689002991,61.20711135864258
80.83858013153076,61.245216369628906
80.8655297756195,61.131900787353516
80.90014576911926,61.19499206542969
80.93304300308228,61.75873565673828
80.96768712997437,61.901302337646484
80.99531483650208,61.58095932006836
81.02181553840637,61.63943862915039
81.04879927635193,61.630489349365234
81.0753812789917,61.97982406616211
81.10267543792725,61.4706916809082
81.13266658782959,61.565582275390625
81.16071057319641,60.97392272949219
81.18958067893982,61.16353988647461
81.21829628944397,61.2973747253418
81.24551391601562,61.22846221923828
81.27185821533203,61.4525032043457
81.29817295074463,61.1468505859375
81.32781052589417,61.396949768066406
81.35480117797852,61.725608825683594
81.38162302970886,61.47770309448242
81.41312146186829,61.20613479614258
81.44345545768738,61.37068557739258
81.47434282302856,61.77907943725586
81.51001930236816,62.2626838684082
81.54403710365295,62.36802673339844
81.57416868209839,62.46348190307617
81.60588002204895,61.485107421875
81.64141583442688,61.084228515625
81.6732120513916,61.64346694946289
81.70717549324036,61.8412971496582
81.73884749412537,61.80045700073242
81.7665536403656,62.044376373291016
81.79531645774841,62.22749328613281
81.81916165351868,61.85449981689453
81.84450483322144,62.13125228881836
81.86862683296204,61.62419128417969
81.89245915412903,61.51361083984375
81.91647577285767,61.20329666137695
81.94122815132141,60.964176177978516
81.96512389183044,60.94709777832031
81.98867106437683,60.822662353515625
82.01311683654785,60.20439529418945
82.03592419624329,60.4239387512207
82.05963087081909,60.381568908691406
82.08870768547058,60.33590316772461
82.11298251152039,60.273399353027344
82.13679814338684,59.81993103027344
82.16084933280945,60.062191009521484
82.18453931808472,60.42639923095703
82.2080910205841,60.54198455810547
82.23259997367859,60.70710372924805
82.25723671913147,61.028724670410156
82.28100252151489,60.63410186767578
82.30408334732056,60.51364517211914
82.32825231552124,60.832828521728516
82.35238742828369,60.93758010864258
82.37595510482788,60.83757781982422
82.39974570274353,60.946739196777344
82.42314553260803,60.710968017578125
82.4473831653595,61.114871978759766
82.47103810310364,60.97605895996094
82.49452042579651,61.46333312988281
82.5175507068634,61.334720611572266
82.54615211486816,61.365753173828125
82.57121586799622,60.9934196472168
82.5948703289032,60.89297866821289
82.61836171150208,61.16274642944336
82.64145636558533,60.836463928222656
82.66574549674988,60.54085922241211
82.6895112991333,60.90745544433594
82.71382021903992,60.731895446777344
82.7372658252716,60.856319427490234
82.76206946372986,60.652400970458984
82.78629159927368,60.62990951538086
82.80970859527588,60.471763610839844
82.83383274078369,60.22614669799805
82.8586356639862,60.40713119506836
82.88306975364685,60.46086883544922
82.9091727733612,60.68291091918945
82.9370768070221,60.384498596191406
82.96096611022949,60.24373245239258
82.98521304130554,60.56014633178711
83.00937247276306,60.18395233154297
83.03344464302063,60.24894332885742
83.05778622627258,60.475677490234375
83.08038473129272,60.277305603027344
83.10373044013977,60.5152702331543
83.12824034690857,60.70360565185547
83.15232825279236,60.73492431640625
83.17463040351868,60.577781677246094
83.19869828224182,60.90486526489258
83.22313332557678,61.14995574951172
83.24674487113953,60.864166259765625
83.27356028556824,60.94110107421875
83.30166482925415,60.8935661315918
83.32465672492981,60.733985900878906
83.34780931472778,60.93950271606445
83.37144613265991,60.772769927978516
83.39450025558472,60.789093017578125
83.41796779632568,61.203224182128906
83.44211006164551,61.45368957519531
83.46615171432495,61.51856994628906
83.48999190330505,61.4631462097168
83.51299810409546,61.76736068725586
83.53641653060913,61.83610153198242
83.55937719345093,61.790218353271484
83.58253931999207,61.54923629760742
83.60564255714417,61.510337829589844
83.6285572052002,61.67691421508789
83.65229606628418,61.36955642700195
83.67612600326538,61.20521926879883
83.69957327842712,61.403011322021484
83.72272896766663,61.643524169921875
83.74673795700073,61.586605072021484
83.77102756500244,61.686790466308594
83.7942681312561,61.6470947265625
83.81730604171753,61.78080368041992
83.84058880805969,61.988929748535156
83.86338758468628,62.25197982788086
83.88756489753723,62.10837936401367
83.91092944145203,62.026912689208984
83.93434309959412,61.94938659667969
83.9585964679718,61.00537872314453
83.98326754570007,60.8927001953125
84.00619626045227,61.17999267578125
84.02965354919434,61.38587951660156
84.05314612388611,61.669944763183594
84.07858729362488,61.33479690551758
84.10594725608826,61.317813873291016
84.1324872970581,61.33184051513672
84.15637826919556,60.7947883605957
84.18073534965515,60.869903564453125
84.20464444160461,61.25728988647461
84.22857880592346,60.79621887207031
84.25233268737793,60.86738967895508
84.27754044532776,61.232810974121094
84.30178117752075,61.180145263671875
84.32589316368103,61.484859466552734
84.34929347038269,61.779571533203125
84.37357950210571,61.47598648071289
84.39760160446167,60.68324661254883
84.42249178886414,60.52758026123047
84.44604468345642,60.54508972167969
84.47034287452698,60.4343147277832
84.49522924423218,60.45587158203125
84.51947498321533,60.759552001953125
84.54926943778992,60.50238037109375
84.57660222053528,60.52277374267578
84.60029602050781,60.73119354248047
84.6238431930542,60.79136276245117
84.6504909992218,60.2339973449707
84.67822790145874,60.47256088256836
84.70654916763306,60.44610595703125
84.73539638519287,60.44212341308594
84.76419162750244,60.5590934753418
84.79447984695435,60.36448287963867
84.82329058647156,60.21845626831055
84.85177946090698,60.144344329833984
84.88213968276978,59.97754669189453
84.91248679161072,60.04324722290039
84.94515538215637,60.02311706542969
84.97461366653442,60.30292510986328
85.00455117225647,60.3471794128418
85.0336639881134,60.10980987548828
85.06197023391724,60.07483673095703
85.09039616584778,59.900150299072266
85.11828327178955,59.495811462402344
85.14768815040588,59.50606155395508
85.17653799057007,59.559200286865234
85.20498991012573,59.69436264038086
85.23316311836243,59.64590835571289
85.26198124885559,59.8802604675293
85.29068183898926,59.89743423461914
85.3185293674469,59.971168518066406
85.346524477005,60.18422317504883
85.37504482269287,60.2723274230957
85.40451908111572,60.590667724609375
85.43308186531067,60.31456756591797
85.46161603927612,60.26606750488281
85.48893141746521,60.3034553527832
85.51717138290405,60.28170394897461
85.54515790939331,60.21855163574219
85.5739369392395,60.15945053100586
85.60347294807434,60.367069244384766
85.63340997695923,60.18138122558594
85.66601276397705,59.82633972167969
85.69415020942688,59.86259078979492
85.7227258682251,59.696598052978516
85.75178289413452,59.87681198120117
85.78372073173523,60.00175857543945
85.81302404403687,59.54566192626953
85.84168410301208,59.36076736450195
85.86936616897583,59.652496337890625
85.89884495735168,59.87588882446289
85.92768430709839,59.71232223510742
85.95688986778259,59.310420989990234
85.98644280433655,59.372867584228516
86.01661491394043,59.40304183959961
86.05560898780823,59.734130859375
86.09092497825623,59.755767822265625
86.11953020095825,60.10803985595703
86.14825820922852,59.97666549682617
86.17748761177063,60.31520462036133
86.20652627944946,60.190494537353516
86.23598957061768,60.69256591796875
86.26414322853088,60.64109802246094
86.29368686676025,60.50746154785156
86.32689690589905,60.03754806518555
86.35634517669678,60.07730484008789
86.38524031639099,60.05644226074219
86.41526985168457,59.833377838134766
86.44424843788147,59.840641021728516
86.47306036949158,60.243099212646484
86.50084066390991,60.14055633544922
86.53178405761719,60.52381134033203
86.56010508537292,60.6480827331543
86.58774375915527,60.8876953125
86.61883544921875,60.44367218017578
86.64796662330627,60.60295104980469
86.67770409584045,60.51359939575195
86.70626211166382,60.65308380126953
86.73488926887512,60.76953125
86.76337671279907,61.145599365234375
86.7919659614563,61.156681060791016
86.82097721099854,61.42252731323242
86.84716153144836,61.39256286621094
86.87648701667786,61.05082321166992
86.90481877326965,61.52130126953125
86.93355989456177,61.42887878417969
86.96287035942078,61.34908676147461
86.9934573173523,61.857967376708984
87.0263020992279,61.858848571777344
87.05624175071716,61.538204193115234
87.08424496650696,61.87236785888672
87.1123263835907,61.91090393066406
87.14143562316895,61.94338607788086
87.1686782836914,62.07840347290039
87.19917607307434,61.748870849609375
87.22767353057861,62.017852783203125
87.26151156425476,62.01030731201172
87.28894114494324,61.80568313598633
87.31917977333069,61.657100677490234
87.35100936889648,61.798439025878906
87.38445854187012,62.073333740234375
87.41254353523254,61.690425872802734
87.44253206253052,61.61247634887695
87.47118902206421,61.554443359375
87.49912214279175,61.51023483276367
87.5270483493805,61.298099517822266
87.55607414245605,61.48637008666992
87.58404040336609,61.52359390258789
87.61219477653503,61.386634826660156
87.64188241958618,61.666526794433594
87.66900444030762,61.38626480102539
87.69789934158325,61.5257568359375
87.72550678253174,61.38963317871094
87.7537043094635,61.557525634765625
87.78175568580627,61.528778076171875
87.81006979942322,61.810543060302734
87.83832168579102,61.88703918457031
87.86870908737183,61.762596130371094
87.89657783508301,61.9758415222168
87.92754435539246,61.91749572753906
87.956552028656,61.77741622924805
87.98449420928955,61.87351608276367
88.01207327842712,61.84593200683594
88.04048371315002,62.028865814208984
88.06816101074219,62.27153015136719
88.09618496894836,62.17380142211914
88.12541770935059,62.27249526977539
88.1545889377594,62.39182662963867
88.18297743797302,62.113529205322266
88.21123838424683,62.23128890991211
88.2393217086792,62.31020736694336
88.26797556877136,62.53547286987305
88.30575132369995,62.43980407714844
88.33515930175781,62.78376770019531
88.36372900009155,62.299705505371094
88.39207553863525,62.759552001953125
88.41858386993408,62.83713150024414
88.44471645355225,62.813720703125
88.47637271881104,62.55228042602539
88.50491690635681,62.418670654296875
88.5333948135376,62.542686462402344
88.55994629859924,62.6605110168457
88.58785152435303,62.68541717529297
88.61331701278687,62.658138275146484
88.63955068588257,62.763004302978516
88.66284203529358,62.91395568847656
88.68685364723206,63.058013916015625
88.71052765846252,63.03606033325195
88.73533940315247,63.096961975097656
88.76382064819336,62.70782470703125
88.78832793235779,62.43197250366211
88.81331419944763,61.94622039794922
88.83722066879272,61.746612548828125
88.86571216583252,61.761112213134766
88.89378023147583,61.864017486572266
88.92197918891907,62.3607177734375
88.95031118392944,61.97913360595703
88.97900485992432,62.24281311035156
89.00584530830383,62.89216613769531
89.0357735157013,62.85361862182617
89.06865859031677,62.511817932128906
89.10116314888,62.63629150390625
89.13319563865662,62.94462585449219
89.16356658935547,62.72797775268555
89.1957802772522,62.79668045043945
89.2277889251709,62.6185188293457
89.26308178901672,62.46290969848633
89.29456114768982,61.92170333862305
89.32820796966553,62.399627685546875
89.36070537567139,62.04197311401367
89.39060711860657,62.0889892578125
89.42087984085083,62.417198181152344
89.45256018638611,62.68776321411133
89.48795008659363,62.86283874511719
89.51731538772583,63.06425857543945
89.55176830291748,63.01812744140625
89.58250403404236,62.581687927246094
89.61518025398254,62.75480270385742
89.64418053627014,62.83882141113281
89.66992044448853,62.68867492675781
89.6995255947113,62.935455322265625
89.72766613960266,62.881927490234375
89.75767350196838,63.24701690673828
89.78632187843323,63.22053909301758
89.81266570091248,63.54503631591797
89.84417200088501,63.69938659667969
89.88407778739929,63.546146392822266
89.91603755950928,63.70170974731445
89.94780468940735,63.69329833984375
89.97738766670227,63.888206481933594
90.00910687446594,63.185245513916016
90.04101610183716,63.35031509399414
90.06979703903198,63.52902603149414
90.09970140457153,64.09180068969727
90.13908100128174,63.38913345336914
90.17339515686035,63.14014434814453
90.19889807701111,63.29903793334961
90.2229015827179,63.27854919433594
90.248042345047,63.47761917114258
90.27092599868774,63.83076477050781
90.29719614982605,63.57373809814453
90.32539176940918,63.762020111083984
90.35236692428589,63.720088958740234
90.37860441207886,63.8238639831543
90.40570640563965,64.05400085449219
90.4296464920044,63.17051315307617
90.45396327972412,62.95029067993164
90.4792594909668,62.79843521118164
90.50284814834595,62.88985061645508
90.52733039855957,62.879791259765625
90.55240631103516,63.13906478881836
90.57575821876526,63.2595329284668
90.60007834434509,63.059043884277344
90.6241466999054,63.05400466918945
90.64780783653259,63.19518280029297
90.67247819900513,63.29832458496094
90.69735646247864,63.15167999267578
90.72114396095276,63.19038391113281
90.74554514884949,63.29506301879883
90.77042412757874,63.17586898803711
90.79461526870728,62.79127883911133
90.82477855682373,63.2471923828125
90.85509157180786,63.563541412353516
90.88612723350525,63.219661712646484
90.91555738449097,63.17088317871094
90.94154381752014,62.753787994384766
90.97232627868652,63.035770416259766
90.99977684020996,63.24825668334961
91.02780437469482,63.358802795410156
91.05643701553345,63.4358024597168
91.08409333229065,63.61091995239258
91.11935639381409,63.508216857910156
91.1462471485138,63.75568771362305
91.17352771759033,64.01805877685547
91.19878554344177,63.930233001708984
91.22543239593506,63.5952033996582
91.25274801254272,63.56454849243164
91.28237962722778,63.68305206298828
91.30814266204834,63.74752426147461
91.33590745925903,64.03275299072266
91.35969829559326,62.76290512084961
91.38416719436646,62.80079650878906
91.40938091278076,62.75461959838867
91.43340373039246,62.80751037597656
91.45724368095398,62.94363021850586
91.48140931129456,63.42211151123047
91.50503134727478,62.64740753173828
91.52990508079529,62.76872253417969
91.5529236793518,62.73676300048828
91.57651996612549,62.716896057128906
91.60257697105408,62.860294342041016
91.6276478767395,62.925453186035156
91.65193796157837,62.88541793823242
91.67526960372925,63.03963851928711
91.6994206905365,63.15422821044922
91.7261872291565,63.19165802001953
91.74867224693298,63.407875061035156
91.77180409431458,62.87678146362305
91.8007276058197,62.770206451416016
91.82564926147461,62.612483978271484
91.84839940071106,62.606346130371094
91.87382054328918,62.627037048339844
91.89764761924744,62.66395950317383
91.92047166824341,62.684356689453125
91.9446907043457,62.76197052001953
91.9754912853241,63.07400131225586
92.01290130615234,63.2408561706543
92.0495355129242,62.602169036865234
92.07879686355591,62.5851936340332
92.10603046417236,62.54057693481445
92.1339602470398,62.83329772949219
92.16067695617676,62.9642333984375
92.18693161010742,63.262855529785156
92.21458745002747,63.627288818359375
92.24235963821411,63.342979431152344
92.2750551700592,63.532859802246094
92.30783104896545,63.796974182128906
92.34041213989258,63.691131591796875
92.36766862869263,63.91141891479492
92.39272451400757,63.83616638183594
92.42111945152283,64.20081329345703
92.44866180419922,64.25622940063477
92.47499918937683,64.35806655883789
92.50363850593567,64.38880920410156
92.52998065948486,63.867252349853516
92.5573399066925,63.47358322143555
92.58284115791321,63.47774887084961
92.60775685310364,63.50337219238281
92.63355374336243,63.374271392822266
92.6602053642273,63.601314544677734
92.68440961837769,62.8765983581543
92.70888805389404,63.045326232910156
92.73844981193542,63.335811614990234
92.76736307144165,62.54243850708008
92.79652047157288,61.989845275878906
92.82177400588989,62.040740966796875
92.84638333320618,62.19818115234375
92.87099885940552,62.048152923583984
92.89691543579102,61.78084945678711
92.92265939712524,61.112396240234375
92.95331263542175,60.28202819824219
92.97871804237366,60.483211517333984
93.00350832939148,59.589847564697266
93.02949380874634,60.117977142333984
93.05387449264526,60.33543014526367
93.08269453048706,60.439697265625
93.10943722724915,60.782615661621094
93.13497424125671,60.84039306640625
93.15887427330017,60.78335189819336
93.18403697013855,60.59859848022461
93.21194076538086,60.274513244628906
93.24056935310364,59.1899528503418
93.26798605918884,59.10075378417969
93.29466533660889,59.32825469970703
93.32232236862183,59.540958404541016
93.3466444015503,59.694488525390625
93.36874341964722,59.46953201293945
93.39171242713928,59.53097152709961
93.41495490074158,58.99589157104492
93.43972587585449,59.03119659423828
93.4635055065155,58.81403350830078
93.48653960227966,58.42247009277344
93.50939393043518,58.53557205200195
93.53288984298706,58.48850631713867
93.55691528320312,58.30656433105469
93.58104729652405,58.353267669677734
93.60815739631653,58.64448547363281
93.63276863098145,58.680484771728516
93.65806913375854,58.92292022705078
93.682284116745,58.83887481689453
93.70720338821411,59.147708892822266
93.73116278648376,59.24641036987305
93.75500345230103,58.87715530395508
93.78080201148987,58.812503814697266
93.80504107475281,58.723106384277344
93.82825994491577,59.004791259765625
93.85111355781555,59.18221664428711
93.87415194511414,58.51671600341797
93.89839339256287,58.55598449707031
93.92226934432983,58.58042907714844
93.94754838943481,58.522369384765625
93.97195267677307,58.639339447021484
93.99609303474426,58.763179779052734
94.01943635940552,58.72814178466797
94.04244327545166,58.89076232910156
94.0661780834198,59.07114791870117
94.08929586410522,59.088287353515625
94.11268997192383,58.76337814331055
94.1360330581665,59.049625396728516
94.15945363044739,59.04234313964844
94.18662476539612,59.02861404418945
94.21850228309631,58.71938705444336
94.2577919960022,57.97959899902344
94.28551292419434,58.12030029296875
94.30929756164551,58.332340240478516
94.33336400985718,58.76599884033203
94.35651445388794,57.82335662841797
94.3821108341217,57.989261627197266
94.40929055213928,57.974708557128906
94.4441270828247,58.27894592285156
94.47608280181885,58.601593017578125
94.510014295578,58.4514274597168
94.54150032997131,58.60803985595703
94.57461476325989,58.6477165222168
94.6047751903534,58.66977310180664
94.6372697353363,57.83966827392578
94.66720747947693,57.42873001098633
94.699227809906,57.25613021850586
94.72931814193726,57.08733367919922
94.76974058151245,57.064754486083984
94.802401304245,57.217994689941406
94.83558750152588,57.378761291503906
94.87208914756775,57.19099426269531
94.90499806404114,57.34282302856445
94.93694972991943,57.16495895385742
94.96961617469788,57.28021240234375
95.00579047203064,57.56374740600586
95.03918242454529,57.48604965209961
95.0668363571167,57.497344970703125
95.09517407417297,57.52116775512695
95.12344670295715,57.098297119140625
95.15169906616211,56.93221664428711
95.1801872253418,56.69987869262695
95.20703554153442,56.60641860961914
95.23423266410828,56.746952056884766
95.26841592788696,56.70335006713867
95.30223178863525,56.7450065612793
95.33342242240906,56.92593002319336
95.3663740158081,56.8486442565918
95.39302182197571,56.92408752441406
95.42158818244934,56.87846755981445
95.4517171382904,57.032958984375
95.47878980636597,57.009620666503906
95.51342725753784,56.82322692871094
95.5406801700592,57.20235061645508
95.57736611366272,56.753517150878906
95.60798645019531,56.53099822998047
95.63580393791199,56.26069641113281
95.66179394721985,56.089351654052734
95.68931579589844,56.07817840576172
95.71767735481262,56.26128387451172
95.74610948562622,56.17598342895508
95.77678608894348,56.40670394897461
95.80905175209045,56.79991149902344
95.83924150466919,56.5550422668457
95.86850762367249,56.84734344482422
95.89787268638611,56.8925666809082
95.93639969825745,56.88100814819336
95.96995711326599,56.83674240112305
96.00168991088867,56.78776168823242
96.03596329689026,56.56563186645508
96.06894755363464,56.7048225402832
96.09950399398804,56.59318542480469
96.130788564682,56.65902328491211
96.1608521938324,56.799163818359375
96.18854403495789,57.273277282714844
96.21793055534363,57.58588409423828
96.24408435821533,57.41584014892578
96.27129173278809,57.4659538269043
96.29823756217957,57.45960998535156
96.32968831062317,57.98219680786133
96.35989594459534,57.684181213378906
96.38922023773193,57.545589447021484
96.41774773597717,57.78244400024414
96.44429755210876,57.675811767578125
96.4723060131073,57.4750862121582
96.50233221054077,57.57853317260742
96.53480935096741,57.437774658203125
96.56780982017517,57.79819869995117
96.60195636749268,57.49312973022461
96.63158178329468,57.816627502441406
96.66406273841858,57.36112976074219
96.69495987892151,57.514259338378906
96.72685694694519,57.926109313964844
96.75771927833557,57.522369384765625
96.78871774673462,57.301021575927734
96.8191614151001,57.355201721191406
96.8500382900238,57.446807861328125
96.88181781768799,57.46118927001953
96.91402649879456,57.782386779785156
96.9464659690857,57.743873596191406
96.97709918022156,57.830562591552734
97.00903630256653,57.58403396606445
97.04069018363953,57.524566650390625
97.07153987884521,57.46762466430664
97.10288190841675,57.5346794128418
97.13078093528748,57.155601501464844
97.16022896766663,57.6024284362793
97.19212651252747,57.70733642578125
97.22606658935547,57.5409049987793
97.25462055206299,57.62760925292969
97.28204727172852,57.51460647583008
97.31294846534729,57.37892532348633
97.33930444717407,57.33811569213867
97.36703658103943,57.6094970703125
97.39276170730591,57.86487579345703
97.4208242893219,57.21072006225586
97.4477186203003,57.235382080078125
97.47638940811157,57.61630630493164
97.50331211090088,57.790504455566406
97.53149342536926,57.94288635253906
97.5590968132019,57.70684051513672
97.5869390964508,57.53567123413086
97.61318516731262,57.70886993408203
97.64011931419373,57.72689437866211
97.66652202606201,57.77246856689453
97.6964316368103,57.32041931152344
97.72424507141113,57.32879638671875
97.75050497055054,57.550865173339844
97.77785921096802,57.401424407958984
97.80611276626587,57.910701751708984
97.8338692188263,57.86760711669922
97.86136937141418,57.86684799194336
97.89069437980652,58.050724029541016
97.9167172908783,58.140159606933594
97.9452965259552,57.855140686035156
97.97277927398682,57.834571838378906
98.00318956375122,57.780338287353516
98.03187918663025,57.84794998168945
98.0630829334259,57.963016510009766
98.09511065483093,57.968284606933594
98.12651753425598,57.84822082519531
98.15754461288452,58.003047943115234
98.18934893608093,58.31956100463867
98.22155523300171,58.460391998291016
98.25181245803833,58.66157913208008
98.29949975013733,59.02540588378906
98.33129096031189,58.896358489990234
98.3622305393219,58.8242301940918
98.39428758621216,58.8880615234375
98.4253478050232,59.12510299682617
98.46174573898315,59.33686447143555
98.49679136276245,59.231910705566406
98.52763867378235,59.1115608215332
98.56011152267456,58.36140441894531
98.59421730041504,58.394737243652344
98.62911558151245,58.51216506958008
98.66096568107605,58.83604049682617
98.69440484046936,58.731239318847656
98.72818899154663,58.42844009399414
98.75880813598633,58.31139373779297
98.79279923439026,58.18395233154297
98.8240864276886,58.77626037597656
98.85666394233704,58.61558532714844
98.88884353637695,58.685848236083984
98.91690254211426,58.97825622558594
98.9425904750824,58.97884750366211
98.96972584724426,58.91489791870117
98.99733138084412,58.87141799926758
99.02363610267639,58.573036193847656
99.0507538318634,58.76819610595703
99.07725524902344,58.15706253051758
99.10583877563477,57.79397964477539
99.13348293304443,57.89207077026367
99.16009283065796,57.89472198486328
99.1873414516449,57.945438385009766
99.21486282348633,57.91627883911133
99.24331498146057,57.785396575927734
99.27002596855164,57.59540557861328
99.29616475105286,57.322628021240234
99.32389378547668,57.681549072265625
99.3507878780365,57.5334358215332
99.37758493423462,57.566650390625
99.40531492233276,57.6083869934082
99.43149042129517,58.055763244628906
99.46098947525024,57.9019775390625
99.48860025405884,57.98873519897461
99.5161030292511,58.3577995300293
99.54414081573486,58.107242584228516
99.57152581214905,58.42768096923828
99.60010266304016,58.65616226196289
99.6309244632721,58.07841110229492
99.65861320495605,58.45180130004883
99.68528294563293,58.35773468017578
99.71389651298523,58.416500091552734
99.7416877746582,58.73727035522461
99.7711718082428,58.72869110107422
99.79743719100952,58.78727722167969
99.82469606399536,58.97772979736328
99.85305833816528,59.00375747680664
99.88244414329529,58.91889953613281
99.90956377983093,58.876190185546875
99.9388358592987,58.709861755371094
99.96633577346802,59.0191650390625
99.99270820617676,58.96012496948242
100.02010345458984,58.752342224121094
100.05737566947937,58.81380844116211
100.08460021018982,58.70881271362305
100.11418437957764,58.808563232421875
100.14076113700867,58.78927230834961
100.18803286552429,59.13376998901367
100.21503949165344,58.87382125854492
100.24258971214294,58.6600341796875
100.27104783058167,58.99221420288086
100.30008888244629,59.07217788696289
100.3276526927948,59.276275634765625
100.35451817512512,59.0517463684082
100.38134384155273,58.62805938720703
100.40929174423218,59.06008529663086
100.43864274024963,59.052154541015625
100.46557140350342,59.55515670776367
100.49330115318298,59.35344314575195
100.52031898498535,59.335079193115234
100.54864025115967,59.221500396728516
100.5750322341919,59.3866081237793
100.6008415222168,59.3228874206543
100.62835359573364,59.385841369628906
100.66402816772461,59.462257385253906
100.7056176662445,59.64693832397461
100.7387146949768,59.70276641845703
100.77128410339355,59.77829360961914
100.80337142944336,59.65729904174805
100.8347442150116,59.90655517578125
100.86814522743225,60.459800720214844
100.90174984931946,60.5067024230957
100.93274712562561,60.425376892089844
100.96518158912659,60.519256591796875
101.00165224075317,60.06488800048828
101.03173112869263,60.28384780883789
101.06498908996582,60.3659553527832
101.09910273551941,60.41368865966797
101.13210988044739,60.669071197509766
101.16482901573181,60.60785675048828
101.19987487792969,60.4071044921875
101.22912573814392,60.52925109863281
101.2625253200531,60.51177215576172
101.29511952400208,60.61433029174805
101.3242495059967,60.569400787353516
101.35555982589722,60.69585037231445
101.38519978523254,60.939640045166016
101.41939997673035,60.76637649536133
101.44917249679565,61.1956672668457
101.47931957244873,61.071380615234375
101.5103325843811,60.799095153808594
101.54322004318237,60.600460052490234
101.57337856292725,61.128639221191406
101.604651927948,60.9260139465332
101.63614082336426,60.900516510009766
101.66830730438232,60.83332061767578
101.69747519493103,61.04448699951172
101.72821569442749,61.20126724243164
101.7598044872284,61.52603530883789
101.79884147644043,61.62395477294922
101.8313193321228,61.359657287597656
101.86120223999023,61.32735061645508
101.8955283164978,61.25968933105469
101.92586326599121,61.1415901184082
101.96126914024353,61.18864440917969
101.99516296386719,60.75019454956055
102.02820587158203,60.79884719848633
102.05745029449463,61.08163070678711
102.08396983146667,61.399749755859375
102.11271548271179,61.739620208740234
102.14045405387878,61.71236038208008
102.17735934257507,61.970149993896484
102.2108006477356,61.87986755371094
102.2432153224945,61.705142974853516
102.27425003051758,61.74908447265625
102.30758762359619,61.94532012939453
102.34256100654602,62.38054275512695
102.37408924102783,62.66106033325195
102.40681600570679,62.540863037109375
102.436936378479,62.5336799621582
102.46588325500488,62.53975296020508
102.49915838241577,62.337646484375
102.53319096565247,61.90459060668945
102.56591844558716,62.22395706176758
102.59584355354309,62.305015563964844
102.62732195854187,61.991294860839844
102.65902757644653,62.16455078125
102.70877456665039,62.271846771240234
102.7426552772522,62.2701530456543
102.77980661392212,62.177738189697266
102.81367540359497,62.424537658691406
102.84388947486877,62.560760498046875
102.87464952468872,62.58961868286133
102.90836238861084,62.72150802612305
102.94121193885803,62.66253662109375
102.97190690040588,62.94486618041992
103.00953912734985,62.92623519897461
103.0621907711029,63.09793472290039
103.09664344787598,62.47797393798828
103.12820744514465,61.594364166259766
103.15882730484009,61.72944259643555
103.19043684005737,61.787635803222656
103.22186517715454,61.66572189331055
103.25361251831055,61.91392517089844
103.28268456459045,61.319801330566406
103.31428360939026,61.597267150878906
103.34484601020813,61.85832214355469
103.37816762924194,61.751182556152344
103.40987610816956,61.73765182495117
103.44017672538757,61.763362884521484
103.47162461280823,61.774497985839844
103.50223326683044,61.662864685058594
103.53232312202454,61.60791778564453
103.56048369407654,61.5125846862793
103.59102392196655,61.54854965209961
103.62145948410034,61.59137725830078
103.6543595790863,61.915611267089844
103.68759107589722,61.84223937988281
103.7200620174408,61.69186782836914
103.75194430351257,61.86775588989258
103.78371906280518,61.955116271972656
103.81568384170532,62.159141540527344
103.84579229354858,62.32206726074219
103.89458680152893,62.288169860839844
103.92391514778137,62.03469467163086
103.95654392242432,61.95155715942383
103.9897050857544,61.77191925048828
104.02088618278503,61.580955505371094
104.0524959564209,62.03349685668945
104.08384013175964,61.990447998046875
104.1150324344635,61.28251647949219
104.14580702781677,61.55024719238281
104.17484307289124,61.34324264526367
104.20681381225586,61.395111083984375
104.23834753036499,61.838172912597656
104.27154183387756,61.317928314208984
104.30553388595581,61.62357711791992
104.33809566497803,61.247257232666016
104.3673906326294,61.54029846191406
104.39556002616882,60.88878631591797
104.42703795433044,61.09202575683594
104.45829558372498,61.095680236816406
104.48871517181396,60.88501739501953
104.51725649833679,60.74184036254883
104.55051755905151,60.993263244628906
104.58213925361633,60.55445098876953
104.61095762252808,60.76078796386719
104.64275455474854,60.582515716552734
104.67349529266357,60.75985336303711
104.7059063911438,60.796287536621094
104.73812103271484,60.93333053588867
104.7716155052185,61.15354537963867
104.80340194702148,60.975040435791016
104.8341691493988,61.02424621582031
104.86588072776794,60.56814193725586
104.89703941345215,60.5538215637207
104.92899060249329,60.66253662109375
104.96209383010864,61.1728630065918
104.99197626113892,61.07838821411133
105.02183628082275,60.96907043457031
105.05199384689331,60.804473876953125
105.08097529411316,60.90437698364258
105.11232042312622,61.26023483276367
105.14530348777771,61.20722961425781
105.1750476360321,61.27911376953125
105.20754599571228,61.030757904052734
105.23851704597473,61.60762023925781
105.26992440223694,61.93087387084961
105.30025601387024,61.72661209106445
105.33004426956177,61.59858703613281
105.36133456230164,61.35608673095703
105.39267635345459,61.54277038574219
105.4200451374054,61.45159912109375
105.45071053504944,61.708309173583984
105.48024773597717,61.2230224609375
105.51224637031555,61.3428840637207
105.54299283027649,61.776939392089844
105.57328963279724,61.94087219238281
105.60602903366089,61.62504577636719
105.63702535629272,61.7657585144043
105.67109060287476,61.988136291503906
105.70157551765442,61.9847297668457
105.73291993141174,61.812313079833984
105.76508045196533,61.267818450927734
105.79763197898865,61.598388671875
105.82808780670166,62.00509262084961
105.85978674888611,61.957603454589844
105.89518928527832,62.5843505859375
105.92703437805176,62.44468688964844
105.95873403549194,62.324485778808594
105.98953223228455,62.36756134033203
106.01691746711731,61.33824920654297
106.04853200912476,60.94870376586914
106.07985281944275,61.26804733276367
106.10951519012451,61.60607147216797
106.14139294624329,61.65117263793945
106.17175626754761,61.310848236083984
106.2031660079956,61.26491928100586
106.23679065704346,61.61833572387695
106.26969265937805,61.544517517089844
106.30161190032959,61.394718170166016
106.33220767974854,61.386234283447266
106.36155223846436,61.161277770996094
106.39286923408508,61.34761047363281
106.42126846313477,61.51276397705078
106.45308423042297,61.30816650390625
106.48434472084045,61.263282775878906
106.51864051818848,61.60857391357422
106.5503351688385,61.94022750854492
106.58044195175171,61.89607238769531
106.61304450035095,62.207767486572266
106.64399695396423,61.99488067626953
106.67274236679077,62.389347076416016
106.70301079750061,61.92538833618164
106.73262166976929,62.04798889160156
106.76275420188904,61.74610137939453
106.79290270805359,61.71751022338867
106.82342791557312,61.780487060546875
106.85552859306335,62.0421142578125
106.88512182235718,61.920372009277344
106.91515684127808,62.04609298706055
106.94422435760498,62.297691345214844
106.98066854476929,62.69997787475586
107.01136112213135,62.52717971801758
107.04066252708435,62.504878997802734
107.07410955429077,62.41606140136719
107.10610723495483,62.3814697265625
107.136559009552,62.180381774902344
107.16602206230164,62.08762741088867
107.19781732559204,61.54804992675781
107.23044228553772,61.67041778564453
107.26151037216187,61.709041595458984
107.29417490959167,61.84387969970703
107.32606720924377,62.10306930541992
107.35539174079895,61.73647689819336
107.3857057094574,61.5921630859375
107.41727185249329,61.869140625
107.44803810119629,61.90628433227539
107.47676587104797,61.7623291015625
107.50954246520996,61.5790901184082
107.54107904434204,61.594547271728516
107.57010197639465,61.74567413330078
107.60168099403381,61.96651840209961
107.63245725631714,61.67341613769531
107.66355156898499,61.684513092041016
107.69530606269836,61.302494049072266
107.72613501548767,61.20575714111328
107.75521516799927,61.2858772277832
107.79258561134338,61.77498245239258
107.82148742675781,61.93190383911133
107.8495888710022,61.870513916015625
107.8789541721344,61.41585922241211
107.9094889163971,61.13832473754883
107.9400315284729,61.48998260498047
107.97096848487854,61.748497009277344
108.00178480148315,61.645572662353516
108.03620171546936,61.72015380859375
108.0698893070221,62.07703399658203
108.10017728805542,62.011070251464844
108.13222146034241,61.95427703857422
108.16366076469421,61.62726593017578
108.19366788864136,61.674224853515625
108.22557425498962,62.13981628417969
108.2607913017273,61.71854782104492
108.28888177871704,61.723472595214844
108.32271528244019,61.81522750854492
108.35369372367859,61.45670700073242
108.38720178604126,61.63268280029297
108.41883850097656,61.692588806152344
108.45001983642578,61.49618911743164
108.48035430908203,61.70216369628906
108.51397967338562,61.839759826660156
108.54383301734924,62.38972473144531
108.57603001594543,62.156272888183594
108.6091456413269,61.79825210571289
108.64020848274231,61.93486785888672
108.671391248703,61.72220993041992
108.71055459976196,62.03105926513672
108.74392199516296,62.185916900634766
108.77779603004456,62.01124572753906
108.80584192276001,62.16617965698242
108.83589839935303,62.027061462402344
108.86534070968628,62.087745666503906
108.89783263206482,62.10980224609375
108.9264018535614,61.97978591918945
108.95681500434875,62.13554763793945
108.98868823051453,62.15245056152344
109.02745723724365,62.409000396728516
109.0650737285614,62.53173828125
109.0964150428772,62.760650634765625
109.13001847267151,63.017738342285156
109.16397476196289,63.162208557128906
109.19454550743103,62.91984176635742
109.22596263885498,63.0063591003418
109.25708031654358,62.952999114990234
109.28828954696655,62.7675666809082
109.31791853904724,62.87704086303711
109.34818172454834,62.70005416870117
109.3795919418335,62.71147155761719
109.41061615943909,62.890140533447266
109.44337010383606,63.05984878540039
109.47455286979675,62.74407958984375
109.50469589233398,63.096439361572266
109.53876328468323,63.031524658203125
109.57184863090515,63.099952697753906
109.60673880577087,62.911476135253906
109.64069151878357,63.26272964477539
109.67206454277039,63.43739318847656
109.70348596572876,63.68092346191406
109.73921585083008,64.03529357910156
109.77565455436707,64.24434280395508
109.8117127418518,63.654212951660156
109.84197187423706,63.818321228027344
109.87701797485352,63.89768600463867
109.91644978523254,63.897647857666016
109.94925928115845,63.991127014160156
109.98307609558105,64.00866317749023
110.01664757728577,64.12797927856445
110.04877352714539,63.452476501464844
110.07950830459595,63.15603256225586
110.11290740966797,62.82346725463867
110.1461501121521,62.74085998535156
110.17740440368652,62.9808235168457
110.20979762077332,63.197296142578125
110.24397850036621,62.9727897644043
110.27454018592834,63.05177688598633
110.30626106262207,63.41947555541992
110.33928632736206,63.40757369995117
110.36989879608154,63.297725677490234
110.40134859085083,63.29548645019531
110.43279552459717,63.04058074951172
110.46304774284363,63.1640625
110.49249315261841,63.2650032043457
110.52137207984924,63.12208938598633
110.54808282852173,62.93033981323242
110.57886862754822,63.07892990112305
110.60671353340149,63.05296325683594
110.63614439964294,63.25735855102539
110.66703152656555,63.350486755371094
110.69540905952454,63.48585510253906
110.72292399406433,62.9910888671875
110.74932837486267,62.8057861328125
110.78301286697388,63.16619873046875
110.81275916099548,63.269798278808594
110.84556198120117,63.52352523803711
110.87692856788635,62.96062469482422
110.90846180915833,62.6791877746582
110.94160580635071,62.834800720214844
110.97415661811829,63.07487869262695
111.00186896324158,62.3499870300293
111.03408074378967,62.07500457763672
111.06681895256042,62.366539001464844
111.09771251678467,62.6603889465332
111.13986420631409,62.61604309082031
111.17543721199036,62.93600845336914
111.20781087875366,62.92998504638672
111.24039554595947,62.913726806640625
111.27305436134338,62.957462310791016
111.30196213722229,63.18375015258789
111.33319807052612,63.150421142578125
111.36342859268188,63.027076721191406
111.39321804046631,63.24452590942383
111.42165946960449,63.24069595336914
111.44676661491394,63.331417083740234
111.4747724533081,63.28887939453125
111.501145362854,63.13139724731445
111.5276939868927,63.024234771728516
111.55592036247253,62.579933166503906
111.59045171737671,62.69710159301758
111.6180968284607,63.01167297363281
111.64606547355652,62.90138244628906
111.67457461357117,62.8499641418457
111.7006208896637,62.737300872802734
111.72727179527283,62.82442855834961
111.75293684005737,62.96856689453125
111.78243923187256,63.33811569213867
111.80850172042847,63.338958740234375
111.8356282711029,63.174530029296875
111.86198687553406,63.13663101196289
111.89163756370544,63.18016052246094
111.91841268539429,63.09263610839844
111.94398927688599,63.13347244262695
111.97102642059326,63.019691467285156
111.9983594417572,62.955196380615234
112.02878284454346,62.84494400024414
112.05412316322327,62.933815002441406
112.08249115943909,63.33650588989258
112.1087212562561,63.27492904663086
112.13706755638123,63.064247131347656
112.16842031478882,62.63370895385742
112.1963062286377,62.01634979248047
112.22491383552551,62.498165130615234
112.25376105308533,62.32669448852539
112.28224492073059,62.49949645996094
112.308598279953,62.63330841064453
112.33512330055237,62.84413146972656
112.3622145652771,62.68952941894531
112.38945865631104,62.86124038696289
112.419442653656,62.92887878417969
112.44638442993164,62.62515640258789
112.4741222858429,63.00860595703125
112.50478291511536,62.91074752807617
112.54543280601501,63.40883255004883
112.57095003128052,63.2746467590332
112.60592722892761,63.27656936645508
112.64253687858582,63.27462387084961
112.6745388507843,63.21925354003906
112.70856714248657,63.205787658691406
112.74297761917114,62.77808380126953
112.77720355987549,62.75334548950195
112.81061887741089,62.913307189941406
112.84444880485535,62.996456146240234
112.87563419342041,62.964107513427734
112.90760397911072,62.85454177856445
112.93934226036072,62.884918212890625
112.97094488143921,62.913841247558594
113.00122690200806,63.11399459838867
113.03130722045898,63.068416595458984
113.0644965171814,63.27655792236328
113.09562349319458,62.679561614990234
113.12767219543457,62.42646408081055
113.16122579574585,62.40364074707031
113.1925139427185,62.39150619506836
113.22295308113098,62.529823303222656
113.25410413742065,62.47081756591797
113.28700852394104,62.494632720947266
113.32020783424377,62.73013687133789
113.35306596755981,62.47858810424805
113.3853600025177,62.479957580566406
113.41537618637085,62.67011260986328
113.44790887832642,62.92767333984375
113.48268914222717,62.90939712524414
113.51412892341614,62.696712493896484
113.54730296134949,63.018795013427734
113.5778636932373,63.491817474365234
113.6089243888855,63.46828079223633
113.64205765724182,63.603599548339844
113.6749541759491,62.62702178955078
113.70416307449341,62.67902374267578
113.73402452468872,62.52886962890625
113.76476097106934,62.568199157714844
113.79443740844727,62.4293212890625
113.82559609413147,62.57682418823242
113.85849976539612,62.38039779663086
113.8909649848938,62.202476501464844
113.92271900177002,62.67577362060547
113.95352435112,62.74916458129883
113.9835319519043,62.385955810546875
114.01558327674866,62.36549758911133
114.04709720611572,62.27839660644531
114.07999324798584,62.40285110473633
114.11356210708618,62.503177642822266
114.1456892490387,62.99833679199219
114.17903804779053,63.202484130859375
114.20949411392212,62.97832489013672
114.2414026260376,62.894962310791016
114.2722852230072,62.995296478271484
114.30466198921204,63.17048263549805
114.33578681945801,62.78258514404297
114.36718583106995,62.793460845947266
114.39787936210632,62.77299118041992
114.43114638328552,62.53602600097656
114.46314835548401,62.63900375366211
114.49894905090332,62.32994079589844
114.53113436698914,62.630184173583984
114.56100726127625,62.739986419677734
114.59174990653992,62.92847442626953
114.62371635437012,62.902408599853516
114.6556282043457,63.03011703491211
114.68747043609619,63.209903717041016
114.72155666351318,62.743202209472656
114.75372195243835,62.778282165527344
114.78793692588806,62.54069519042969
114.82164645195007,62.42226028442383
114.85204672813416,62.75751876831055
114.88382601737976,63.14229965209961
114.9180920124054,62.8304328918457
114.94838309288025,62.40008544921875
114.97806787490845,62.61441421508789
115.01055884361267,62.4128303527832
115.04266452789307,62.735206604003906
115.07481265068054,62.6317138671875
115.10566282272339,62.77752685546875
115.13709759712219,63.034095764160156
115.16808152198792,63.30327224731445
115.20157861709595,63.069149017333984
115.23316812515259,63.00761032104492
115.26256561279297,62.88515853881836
115.29363989830017,63.136497497558594
115.32802367210388,63.263031005859375
115.35898995399475,63.27042770385742
115.39656567573547,62.77448654174805
115.42959141731262,62.62451934814453
115.46486330032349,62.301883697509766
115.49416136741638,62.69437789916992
115.52362585067749,62.56243896484375
115.55442762374878,62.41067886352539
115.58495211601257,62.235816955566406
115.61492037773132,62.311588287353516
115.64635372161865,62.3706169128418
115.68049597740173,62.35454559326172
115.7130012512207,62.255950927734375
115.7446939945221,62.294654846191406
115.77749943733215,62.04612350463867
115.80696702003479,62.293609619140625
115.8344841003418,62.06552505493164
115.86312055587769,62.114845275878906
115.8939278125763,62.10934829711914
115.92587518692017,62.219329833984375
115.9579107761383,62.669254302978516
115.98919868469238,63.165103912353516
116.02242803573608,62.739662170410156
116.05405044555664,62.48652267456055
116.08409857749939,62.37166213989258
116.11489152908325,62.267181396484375
116.148357629776,62.310752868652344
116.18007230758667,62.75988006591797
116.21106696128845,63.071102142333984
116.24285745620728,62.60883712768555
116.27797770500183,62.6367301940918
116.3101658821106,62.51045608520508
116.3494336605072,62.471012115478516
116.3764705657959,62.464359283447266
116.40347528457642,62.417144775390625
116.43025755882263,62.59611892700195
116.45748019218445,62.62311553955078
116.48556470870972,62.800960540771484
116.51380276679993,62.95554733276367
116.5409300327301,63.02573013305664
116.56961631774902,62.81087112426758
116.59643530845642,63.086463928222656
116.62538528442383,62.6492919921875
116.65248537063599,62.969825744628906
116.67901110649109,62.982059478759766
116.70528388023376,62.897308349609375
116.7301013469696,62.846458435058594
116.75533318519592,62.61578369140625
116.77894353866577,62.75188446044922
116.80310273170471,62.53425979614258
116.82644963264465,62.84963607788086
116.85121655464172,63.09843444824219
116.87594437599182,63.344825744628906
116.902663230896,63.262691497802734
116.92763614654541,62.900856018066406
116.95305395126343,62.95293045043945
116.97751641273499,63.012611389160156
117.00555562973022,62.938697814941406
117.03186917304993,63.10663986206055
117.06042814254761,62.879127502441406
117.08862495422363,62.77552032470703
117.11461925506592,62.86122512817383
117.13907480239868,63.106903076171875
117.16789412498474,63.431819915771484
117.19466304779053,63.186405181884766
117.22173523902893,63.09778594970703
117.24932384490967,63.13660430908203
117.2769501209259,63.133544921875
117.30242991447449,63.3233642578125
117.33258986473083,63.26140213012695
117.35822653770447,63.26634216308594
117.38470816612244,63.29240417480469
117.41026973724365,63.47509765625
117.43936848640442,63.46647262573242
117.46617412567139,63.78572082519531
117.49343514442444,63.57643127441406
117.52282738685608,63.490142822265625
117.55116653442383,63.17760467529297
117.57781720161438,63.11346435546875
117.6054892539978,63.12901306152344
117.6309974193573,63.27555465698242
117.66031312942505,63.24173355102539
117.68669104576111,63.324825286865234
117.71408247947693,63.607582092285156
117.74235224723816,63.705997467041016
117.76813173294067,63.94162368774414
117.79437851905823,64.01068115234375
117.82263231277466,63.7404899597168
117.84988975524902,64.18741989135742
117.87633681297302,63.91567611694336
117.90023875236511,63.93710708618164
117.92522525787354,63.85172653198242
117.94943642616272,63.847999572753906
117.97347474098206,63.911773681640625
117.99823069572449,64.06959915161133
118.02910041809082,63.89931869506836
118.06005597114563,64.10753631591797
118.09153437614441,64.03814315795898
118.11984443664551,63.517333984375
118.14514660835266,63.29846954345703
118.1733078956604,63.01620101928711
118.20249915122986,63.157493591308594
118.23193049430847,63.188934326171875
118.25876045227051,63.01041793823242
118.28879952430725,63.12467956542969
118.31722640991211,63.23804473876953
118.3440682888031,63.36051559448242
118.37131714820862,63.373050689697266
118.3982446193695,63.58561706542969
118.4277491569519,63.17061233520508
118.4581069946289,63.05690383911133
118.48725008964539,62.909393310546875
118.51245498657227,63.0909538269043
118.53748774528503,63.21273422241211
118.5629723072052,63.13402557373047
118.59001636505127,62.95438003540039
118.61765265464783,63.276206970214844
118.64717555046082,63.17174530029297
118.67911076545715,63.293243408203125
118.70679473876953,63.40372848510742
118.73431825637817,63.28233337402344
118.76215600967407,63.56760025024414
118.79019546508789,63.64616394042969
118.8178358078003,63.28587341308594
118.84551215171814,63.2889404296875
118.87297701835632,62.95685577392578
118.900315284729,62.82346725463867
118.9279112815857,63.138919830322266
118.95614457130432,63.021575927734375
118.9858226776123,62.93084716796875
119.01474380493164,63.10982894897461
119.04136967658997,63.74946594238281
119.06775617599487,63.445804595947266
119.09602856636047,63.65155029296875
119.12490344047546,63.571956634521484
119.15211057662964,63.69908905029297
119.17955541610718,63.53475570678711
119.20622420310974,64.1738395690918
119.23339581489563,64.17134094238281
119.25964522361755,64.15245056152344
119.28791666030884,64.33523559570312
119.32003569602966,64.47540283203125
119.34931778907776,64.60892868041992
119.37616443634033,64.62483596801758
119.39999914169312,63.892662048339844
119.42505931854248,63.64929962158203
119.45089602470398,63.326873779296875
119.47542929649353,63.42692184448242
119.50026226043701,63.47720718383789
119.52448678016663,63.6505012512207
119.54875636100769,63.46175765991211
119.57355093955994,63.42649841308594
119.59718370437622,63.47587203979492
119.6202380657196,63.73432540893555
119.64506769180298,63.80025100708008
119.66900134086609,63.82700729370117
119.69375801086426,63.786041259765625
119.71769857406616,63.808929443359375
119.74138188362122,63.47991943359375
119.76403713226318,63.634159088134766
119.78886795043945,63.59910202026367
119.8141553401947,63.435916900634766
119.83891201019287,63.63544464111328
119.86047267913818,63.74729919433594
119.88040947914124,63.46773147583008
119.89994192123413,63.353981018066406
119.91958808898926,63.31780242919922
119.93868088722229,63.36073303222656
119.95825409889221,63.703556060791016
119.97731471061707,63.67938995361328
119.99643421173096,63.65208053588867
120.01554155349731,62.96371841430664
120.03465723991394,63.12493896484375
120.05419421195984,63.23746871948242
120.07341957092285,63.42988586425781
120.09254288673401,63.63969421386719
120.11171817779541,63.65084457397461
120.13094115257263,63.76332473754883
120.150057554245,63.47214126586914
120.16912698745728,63.314697265625
120.18817663192749,63.372276306152344
120.2071681022644,63.493045806884766
120.2262065410614,63.81858444213867
120.2453773021698,63.13182067871094
120.26450824737549,63.03114700317383
120.2836172580719,62.98944091796875
120.30304980278015,62.98220443725586
120.32216477394104,62.98788070678711
120.3412172794342,63.143001556396484
120.36032128334045,63.49622344970703
120.37939596176147,63.810909271240234
120.39894843101501,63.900245666503906
120.41804122924805,63.40486526489258
120.43719744682312,63.4149284362793
120.45623087882996,63.492706298828125
120.47529554367065,63.42990493774414
120.49436473846436,63.21514892578125
120.51343727111816,63.41969680786133
120.53244352340698,63.429229736328125
120.5515398979187,63.408294677734375
120.57056427001953,63.67247009277344
120.5897068977356,62.93974685668945
120.60886001586914,62.76517868041992
120.62798428535461,62.896514892578125
120.64712429046631,63.086647033691406
120.66623759269714,63.109642028808594
120.6852331161499,62.97484588623047
120.70474863052368,62.94132995605469
120.72379064559937,62.913848876953125
120.74286198616028,62.918243408203125
120.76192617416382,62.83736801147461
120.78095579147339,62.89381790161133
120.80020642280579,63.034332275390625
120.8193519115448,62.953426361083984
120.83844923973083,62.80866622924805
120.85753560066223,62.569271087646484
120.87669324874878,62.49536895751953
120.8958511352539,62.04556655883789
120.91491627693176,61.96978759765625
120.93400812149048,62.147972106933594
120.95308017730713,62.254573822021484
120.97209405899048,62.43578338623047
120.99110412597656,62.71629333496094
121.01071572303772,62.58045959472656
121.02987670898438,62.580238342285156
121.04912781715393,62.52857971191406
121.06832647323608,62.798439025878906
121.08757138252258,62.980873107910156
121.1068365573883,62.950721740722656
121.12588906288147,63.061763763427734
121.14492201805115,63.101707458496094
121.16400361061096,63.16381072998047
121.18313074111938,63.126827239990234
121.20232939720154,63.14601516723633
121.22150301933289,63.048179626464844
121.24058485031128,63.25122833251953
121.25959706306458,63.4154052734375
121.27868604660034,63.2424430847168
121.29771327972412,63.04017639160156
121.31717586517334,63.122657775878906
121.33625411987305,62.88182067871094
121.3554482460022,62.871883392333984
121.37460255622864,62.85993576049805
121.39370846748352,62.78745651245117
121.41277432441711,63.122314453125
121.43175792694092,63.066162109375
121.45076751708984,63.60771179199219
121.46985030174255,63.497310638427734
121.48886489868164,63.35049819946289
121.5079391002655,63.57252883911133
121.52696228027344,63.61158752441406
121.54610586166382,63.50569152832031
121.5652244091034,63.57767105102539
121.58433079719543,63.69866943359375
121.60352802276611,63.5860595703125
121.62261056900024,63.490116119384766
121.6417350769043,63.40245819091797
121.66083598136902,63.60234451293945
121.67990136146545,63.462520599365234
121.69901466369629,63.348304748535156
121.71802568435669,63.300113677978516
121.73713374137878,63.061058044433594
121.75622153282166,62.847694396972656
121.77523064613342,62.72929000854492
121.79430150985718,62.98234176635742
121.81345438957214,63.22870635986328
121.83252429962158,63.07266616821289
121.85162138938904,63.03176498413086
121.8709352016449,63.24308395385742
121.89064764976501,63.42591857910156
121.91066217422485,63.55275344848633
121.93068408966064,63.4342155456543
121.9545829296112,63.59896469116211
121.97758197784424,63.54800033569336
121.99964356422424,63.66474914550781
122.02316331863403,63.679718017578125
122.04585075378418,63.70024871826172
122.06859636306763,63.66721725463867
122.09325575828552,63.5028190612793
122.11729216575623,63.966068267822266
122.14149808883667,63.925811767578125
122.16521835327148,64.06185913085938
122.19116687774658,64.50337600708008
122.21586036682129,64.25414276123047
122.23920702934265,64.40483856201172
122.26177024841309,64.01124572753906
122.2861065864563,63.92381286621094
122.31067538261414,63.93730926513672
122.33559346199036,63.83389663696289
122.358238697052,63.717140197753906
122.37841033935547,64.05072784423828
122.39752769470215,64.28279876708984
122.41661620140076,64.00545501708984
122.43567681312561,63.525997161865234
122.45474123954773,63.78788757324219
122.47380256652832,64.17393493652344
122.4928069114685,64.07806015014648
122.51180577278137,63.81498336791992
122.53094053268433,63.66621780395508
122.55042958259583,63.63072204589844
122.56946229934692,63.676025390625
122.58847284317017,63.834388732910156
122.60754442214966,63.414955139160156
122.62656998634338,63.518531799316406
122.64667749404907,63.957969665527344
122.67071151733398,63.577205657958984
122.69418239593506,63.38166427612305
122.71798872947693,63.3789176940918
122.74200654029846,63.33254623413086
122.7649085521698,63.667606353759766
122.78775978088379,63.81779098510742
122.81068849563599,63.82502365112305
122.8337869644165,63.402854919433594
122.85773086547852,63.424461364746094
122.88176894187927,63.64511489868164
122.90570616722107,63.67019271850586
122.92933368682861,64.17982864379883
122.95370960235596,64.3601188659668
122.98612689971924,64.18678283691406
123.0094964504242,64.25927352905273
123.03291654586792,64.35121536254883
123.05577564239502,64.36781692504883
123.07875514030457,64.48649215698242
123.10188579559326,64.45892333984375
123.12483167648315,64.2923698425293
123.14920735359192,64.07737350463867
123.17540502548218,64.07423400878906
123.2014570236206,63.72787094116211
123.22642540931702,63.81952667236328
123.24987864494324,64.04273223876953
123.27400231361389,63.90631103515625
123.30104565620422,64.08010864257812
123.3253231048584,64.04388427734375
123.34984564781189,63.98887634277344
123.37463116645813,63.62955856323242
123.39823126792908,63.528568267822266
123.42181015014648,63.549102783203125
123.44857573509216,63.46827697753906
123.47276878356934,63.439483642578125
123.49785542488098,63.59323501586914
123.52166962623596,63.559139251708984
123.54472804069519,63.672122955322266
123.57206726074219,63.943668365478516
123.59843850135803,63.58343505859375
123.62471771240234,63.516326904296875
123.65694212913513,63.82649612426758
123.68593502044678,63.81413650512695
123.71709036827087,64.36407089233398
123.74694681167603,63.738807678222656
123.77956080436707,63.5257453918457
123.8097677230835,63.35884094238281
123.83899211883545,63.33451461791992
123.87079811096191,63.185455322265625
123.90032649040222,63.66769790649414
123.92990255355835,62.68132400512695
123.96139717102051,62.53255844116211
123.99231886863708,62.79204177856445
124.02503228187561,63.02877426147461
124.05553960800171,63.07565689086914
124.08495855331421,63.43580627441406
124.1199951171875,63.42670822143555
124.15138673782349,63.80824279785156
124.18263983726501,63.64907455444336
124.21417808532715,63.5998420715332
124.24579882621765,63.492469787597656
124.27705907821655,63.43098449707031
124.30826425552368,63.664024353027344
124.34249567985535,63.866455078125
124.37617206573486,63.98539733886719
124.40648746490479,63.7963752746582
124.4366614818573,63.89958953857422
124.46754360198975,64.08369445800781
124.49810290336609,63.984066009521484
124.53023409843445,63.727027893066406
124.56170177459717,63.845333099365234
124.59330487251282,63.900543212890625
124.62355518341064,64.03200912475586
124.65622997283936,64.05452728271484
124.68722367286682,64.11887741088867
124.71904492378235,64.24945449829102
124.74934148788452,64.06013488769531
124.7826235294342,64.0974349975586
124.81318545341492,64.4023551940918
124.85022640228271,64.31993103027344
124.88610982894897,63.87299728393555
124.91880798339844,64.00987243652344
124.95386147499084,63.652706146240234
124.98797154426575,63.71788787841797
125.02234673500061,63.792293548583984
125.0556378364563,63.81707763671875
125.08824062347412,63.481266021728516
125.11934041976929,63.65147399902344
125.14659762382507,63.09911346435547
125.17642641067505,63.142757415771484
125.20852208137512,63.0899658203125
125.24279522895813,63.01953887939453
125.27460360527039,62.9055290222168
125.30141019821167,63.19379425048828
125.3327705860138,63.20447540283203
125.36535048484802,63.53547286987305
125.3991322517395,63.799896240234375
125.4331259727478,63.82011413574219
125.46363854408264,63.72420120239258
125.49238014221191,62.8692741394043
125.521555185318,62.74163818359375
125.55099511146545,62.58123779296875
125.5809690952301,62.61190414428711
125.61215162277222,62.49879455566406
125.64583277702332,62.418067932128906
125.67854928970337,62.33232116699219
125.70833826065063,62.646419525146484
125.74044966697693,62.5069465637207
125.76840257644653,62.58003234863281
125.80004286766052,62.92680358886719
125.83169054985046,62.40287780761719
125.86519432067871,62.157142639160156
125.89709973335266,62.36613082885742
125.92881679534912,62.514095306396484
125.96050763130188,62.55327224731445
125.99041080474854,62.3627815246582
126.02176547050476,62.49463653564453
126.05421566963196,62.7418327331543
126.08726644515991,63.17616653442383
126.11770462989807,63.321929931640625
126.14922142028809,63.581336975097656
126.18159079551697,63.507450103759766
126.21241521835327,63.259925842285156
126.24210214614868,63.16901397705078
126.27589058876038,63.77663803100586
126.30484056472778,63.40669631958008
126.33518552780151,63.82891845703125
126.36672782897949,63.62703323364258
126.398184299469,63.62989044189453
126.42909479141235,63.325401306152344
126.45903635025024,63.12986755371094
126.49203681945801,63.442771911621094
126.51986598968506,63.43507385253906
126.54962611198425,63.601463317871094
126.58045077323914,63.469783782958984
126.61284184455872,63.422664642333984
126.64348554611206,63.538700103759766
126.67450737953186,63.84828186035156
126.70487594604492,63.888710021972656
126.73461890220642,63.977760314941406
126.76570630073547,63.94418716430664
126.7980785369873,63.86113739013672
126.82871603965759,63.64897918701172
126.86152529716492,63.332420349121094
126.89187359809875,63.187015533447266
126.92391467094421,63.220184326171875
126.95665049552917,63.571311950683594
126.9901065826416,63.48647689819336
127.02210664749146,63.72938919067383
127.05783271789551,63.74617385864258
127.08633136749268,63.90337371826172
127.1190299987793,64.19345092773438
127.15110111236572,63.84949493408203
127.18110752105713,64.19812774658203
127.21647238731384,64.01792907714844
127.24991178512573,64.25623321533203
127.27963256835938,64.43126678466797
127.31256937980652,64.02614974975586
127.34228420257568,64.34469985961914
127.37743163108826,64.45673751831055
127.40735459327698,64.45022583007812
127.43802309036255,65.05532455444336
127.46724104881287,64.77881240844727
127.50388789176941,64.83042907714844
127.53826022148132,64.8546142578125
127.56668090820312,64.8358268737793
127.59526538848877,64.97885131835938
127.62445139884949,64.91132354736328
127.65417790412903,64.68526077270508
127.68478989601135,64.86260986328125
127.71616196632385,64.90747451782227
127.74571871757507,65.01975631713867
127.77978372573853,65.28781509399414
127.80964660644531,64.91812133789062
127.83881330490112,65.26712417602539
127.86805391311646,65.3007583618164
127.89885759353638,64.97264862060547
127.93047714233398,64.9116325378418
127.96471810340881,64.38491439819336
127.99288988113403,64.47333908081055
128.02549052238464,64.9491958618164
128.05654120445251,65.365966796875
128.08842778205872,65.31855010986328
128.11807084083557,65.31058502197266
128.14938020706177,65.34711837768555
128.17940616607666,65.02360916137695
128.2112054824829,64.63711929321289
128.24374985694885,64.72721099853516
128.27423572540283,64.81786727905273
128.30467534065247,64.90951156616211
128.33338689804077,64.52299499511719
128.36466526985168,65.00019454956055
128.39324975013733,65.09506225585938
128.42587161064148,65.31303787231445
128.454598903656,65.48229217529297
128.48234939575195,65.32828521728516
128.51298260688782,65.4900016784668
128.54394459724426,65.27167510986328
128.57185101509094,65.41057586669922
128.60624265670776,65.60531616210938
128.6379430294037,65.70494079589844
128.66722774505615,65.99542236328125
128.69723510742188,66.05006408691406
128.72895121574402,65.85322570800781
128.7585301399231,65.72507095336914
128.78983068466187,65.7593879699707
128.8219633102417,65.53347396850586
128.8501317501068,65.84957122802734
128.88440918922424,65.91751861572266
128.9181525707245,65.71110916137695
128.94979095458984,66.0765380859375
128.981130361557,66.10538864135742
129.0151171684265,65.85919189453125
129.04540467262268,65.90366744995117
129.07442712783813,65.47127914428711
129.10543608665466,65.75067138671875
129.13705205917358,65.966796875
129.17160201072693,65.72618865966797
129.2007656097412,65.7913932800293
129.23046970367432,66.03126525878906
129.26362800598145,66.10781478881836
129.29486799240112,66.01892471313477
129.33088064193726,66.15416717529297
129.3638768196106,66.06561660766602
129.39591932296753,65.85210418701172
129.42740178108215,66.04958724975586
129.46049213409424,66.18374633789062
129.49257683753967,66.39672088623047
129.5251076221466,66.05088806152344
129.5551311969757,65.9763412475586
129.58811593055725,66.00143432617188
129.62375235557556,66.19083404541016
129.65724849700928,66.03872299194336
129.6909122467041,66.35526657104492
129.72196125984192,66.24795913696289
129.75213623046875,66.00308227539062
129.78203582763672,65.81184005737305
129.81242322921753,66.26725387573242
129.84378361701965,66.04197692871094
129.87656593322754,65.82907104492188
129.9060561656952,65.97198486328125
129.93786811828613,66.42495727539062
129.97225093841553,66.89647674560547
130.00684785842896,66.75364685058594
130.03896832466125,66.69852828979492
130.06948375701904,65.95555877685547
130.1014256477356,66.13674545288086
130.1352641582489,65.86161804199219
130.16913747787476,65.67732620239258
130.20213079452515,65.84552764892578
130.2353754043579,65.85709381103516
130.2656226158142,65.76306533813477
130.29728507995605,65.71003341674805
130.32889223098755,65.60984802246094
130.359445810318,65.77299880981445
130.39069271087646,65.84797286987305
130.4193787574768,64.84199142456055
130.4511058330536,65.26107406616211
130.48240494728088,65.63550567626953
130.51106977462769,65.66753005981445
130.5427541732788,65.6107177734375
130.57319712638855,65.81878662109375
130.60440516471863,66.07703018188477
130.63613533973694,66.26303100585938
130.66732835769653,66.00050735473633
130.69679951667786,66.01607894897461
130.72957134246826,66.10560607910156
130.76156854629517,65.71033096313477
130.79402422904968,65.5305404663086
130.82524847984314,65.66630172729492
130.85880661010742,65.35977935791016
130.8893642425537,65.47633361816406
130.92016673088074,65.77903366088867
130.95114850997925,65.98489761352539
130.99041438102722,66.10187149047852
131.0218324661255,64.63439559936523
131.0533802509308,64.52075576782227
131.08787059783936,64.25873184204102
131.11688804626465,64.55216979980469
131.1495862007141,64.62544631958008
131.18111443519592,63.993404388427734
131.21401453018188,63.86188507080078
131.24600338935852,63.54106903076172
131.27860379219055,63.83686828613281
131.31416368484497,63.96324920654297
131.34413170814514,64.31855773925781
131.37534737586975,64.95502090454102
131.40552973747253,65.1050910949707
131.43519568443298,65.15807342529297
131.46408772468567,65.11913299560547
131.49475812911987,65.16683578491211
131.5261116027832,65.59881973266602
131.5584716796875,64.85535430908203
131.58894205093384,64.72663497924805
131.6192331314087,64.79472351074219
131.64642238616943,64.93040084838867
131.67721128463745,65.21464538574219
131.70718955993652,65.28129577636719
131.73689436912537,65.2492904663086
131.7685308456421,64.93488311767578
131.7998480796814,65.03240585327148
131.82761335372925,65.14263153076172
131.86246705055237,65.34938049316406
131.89204573631287,65.35924911499023
131.92153358459473,65.34567642211914
131.9542887210846,65.52824020385742
131.9861752986908,65.4572982788086
132.01630544662476,65.38408279418945
132.05046200752258,65.3515853881836
132.07871437072754,65.1532211303711
132.10848808288574,65.46739959716797
132.13608765602112,64.87382125854492
132.16433334350586,64.68224716186523
132.19282054901123,65.04574966430664
132.22229409217834,64.7784652709961
132.25066447257996,64.96545791625977
132.27935671806335,65.20267105102539
132.30769968032837,65.53224563598633
132.3367087841034,65.4522819519043
132.3619737625122,65.63553619384766
132.3938970565796,65.38494873046875
132.42226552963257,65.88810348510742
132.45197534561157,65.80245971679688
132.4816756248474,65.79671096801758
132.5158998966217,65.90493774414062
132.5436623096466,65.96048736572266
132.5728325843811,65.913330078125
132.6006202697754,65.89287948608398
132.62990856170654,65.71829223632812
132.65770077705383,65.4637222290039
132.687420129776,65.44669723510742
132.71759581565857,65.74694061279297
132.74796056747437,65.26518630981445
132.7770619392395,64.69985580444336
132.80648970603943,64.5948257446289
132.8336057662964,64.90107345581055
132.86205220222473,65.15729141235352
132.8903307914734,65.45479583740234
132.91885590553284,65.19902038574219
132.94790720939636,65.29659271240234
132.97485542297363,65.15925598144531
133.00360560417175,65.21618270874023
133.0312216281891,64.78644561767578
133.05975651741028,64.51178741455078
133.08796858787537,64.48674011230469
133.1200294494629,64.82027053833008
133.14879274368286,63.76364517211914
133.178204536438,63.106231689453125
133.20521783828735,63.55875015258789
133.2338261604309,63.55834197998047
133.26537704467773,63.490421295166016
133.29509234428406,63.27287673950195
133.3264307975769,63.49317932128906
133.35615944862366,63.67656326293945
133.38925123214722,63.87696075439453
133.42237424850464,63.86113739013672
133.45720982551575,64.13199615478516
133.4860394001007,64.22582626342773
133.5158188343048,64.14511489868164
133.54792761802673,64.1494255065918
133.58139395713806,64.1496696472168
133.61015152931213,64.40166473388672
133.64165425300598,64.35152053833008
133.6713182926178,64.14197158813477
133.70138597488403,64.38473892211914
133.73306727409363,64.75154495239258
133.7643702030182,64.78432846069336
133.79590344429016,64.64046478271484
133.8289451599121,64.45762634277344
133.86099529266357,64.50363159179688
133.89241790771484,64.71369171142578
133.92388248443604,64.71794128417969
133.9551088809967,64.6222915649414
133.9820945262909,64.45499801635742
134.01416540145874,64.35598373413086
134.04466652870178,64.65426635742188
134.0773138999939,64.70282363891602
134.10736322402954,64.76533889770508
134.13736820220947,64.79711151123047
134.16831588745117,64.68130874633789
134.19728446006775,64.89205169677734
134.23019456863403,64.5668830871582
134.26109719276428,63.65391540527344
134.29010033607483,62.937782287597656
134.32088470458984,62.02475357055664
134.35497522354126,61.807926177978516
134.38758850097656,61.85127639770508
134.42010688781738,61.6131706237793
134.4524450302124,61.65700149536133
134.48435854911804,61.64130783081055
134.5165147781372,61.61770248413086
134.54946565628052,61.875850677490234
134.58051204681396,61.691162109375
134.61276936531067,61.37070846557617
134.64439344406128,61.43227767944336
134.67688918113708,61.610904693603516
134.71475052833557,61.432708740234375
134.746764421463,60.7823371887207
134.77551126480103,60.950496673583984
134.80971670150757,60.835113525390625
134.84389901161194,60.93718719482422
134.87388586997986,60.52629852294922
134.9029929637909,60.62449264526367
134.93529391288757,60.54877471923828
134.96946907043457,60.8248176574707
135.00138020515442,60.86135482788086
135.03581643104553,61.35525131225586
135.06774520874023,61.09335708618164
135.09546852111816,61.2779426574707
135.12735319137573,61.39092254638672
135.16069316864014,61.58527755737305
135.20169925689697,61.57256317138672
135.23440980911255,60.16630554199219
135.26664423942566,60.25257873535156
135.29681611061096,60.527103424072266
135.33048701286316,60.695247650146484
135.36199259757996,60.41991424560547
135.3953573703766,60.28323745727539
135.42231798171997,60.374717712402344
135.45485401153564,60.58088684082031
135.48697447776794,60.3816032409668
135.517564535141,60.41119384765625
135.54792094230652,60.57443618774414
135.57831501960754,60.8094482421875
135.60923647880554,61.03208541870117
135.64052939414978,60.69812774658203
135.67176485061646,60.290313720703125
135.69959592819214,60.175601959228516
135.73355674743652,60.52646255493164
135.77015829086304,60.6943244934082
135.80376648902893,60.61235809326172
135.83725261688232,60.35102462768555
135.86533951759338,60.06529998779297
135.89584827423096,60.18721389770508
135.92853164672852,59.5421142578125
135.9575960636139,59.42997741699219
135.98862528800964,59.50663757324219
136.01860237121582,59.62367248535156
136.04958534240723,59.02363967895508
136.0835156440735,58.896820068359375
136.1132049560547,59.01011276245117
136.1416461467743,58.9633674621582
136.17295289039612,58.97454071044922
136.20456862449646,59.01858139038086
136.23493552207947,58.90858840942383
136.26453065872192,59.30485916137695
136.29796719551086,59.203887939453125
136.3296172618866,59.328731536865234
136.36083722114563,59.162330627441406
136.39043879508972,59.18798828125
136.4214642047882,59.5976448059082
136.4537546634674,59.50204086303711
136.4843394756317,59.54996109008789
136.51601672172546,59.746768951416016
136.54570508003235,59.761260986328125
136.57756567001343,59.51871109008789
136.607572555542,59.73603820800781
136.63418078422546,59.31672286987305
136.66200947761536,59.44778823852539
136.69131803512573,59.489986419677734
136.71905255317688,59.616424560546875
136.7486515045166,59.58824157714844
136.77655744552612,59.98602294921875
136.8026967048645,59.882266998291016
136.8282072544098,59.879913330078125
136.8567202091217,59.98131561279297
136.88359594345093,60.0003776550293
136.91199660301208,59.921592712402344
136.94341158866882,59.295074462890625
136.97101879119873,59.310482025146484
136.99742603302002,59.379638671875
137.0244824886322,59.47504806518555
137.05149722099304,59.34571075439453
137.07803988456726,59.39470291137695
137.10347747802734,59.641239166259766
137.1318380832672,59.88819885253906
137.16639184951782,60.233306884765625
137.1969931125641,59.93832015991211
137.22368168830872,60.24661636352539
137.25256419181824,60.338340759277344
137.27865624427795,60.23749542236328
137.3055408000946,60.09109878540039
137.33198285102844,60.424224853515625
137.36023807525635,60.531734466552734
137.38750672340393,60.32783126831055
137.41317462921143,60.286354064941406
137.44073963165283,60.217674255371094
137.47510051727295,60.4360237121582
137.50478529930115,60.50215148925781
137.53316044807434,60.44501495361328
137.56343412399292,60.38639831542969
137.5941605567932,60.61659622192383
137.62560749053955,60.489654541015625
137.6532826423645,60.64104461669922
137.68406319618225,60.32584762573242
137.7154676914215,60.41804885864258
137.7475709915161,60.483768463134766
137.77667593955994,60.71847915649414
137.8052191734314,60.084468841552734
137.83674097061157,60.308494567871094
137.8661801815033,59.4658203125
137.89708042144775,59.67182922363281
137.92959785461426,59.94853210449219
137.96145796775818,60.16272735595703
137.99324917793274,60.13172912597656
138.02482962608337,60.37596893310547
138.0595507621765,59.789955139160156
138.0911729335785,60.09529495239258
138.12417697906494,60.10250473022461
138.15619540214539,60.157352447509766
138.18709135055542,60.3374137878418
138.21780681610107,60.589439392089844
138.2517011165619,60.86200714111328
138.28183698654175,60.806026458740234
138.31138038635254,59.797386169433594
138.3407428264618,59.77690124511719
138.37151455879211,59.823150634765625
138.40474891662598,58.97237014770508
138.43492531776428,58.823944091796875
138.46546292304993,58.760982513427734
138.49617075920105,58.694007873535156
138.53054285049438,58.83766174316406
138.56155920028687,58.68877410888672
138.5949788093567,58.811405181884766
138.6238660812378,58.64747619628906
138.65436458587646,58.60537338256836
138.68607234954834,58.68486022949219
138.7163805961609,58.67910385131836
138.74523210525513,58.636051177978516
138.7755262851715,58.87543487548828
138.80788254737854,58.70888137817383
138.84397387504578,58.96182632446289
138.88092136383057,59.151954650878906
138.91360449790955,58.949066162109375
138.94516944885254,58.9937858581543
138.97499775886536,59.02756881713867
139.0048062801361,59.3293342590332
139.0355668067932,59.0169677734375
139.06393909454346,59.16609191894531
139.0938515663147,59.172157287597656
139.12574410438538,59.31135940551758
139.15703320503235,59.36931228637695
139.19005608558655,58.9293327331543
139.22875571250916,59.265525817871094
139.2583646774292,59.236534118652344
139.2878270149231,59.1620979309082
139.31726622581482,59.17974090576172
139.3495798110962,59.572052001953125
139.37989902496338,59.4068717956543
139.40983867645264,58.630699157714844
139.44533348083496,58.889041900634766
139.47631335258484,58.76682662963867
139.51408433914185,58.668418884277344
139.54654169082642,58.17538833618164
139.5769476890564,57.621795654296875
139.60943984985352,57.55955505371094
139.63857054710388,57.48530578613281
139.66790413856506,57.568546295166016
139.69664192199707,57.559200286865234
139.7249298095703,57.35553741455078
139.75458669662476,57.23516082763672
139.78325819969177,57.44715881347656
139.81110978126526,57.52345275878906
139.83973121643066,57.75480651855469
139.8679723739624,57.47212600708008
139.899156332016,57.63156509399414
139.92793893814087,57.66518783569336
139.95543766021729,57.43456268310547
139.98052668571472,57.538211822509766
140.00391697883606,57.30970764160156
140.03095841407776,57.29573440551758
140.05732369422913,57.5592155456543
140.08456373214722,57.714271545410156
140.11382961273193,57.87071228027344
140.14415574073792,57.79290008544922
140.1729609966278,57.67998123168945
140.20300579071045,57.71981430053711
140.23068714141846,57.47145080566406
140.26126980781555,57.35161590576172
140.2896168231964,57.53336715698242
140.31821060180664,57.4802360534668
140.3439748287201,57.5147590637207
140.37082958221436,57.91939163208008
140.3962745666504,57.8363037109375
140.4238579273224,58.10304641723633
140.45030069351196,58.0190315246582
140.47371888160706,58.03278350830078
140.50233268737793,57.80952453613281
140.53217124938965,58.01286315917969
140.56285858154297,57.736480712890625
140.59209418296814,57.64890670776367
140.62360095977783,57.839805603027344
140.6523187160492,58.0560188293457
140.6815164089203,58.003971099853516
140.71564292907715,57.8295783996582
140.74379801750183,57.95249938964844
140.77962923049927,58.343379974365234
140.8093945980072,58.36418533325195
140.83793759346008,58.27870559692383
140.87109375,58.252559661865234
140.90479731559753,58.00382995605469
140.93688941001892,58.08530044555664
140.97150778770447,58.021949768066406
141.00145411491394,58.37142562866211
141.0325572490692,58.38355255126953
141.0629255771637,58.38962936401367
141.09780049324036,58.284603118896484
141.12929224967957,58.143672943115234
141.15801763534546,58.488277435302734
141.18836522102356,58.62484359741211
141.22222805023193,58.478187561035156
141.256826877594,58.5203857421875
141.28690099716187,58.54735565185547
141.31644940376282,58.403831481933594
141.3486180305481,58.25706481933594
141.38094091415405,58.205421447753906
141.413738489151,58.22958755493164
141.44488549232483,58.10423278808594
141.47699332237244,58.31257247924805
141.5102550983429,58.53004455566406
141.54128980636597,58.168067932128906
141.57630467414856,57.85124588012695
141.60609316825867,58.19929122924805
141.63692259788513,58.35566711425781
141.6680338382721,58.569087982177734
141.698091506958,58.26802444458008
141.7309708595276,58.624881744384766
141.76284742355347,58.49126434326172
141.79488277435303,58.414161682128906
141.82359504699707,58.54823303222656
141.8545525074005,58.59423065185547
141.8854420185089,58.86051559448242
141.92039895057678,58.59492874145508
141.95110416412354,58.958194732666016
141.98277807235718,59.12542724609375
142.013197183609,58.70055389404297
142.0427725315094,58.97822189331055
142.0743544101715,58.67089080810547
142.1046986579895,58.650596618652344
142.13771891593933,58.784507751464844
142.1701397895813,58.38307571411133
142.20198702812195,58.27490997314453
142.23172903060913,58.220760345458984
142.26243901252747,58.55534362792969
142.2936816215515,58.60051345825195
142.32503032684326,58.622318267822266
142.35854411125183,58.5321044921875
142.38741612434387,58.36967849731445
142.41688323020935,58.41629409790039
142.44589138031006,58.57451248168945
142.47473621368408,58.758056640625
142.5040602684021,58.61215591430664
142.5331563949585,58.2691764831543
142.56261610984802,58.450557708740234
142.59068083763123,58.48713302612305
142.61966276168823,58.599884033203125
142.64910078048706,58.5390510559082
142.67835998535156,58.72787857055664
142.70958518981934,58.998138427734375
142.7389199733734,58.84029769897461
142.76517343521118,58.643150329589844
142.793315410614,58.89677429199219
142.8239243030548,58.20717239379883
142.8533763885498,58.25596237182617
142.88377618789673,58.044456481933594
142.91284942626953,58.16145324707031
142.9418022632599,58.185489654541016
142.97091269493103,58.27046203613281
143.0006890296936,58.461612701416016
143.03239822387695,58.40729904174805
143.06149768829346,58.386051177978516
143.08935403823853,58.18457794189453
143.11920166015625,58.56262969970703
143.14780402183533,58.65765380859375
143.17847442626953,58.578556060791016
143.20903158187866,58.216861724853516
143.23754835128784,57.99999237060547
143.2664589881897,58.06061935424805
143.29623174667358,58.54397201538086
143.32468128204346,58.738128662109375
143.3531813621521,58.86809539794922
143.38303804397583,58.906272888183594
143.41181349754333,59.165809631347656
143.44188785552979,58.94091033935547
143.46863746643066,58.784889221191406
143.49840450286865,58.77855682373047
143.52698850631714,58.11923599243164
143.55546188354492,58.074337005615234
143.5851330757141,57.58350372314453
143.61295676231384,57.516265869140625
143.64077281951904,57.78810119628906
143.66890263557434,57.966453552246094
143.69869685173035,58.02185821533203
143.7280831336975,58.108848571777344
143.75583219528198,58.0010871887207
143.78438472747803,57.68075180053711
143.81263518333435,57.854915618896484
143.84293246269226,58.02757263183594
143.87234139442444,58.36088943481445
143.90226435661316,58.2518424987793
143.9302978515625,58.14592361450195
143.96002984046936,58.03913497924805
143.98958730697632,58.025291442871094
144.01898431777954,57.74082565307617
144.05013394355774,57.737762451171875
144.08024716377258,57.53931427001953
144.10967421531677,57.66056823730469
144.13874769210815,57.64387130737305
144.1691176891327,58.079715728759766
144.19713234901428,57.98091125488281
144.22631764411926,58.52689743041992
144.25566506385803,58.359222412109375
144.28411602973938,58.41534423828125
144.3132643699646,58.41147232055664
144.34253549575806,58.429054260253906
144.37453389167786,58.80937576293945
144.40552592277527,58.681373596191406
144.43362164497375,58.891639709472656
144.46465373039246,58.5506477355957
144.49662613868713,58.71472930908203
144.5258047580719,58.07672882080078
144.55490469932556,58.18271255493164
144.58306217193604,58.20677947998047
144.61203694343567,57.868675231933594
144.64315390586853,57.73115158081055
144.672691822052,57.88903045654297
144.70044326782227,58.114845275878906
144.72941136360168,58.339271545410156
144.76004266738892,58.57033157348633
144.78841996192932,58.458126068115234
144.8170657157898,58.65570068359375
144.84581327438354,58.85850143432617
144.87527298927307,58.741302490234375
144.9036524295807,58.7874641418457
144.93180799484253,58.7247314453125
144.96105456352234,59.03815460205078
144.98746514320374,58.387451171875
145.01556277275085,58.68712615966797
145.04453349113464,58.7441520690918
145.07646441459656,58.98514175415039
145.103369474411,59.32487869262695
145.13384771347046,58.9676628112793
145.16232991218567,59.135704040527344
145.1891326904297,59.353580474853516
145.21846842765808,58.97673797607422
145.24718308448792,58.53168487548828
145.2772181034088,58.77783966064453
145.30423736572266,59.0439453125
145.3323233127594,58.96211624145508
145.36030316352844,59.17985153198242
145.3879759311676,59.54079055786133
145.41506719589233,59.390316009521484
145.44209575653076,59.04912185668945
145.46891951560974,58.972267150878906
145.4951469898224,59.321510314941406
145.52277827262878,59.36188888549805
145.54874420166016,59.60491943359375
145.57840180397034,59.28068542480469
145.60481238365173,59.50165557861328
145.63421964645386,59.328128814697266
145.66373133659363,59.36937713623047
145.69269013404846,59.49156951904297
145.7219362258911,59.56529235839844
145.75402760505676,59.674129486083984
145.7824673652649,59.765811920166016
145.81118416786194,59.703338623046875
145.840003490448,59.765201568603516
145.86622095108032,59.558799743652344
145.893208026886,59.29833984375
145.9193558692932,59.7664680480957
145.94610166549683,59.98274612426758
145.97265243530273,59.9849853515625
146.00048637390137,59.84357833862305
146.02982115745544,59.76844787597656
146.05863285064697,59.50949478149414
146.08673644065857,59.273521423339844
146.11622285842896,59.50503921508789
146.1442048549652,59.55061340332031
146.17148613929749,59.89863586425781
146.19901657104492,60.10157012939453
146.22669887542725,60.22513198852539
146.2545907497406,60.3112678527832
146.28240728378296,60.3792724609375
146.30911779403687,60.30076217651367
146.33911538124084,60.336029052734375
146.36533951759338,60.512489318847656
146.3941671848297,60.4024658203125
146.4210066795349,60.54046630859375
146.44786405563354,60.712890625
146.4749207496643,60.60991668701172
146.50200271606445,60.348079681396484
146.5296130180359,59.93856430053711
146.55661344528198,60.210357666015625
146.58414316177368,60.37474822998047
146.61068964004517,60.41013717651367
146.63743376731873,60.774925231933594
146.66650700569153,60.62933349609375
146.69455742835999,60.164920806884766
146.721985578537,60.220191955566406
146.74936485290527,60.43946075439453
146.77666187286377,60.27263641357422
146.80141162872314,60.347312927246094
146.82493925094604,60.56481170654297
146.84927105903625,60.50625991821289
146.8743932247162,60.319095611572266
146.89851784706116,60.70551681518555
146.92313885688782,60.811458587646484
146.94888067245483,60.78596496582031
146.9726915359497,61.135475158691406
146.9981062412262,61.37276840209961
147.0254213809967,61.65475082397461
147.06601881980896,61.545536041259766
147.09472703933716,61.17569351196289
147.1217246055603,61.40224075317383
147.1502878665924,60.91948318481445
147.17879509925842,60.17453384399414
147.20900893211365,60.38084411621094
147.23476886749268,60.360321044921875
147.26405000686646,60.24073028564453
147.29297471046448,60.7286376953125
147.32049083709717,60.96001052856445
147.34749579429626,60.84812545776367
147.37722897529602,60.789730072021484
147.40606093406677,60.82644271850586
147.43234300613403,61.013946533203125
147.45962262153625,61.12027359008789
147.48726630210876,61.069278717041016
147.51472806930542,61.17142105102539
147.54285955429077,61.39110565185547
147.57034063339233,61.442630767822266
147.59917902946472,61.27244186401367
147.62507462501526,61.33816146850586
147.64885926246643,61.2047119140625
147.67398309707642,61.30011749267578
147.69938015937805,61.61628341674805
147.7273726463318,61.70280075073242
147.75457310676575,61.77661895751953
147.77959656715393,61.589202880859375
147.80305528640747,61.3399543762207
147.82782411575317,61.632991790771484
147.85175609588623,61.50725173950195
147.87533402442932,61.62586975097656
147.8997824192047,61.767112731933594
147.92851400375366,61.70716857910156
147.9552025794983,61.4650764465332
147.98093795776367,61.74416732788086
148.00561833381653,61.094058990478516
148.0313229560852,60.05702209472656
148.0599856376648,60.23448181152344
148.0879852771759,60.4470100402832
148.11820101737976,60.29574966430664
148.14650630950928,60.61309051513672
148.17590260505676,60.41702651977539
148.2032961845398,60.70968246459961
148.23283123970032,60.03205108642578
148.26133465766907,59.737911224365234
148.28977298736572,59.8621826171875
148.3190426826477,60.27143478393555
148.3480224609375,60.2650146484375
148.3771321773529,59.89881134033203
148.40496039390564,60.09928512573242
148.43498349189758,60.57957077026367
148.46351742744446,61.01264953613281
148.49215364456177,61.03511428833008
148.5210530757904,61.05646896362305
148.55588793754578,60.62321472167969
148.58871984481812,60.590675354003906
148.61726570129395,60.77969741821289
148.6475489139557,60.80115509033203
148.67672276496887,60.14473342895508
148.70666456222534,60.45654296875
148.73424768447876,60.37702941894531
148.76412773132324,60.54264831542969
148.79568457603455,60.94601821899414
148.8242666721344,60.40437698364258
148.85368990898132,60.721168518066406
148.88291478157043,60.85924530029297
148.90993809700012,61.28547286987305
148.9374167919159,61.37224578857422
148.96652460098267,61.020042419433594
148.99617528915405,61.27284240722656
149.02291560173035,61.500701904296875
149.05025625228882,61.33098602294922
149.078227519989,61.26152420043945
149.10825085639954,61.125
149.1379997730255,60.99784469604492
149.16641473770142,60.98072814941406
149.19567465782166,61.317203521728516
149.22193455696106,61.226768493652344
149.25113892555237,61.303707122802734
149.2791829109192,61.47620391845703
149.30751085281372,61.457801818847656
149.33784770965576,61.83095932006836
149.38520193099976,62.614662170410156
149.4194314479828,62.58456802368164
149.4471559524536,61.2994270324707
149.47075295448303,60.94361114501953
149.49660801887512,61.001399993896484
149.5257329940796,61.164405822753906
149.5532374382019,60.575801849365234
149.58075547218323,59.56007766723633
149.6103823184967,59.66856384277344
149.6387276649475,59.72783660888672
149.6643226146698,59.73240661621094
149.69359016418457,59.71880340576172
149.72210574150085,59.0673828125
149.7493827342987,59.25526428222656
149.77813529968262,59.499366760253906
149.80582976341248,59.32638168334961
149.83103847503662,59.268062591552734
149.8586618900299,59.49231719970703
149.88631319999695,59.39432907104492
149.9140648841858,59.722415924072266
149.94218373298645,60.105621337890625
149.973002910614,59.84847640991211
150.00177907943726,59.73127365112305
150.02996969223022,59.871070861816406
150.0594244003296,59.98151779174805
150.08942699432373,59.51872634887695
150.1182723045349,59.667484283447266
150.14723300933838,59.67876052856445
150.1778302192688,59.63618850708008
150.20624995231628,60.01263427734375
150.23531031608582,60.31578063964844
150.26351761817932,60.0529670715332
150.29326629638672,59.80914306640625
150.32201170921326,59.90388870239258
150.35331511497498,59.936012268066406
150.38309931755066,60.02791213989258
150.41384482383728,59.89717483520508
150.4424250125885,60.14661407470703
150.4719169139862,60.23823547363281
150.50181412696838,60.017913818359375
150.52946019172668,60.155879974365234
150.5586860179901,60.48603057861328
150.59041213989258,60.609527587890625
150.61856508255005,60.5096435546875
150.64743995666504,60.659481048583984
150.6748878955841,60.689048767089844
150.70450592041016,60.82474136352539
150.73359084129333,60.94126892089844
150.76122498512268,61.21323013305664
150.79104208946228,60.964515686035156
150.8209252357483,61.20433807373047
150.85109901428223,61.218475341796875
150.87578749656677,60.72742462158203
150.9005949497223,60.59184646606445
150.92397284507751,60.76468276977539
150.94765090942383,60.82613754272461
150.97272372245789,60.51258087158203
150.99668645858765,60.70042037963867
151.02091765403748,60.647613525390625
151.04499125480652,60.809349060058594
151.06825995445251,60.51967239379883
151.09329414367676,60.755210876464844
151.1174111366272,60.65998458862305
151.14224648475647,60.598026275634766
151.16651391983032,60.26046371459961
151.19106531143188,60.233009338378906
151.21698689460754,60.449920654296875
151.24301099777222,60.30299758911133
151.26716446876526,59.85055923461914
151.2909505367279,59.888362884521484
151.31553149223328,59.87369918823242
151.34011507034302,59.711002349853516
151.36562871932983,60.34701156616211
151.38922715187073,60.35563659667969
151.41424798965454,60.47343063354492
151.44004464149475,59.975833892822266
151.46401691436768,59.98121643066406
151.48812985420227,59.98640060424805
151.51340246200562,59.846256256103516
151.5390214920044,60.23430252075195
151.5637879371643,60.240150451660156
151.5884928703308,60.24982452392578
151.6129846572876,60.35441970825195
151.638179063797,60.31891632080078
151.66217803955078,60.3576545715332
151.68686652183533,60.37417984008789
151.7106475830078,60.624000549316406
151.7347285747528,60.47868347167969
151.76012420654297,60.75788497924805
151.78511929512024,60.98905944824219
151.8087522983551,60.856178283691406
151.83375191688538,60.933387756347656
151.8588080406189,60.978515625
151.88354754447937,61.16472625732422
151.9069218635559,60.92606735229492
151.93168449401855,61.204795837402344
151.95600295066833,61.442100524902344
151.98144245147705,61.63945007324219
152.00539016723633,61.333499908447266
152.03099179267883,61.294681549072266
152.05641102790833,61.258358001708984
152.08169198036194,61.24446487426758
152.10541796684265,61.60529327392578
152.13082242012024,61.659645080566406
152.15502429008484,61.85380554199219
152.17951941490173,61.60023498535156
152.2050621509552,62.01225662231445
152.23137617111206,61.759010314941406
152.25496077537537,61.94643783569336
152.27970504760742,61.94856643676758
152.3051245212555,62.1250114440918
152.32963252067566,62.200687408447266
152.3536558151245,61.88897705078125
152.378319978714,62.199283599853516
152.401837348938,61.81231689453125
152.42632341384888,62.07123947143555
152.45249319076538,61.4354248046875
152.47661995887756,61.502281188964844
152.5009250640869,61.031494140625
152.5251772403717,61.186309814453125
152.5507049560547,61.18495559692383
152.57488679885864,61.625247955322266
152.60001850128174,61.824363708496094
152.62506222724915,61.74818801879883
152.65067052841187,61.955421447753906
152.67561316490173,61.96004867553711
152.69973874092102,62.123146057128906
152.7247383594513,61.78584671020508
152.75028204917908,61.88669204711914
152.77556228637695,61.98222351074219
152.8002429008484,61.89958572387695
152.82574605941772,61.93037796020508
152.85080862045288,62.040733337402344
152.87652230262756,61.83295440673828
152.89997673034668,62.12897491455078
152.9264166355133,61.888519287109375
152.95137977600098,61.62834167480469
152.97506141662598,61.200199127197266
152.99991083145142,61.38264083862305
153.02365136146545,61.427818298339844
153.04780673980713,61.182334899902344
153.07317233085632,61.6091194152832
153.0977737903595,61.46512222290039
153.12319350242615,61.25801086425781
153.14854741096497,61.103240966796875
153.1752166748047,60.98851776123047
153.19924640655518,61.04281997680664
153.22401666641235,60.96928024291992
153.24925351142883,60.68163299560547
153.2777395248413,61.23503494262695
153.30726885795593,61.38639450073242
153.3347237110138,61.45736312866211
153.3646605014801,61.67966079711914
153.393700838089,61.903846740722656
153.42485404014587,61.67330551147461
153.45491576194763,61.52558517456055
153.48371601104736,61.595333099365234
153.51025390625,61.09589767456055
153.53528332710266,61.09770965576172
153.56178665161133,61.20920181274414
153.5865294933319,61.288883209228516
153.61160516738892,61.37753677368164
153.6350588798523,61.57231140136719
153.66057801246643,61.788902282714844
153.69013023376465,61.85633087158203
153.71553111076355,61.75680923461914
153.74102592468262,61.73411560058594
153.76446175575256,61.65305709838867
153.78985142707825,61.88446807861328
153.8145170211792,62.07742691040039
153.83991837501526,62.155372619628906
153.8654706478119,62.227657318115234
153.88972425460815,61.9000129699707
153.91428875923157,62.1228141784668
153.9384262561798,62.091583251953125
153.96618366241455,62.06581497192383
153.99062323570251,61.91144943237305
154.01554560661316,62.18306350708008
154.04015946388245,61.889583587646484
154.06643509864807,61.888118743896484
154.0918025970459,61.40622329711914
154.11614060401917,61.68650817871094
154.1414020061493,61.981048583984375
154.1660385131836,61.87466812133789
154.1909623146057,61.614906311035156
154.2175030708313,61.65620040893555
154.24290704727173,61.99448776245117
154.27036881446838,61.92889404296875
154.29425168037415,61.89328384399414
154.31795477867126,61.96086502075195
154.34375858306885,62.38802719116211
154.36904382705688,62.22317886352539
154.39196610450745,61.978729248046875
154.4172341823578,62.005191802978516
154.44305682182312,61.91053009033203
154.46815586090088,62.0937385559082
154.4935052394867,62.43654251098633
154.51730275154114,62.452030181884766
154.54207062721252,62.5665168762207
154.56670451164246,62.2088508605957
154.59097695350647,62.37917709350586
154.61487936973572,62.6406364440918
154.63883185386658,62.8298225402832
154.6626124382019,62.618438720703125
154.68687081336975,62.24335861206055
154.71217036247253,62.34438705444336
154.73576164245605,62.462032318115234
154.75980710983276,62.51694869995117
154.78522729873657,62.45449447631836
154.80939292907715,62.31099319458008
154.83466601371765,62.288047790527344
154.86015248298645,62.380210876464844
154.88478231430054,62.6051025390625
154.91025185585022,62.54429626464844
154.93509006500244,62.47370147705078
154.96080446243286,62.43968200683594
154.98580813407898,62.095550537109375
155.0100781917572,62.16550064086914
155.03420448303223,62.54854965209961
155.05996894836426,62.730220794677734
155.09204745292664,62.570072174072266
155.11991262435913,62.64630126953125
155.14924263954163,62.42121124267578
155.17988467216492,62.15835189819336
155.20345616340637,62.460941314697266
155.2283968925476,62.46209716796875
155.2526752948761,62.69017028808594
155.27879858016968,62.32463073730469
155.30260610580444,62.13243865966797
155.32692575454712,62.11464309692383
155.35267686843872,62.40739059448242
155.37812113761902,62.38991928100586
155.40106678009033,62.41553497314453
155.42577242851257,62.303985595703125
155.4557421207428,62.56854248046875
155.48490238189697,62.522926330566406
155.51253175735474,62.50661849975586
155.5428912639618,62.3566780090332
155.57091522216797,62.5205078125
155.60089254379272,62.51836013793945
155.63025426864624,62.56741714477539
155.6586399078369,62.87954330444336
155.69022178649902,62.90898132324219
155.71718955039978,63.230655670166016
155.7442433834076,63.14863586425781
155.77186727523804,63.02073287963867
155.79899740219116,63.13041687011719
155.83024311065674,63.399662017822266
155.86088919639587,63.54161071777344
155.8930561542511,63.579586029052734
155.9294548034668,63.95541000366211
155.96134972572327,63.96107482910156
155.994384765625,64.17932891845703
156.02065014839172,63.83715057373047
156.05159711837769,63.503421783447266
156.08661484718323,63.47393798828125
156.11905241012573,63.5281982421875
156.1595869064331,63.77301025390625
156.19076681137085,63.83198165893555
156.22105383872986,63.4731330871582
156.25652599334717,64.00274276733398
156.29104924201965,63.6956901550293
156.32079315185547,63.939231872558594
156.35297107696533,63.76032257080078
156.38547158241272,63.79790496826172
156.42222213745117,63.52711868286133
156.45546984672546,63.710235595703125
156.48926186561584,63.51194763183594
156.52247500419617,64.01559448242188
156.55846428871155,64.05252838134766
156.59222388267517,64.26292419433594
156.62634205818176,64.18675231933594
156.66117405891418,64.3594856262207
156.6942059993744,64.10898971557617
156.72717571258545,64.14592361450195
156.7612645626068,64.34059143066406
156.79280805587769,64.16607284545898
156.82542777061462,64.3125
156.85707426071167,64.38208770751953
156.887930393219,64.24576950073242
156.918803691864,64.28356552124023
156.94957399368286,63.78480529785156
156.98264741897583,63.8713493347168
157.01041460037231,64.1573600769043
157.04298186302185,64.18659973144531
157.08055305480957,64.47449493408203
157.111718416214,64.44310760498047
157.1409080028534,63.97220230102539
157.17205262184143,64.03358840942383
157.20247340202332,64.30384826660156
157.23440027236938,64.55879592895508
157.26817059516907,64.33888244628906
157.29942440986633,64.12691116333008
157.32774114608765,64.03278732299805
157.35879635810852,64.31377792358398
157.38614320755005,64.56050109863281
157.41945362091064,63.894683837890625
157.45244145393372,63.89044189453125
157.4842095375061,64.05094528198242
157.52099180221558,64.16991806030273
157.55198693275452,64.57455825805664
157.58738255500793,64.51523208618164
157.61882328987122,64.6585693359375
157.65190196037292,64.65884780883789
157.68299674987793,64.66630172729492
157.71622228622437,64.44995498657227
157.74906277656555,64.09881591796875
157.7795431613922,63.998931884765625
157.80965328216553,63.96303176879883
157.84200716018677,63.850765228271484
157.87156677246094,63.761409759521484
157.91005778312683,64.00213241577148
157.9430170059204,64.30121612548828
157.97809433937073,64.16166305541992
158.0247721672058,64.34996795654297
158.0550456047058,64.43060684204102
158.08538818359375,64.1126594543457
158.1159224510193,64.16815948486328
158.15808582305908,64.50276565551758
158.18918442726135,64.3644790649414
158.21994805335999,64.27407455444336
158.25019216537476,64.1449966430664
158.28028297424316,64.20222854614258
158.31280255317688,64.221435546875
158.34523630142212,64.11121368408203
158.38312458992004,64.45609664916992
158.413325548172,64.38925552368164
158.44506788253784,63.87376403808594
158.4783570766449,63.43722152709961
158.5104377269745,63.58042907714844
158.54060220718384,63.68961715698242
158.5726990699768,63.50664138793945
158.60339879989624,63.54582214355469
158.63502073287964,63.973209381103516
158.66652393341064,63.908878326416016
158.70140647888184,64.011962890625
158.7348017692566,63.90462112426758
158.76572489738464,63.69358825683594
158.79800009727478,63.60984802246094
158.8297622203827,63.739990234375
158.8615939617157,62.873558044433594
158.88964891433716,63.14094161987305
158.92539858818054,63.315921783447266
158.95532941818237,63.11803436279297
158.98516201972961,63.44175720214844
159.01611304283142,64.00350570678711
159.0477249622345,63.88853454589844
159.07570910453796,63.84048080444336
159.10539197921753,63.748748779296875
159.13709235191345,63.8354606628418
159.1785008907318,64.19808578491211
159.20713806152344,64.31863021850586
159.2317657470703,64.43655395507812
159.2582368850708,64.55783462524414
159.28925013542175,64.41343307495117
159.3167221546173,64.24663543701172
159.34562516212463,64.4832992553711
159.3743863105774,64.60751724243164
159.40688228607178,64.90375900268555
159.44449186325073,64.94709014892578
159.4715325832367,64.79473876953125
159.5021710395813,65.0201301574707
159.52761960029602,64.81120300292969
159.55499029159546,64.7532730102539
159.58322596549988,65.04529190063477
159.61576581001282,64.81604766845703
159.6458330154419,64.86373519897461
159.67483973503113,64.90975952148438
159.70369958877563,65.07334518432617
159.7318239212036,64.94334030151367
159.75965571403503,64.90033721923828
159.7871298789978,64.59846115112305
159.81826496124268,64.60534286499023
159.84506583213806,64.61563491821289
159.87342834472656,64.90242385864258
159.9015257358551,65.08241653442383
159.93021035194397,65.13834381103516
159.9580888748169,64.73851776123047
159.9866373538971,64.74168014526367
160.01300048828125,64.80715560913086
160.04001879692078,64.95755767822266
160.07906794548035,65.13090133666992
160.1057596206665,64.80366134643555
160.1339943408966,64.9404411315918
160.16480159759521,65.24224853515625
160.1931185722351,65.18865585327148
160.22167468070984,65.25139236450195
160.25431728363037,65.35556411743164
160.28212594985962,65.09727096557617
160.31161522865295,65.09410095214844
160.34069442749023,64.83083724975586
160.3690116405487,64.94221115112305
160.3980212211609,65.28319549560547
160.43519377708435,65.1240119934082
160.46349263191223,64.46953964233398
160.49019765853882,64.50050354003906
160.5247504711151,64.83337783813477
160.5519983768463,64.13457489013672
160.57816648483276,64.27705383300781
160.6037631034851,64.6142349243164
160.63128304481506,64.60606002807617
160.6620602607727,64.62574768066406
160.69509840011597,64.59601211547852
160.7222363948822,64.63198852539062
160.749849319458,64.26948547363281
160.7784366607666,64.31594848632812
160.80781435966492,64.35192108154297
160.8391101360321,64.50622177124023
160.86601877212524,64.60127258300781
160.89336848258972,64.40822219848633
160.92572665214539,64.7202033996582
160.95706629753113,64.83340072631836
160.9916386604309,64.71237564086914
161.0200662612915,64.18563079833984
161.04750061035156,64.2252311706543
161.0754463672638,64.43844985961914
161.10257601737976,64.43347549438477
161.12984013557434,64.06045150756836
161.16091227531433,63.591453552246094
161.19066262245178,63.801551818847656
161.21812677383423,63.608856201171875
161.24422407150269,63.55889129638672
161.27232336997986,63.35393142700195
161.30159282684326,63.554466247558594
161.32878255844116,63.65213394165039
161.35805535316467,63.569637298583984
161.38550353050232,63.73272705078125
161.4151725769043,63.99128723144531
161.4433753490448,63.768043518066406
161.47175002098083,64.11640167236328
161.49736976623535,64.26676559448242
161.52563643455505,64.15632629394531
161.5535068511963,64.17861557006836
161.58011865615845,64.42875671386719
161.60649251937866,64.2747688293457
161.632230758667,64.40813827514648
161.65880346298218,64.07417678833008
161.68604350090027,64.17061233520508
161.71358489990234,64.19295501708984
161.73954439163208,63.95345687866211
161.76508331298828,64.1621322631836
161.7908730506897,64.14441299438477
161.81709599494934,63.96407699584961
161.8428452014923,63.87714767456055
161.86912631988525,63.45779800415039
161.8989360332489,63.437232971191406
161.92931151390076,63.55998229980469
161.95713782310486,63.78239440917969
161.9828085899353,63.93793487548828
162.00940465927124,64.40767288208008
162.04041695594788,64.45557403564453
162.07019019126892,64.4094352722168
162.09666895866394,64.43490982055664
162.1248779296875,64.58197402954102
162.15526723861694,64.59296798706055
162.19831323623657,64.7166976928711
162.22822666168213,64.06783676147461
162.25860619544983,64.5650405883789
162.29160499572754,64.77574920654297
162.32109785079956,64.39529800415039
162.3507218360901,64.31047821044922
162.3808479309082,64.09537506103516
162.41158628463745,64.15201950073242
162.44407749176025,64.39049530029297
162.4821696281433,64.25802993774414
162.51479029655457,64.31985855102539
162.54482197761536,64.69826126098633
162.5779948234558,64.55350112915039
162.60823249816895,64.50425720214844
162.64011526107788,64.1002082824707
162.6714596748352,64.42181396484375
162.70406031608582,64.40337371826172
162.73354053497314,64.71104431152344
162.76315903663635,64.708251953125
162.80439829826355,64.93937683105469
162.83640146255493,64.81832122802734
162.86630749702454,64.82329940795898
162.9133288860321,64.98675537109375
162.94587445259094,64.71889877319336
162.97768807411194,64.75346755981445
163.0076653957367,64.7366828918457
163.03643918037415,64.94494247436523
163.0657980442047,64.91646194458008
163.0928406715393,64.11895370483398
163.12038135528564,64.0161018371582
163.15056252479553,64.27762222290039
163.1803421974182,64.37923049926758
163.20911931991577,64.54996871948242
163.23877716064453,64.30827331542969
163.2698895931244,64.62334823608398
163.29797792434692,64.57160949707031
163.32384157180786,64.53086471557617
163.35236501693726,64.22634506225586
163.3815279006958,64.1614761352539
163.41079139709473,63.65242385864258
163.43904519081116,63.77201843261719
163.4696979522705,63.84452438354492
163.50012183189392,64.01437377929688
163.53019189834595,64.1976203918457
163.55902409553528,64.18244552612305
163.58821773529053,64.72529983520508
163.61837935447693,64.58827590942383
163.64798736572266,64.76102828979492
163.67730259895325,63.880008697509766
163.7046356201172,63.609107971191406
163.7332944869995,63.467254638671875
163.76084208488464,63.356422424316406
163.78916144371033,63.82405471801758
163.81743669509888,63.76432418823242
163.84387588500977,64.06417083740234
163.87267899513245,64.09078216552734
163.90073370933533,63.979736328125
163.92734003067017,64.18499755859375
163.95425987243652,63.79519271850586
163.98345232009888,64.20484924316406
164.01196551322937,63.44240188598633
164.04309630393982,63.82893371582031
164.07684779167175,64.27720642089844
164.1082022190094,64.40784072875977
164.1409776210785,64.3194580078125
164.17123222351074,64.76946640014648
164.20129323005676,64.89243698120117
164.2312445640564,64.688232421875
164.26492857933044,64.39949417114258
164.29638504981995,64.28450012207031
164.32835507392883,64.41123962402344
164.35896944999695,64.75267791748047
164.3898708820343,64.60540771484375
164.42064023017883,64.35770797729492
164.45472311973572,64.14118957519531
164.4887125492096,64.10674285888672
164.52110052108765,64.14048767089844
164.5551941394806,63.913490295410156
164.58520030975342,63.04890441894531
164.61442875862122,63.22244644165039
164.64418482780457,63.4268684387207
164.6749038696289,63.5172119140625
164.70686030387878,63.42267990112305
164.73983883857727,63.40365219116211
164.76857233047485,63.40569305419922
164.79907512664795,63.3970947265625
164.8286213874817,63.4233512878418
164.85984349250793,63.16966247558594
164.8893005847931,63.53938674926758
164.91918849945068,63.92576599121094
164.9500617980957,64.15659713745117
164.9806957244873,64.01616668701172
165.01449298858643,64.47621536254883
165.0475115776062,64.41569519042969
165.07877945899963,64.15398025512695
165.11235666275024,63.57426834106445
165.141587972641,64.05903625488281
165.17520356178284,64.41399765014648
165.20780038833618,64.29249572753906
165.24131274223328,64.66318893432617
165.27356886863708,64.72497177124023
165.30314469337463,64.8220100402832
165.33513832092285,64.5797348022461
165.36725544929504,64.37997055053711
165.39787769317627,64.3701400756836
165.4250955581665,64.35757827758789
165.45861172676086,64.3119888305664
165.48854160308838,64.04474639892578
165.5211398601532,64.2022933959961
165.55084657669067,64.33590316772461
165.58086156845093,64.04007339477539
165.61299324035645,64.18558120727539
165.64289140701294,63.84678649902344
165.67563343048096,63.757041931152344
165.7054090499878,63.98586654663086
165.7344253063202,63.78772735595703
165.76866602897644,63.63583755493164
165.79980659484863,63.79127502441406
165.8293399810791,63.934242248535156
165.85957264900208,64.21483612060547
165.8903205394745,64.1036262512207
165.92156314849854,64.25095748901367
165.9518485069275,64.39777374267578
165.98268723487854,63.53522491455078
166.01386427879333,63.88794708251953
166.04736018180847,63.969146728515625
166.07901811599731,63.55889129638672
166.11130714416504,63.91146469116211
166.14250946044922,64.37545394897461
166.1726474761963,64.10404968261719
166.20425271987915,64.12646102905273
166.23516035079956,64.13545608520508
166.26548194885254,64.55363845825195
166.297132730484,64.46742248535156
166.33143830299377,64.23579025268555
166.35960221290588,64.5901107788086
166.39028143882751,64.67030334472656
166.41815519332886,64.59456634521484
166.4466323852539,64.7210922241211
166.47286748886108,64.75459671020508
166.5010278224945,65.16215515136719
166.5291256904602,64.83256530761719
166.55708765983582,64.75264739990234
166.58547735214233,64.02642059326172
166.61483907699585,64.26610565185547
166.64175367355347,64.43730163574219
166.67386937141418,64.96202087402344
166.708988904953,65.10591506958008
166.73747897148132,64.97796249389648
166.7667520046234,64.16346740722656
166.79620003700256,64.1741943359375
166.8246328830719,64.27278137207031
166.85396528244019,64.41128540039062
166.88057708740234,64.2851333618164
166.91521406173706,64.49458312988281
166.94277667999268,64.15432739257812
166.970876455307,64.32441711425781
166.99667620658875,64.57666015625
167.02515482902527,64.30744552612305
167.05446910858154,64.42505264282227
167.08513879776,64.42532348632812
167.11107635498047,64.72843933105469
167.14342832565308,63.887935638427734
167.1724932193756,63.031150817871094
167.20095467567444,63.62782669067383
167.22838592529297,63.56448745727539
167.25679993629456,63.40467834472656
167.28545904159546,63.374549865722656
167.31439232826233,63.39057922363281
167.34067177772522,63.6401481628418
167.36962962150574,63.371761322021484
167.39889526367188,63.39072036743164
167.42789769172668,63.66004943847656
167.45722317695618,63.524349212646484
167.48575353622437,63.69618225097656
167.5149371623993,63.425907135009766
167.54273676872253,63.49163055419922
167.5708363056183,63.5386848449707
167.59895944595337,63.86701202392578
167.62414264678955,63.95140838623047
167.65285778045654,64.1363754272461
167.68089962005615,64.02726364135742
167.70920777320862,63.82339859008789
167.73773217201233,63.88329315185547
167.76619482040405,63.22477722167969
167.79393482208252,63.11049270629883
167.81980752944946,63.24651336669922
167.8448166847229,62.99043655395508
167.87098383903503,62.979373931884766
167.8973093032837,63.05323028564453
167.92121934890747,63.13984298706055
167.94587063789368,63.26923751831055
167.97120308876038,63.11191177368164
168.00019931793213,63.269039154052734
168.02664923667908,63.60236740112305
168.04986310005188,63.92683792114258
168.07230615615845,63.8348388671875
168.10173225402832,64.18070602416992
168.1360194683075,64.44588851928711
168.16754508018494,64.37890243530273
168.20154356956482,64.56204605102539
168.2331907749176,64.83351135253906
168.26350951194763,64.44619369506836
168.29379439353943,64.46131134033203
168.31976771354675,64.02623748779297
168.3480191230774,63.84095001220703
168.37559819221497,64.19588088989258
168.40197372436523,64.36788940429688
168.4284381866455,64.34380340576172
168.4564929008484,64.04084014892578
168.4846761226654,64.1211929321289
168.51099371910095,63.960235595703125
168.54081201553345,64.27123260498047
168.5696985721588,64.39983367919922
168.59758758544922,63.95686340332031
168.62664651870728,64.33027267456055
168.65300965309143,64.16456604003906
168.67919325828552,63.974212646484375
168.70640349388123,63.99856185913086
168.73417377471924,63.90372085571289
168.76009225845337,64.06101608276367
168.78722047805786,64.14645385742188
168.8137264251709,64.33545684814453
168.84022116661072,64.47724151611328
168.86851811408997,64.34125518798828
168.89544034004211,64.41912078857422
168.9238588809967,64.46009063720703
168.95006465911865,64.60866928100586
168.97611737251282,64.93618774414062
169.00472354888916,64.93880844116211
169.0343999862671,64.7882308959961
169.06053280830383,64.40926742553711
169.08868145942688,64.40623092651367
169.11707639694214,64.14563751220703
169.144513130188,64.61814880371094
169.173823595047,64.35519027709961
169.20370244979858,64.53676223754883
169.23182940483093,64.53135299682617
169.25705909729004,63.9930534362793
169.28145241737366,63.75898742675781
169.3060064315796,63.38933563232422
169.32983875274658,63.5397834777832
169.35374188423157,63.59687423706055
169.37797784805298,63.3726692199707
169.40449905395508,63.561431884765625
169.42829394340515,63.640838623046875
169.4530918598175,63.84766387939453
169.4770212173462,63.7122688293457
169.5022315979004,63.54851150512695
169.52650833129883,63.681190490722656
169.5504505634308,63.701202392578125
169.57451272010803,63.82910919189453
169.59947276115417,63.70974349975586
169.62327194213867,63.77481460571289
169.64656376838684,63.582462310791016
169.66968536376953,63.619911193847656
169.69395184516907,63.84712600708008
169.71845030784607,63.542388916015625
169.74357843399048,63.905025482177734
169.7672140598297,63.82998275756836
169.7918996810913,63.54458236694336
169.81566333770752,63.34803771972656
169.84130811691284,63.34145736694336
169.86586117744446,63.59166717529297
169.89026188850403,63.03067398071289
169.91546058654785,62.838157653808594
169.93914651870728,62.6187629699707
169.96322417259216,62.811065673828125
169.98675847053528,62.892337799072266
170.0118601322174,62.706703186035156
170.03635430335999,62.887054443359375
170.06048226356506,63.16981887817383
170.08404970169067,63.220584869384766
170.10950756072998,62.810611724853516
170.13265347480774,63.333885192871094
170.15613651275635,63.532470703125
170.17980289459229,63.67463302612305
170.20313572883606,63.98876953125
170.22673058509827,63.4763298034668
170.24969959259033,63.937461853027344
170.27244925498962,64.03907775878906
170.2967188358307,63.719825744628906
170.31945943832397,63.492454528808594
170.3412902355194,63.56453323364258
170.36454105377197,63.387630462646484
170.3880500793457,63.38213348388672
170.4144628047943,63.087913513183594
170.4385814666748,63.30876922607422
170.46304321289062,63.46295928955078
170.48735332489014,63.56657409667969
170.51126980781555,63.74654006958008
170.5351207256317,63.53786087036133
170.5597538948059,62.96078109741211
170.58468508720398,63.066959381103516
170.60807943344116,63.521244049072266
170.6313304901123,63.481361389160156
170.655047416687,63.32191467285156
170.6785762310028,63.554683685302734
170.70115327835083,63.23093795776367
170.7248342037201,63.30738830566406
170.74997091293335,63.39537811279297
170.77498292922974,63.5283203125
170.79839253425598,63.5771598815918
170.82342767715454,63.35995864868164
170.84746956825256,63.53425598144531
170.87161588668823,63.871742248535156
170.89522695541382,64.00518798828125
170.91882419586182,64.20025253295898
170.94256615638733,64.24007415771484
170.96595120429993,64.48221969604492
170.9894642829895,64.61261367797852
171.0127592086792,64.46106719970703
171.03587198257446,64.33784484863281
171.05928659439087,64.29450225830078
171.08284878730774,63.98970031738281
171.1073122024536,63.49210739135742
171.13103580474854,63.73785400390625
171.15769958496094,63.48979568481445
171.18222880363464,64.01928329467773
171.20693397521973,64.36429977416992
171.23331761360168,64.70792770385742
171.25787687301636,64.33437728881836
171.28118133544922,64.10280990600586
171.30445528030396,63.79719543457031
171.3300621509552,63.81742858886719
171.35300946235657,63.61974334716797
171.37671208381653,63.24599838256836
171.40216898918152,63.595516204833984
171.42581844329834,63.73057556152344
171.44908237457275,63.66685485839844
171.4730019569397,63.7450065612793
171.49715638160706,63.92961883544922
171.52898526191711,64.1263313293457
171.56733202934265,64.4453353881836
171.59153199195862,64.52973556518555
171.6170711517334,64.4083251953125
171.64106607437134,63.98432159423828
171.66449809074402,64.05710983276367
171.6878457069397,64.26231002807617
171.71281170845032,63.83940124511719
171.73682475090027,63.961368560791016
171.7606074810028,64.01409149169922
171.78409552574158,64.32210159301758
171.80711483955383,64.23990249633789
171.83106088638306,64.26727294921875
171.85521268844604,64.06698989868164
171.8794867992401,64.23907470703125
171.90296149253845,64.27529525756836
171.92691469192505,64.31300735473633
171.95080995559692,64.48368453979492
171.97386503219604,64.69633102416992
172.00050497055054,64.94984436035156
172.02643179893494,65.3453254699707
172.04975986480713,64.95930099487305
172.0732066631317,64.94243621826172
172.1007821559906,64.5040168762207
172.12520146369934,64.22046661376953
172.1495020389557,64.34260940551758
172.1732053756714,64.18083572387695
172.20028162002563,64.31518936157227
172.23076367378235,64.3715934753418
172.25395107269287,64.43734741210938
172.27867460250854,64.36491012573242
172.30405497550964,64.71829223632812
172.33368182182312,64.80256271362305
172.35841178894043,64.06719589233398
172.3823380470276,63.94932174682617
172.40667819976807,64.31173706054688
172.43203353881836,64.16223907470703
172.45612287521362,64.12091827392578
172.48038911819458,64.16683959960938
172.50455045700073,64.24042129516602
172.5295262336731,63.52669906616211
172.5632128715515,63.630950927734375
172.58648300170898,63.44594955444336
172.61097192764282,63.278751373291016
172.6364712715149,63.62395095825195
172.66615843772888,63.73816680908203
172.70075702667236,63.85055923461914
172.72724270820618,63.607418060302734
172.75608825683594,63.856361389160156
172.78264665603638,64.0346794128418
172.81940627098083,64.28349685668945
172.85097980499268,64.2864875793457
172.88382172584534,64.62909317016602
172.90935730934143,64.3493881225586
172.93456554412842,64.1556167602539
172.96004581451416,63.893802642822266
172.99744772911072,63.928253173828125
173.02169060707092,63.75429916381836
173.04573154449463,64.07837295532227
173.0719132423401,63.888919830322266
173.09606289863586,64.04212951660156
173.13264179229736,63.92969512939453
173.15830874443054,63.790218353271484
173.19068479537964,64.2854232788086
173.23176455497742,64.44839477539062
173.26178312301636,64.41349411010742
173.29156947135925,64.12185287475586
173.321763753891,63.445491790771484
173.34937000274658,63.49433135986328
173.37677645683289,63.38368225097656
173.41900181770325,63.674400329589844
173.45782709121704,63.59764099121094
173.48600721359253,63.22346878051758
173.51584362983704,62.952171325683594
173.54783749580383,62.57170867919922
173.5765151977539,62.6740608215332
173.60379552841187,62.66084289550781
173.6376552581787,62.5223274230957
173.66917991638184,62.00368118286133
173.69939756393433,62.451416015625
173.73098278045654,62.77388381958008
173.77652430534363,62.846221923828125
173.8088948726654,63.130836486816406
173.84636878967285,62.75808334350586
173.87863540649414,62.33453369140625
173.90955781936646,62.44164276123047
173.94250512123108,62.19127655029297
173.97381949424744,62.1464958190918
174.00931859016418,62.17414093017578
174.04113912582397,62.60853958129883
174.07367825508118,62.26300048828125
174.10234904289246,61.9959831237793
174.13336086273193,62.115726470947266
174.1647984981537,62.2398567199707
174.19760155677795,62.14023971557617
174.2305109500885,62.0004768371582
174.26214218139648,62.16635513305664
174.29246020317078,62.32433319091797
174.33389353752136,62.40811538696289
174.36605262756348,62.591678619384766
174.4021179676056,62.65310287475586
174.43299674987793,62.660892486572266
174.46877884864807,62.98179626464844
174.50494623184204,62.7151985168457
174.53726148605347,62.9122314453125
174.57067275047302,62.69053268432617
174.60202264785767,62.834800720214844
174.63525700569153,62.22011947631836
174.67526531219482,62.788917541503906
174.71111512184143,62.26066970825195
174.7431035041809,62.343318939208984
174.77124643325806,62.38542556762695
174.80136966705322,62.76210021972656
174.83026885986328,62.93301773071289
174.86090326309204,62.85609436035156
174.89498019218445,62.22344207763672
174.92711544036865,61.61115264892578
174.95787715911865,61.56024169921875
174.99203062057495,61.880126953125
175.02505135536194,61.729270935058594
175.05509781837463,62.00461959838867
175.08745408058167,61.99821853637695
175.12138271331787,62.0775032043457
175.151704788208,62.135738372802734
175.18458223342896,61.92441940307617
175.22067284584045,62.10900115966797
175.25302815437317,62.06449508666992
175.28459453582764,62.06084442138672
175.31455612182617,61.98847961425781
175.3506636619568,62.158390045166016
175.3819181919098,61.72810363769531
175.41346406936646,61.659751892089844
175.44729614257812,60.797672271728516
175.47913932800293,60.45415115356445
175.5119550228119,60.519432067871094
175.54413962364197,59.842769622802734
175.57400679588318,59.697044372558594
175.60295629501343,59.719966888427734
175.6337924003601,59.68407440185547
175.66574549674988,59.67670440673828
175.69917225837708,59.247379302978516
175.73032450675964,58.994346618652344
175.75911831855774,59.024559020996094
175.79086780548096,59.04882049560547
175.82126092910767,58.69752502441406
175.85074424743652,58.710914611816406
175.88356471061707,58.96345138549805
175.9151530265808,59.191856384277344
175.94784259796143,59.19245529174805
175.9816608428955,58.98562240600586
176.01104545593262,59.31834411621094
176.04101157188416,59.24931335449219
176.07545709609985,59.09143829345703
176.10820388793945,59.41988754272461
176.14332246780396,59.28968811035156
176.17890691757202,59.29969024658203
176.21505165100098,59.30729675292969
176.25223994255066,59.75312423706055
176.28139758110046,59.386138916015625
176.31315660476685,59.53941345214844
176.34398293495178,59.5482292175293
176.37673139572144,59.73876953125
176.41159510612488,59.21982955932617
176.4431803226471,59.274497985839844
176.47365188598633,58.997615814208984
176.50596356391907,59.257720947265625
176.53773093223572,59.331905364990234
176.56836485862732,59.151859283447266
176.6003487110138,59.3107795715332
176.63214230537415,59.674198150634766
176.66260409355164,59.777828216552734
176.6958463191986,59.60491943359375
176.72648525238037,59.5687141418457
176.75801038742065,59.016075134277344
176.79045581817627,59.11681365966797
176.81986570358276,59.309326171875
176.848051071167,59.24625015258789
176.87890577316284,59.039798736572266
176.91020584106445,58.15121841430664
176.93982243537903,58.45140838623047
176.97102904319763,58.47734451293945
177.00310683250427,58.51240921020508
177.03336906433105,58.50372314453125
177.05902910232544,58.22915267944336
177.08306407928467,58.47783660888672
177.10963773727417,58.5831298828125
177.13850617408752,58.783714294433594
177.16807198524475,58.49323272705078
177.19736742973328,58.76207733154297
177.2231481075287,59.15200424194336
177.25108361244202,59.24172592163086
177.27647352218628,59.395870208740234
177.3049373626709,58.577022552490234
177.3328733444214,58.036991119384766
177.36144948005676,58.15066146850586
177.39090847969055,58.10515594482422
177.42361092567444,58.33893585205078
177.45207357406616,58.21870040893555
177.4808542728424,58.3323974609375
177.51016426086426,58.28231430053711
177.5371856689453,58.46707534790039
177.56286716461182,58.384666442871094
177.59073209762573,58.29074478149414
177.6200168132782,58.27211380004883
177.65042972564697,57.994842529296875
177.68185949325562,58.167930603027344
177.71356678009033,58.51588821411133
177.7470383644104,58.56092834472656
177.780659198761,58.533138275146484
177.8155975341797,58.653717041015625
177.8485598564148,58.437110900878906
177.88020539283752,58.575077056884766
177.91200852394104,58.1981086730957
177.94470691680908,58.3037109375
177.97757935523987,58.38589859008789
178.00941824913025,58.65376663208008
178.04200983047485,58.3838005065918
178.07257723808289,58.26701736450195
178.1030731201172,58.28309631347656
178.13559746742249,58.08954620361328
178.1649363040924,58.053619384765625
178.19724369049072,58.10737228393555
178.2256155014038,58.08568572998047
178.25828385353088,57.834259033203125
178.29101181030273,58.14393997192383
178.31937313079834,58.265892028808594
178.34797883033752,58.46965026855469
178.3746132850647,58.664215087890625
178.40219140052795,58.647159576416016
178.43195271492004,58.5161018371582
178.45942783355713,58.57783508300781
178.485111951828,58.75021743774414
178.5128607749939,58.71630096435547
178.53873467445374,58.735164642333984
178.56945252418518,58.839256286621094
178.59370350837708,58.01361083984375
178.61850094795227,58.26890563964844
178.64484977722168,58.31230163574219
178.668612241745,58.134517669677734
178.6922025680542,57.6298942565918
178.71700382232666,57.566532135009766
178.74222874641418,57.99553680419922
178.76758003234863,57.75590515136719
178.79199028015137,57.68806838989258
178.81742668151855,57.905391693115234
178.84146523475647,58.13914108276367
178.86513090133667,57.87876510620117
178.88947582244873,57.776634216308594
178.91368770599365,58.0069580078125
178.9398078918457,57.60310363769531
178.96348237991333,57.450523376464844
178.98791360855103,57.02745819091797
179.01366639137268,57.304771423339844
179.03923225402832,57.573307037353516
179.06561970710754,57.797298431396484
179.08991932868958,57.43754577636719
179.11371684074402,57.63168716430664
179.13957405090332,57.60601806640625
179.16463685035706,57.652557373046875
179.19278931617737,57.48484802246094
179.2206151485443,56.96591567993164
179.24997186660767,57.008262634277344
179.28098821640015,56.83341598510742
179.31044459342957,56.63470458984375
179.3396508693695,56.612998962402344
179.37018394470215,56.755882263183594
179.40031337738037,56.978214263916016
179.42851376533508,57.35829162597656
179.45825481414795,57.20098114013672
179.48767113685608,57.46575164794922
179.51749086380005,57.21290969848633
179.54767322540283,57.05520248413086
179.57596516609192,56.960941314697266
179.60573148727417,57.3109130859375
179.63473749160767,57.5375862121582
179.66438126564026,57.57653045654297
179.69323205947876,57.371097564697266
179.72193789482117,57.27192687988281
179.7520830631256,56.72219467163086
179.7806215286255,56.845176696777344
179.80936002731323,57.015106201171875
179.83795833587646,56.87246322631836
179.86658334732056,56.29707336425781
179.89547061920166,56.14719772338867
179.9242935180664,56.13292694091797
179.95119714736938,55.900821685791016
179.98526883125305,55.76324462890625
180.01753306388855,55.940879821777344
180.05142974853516,55.97569274902344
180.08100271224976,55.79947280883789
180.10905599594116,56.26093292236328
180.139230966568,56.24498748779297
180.16980648040771,56.58406066894531
180.19828915596008,56.51820373535156
180.22868633270264,55.50135040283203
180.2611632347107,55.63877868652344
180.28805994987488,55.71009826660156
180.31867671012878,55.64519119262695
180.3503556251526,55.80787658691406
180.37882947921753,56.00682067871094
180.40739059448242,56.421878814697266
180.43661284446716,56.37516403198242
180.46540760993958,56.16157531738281
180.49593687057495,56.03179168701172
180.5264914035797,56.20273208618164
180.55568981170654,56.488765716552734
180.58186292648315,56.143348693847656
180.61199808120728,56.15738296508789
180.63994526863098,56.290103912353516
180.66691279411316,56.30275344848633
180.69501209259033,56.015350341796875
180.72295808792114,56.07648468017578
180.75369548797607,55.78880310058594
180.78322649002075,56.05046463012695
180.81257271766663,56.37421798706055
180.8412868976593,56.164981842041016
180.87021374702454,55.897457122802734
180.8993525505066,55.95649719238281
180.9238624572754,56.04926681518555
180.94906210899353,56.05970001220703
180.9751980304718,56.35493469238281
181.00094985961914,56.578453063964844
181.0271966457367,56.5234375
181.05322456359863,56.166072845458984
181.08351683616638,56.26112365722656
181.10967993736267,55.68439483642578
181.13655304908752,55.838096618652344
181.16283082962036,55.896881103515625
181.18994235992432,56.095157623291016
181.21842551231384,55.81287384033203
181.24562621116638,55.94633483886719
181.27404260635376,56.09492492675781
181.30167150497437,56.36198043823242
181.32848715782166,56.63115310668945
181.35542798042297,56.56630325317383
181.3842055797577,56.0619010925293
181.41139817237854,55.96744918823242
181.43941569328308,56.09800338745117
181.46878910064697,56.26079559326172
181.49610257148743,56.454288482666016
181.5244119167328,56.443641662597656
181.55026698112488,56.11945724487305
181.57786393165588,56.19970703125
181.60647320747375,56.113407135009766
181.63482928276062,56.48020553588867
181.66125965118408,56.51793670654297
181.6884195804596,56.31743621826172
181.7164752483368,56.59342575073242
181.74267721176147,56.408935546875
181.77114033699036,56.2291374206543
181.79940032958984,56.275779724121094
181.82781195640564,56.31852340698242
181.85821342468262,56.181392669677734
181.88620924949646,56.35292434692383
181.91574716567993,56.26492691040039
181.9445731639862,56.18756103515625
181.97344422340393,56.528560638427734
182.00182390213013,56.51798629760742
182.0321044921875,56.36996078491211
182.05719661712646,56.78629684448242
182.08284997940063,56.97039794921875
182.10920929908752,56.75204086303711
182.13551259040833,56.93699645996094
182.16342902183533,57.23701858520508
182.19352865219116,57.091854095458984
182.22151041030884,57.19358825683594
182.2481231689453,56.80351257324219
182.2753984928131,55.57542037963867
182.30471777915955,54.93651580810547
182.33233618736267,55.37521743774414
182.3655252456665,55.488155364990234
182.3983118534088,55.71317672729492
182.42913913726807,54.696022033691406
182.45401811599731,54.500511169433594
182.477365732193,54.4301643371582
182.50374937057495,54.71143341064453
182.52754545211792,54.890262603759766
182.55098271369934,54.75513458251953
182.57413148880005,54.9988899230957
182.59968972206116,55.04563522338867
182.6242606639862,55.09383010864258
182.64915204048157,55.093990325927734
182.6751070022583,54.863468170166016
182.70057368278503,54.75837326049805
182.72526240348816,54.65528106689453
182.748770236969,54.36341094970703
182.7726845741272,54.41221237182617
182.79669427871704,54.76396942138672
182.82073140144348,54.67460250854492
182.84583282470703,54.667266845703125
182.87107968330383,54.61634063720703
182.89647388458252,54.61642837524414
182.92052388191223,54.58412551879883
182.944757938385,54.74142074584961
182.96821093559265,54.87098693847656
182.992173910141,54.82204055786133
183.0169825553894,54.412776947021484
183.04262924194336,54.89482116699219
183.06655836105347,54.88206481933594
183.09021496772766,55.025760650634766
183.114351272583,55.08180618286133
183.13836646080017,54.51042938232422
183.16303658485413,54.332984924316406
183.19315123558044,54.235748291015625
183.21910500526428,54.652767181396484
183.243891954422,54.39464569091797
183.26787209510803,54.470985412597656
183.29067730903625,54.786075592041016
183.31557202339172,54.71699905395508
183.33962726593018,54.59444808959961
183.3623869419098,54.84695053100586
183.38605403900146,54.960548400878906
183.4100308418274,54.86625289916992
183.43326926231384,54.908687591552734
183.45709228515625,54.51485061645508
183.48607349395752,54.388893127441406
183.51733994483948,54.13994216918945
183.55422973632812,53.7501220703125
183.5818898677826,54.17909622192383
183.61265468597412,54.241172790527344
183.64653205871582,53.78788757324219
183.6756706237793,53.969669342041016
183.70107913017273,54.15657043457031
183.72525215148926,53.95570755004883
183.74841904640198,53.865055084228516
183.7711112499237,53.96587371826172
183.79398274421692,54.02354049682617
183.8180181980133,54.106624603271484
183.8417510986328,54.13005065917969
183.86524653434753,54.41814422607422
183.8891122341156,53.96867752075195
183.91361451148987,54.116214752197266
183.93667840957642,54.23838424682617
183.9600522518158,53.68496322631836
183.98328971862793,53.806339263916016
184.00874423980713,54.073692321777344
184.03374028205872,54.12913513183594
184.05718064308167,54.12153244018555
184.08136248588562,53.83842086791992
184.10639309883118,53.926536560058594
184.13044333457947,53.787322998046875
184.15558695793152,53.558143615722656
184.18418550491333,53.79014587402344
184.21137475967407,53.87120819091797
184.23731756210327,53.29413604736328
184.2648742198944,53.04690933227539
184.29215121269226,52.77862548828125
184.3199977874756,53.26987075805664
184.34830331802368,53.08380126953125
184.37751817703247,53.26263427734375
184.40766716003418,53.3717041015625
184.43583369255066,53.07545471191406
184.46378803253174,53.62788391113281
184.4939203262329,53.735748291015625
184.52057147026062,53.80839538574219
184.5551619529724,54.08760452270508
184.60056114196777,54.10469055175781
184.637531042099,53.87450408935547
184.67472219467163,53.552093505859375
184.71650791168213,53.33134078979492
184.75378608703613,52.91265106201172
184.78732109069824,52.640899658203125
184.82648968696594,52.99528884887695
184.8608124256134,53.36930847167969
184.90161561965942,52.89201354980469
184.94062972068787,53.0521125793457
184.98035597801208,53.0032844543457
185.0196397304535,52.984745025634766
185.05683422088623,53.02511215209961
185.09377360343933,53.106201171875
185.13380026817322,53.18003845214844
185.1731505393982,53.52626419067383
185.20837712287903,53.73164749145508
185.24538230895996,53.4792594909668
185.27755069732666,53.185997009277344
185.31441116333008,53.29446029663086
185.3502902984619,52.611751556396484
185.38829398155212,51.91688919067383
185.4283630847931,52.17548751831055
185.4675977230072,52.247352600097656
185.50504541397095,51.32273483276367
185.5377812385559,51.770111083984375
185.57675862312317,51.762672424316406
185.61180567741394,51.60324478149414
185.64494132995605,51.59821701049805
185.67584896087646,51.225624084472656
185.71083664894104,50.88029861450195
185.74561524391174,50.79531478881836
185.77692651748657,50.9480094909668
185.8073263168335,51.139774322509766
185.83947157859802,50.9500846862793
185.8726875782013,51.13087844848633
185.9043288230896,51.414432525634766
185.94004082679749,51.394161224365234
185.97462034225464,51.46598815917969
186.0082676410675,51.89175033569336
186.04457998275757,51.84444046020508
186.07488822937012,51.80588150024414
186.10501170158386,51.680633544921875
186.1408281326294,51.63136672973633
186.1748685836792,51.448001861572266
186.20893955230713,51.68258285522461
186.23835682868958,51.50658416748047
186.26786994934082,51.70808410644531
186.30324053764343,51.38581085205078
186.33679008483887,51.58705139160156
186.3694989681244,51.26521301269531
186.4020709991455,51.3843994140625
186.4360044002533,51.4908561706543
186.4706780910492,51.55183792114258
186.50654864311218,51.758296966552734
186.53824424743652,51.666202545166016
186.57491827011108,51.74844741821289
186.60707664489746,51.67339324951172
186.6421570777893,51.45252990722656
186.67561674118042,51.09598159790039
186.7055094242096,51.0203742980957
186.7371006011963,50.76987838745117
186.76714825630188,51.043399810791016
186.80211210250854,51.362430572509766
186.83635997772217,51.677345275878906
186.8668074607849,51.73286056518555
186.89845418930054,51.558876037597656
186.9315221309662,51.51411056518555
186.96078491210938,51.06474304199219
186.98818612098694,50.818965911865234
187.01700711250305,50.577701568603516
187.0501880645752,50.686195373535156
187.08004665374756,50.537837982177734
187.11312007904053,50.305381774902344
187.14956545829773,49.646278381347656
187.18033027648926,49.95323944091797
187.21062564849854,49.30735397338867
187.24145770072937,49.52228927612305
187.27413201332092,49.06167221069336
187.3052270412445,49.10419845581055
187.34229230880737,48.93284225463867
187.3768379688263,48.8652458190918
187.41159009933472,48.64785385131836
187.44224667549133,48.73649215698242
187.47362232208252,48.65090560913086
187.50487112998962,48.663970947265625
187.53313970565796,48.884254455566406
187.5652298927307,48.857181549072266
187.5958480834961,49.10118865966797
187.62457942962646,48.91632080078125
187.6533398628235,49.21335983276367
187.68792867660522,48.83291244506836
187.71816420555115,49.11676025390625
187.7472207546234,49.47766876220703
187.77768230438232,49.43329620361328
187.80782556533813,49.588802337646484
187.83756494522095,49.66371154785156
187.86856174468994,49.548831939697266
187.89829540252686,49.353153228759766
187.9247670173645,49.557395935058594
187.95071625709534,49.57939147949219
187.97794818878174,49.79727554321289
188.0063557624817,49.76401901245117
188.0402216911316,49.85282897949219
188.07488751411438,49.500423431396484
188.10236978530884,49.35849380493164
188.13275146484375,49.18096923828125
188.1636929512024,49.42558288574219
188.19705319404602,49.68710708618164
188.2299518585205,49.783329010009766
188.26050972938538,49.66513442993164
188.2936930656433,49.91433334350586
188.32473254203796,49.94717025756836
188.3545219898224,50.019081115722656
188.3863525390625,49.99702835083008
188.41918087005615,49.52247619628906
188.44950771331787,49.499610900878906
188.4784824848175,49.743656158447266
188.51783442497253,49.94661331176758
188.5515968799591,49.90784454345703
188.58317732810974,50.21651840209961
188.6165018081665,49.89436340332031
188.6485276222229,50.035369873046875
188.67720890045166,50.03843307495117
188.70770502090454,49.76069641113281
188.74126720428467,49.926387786865234
188.7766935825348,49.7756233215332
188.81191563606262,48.92181396484375
188.84232378005981,48.80288314819336
188.87621355056763,49.05756378173828
188.9137942790985,49.38764190673828
188.94916486740112,49.4298210144043
188.98224878311157,49.16592025756836
189.0113925933838,49.418846130371094
189.0421781539917,49.57846450805664
189.07533812522888,49.47681427001953
189.10649347305298,49.236942291259766
189.13579940795898,49.161293029785156
189.16651320457458,49.349456787109375
189.19629788398743,49.26179504394531
189.2264564037323,49.481258392333984
189.25809407234192,49.42268753051758
189.28978967666626,49.39771270751953
189.3209297657013,49.83828353881836
189.35449981689453,49.861228942871094
189.38523483276367,49.8114128112793
189.4223392009735,50.00312423706055
189.45684480667114,49.78507995605469
189.49398398399353,49.73870086669922
189.53237438201904,49.51265335083008
189.5699954032898,49.7871208190918
189.60374283790588,49.821128845214844
189.6357924938202,49.92495346069336
189.6732532978058,49.90182113647461
189.7097041606903,50.14337921142578
189.7445409297943,49.76729202270508
189.7763695716858,48.555755615234375
189.80707573890686,48.77875900268555
189.8369119167328,48.782264709472656
189.8680100440979,48.728424072265625
189.90355610847473,48.53911209106445
189.9351727962494,48.48590850830078
189.96789264678955,48.25666046142578
189.9989812374115,48.361385345458984
190.03217601776123,48.38644790649414
190.06492567062378,48.67856216430664
190.0969045162201,48.787254333496094
190.13004779815674,48.11943817138672
190.15929913520813,48.020713806152344
190.18801140785217,48.310298919677734
190.21833086013794,48.30904769897461
190.25087428092957,47.99557113647461
190.27793407440186,47.92604064941406
190.30522680282593,48.12906265258789
190.3328778743744,48.19762420654297
190.36075139045715,48.265933990478516
190.38701367378235,48.38229751586914
190.4121961593628,48.294105529785156
190.43789386749268,48.41646957397461
190.46244645118713,48.529052734375
190.48923873901367,47.84537887573242
190.51572108268738,47.64642333984375
190.54271626472473,47.58485412597656
190.56853818893433,47.84245300292969
190.5941276550293,47.641780853271484
190.62001085281372,47.72335433959961
190.64507150650024,47.69724655151367
190.67402625083923,47.55482864379883
190.7020423412323,47.858097076416016
190.73052167892456,47.7555046081543
190.7637050151825,47.137786865234375
190.7936007976532,47.01448440551758
190.82718133926392,46.462921142578125
190.8586721420288,46.41908264160156
190.89004755020142,46.83070755004883
190.92073798179626,46.27550506591797
190.95160841941833,46.38115310668945
190.9836094379425,46.34865951538086
191.0149703025818,46.501766204833984
191.04519724845886,46.09853744506836
191.07934308052063,45.42702102661133
191.11050057411194,45.44503402709961
191.14248919487,45.32584762573242
191.17401909828186,45.56654357910156
191.2050895690918,45.850685119628906
191.23823976516724,46.15046691894531
191.26842665672302,46.31520080566406
191.29877257347107,46.44677734375
191.3291482925415,46.004188537597656
191.35904741287231,46.25014114379883
191.38925313949585,45.44789505004883
191.41821217536926,45.343807220458984
191.4452977180481,45.46751403808594
191.4723608493805,45.48647689819336
191.5024757385254,45.66423034667969
191.5424952507019,45.85078048706055
191.56979155540466,45.827457427978516
191.59883522987366,46.21263122558594
191.6293330192566,45.834144592285156
191.66262006759644,45.981502532958984
191.69331073760986,45.59244155883789
191.7237949371338,45.997802734375
191.75466752052307,45.07769012451172
191.7866244316101,45.014949798583984
191.81521010398865,44.883644104003906
191.8448793888092,44.41450881958008
191.87731099128723,44.232643127441406
191.90959692001343,44.433929443359375
191.94089579582214,44.376136779785156
191.97111010551453,44.188323974609375
192.00150775909424,44.591529846191406
192.03974723815918,44.42914962768555
192.07469725608826,44.501502990722656
192.1071753501892,44.439735412597656
192.13942193984985,44.55156707763672
192.17596006393433,44.45954132080078
192.20492553710938,44.23891067504883
192.23751592636108,44.457244873046875
192.27156043052673,44.790138244628906
192.30703449249268,44.61590576171875
192.34262871742249,44.62080383300781
192.3805422782898,44.56135559082031
192.41681790351868,44.424739837646484
192.4519693851471,44.449676513671875
192.48955845832825,44.38550567626953
192.53056001663208,44.21935272216797
192.56657075881958,44.30915832519531
192.60146379470825,44.20992660522461
192.63613724708557,44.518760681152344
192.66523337364197,45.08906936645508
192.70481324195862,45.195735931396484
192.73725628852844,45.26634979248047
192.76556944847107,45.11273193359375
192.80415058135986,45.37572479248047
192.83845567703247,45.0738525390625
192.87542462348938,45.18209457397461
192.9113130569458,44.582767486572266
192.9472541809082,44.53408432006836
192.98336553573608,44.649261474609375
193.0150327682495,44.82353973388672
193.05168867111206,45.07218933105469
193.08137464523315,44.6368408203125
193.11457633972168,44.550601959228516
193.14338994026184,44.480995178222656
193.1815686225891,44.73921203613281
193.2128460407257,44.416255950927734
193.2486162185669,44.72957229614258
193.27921628952026,44.63827133178711
193.31174683570862,44.3580322265625
193.33946061134338,44.50168228149414
193.37588477134705,44.58488464355469
193.41349291801453,44.81497573852539
193.45470237731934,45.22653579711914
193.4910111427307,44.47325134277344
193.52118468284607,44.93117141723633
193.5538787841797,44.91200256347656
193.58846354484558,45.09789276123047
193.61899042129517,44.886573791503906
193.6545386314392,44.81338882446289
193.69175243377686,45.021873474121094
193.72765827178955,44.273101806640625
193.76446199417114,44.70183181762695
193.79695177078247,44.46817398071289
193.83411598205566,44.04363250732422
193.86769032478333,44.018028259277344
193.90334033966064,44.10735321044922
193.93804049491882,42.90121841430664
193.96850395202637,43.3018913269043
193.99876356124878,43.403587341308594
194.02982425689697,43.37258529663086
194.06389808654785,43.85514450073242
194.09575939178467,44.04651641845703
194.1281898021698,43.07582092285156
194.15815806388855,42.52737045288086
194.19006633758545,42.62935256958008
194.22202610969543,42.81363296508789
194.25434565544128,42.832969665527344
194.28529334068298,42.767478942871094
194.31476068496704,43.02876663208008
194.34431505203247,42.93779754638672
194.37886881828308,42.43795394897461
194.41075325012207,42.77299499511719
194.44062328338623,42.97636032104492
194.47527980804443,43.259979248046875
194.50572752952576,43.205589294433594
194.53557181358337,43.2802734375
194.56651377677917,43.37227249145508
194.5985791683197,43.103763580322266
194.63146877288818,43.53221893310547
194.66622400283813,43.466434478759766
194.70077657699585,42.913360595703125
194.731999874115,43.09572982788086
194.76148962974548,42.39264678955078
194.7887167930603,42.58680725097656
194.81637120246887,42.8994140625
194.84420371055603,42.152374267578125
194.87552881240845,42.10175704956055
194.90689611434937,42.067138671875
194.93957257270813,41.68597412109375
194.9668185710907,41.587310791015625
194.993914604187,41.4161491394043
195.0218904018402,41.776554107666016
195.04726457595825,41.60530090332031
195.07684230804443,41.37583541870117
195.10530638694763,41.776885986328125
195.14233589172363,41.73637390136719
195.17936420440674,42.14235305786133
195.20965027809143,41.8375358581543
195.23834776878357,41.7762451171875
195.26766109466553,41.983497619628906
195.29855918884277,41.83641052246094
195.32721209526062,42.059635162353516
195.35914421081543,42.31454086303711
195.38810896873474,42.22420120239258
195.41747617721558,42.567047119140625
195.44773650169373,42.46760559082031
195.47643494606018,42.23714065551758
195.50532293319702,42.382225036621094
195.53374910354614,42.2325553894043
195.56527018547058,42.352264404296875
195.59337067604065,42.04730224609375
195.62323689460754,42.175601959228516
195.651682138443,42.09613037109375
195.68249368667603,41.89861297607422
195.71197509765625,41.96890640258789
195.74959325790405,42.06092834472656
195.7858488559723,42.31675720214844
195.81857705116272,42.61587142944336
195.8513045310974,42.05772399902344
195.88230919837952,41.84073257446289
195.91369676589966,41.9888916015625
195.94453835487366,41.96278381347656
195.97557497024536,42.11174392700195
196.0075204372406,41.94957733154297
196.0410816669464,41.335838317871094
196.07199096679688,41.833980560302734
196.10344433784485,42.012596130371094
196.13547801971436,41.84663391113281
196.16840958595276,41.8136100769043
196.20492911338806,41.5070915222168
196.23679971694946,41.57719421386719
196.26658654212952,41.805423736572266
196.29975819587708,42.158119201660156
196.3325343132019,42.12913131713867
196.36525130271912,42.12957763671875
196.40047693252563,42.024574279785156
196.43107223510742,41.95770263671875
196.46480059623718,42.29566955566406
196.49605464935303,41.75198745727539
196.5280055999756,42.066036224365234
196.56148433685303,42.05781936645508
196.59553813934326,42.401756286621094
196.6268835067749,42.05031967163086
196.65909051895142,41.55457305908203
196.69060921669006,41.338680267333984
196.7265110015869,41.41045379638672
196.7620129585266,41.72054672241211
196.7931272983551,41.622745513916016
196.82356142997742,41.48698043823242
196.85522627830505,41.72340774536133
196.8856086730957,41.82093811035156
196.91686415672302,41.81291580200195
196.9477334022522,41.816532135009766
196.98108100891113,41.90185546875
197.01497840881348,41.64197540283203
197.04601073265076,41.71333312988281
197.0791049003601,42.08060836791992
197.1144094467163,41.98442459106445
197.1502513885498,41.248870849609375
197.178777217865,41.362571716308594
197.2120213508606,41.084007263183594
197.2410409450531,40.94863510131836
197.27257704734802,40.88151931762695
197.3064408302307,41.017372131347656
197.33616185188293,40.882606506347656
197.36835360527039,41.024959564208984
197.4013545513153,40.69429016113281
197.43081140518188,41.0386962890625
197.46119236946106,40.923824310302734
197.49469590187073,40.820919036865234
197.52710700035095,40.7133674621582
197.55845022201538,40.882232666015625
197.59016633033752,40.780025482177734
197.620099067688,41.077171325683594
197.65276408195496,41.18598937988281
197.68391180038452,41.00203323364258
197.7164444923401,40.97957992553711
197.74786472320557,40.283851623535156
197.77939009666443,40.176265716552734
197.81143045425415,40.59677505493164
197.84158658981323,40.83029556274414
197.87118482589722,40.55865478515625
197.90168118476868,40.775020599365234
197.93044114112854,40.401187896728516
197.9607493877411,40.08816146850586
197.99165415763855,39.8858642578125
198.02501606941223,39.88886642456055
198.05617928504944,39.779361724853516
198.08594155311584,39.749122619628906
198.11538076400757,39.71888732910156
198.14984011650085,40.04046630859375
198.17948937416077,40.46903991699219
198.20988512039185,40.7263069152832
198.23999786376953,40.80125427246094
198.27191948890686,40.67945098876953
198.30300450325012,40.627010345458984
198.3330521583557,40.694114685058594
198.36468172073364,40.715675354003906
198.3944752216339,40.387290954589844
198.4258291721344,40.19850540161133
198.45705103874207,40.21970748901367
198.48722314834595,40.45034408569336
198.51932168006897,39.97541809082031
198.55164051055908,39.33977127075195
198.58258509635925,39.595726013183594
198.61181139945984,39.414554595947266
198.64162492752075,39.235130310058594
198.671138048172,39.41035842895508
198.69998121261597,39.721900939941406
198.73024320602417,39.38570785522461
198.76129937171936,39.337196350097656
198.79186177253723,39.5334587097168
198.82393264770508,39.21818923950195
198.85482907295227,39.45201873779297
198.8870120048523,39.20360565185547
198.91826057434082,39.088104248046875
198.95153737068176,38.507720947265625
198.98299622535706,38.73518371582031
199.01453852653503,38.65336608886719
199.04912877082825,38.70684051513672
199.07824325561523,39.07656478881836
199.10812091827393,39.15020751953125
199.1423692703247,39.104732513427734
199.17376136779785,39.0455436706543
199.20368242263794,38.915348052978516
199.2356779575348,39.018531799316406
199.26807475090027,39.2595100402832
199.30317902565002,39.12656784057617
199.33242559432983,39.37800216674805
199.36481475830078,39.153289794921875
199.39676904678345,39.2083854675293
199.42589688301086,38.70096206665039
199.45771265029907,38.405372619628906
199.4884910583496,38.365787506103516
199.5180380344391,38.29422378540039
199.54959893226624,38.13785171508789
199.57903242111206,38.34256362915039
199.61300206184387,37.75486373901367
199.64547085762024,37.91584014892578
199.6763265132904,38.08186721801758
199.70870327949524,38.03764343261719
199.74016523361206,37.692237854003906
199.77192163467407,37.67629623413086
199.8008029460907,37.686988830566406
199.832350730896,37.820045471191406
199.85932755470276,37.187950134277344
199.88898587226868,37.12419509887695
199.9182050228119,37.14101028442383
199.94886994361877,36.9854621887207
199.97847485542297,37.05197525024414
200.00649881362915,37.33678436279297
200.03675150871277,37.23257827758789
200.06702041625977,37.141151428222656
200.09494853019714,37.66096115112305
200.12625694274902,37.29121780395508
200.15193367004395,37.289947509765625
200.17758989334106,37.57481384277344
200.20419645309448,37.54133224487305
200.23626708984375,37.394371032714844
200.2627410888672,37.74544143676758
200.28725123405457,37.83386993408203
200.3147804737091,37.61288070678711
200.3435070514679,37.02410125732422
200.37387537956238,37.088069915771484
200.40273332595825,37.07902908325195
200.43242859840393,37.149105072021484
200.45889329910278,36.48046875
200.48871684074402,36.65419006347656
200.51564645767212,36.645206451416016
200.54466223716736,36.223243713378906
200.575177192688,36.19572830200195
200.60594081878662,36.5028190612793
200.6349081993103,36.553565979003906
200.66493248939514,36.36497497558594
200.69183659553528,36.248741149902344
200.71963000297546,36.235107421875
200.7487587928772,36.234134674072266
200.77903246879578,36.570152282714844
200.80739331245422,36.4284553527832
200.8361246585846,36.76702880859375
200.8647837638855,36.463768005371094
200.8949694633484,36.497718811035156
200.92509150505066,36.645137786865234
200.95444059371948,36.69745635986328
200.9845700263977,36.52162170410156
201.01376342773438,35.7665901184082
201.04247117042542,36.07954025268555
201.0715000629425,35.870845794677734
201.10018658638,35.80353546142578
201.12722873687744,36.07461929321289
201.15551352500916,36.02528381347656
201.18449068069458,35.780059814453125
201.2134974002838,35.93592071533203
201.24269080162048,35.82583999633789
201.27204370498657,36.29557418823242
201.30161309242249,36.09998321533203
201.3308789730072,36.053375244140625
201.35964059829712,36.119564056396484
201.38938760757446,36.07861328125
201.41808223724365,36.42405319213867
201.4472153186798,36.43863296508789
201.47667717933655,36.35210037231445
201.50615406036377,36.54190444946289
201.5350842475891,35.66971969604492
201.56445598602295,35.88391876220703
201.5936107635498,36.15668487548828
201.62167286872864,35.70884704589844
201.64983320236206,35.51934814453125
201.67850804328918,35.43581008911133
201.70679473876953,35.70657730102539
201.73716187477112,35.54825210571289
201.7660436630249,35.548370361328125
201.7938196659088,35.510196685791016
201.8224983215332,35.94111251831055
201.8503520488739,35.29658889770508
201.88018131256104,35.33058547973633
201.9084916114807,35.3215446472168
201.93678617477417,34.356040954589844
201.96555542945862,34.102577209472656
201.99425292015076,34.16367721557617
202.0222978591919,34.381832122802734
202.05038785934448,34.61883544921875
202.0788254737854,34.495357513427734
202.10624837875366,34.47351837158203
202.13559865951538,34.65959930419922
202.16475200653076,34.904354095458984
202.19353461265564,34.86824035644531
202.22286415100098,34.696929931640625
202.25053453445435,34.55659103393555
202.27824139595032,34.30868911743164
202.30656266212463,34.64223098754883
202.33461356163025,34.73101043701172
202.3627257347107,35.01051712036133
202.3882610797882,33.9412727355957
202.41416120529175,34.10497283935547
202.4426817893982,34.13086700439453
202.47289776802063,34.117820739746094
202.50177383422852,34.23430252075195
202.52982664108276,34.56690216064453
202.55841732025146,34.208011627197266
202.586172580719,34.16315841674805
202.61382842063904,34.073246002197266
202.64110350608826,34.34084701538086
202.67032933235168,34.36138153076172
202.69901537895203,34.34745788574219
202.72712206840515,34.381656646728516
202.75288486480713,33.99940872192383
202.78073716163635,34.0169677734375
202.80845475196838,34.1348762512207
202.83757710456848,34.2315788269043
202.8665590286255,34.33017349243164
202.89575600624084,34.46166229248047
202.92367219924927,34.73809814453125
202.9514536857605,34.5335693359375
202.98008632659912,34.48808288574219
203.00986981391907,34.54395294189453
203.03695154190063,34.32698440551758
203.06401443481445,34.374542236328125
203.09105277061462,34.41001892089844
203.11938858032227,34.3230094909668
203.1484398841858,34.46015548706055
203.17690300941467,34.54887008666992
203.20584225654602,34.630374908447266
203.23625898361206,34.50064468383789
203.2643280029297,34.47856903076172
203.29328632354736,34.587528228759766
203.32304048538208,34.75029754638672
203.3513264656067,34.608638763427734
203.3844985961914,34.157623291015625
203.41285014152527,34.07212448120117
203.4417326450348,33.986549377441406
203.47031259536743,33.82997131347656
203.49849557876587,33.562801361083984
203.52776455879211,33.75193405151367
203.55479407310486,33.7716064453125
203.58345699310303,33.808345794677734
203.61228561401367,33.83015060424805
203.63802886009216,33.70545196533203
203.66561317443848,33.94036865234375
203.69342803955078,33.8232536315918
203.72144436836243,34.099395751953125
203.74862360954285,33.91435623168945
203.77335357666016,33.94176483154297
203.80149126052856,34.28886413574219
203.8317906856537,34.20977783203125
203.85834980010986,33.8376350402832
203.88458347320557,33.4765625
203.9131007194519,33.62069320678711
203.94088077545166,33.79440689086914
203.96617007255554,33.9161376953125
203.99254655838013,34.093055725097656
204.01781630516052,33.93824005126953
204.04437971115112,34.13431167602539
204.07266974449158,34.21941375732422
204.09907054901123,34.22531509399414
204.12351322174072,33.795894622802734
204.14789509773254,34.1119384765625
204.172217130661,34.076419830322266
204.19495606422424,33.504051208496094
204.2173101902008,33.462799072265625
204.24020290374756,33.065650939941406
204.26338624954224,32.8581428527832
204.28680324554443,33.1041145324707
204.3089292049408,33.305423736572266
204.33100962638855,33.195960998535156
204.35357975959778,33.098167419433594
204.37637901306152,33.135414123535156
204.3991186618805,33.160823822021484
204.42243671417236,33.34843444824219
204.44631552696228,33.459041595458984
204.47054362297058,33.23551940917969
204.49414896965027,33.174556732177734
204.51733255386353,33.18867492675781
204.5395803451538,33.42191696166992
204.56350183486938,33.32794952392578
204.58589577674866,33.391170501708984
204.60969018936157,33.24161911010742
204.63388967514038,33.298702239990234
204.65996527671814,33.38361358642578
204.68398547172546,33.31416320800781
204.70734786987305,33.426856994628906
204.73113584518433,33.572509765625
204.75509572029114,33.749000549316406
204.7788107395172,33.76044845581055
204.8025987148285,33.862640380859375
204.82652115821838,33.84487533569336
204.84952187538147,34.0640869140625
204.873202085495,33.94058609008789
204.89829635620117,34.31524658203125
204.92271447181702,34.67151641845703
204.94705605506897,34.783714294433594
204.97331023216248,34.28168487548828
204.99740481376648,33.83542251586914
205.021057844162,32.93210220336914
205.0431354045868,32.41431427001953
205.06614089012146,32.17784118652344
205.08816766738892,32.281211853027344
205.11037373542786,32.33047866821289
205.1323688030243,32.42481994628906
205.1543619632721,32.321937561035156
205.1777503490448,32.463829040527344
205.19976568222046,32.47096252441406
205.22152543067932,32.48335266113281
205.24371600151062,32.78329086303711
205.26680421829224,32.71931076049805
205.2897777557373,32.055335998535156
205.31185293197632,32.225032806396484
205.33440732955933,32.198402404785156
205.356942653656,31.507747650146484
205.38131308555603,31.490276336669922
205.40396881103516,31.580345153808594
205.4265742301941,31.645919799804688
205.44947600364685,31.557159423828125
205.47219848632812,31.531085968017578
205.49453830718994,30.980487823486328
205.51711344718933,31.051116943359375
205.53963017463684,31.202228546142578
205.56281518936157,31.074214935302734
205.5859911441803,30.967933654785156
205.60805869102478,31.153316497802734
205.63092160224915,30.932205200195312
205.65405225753784,30.892547607421875
205.6769998073578,31.070301055908203
205.7001895904541,30.978038787841797
205.72330021858215,31.168529510498047
205.74593710899353,30.804481506347656
205.76902508735657,30.27640151977539
205.79186415672302,29.651073455810547
205.814519405365,29.782962799072266
205.83648705482483,29.786537170410156
205.85894536972046,29.325759887695312
205.8822283744812,29.34177017211914
205.90523171424866,29.440204620361328
205.9272222518921,29.353729248046875
205.94902539253235,29.41217803955078
205.97172355651855,29.463558197021484
205.99376797676086,29.186893463134766
206.01663732528687,29.286876678466797
206.0396466255188,29.598873138427734
206.0621042251587,28.919403076171875
206.085622549057,28.93179702758789
206.10773944854736,28.661136627197266
206.13054156303406,28.793750762939453
206.15308952331543,28.80221176147461
206.17479538917542,28.703636169433594
206.19751977920532,29.110130310058594
206.2204577922821,29.137882232666016
206.24250435829163,29.183277130126953
206.26497960090637,29.136962890625
206.28794741630554,28.916927337646484
206.30988216400146,28.92578887939453
206.33226466178894,29.087718963623047
206.35516238212585,29.079025268554688
206.37700843811035,29.31356430053711
206.40047693252563,29.49746322631836
206.42330837249756,28.988574981689453
206.44550800323486,29.004432678222656
206.46859288215637,29.173690795898438
206.4917516708374,29.150413513183594
206.5137221813202,29.09466552734375
206.53674483299255,29.40601348876953
206.55960273742676,29.27437973022461
206.58150601387024,29.142066955566406
206.6034803390503,29.093692779541016
206.6256618499756,29.17023468017578
206.64805698394775,29.024398803710938
206.67067527770996,29.237293243408203
206.6926167011261,29.46377944946289
206.713454246521,29.488338470458984
206.73393511772156,29.704761505126953
206.75416254997253,29.647972106933594
206.77425336837769,29.721893310546875
206.79442620277405,28.807933807373047
206.8144874572754,28.950851440429688
206.8345911502838,28.89067840576172
206.85610222816467,29.368946075439453
206.87713265419006,29.215599060058594
206.89797377586365,29.314998626708984
206.91849374771118,28.953594207763672
206.94001936912537,28.80474853515625
206.96133661270142,29.040489196777344
206.98402190208435,29.131301879882812
207.00609278678894,28.637393951416016
207.02747249603271,28.723800659179688
207.05145168304443,28.20846939086914
207.0740523338318,28.145416259765625
207.095210313797,27.532634735107422
207.11726427078247,27.44695281982422
207.13902521133423,27.25006866455078
207.16017484664917,27.401775360107422
207.18190789222717,27.491100311279297
207.2035048007965,27.38924789428711
207.22486877441406,27.30394744873047
207.24600267410278,27.375255584716797
207.26813554763794,27.495708465576172
207.28947114944458,27.562686920166016
207.31096172332764,27.63555145263672
207.33287024497986,27.664264678955078
207.35554313659668,27.682289123535156
207.3774607181549,27.692527770996094
207.3987009525299,27.702571868896484
207.42087125778198,27.716629028320312
207.44296264648438,27.90057373046875
207.46696305274963,27.95840072631836
207.48969531059265,28.085220336914062
207.51230096817017,28.17696762084961
207.5361728668213,27.681800842285156
207.55869722366333,27.53948974609375
207.58177971839905,27.728904724121094
207.60461354255676,27.561691284179688
207.62444877624512,27.156478881835938
207.64371609687805,27.122875213623047
207.6628293991089,27.214569091796875
207.68191242218018,27.157302856445312
207.70089721679688,26.658706665039062
207.71986961364746,26.603443145751953
207.73880124092102,26.561603546142578
207.75768423080444,26.711349487304688
207.7765440940857,26.770301818847656
207.79545307159424,26.900630950927734
207.8147838115692,26.648494720458984
207.83370184898376,26.718257904052734
207.85260701179504,26.709827423095703
207.87144660949707,26.84404754638672
207.89031720161438,26.958683013916016
207.90918517112732,27.02273941040039
207.92850351333618,26.963592529296875
207.9476020336151,27.170265197753906
207.96641182899475,27.197933197021484
207.98523235321045,27.10198974609375
208.00409293174744,27.079666137695312
208.0230438709259,26.42436981201172
208.04193449020386,26.63515853881836
208.06085014343262,26.604248046875
208.07976913452148,25.997421264648438
208.0986030101776,26.020755767822266
208.11752557754517,26.067428588867188
208.13640069961548,26.169700622558594
208.1555473804474,24.961231231689453
208.17447543144226,24.636306762695312
208.1935544013977,24.71234893798828
208.2124412059784,24.82767105102539
208.2313129901886,24.885459899902344
208.25012254714966,24.714256286621094
208.2690691947937,24.944259643554688
208.28815031051636,24.862144470214844
208.30738878250122,24.878040313720703
208.32616305351257,25.041637420654297
208.34502530097961,25.070369720458984
208.36386609077454,25.040241241455078
208.38261079788208,24.96343994140625
208.40136408805847,25.18841552734375
208.420307636261,25.06475067138672
208.43924164772034,24.460060119628906
208.45813846588135,24.208789825439453
208.47703075408936,24.33804702758789
208.4958803653717,24.496536254882812
208.5147089958191,24.359813690185547
208.53355360031128,24.300071716308594
208.55229926109314,24.36724090576172
208.57118678092957,24.128917694091797
208.5899727344513,24.228477478027344
208.60908365249634,24.30035400390625
208.6278793811798,24.200054168701172
208.6467387676239,24.184696197509766
208.6655628681183,24.372272491455078
208.68433690071106,24.278953552246094
208.70307159423828,24.37152862548828
208.7220015525818,24.517696380615234
208.74083423614502,24.516704559326172
208.75964856147766,24.640167236328125
208.77847576141357,24.673107147216797
208.79725527763367,24.763202667236328
208.8159477710724,24.754119873046875
208.8347306251526,24.00847625732422
208.85359930992126,24.231094360351562
208.8724126815796,24.131202697753906
208.89130306243896,24.19503402709961
208.91011786460876,24.233963012695312
208.9289586544037,24.14415740966797
208.9477801322937,24.29339599609375
208.96662259101868,24.42278289794922
208.98542475700378,24.383323669433594
209.00429701805115,24.308135986328125
209.02344226837158,24.318748474121094
209.0422694683075,24.358776092529297
209.06106281280518,23.71869659423828
209.0798680782318,23.75168228149414
209.09872579574585,23.919734954833984
209.11756873130798,23.823261260986328
209.13665986061096,23.88461685180664
209.15553164482117,23.869495391845703
209.17438220977783,23.907161712646484
209.19713950157166,23.16470718383789
209.22002482414246,23.175193786621094
209.2433681488037,23.22478485107422
209.2662959098816,23.325565338134766
209.28922486305237,23.371051788330078
209.3122534751892,23.431137084960938
209.33508443832397,23.39014434814453
209.3580138683319,23.534481048583984
209.38119268417358,23.49837875366211
209.4040822982788,23.58037567138672
209.42662572860718,22.800491333007812
209.44951629638672,22.873424530029297
209.47268080711365,22.8590087890625
209.49560070037842,22.88132095336914
209.5184669494629,22.923389434814453
209.5413339138031,23.06756591796875
209.56409072875977,22.96021270751953
209.586932182312,23.086166381835938
209.60981273651123,23.14965057373047
209.63270139694214,23.13056182861328
209.65558075904846,23.18663787841797
209.6788568496704,23.317955017089844
209.70173287391663,22.733551025390625
209.7245376110077,22.679706573486328
209.74729657173157,22.732624053955078
209.77013564109802,22.808124542236328
209.7930166721344,22.884262084960938
209.81581234931946,22.682083129882812
209.83863425254822,22.34680938720703
209.86141347885132,22.469131469726562
209.88426232337952,22.26891326904297
209.90709257125854,22.21863555908203
209.93012619018555,22.072139739990234
209.95304226875305,22.12506866455078
209.97592496871948,21.39861297607422
209.99877786636353,21.271556854248047
210.0216028690338,21.180782318115234
210.0450394153595,21.151752471923828
210.06798362731934,21.199417114257812
210.09092569351196,21.164325714111328
210.11387062072754,21.237773895263672
210.13676810264587,21.157669067382812
210.15961837768555,21.133407592773438
210.1825611591339,21.277618408203125
210.2055311203003,21.242935180664062
210.22846913337708,20.839183807373047
210.25138688087463,20.58407211303711
210.27425360679626,20.605167388916016
210.29718041419983,20.533245086669922
210.32008910179138,20.534244537353516
210.34295511245728,20.599308013916016
210.3658275604248,20.577850341796875
210.38890528678894,20.583709716796875
210.41182589530945,20.589580535888672
210.43482851982117,20.595439910888672
210.45783257484436,20.601299285888672
210.48077297210693,20.607341766357422
210.50359630584717,20.650875091552734
210.5264241695404,20.55278778076172
210.54929733276367,20.56841278076172
210.57220220565796,20.621959686279297
210.59532642364502,20.633155822753906
210.61816453933716,20.692668914794922
210.6409933567047,20.635108947753906
210.66379499435425,20.635639190673828
210.68666529655457,20.655315399169922
210.70952224731445,20.65283203125
210.73239612579346,20.590042114257812
210.75524759292603,20.66576385498047
210.77813291549683,20.717514038085938
210.80097723007202,20.738082885742188
210.82374262809753,20.791912078857422
210.8465895652771,20.777206420898438
210.86950945854187,20.781822204589844
210.89237546920776,20.607913970947266
210.91510677337646,20.086353302001953
210.93801021575928,20.086353302001953
210.96089720726013,20.086353302001953
210.9837818145752,20.086353302001953
211.0067126750946,20.0028076171875
211.02952122688293,19.974597930908203
211.05234026908875,19.974597930908203
211.07516312599182,19.974597930908203
211.09796118736267,19.974597930908203
211.12078261375427,19.88713836669922
211.14368271827698,19.862834930419922
211.16649198532104,19.862834930419922
211.18928861618042,19.862834930419922
211.21218705177307,19.862834930419922
211.2350344657898,19.862838745117188
211.2578911781311,19.862838745117188
211.2807183265686,19.751075744628906
211.30357766151428,19.751075744628906
211.32643342018127,19.751075744628906
211.34925627708435,19.751083374023438
211.371985912323,19.751083374023438
211.39477634429932,19.751083374023438
211.41760969161987,19.751083374023438
211.44038033485413,19.751083374023438
211.46311116218567,19.751083374023438
211.48592805862427,19.751083374023438
211.50875997543335,19.751083374023438
211.5315499305725,19.751083374023438
211.5543372631073,19.639324188232422
211.57708978652954,19.639324188232422
211.59996557235718,19.639324188232422
211.62282514572144,19.639324188232422
211.6456220149994,19.639324188232422
211.6684308052063,19.639324188232422
211.69124150276184,19.639324188232422
211.71401047706604,19.639324188232422
211.73681330680847,19.639324188232422
211.7596914768219,19.415802001953125
211.78251242637634,19.415802001953125
211.80532479286194,19.415802001953125
211.8280689716339,19.415802001953125
211.85094618797302,19.415802001953125
211.87379837036133,19.415802001953125
211.89678192138672,19.415802001953125
211.9196333885193,19.415802001953125
211.94234800338745,19.415802001953125
211.96512413024902,19.415802001953125
211.98793983459473,19.415802001953125
212.01069450378418,19.41580581665039
212.03352308273315,19.41580581665039
212.05630707740784,19.41580581665039
212.07910060882568,19.30405044555664
212.1019012928009,19.30405044555664
212.12475180625916,19.30405044555664
212.14755010604858,19.30405044555664
212.1703746318817,19.304054260253906
212.19314193725586,19.304054260253906
212.21598649024963,19.304054260253906
212.23883819580078,19.304054260253906
212.26172018051147,19.304054260253906
212.28461170196533,19.304054260253906
212.3074872493744,19.304054260253906
212.33040809631348,19.304058074951172
212.35321950912476,19.304058074951172
212.37601852416992,19.304058074951172
212.39883184432983,19.304058074951172
212.42164421081543,19.304058074951172
212.4444546699524,19.304058074951172
212.46724319458008,19.304058074951172
212.4899981021881,19.304058074951172
212.51282382011414,19.304058074951172
212.53563499450684,19.304058074951172
212.5584590435028,19.304058074951172
212.58126640319824,19.304058074951172
212.60403084754944,19.304058074951172
212.62679481506348,19.304058074951172
212.64956188201904,19.304058074951172
212.67243242263794,19.19229507446289
212.69530773162842,19.19229507446289
212.71815872192383,19.19229507446289
212.74092507362366,19.19229507446289
212.76368856430054,19.19229507446289
212.78651094436646,19.19229507446289
212.80929017066956,19.08053970336914
212.83210706710815,19.080543518066406
212.85493898391724,19.080543518066406
212.87779927253723,19.080543518066406
212.9006814956665,19.080547332763672
212.92357110977173,19.080551147460938
212.94645714759827,19.080551147460938
212.9692120552063,19.080551147460938
212.99200820922852,19.080554962158203
213.01477813720703,19.080554962158203
213.03756189346313,19.080554962158203
213.06037592887878,19.080554962158203
213.0831754207611,19.080554962158203
213.10592913627625,19.080554962158203
213.12880516052246,19.080554962158203
213.15160584449768,19.080554962158203
213.17437148094177,19.080554962158203
213.19717741012573,19.080554962158203
213.219979763031,19.080554962158203
213.24270606040955,19.080554962158203
213.2655885219574,19.080554962158203
213.28838467597961,19.080554962158203
213.31127071380615,18.968799591064453
213.33411812782288,18.968799591064453
213.35692286491394,18.96880340576172
213.3797104358673,18.96880340576172
213.40253067016602,18.96880340576172
213.42530488967896,18.968807220458984
213.4481029510498,18.968807220458984
213.47089886665344,18.85704803466797
213.49372172355652,18.85704803466797
213.5165331363678,18.85704803466797
213.5394778251648,18.745285034179688
213.56231236457825,18.745285034179688
213.5851058959961,18.633522033691406
213.6079523563385,18.633522033691406
213.63087224960327,18.633522033691406
213.65378212928772,18.633522033691406
213.67664074897766,18.633522033691406
213.6995496749878,18.633522033691406
213.72235321998596,18.633522033691406
213.7455334663391,18.521759033203125
213.7684600353241,18.521759033203125
213.79124546051025,18.521759033203125
213.81398844718933,18.521759033203125
213.8367564678192,18.521759033203125
213.85962581634521,18.521759033203125
213.88245368003845,18.521759033203125
213.90532112121582,18.409996032714844
213.92817449569702,18.409996032714844
213.95098543167114,18.409996032714844
213.97386479377747,18.409996032714844
213.99666905403137,18.409996032714844
214.0195233821869,18.409996032714844
214.0423674583435,18.409996032714844
214.06515288352966,18.409996032714844
214.08795809745789,18.409996032714844
214.11076378822327,18.409996032714844
214.13366794586182,18.409996032714844
214.15655970573425,18.409996032714844
214.17933750152588,18.409996032714844
214.20217061042786,18.409996032714844
214.22505474090576,18.409996032714844
214.24796795845032,18.409996032714844
214.27078461647034,18.409996032714844
214.29358887672424,18.409996032714844
214.31648516654968,18.409996032714844
214.33926677703857,18.409996032714844
214.36211037635803,18.409996032714844
214.3849754333496,18.409996032714844
214.40784120559692,18.409996032714844
214.43072056770325,18.409996032714844
214.45361042022705,18.409996032714844
214.47643303871155,18.409996032714844
214.49927020072937,18.409996032714844
214.5220890045166,18.409996032714844
214.5449776649475,18.40999984741211
214.56778025627136,18.40999984741211
214.59064936637878,18.40999984741211
214.61347579956055,18.40999984741211
214.63634490966797,18.40999984741211
214.65921020507812,18.40999984741211
214.68213891983032,18.40999984741211
214.70508933067322,18.40999984741211
214.7278914451599,18.40999984741211
214.7507438659668,18.40999984741211
214.77358150482178,18.40999984741211
214.79646110534668,18.40999984741211
214.8197169303894,18.40999984741211
214.84254097938538,18.40999984741211
214.86531329154968,18.40999984741211
214.8881230354309,18.40999984741211
214.91095519065857,18.40999984741211
214.93380546569824,18.40999984741211
214.9566206932068,18.40999984741211
214.97939610481262,18.40999984741211
215.0022144317627,18.40999984741211
215.02507138252258,18.298240661621094
215.0478115081787,18.298240661621094
215.07061195373535,18.298240661621094
215.09339046478271,18.298240661621094
215.11615133285522,18.298240661621094
215.1390345096588,18.29825210571289
215.1618847846985,18.29825210571289
215.18473601341248,18.29825210571289
215.20759844779968,18.29825210571289
215.23042106628418,18.298255920410156
215.25331020355225,18.298255920410156
215.27610039710999,18.298255920410156
215.29925346374512,18.186492919921875
215.3220145702362,18.186492919921875
215.3440477848053,18.186492919921875
215.36660718917847,18.186492919921875
215.38939380645752,18.186492919921875
215.41234397888184,18.18649673461914
215.4351406097412,18.18649673461914
215.457923412323,18.07473373413086
215.4807047843933,18.07473373413086
215.50357604026794,18.07473373413086
215.52634239196777,18.07473373413086
215.54913783073425,18.07473373413086
215.57189559936523,18.07473373413086
215.59467196464539,18.07473373413086
215.61739349365234,17.962970733642578
215.64014863967896,17.962970733642578
215.66289687156677,17.962970733642578
215.68566012382507,17.962970733642578
215.70846390724182,17.962970733642578
215.73121809959412,17.962970733642578
215.7539827823639,17.962970733642578
215.77672910690308,17.962970733642578
215.7995789051056,17.962970733642578
215.8226969242096,17.962970733642578
215.84577679634094,17.962970733642578
215.86862206459045,17.851211547851562
215.89152836799622,17.851211547851562
215.914235830307,17.851211547851562
215.9368634223938,17.851211547851562
215.95951890945435,17.851211547851562
215.98222851753235,17.851211547851562
216.00491905212402,17.851211547851562
216.0276551246643,17.851211547851562
216.05063486099243,17.77743148803711
216.07336521148682,17.739456176757812
216.09599614143372,17.739456176757812
216.11914086341858,14.977909088134766
216.14199781417847,11.31717300415039
216.16474628448486,7.38787841796875
216.18781924247742,0.17853546142578125
216.20434141159058,0.17860794067382812
216.22042894363403,0.17860794067382812
216.23629689216614,0.17860794067382812
216.25212168693542,0.17860794067382812
216.26795721054077,0.17860794067382812
216.28338837623596,0.17860794067382812
216.2989468574524,0.17860794067382812
216.30992698669434,0.17859649658203125
216.32087898254395,0.17859649658203125
216.3318874835968,0.17859649658203125
216.34283781051636,0.17859649658203125
216.3538978099823,0.17859649658203125
216.3649446964264,0.17859649658203125
216.37594151496887,0.17859649658203125
216.38672471046448,0.17859649658203125
216.39749956130981,0.17859649658203125
216.4082646369934,0.17859649658203125
216.4190182685852,0.17860794067382812
216.42978024482727,0.17860794067382812
216.44055438041687,0.17860794067382812
216.45131039619446,0.17860794067382812
216.4620635509491,0.17860794067382812
216.47283959388733,0.17860794067382812
216.48359894752502,0.1786041259765625
216.49437546730042,0.17866134643554688
216.50512886047363,0.17866134643554688
216.51588606834412,0.17866134643554688
216.52664136886597,0.17866134643554688
216.53739547729492,0.17866134643554688
216.54813718795776,0.17866134643554688
216.5588939189911,0.17866134643554688
216.56964540481567,0.17866134643554688
216.58039665222168,0.17866134643554688
216.59113836288452,0.17866134643554688
216.6019024848938,0.17866134643554688
216.61265516281128,0.17866897583007812
216.62341594696045,0.17867279052734375
216.63416147232056,0.17867279052734375
216.64491939544678,0.17867279052734375
216.6556704044342,0.17867279052734375
216.66641688346863,0.17867279052734375
216.6771640777588,0.1768646240234375
216.68792295455933,0.0
216.69867300987244,0.0
216.70941591262817,0.0
216.7201497554779,0.0
